term,freq,tfidf,pmi,score,entity_type,keep,alias
morphing,471,741.996512,7.051062,505.90406,Mechanism,Y,
aircraft,397,511.209783,5.84546,392.147481,Aircraft,Y,
wing,308,452.761118,7.455,321.373835,Structure,Y,
飞行器结构设计,182,557.378919,7.316693,277.145345,Structure,Y,
飞行器气动设计,168,517.346179,7.563791,256.760233,Performance,Y,
航天飞行动力学,130,400.3274,7.943264,198.892547,Mission,Y,
和式,102,160.687143,1.665368,109.57268,Concept,Y,
可重复使用新型航天飞行器结构设计,67,203.243142,7.854167,101.958359,Structure,Y,
则有,82,138.838069,4.198306,91.271251,Concept,Y,
双折叠翼变体飞行器的气动特性研究,46,138.574869,10.412581,70.213719,Mechanism,Y,
米格,48,128.350869,10.41976,68.347237,Concept,Y,
于是,53,96.813964,2.519614,61.096151,Concept,Y,
最后,57,78.357527,5.772186,58.284477,Concept,Y,
机翼,52,88.043653,5.912963,58.204392,Structure,Y,
可知,44,95.178636,6.216583,55.575249,Concept,Y,
飞机部件的气动设计,33,101.621571,7.529604,51.039432,Performance,Y,
飞机,43,72.805329,5.553117,48.19691,Aircraft,Y,
全球鹰,33,88.241222,10.724183,47.344785,Concept,Y,
航天器飞行动力学,28,86.224363,7.329744,43.400283,Mission,Y,
导弹飞行动力学,27,83.144922,6.721603,41.815637,Mission,Y,
的关系,34,67.348195,3.895877,40.994046,Concept,Y,
临近空间飞行动力学,26,80.06548,9.406598,40.560304,Mission,Y,
双折叠翼变体飞行器的原理验证研究,26,76.986039,10.412581,39.73707,Mechanism,Y,
高度,37,54.390134,5.456783,39.062719,Performance,Y,
前缘缝翼,27,72.197364,7.863359,38.645545,Concept,Y,
首先,37,50.863658,11.246467,38.583744,Concept,Y,
简称,27,72.197364,7.229259,38.582135,Concept,Y,
增大,30,64.894524,6.577059,38.126063,Concept,Y,
试验,34,53.562381,9.238622,37.392576,Concept,Y,
速度,33,55.873857,6.919867,37.254144,Parameter,Y,
复合材料结构设计,24,73.906597,6.36588,37.208567,Structure,Y,
第8,24,73.906597,3.271631,36.899142,Concept,Y,
攻角,32,54.18071,8.952427,36.349456,Parameter,Y,
翼型,27,64.429948,5.632986,36.092283,Structure,Y,
实际上,32,54.18071,6.25801,36.080014,Concept,Y,
飞机气动布局初步设计,23,70.827155,7.570246,35.805171,Performance,Y,
位置,29,57.444048,8.815287,35.514743,Concept,Y,
材料,30,54.800357,9.392012,35.379308,Concept,Y,
概述,30,54.800357,7.711264,35.211234,Concept,Y,
双折叠翼变体飞行器总体设计方法研究,23,67.747714,10.320961,35.15641,Mechanism,Y,
uav,30,54.800357,3.633935,34.803501,Aircraft,Y,
锥如对于织梁来说,22,67.747714,11.760859,34.7004,Concept,Y,
第1,26,62.043653,2.740621,34.487158,Concept,Y,
在式,30,54.800357,0.430397,34.483147,Concept,Y,
机翼低速和亚声速空气动力特性,22,67.747714,7.540027,34.278317,Structure,Y,
总之,30,50.794415,4.984519,33.736776,Concept,Y,
的变化,29,52.973679,3.818683,33.673972,Concept,Y,
苏联,23,61.501458,11.090319,33.359469,Concept,Y,
西安,27,53.48239,9.144955,33.159212,Concept,Y,
续表,26,56.241921,5.101103,32.982687,Concept,Y,
第7,23,61.501458,4.002497,32.650687,Concept,Y,
以上,28,51.147,4.058766,32.549977,Concept,Y,
对于单,21,64.668272,4.946513,32.495133,Concept,Y,
在变体过程中,24,58.509389,5.187537,32.47157,Aircraft,Y,
升力,28,47.408121,6.706413,31.693078,Concept,Y,
力矩,28,47.408121,6.646997,31.687136,Concept,Y,
强度,22,58.827482,7.000127,31.548257,Concept,Y,
幻影,20,61.588831,10.163721,31.493021,Concept,Y,
第5章变体飞行器建模与仿真,20,61.588831,9.919603,31.46861,Mission,Y,
那么,24,51.915619,12.059723,31.180658,Concept,Y,
同样,27,45.714974,6.898992,30.604391,Concept,Y,
由此,28,44.110196,5.500861,30.583145,Concept,Y,
机身,26,47.493643,6.678003,30.515893,Structure,Y,
也就是说,26,44.021827,9.979793,29.804527,Concept,Y,
当然,26,44.021827,5.809565,29.387504,Concept,Y,
第一,25,45.666964,5.60672,29.260761,Concept,Y,
一般情况下,24,45.559073,7.66017,28.833739,Concept,Y,
矢量,21,50.112182,8.36305,28.469959,Concept,Y,
第6,20,53.479529,3.695752,28.413434,Concept,Y,
因而,25,42.32868,5.457045,28.244308,Concept,Y,
超声速与跨声速翼型和机翼的空气动力特性,18,55.429948,8.106957,28.23968,Structure,Y,
有关,21,50.112182,5.471295,28.180784,Concept,Y,
飞行动态特性分析,18,55.429948,7.492244,28.178209,Mission,Y,
因为,25,42.32868,4.686905,28.167294,Concept,Y,
应力,21,50.112182,4.762179,28.109872,Concept,Y,
这时,24,43.840286,3.057619,27.857848,Concept,Y,
由图4,22,47.589318,3.544557,27.831251,Concept,Y,
阿波罗,20,47.725887,14.184338,27.7362,Concept,Y,
双折叠翼变体飞行器的结构机构设计研究,18,52.350506,10.412581,27.54641,Mechanism,Y,
面积,25,39.384104,7.284444,27.543676,Concept,Y,
综上所述,23,42.013607,10.910218,27.495104,Concept,Y,
双折叠翼变体飞行器来说,18,52.350506,9.070466,27.412198,Mechanism,Y,
这里,23,42.013607,8.489217,27.253004,Concept,Y,
之间,23,42.013607,8.26373,27.230455,Concept,Y,
内侧,20,47.725887,6.410829,26.958849,Concept,Y,
瞬时平衡,17,52.350506,10.003295,26.905481,Concept,Y,
尾翼,22,43.578244,6.143694,26.887842,Structure,Y,
第4章智能变体无人机的形状与飞行控制,17,52.350506,8.992292,26.804381,ControlMethod,Y,
及式,19,50.805552,1.603861,26.802052,Concept,Y,
鸟类和蝙蝠的翅膀变形,17,52.350506,8.892446,26.794396,Mechanism,Y,
构造和功能,17,52.350506,7.892718,26.694424,Concept,Y,
双缝襟翼,17,52.350506,7.851677,26.69032,Concept,Y,
从式,23,42.013607,2.432573,26.647339,Concept,Y,
事实上,22,40.186929,8.282463,26.084325,Concept,Y,
飞行,25,34.367336,7.002035,26.010404,Mission,Y,
系数,25,34.367336,6.035529,25.913754,Concept,Y,
第二,21,41.597414,8.22366,25.90159,Concept,Y,
飞机设计手册,19,45.339593,7.570246,25.758902,Aircraft,Y,
刚度,19,45.339593,7.138621,25.71574,Concept,Y,
成为,18,48.131576,3.609009,25.600374,Concept,Y,
数据,23,36.233375,7.283331,25.398346,Concept,Y,
第2章昆虫,16,49.271065,9.919603,25.37328,Concept,Y,
变化,23,36.233375,6.696787,25.339691,Concept,Y,
第7章具有时变惯量的变体飞行器飞行动力学,16,49.271065,9.528578,25.334177,Mission,Y,
翼型低速空气动力特性,16,49.271065,7.898983,25.171218,Structure,Y,
而且,22,37.249238,7.421447,25.116916,Concept,Y,
减小,21,38.36025,8.363634,24.944438,Concept,Y,
状态,20,39.616585,9.051908,24.790166,Concept,Y,
度攻角,16,49.271065,3.847067,24.766026,Parameter,Y,
增加,23,33.810083,8.109724,24.753997,Concept,Y,
副翼,20,39.616585,7.707519,24.655727,Concept,Y,
弹簧,18,42.953299,9.206902,24.60668,Concept,Y,
注意到,18,42.953299,7.267259,24.412715,Concept,Y,
双折叠翼变体飞行器的概念,16,46.191623,9.25903,24.38339,Mechanism,Y,
马赫数,22,34.658011,7.852252,24.382629,Parameter,Y,
除此之外,22,33.862944,9.662812,24.325164,Concept,Y,
与此同时,21,35.556091,8.451688,24.111996,Concept,Y,
在图4,20,39.616585,2.257785,24.110754,Concept,Y,
即有,17,45.457599,2.06246,24.043526,Concept,Y,
阻力,23,31.617949,6.770081,23.962393,Concept,Y,
飞行器的载荷分析,15,46.191623,7.570246,23.614512,Performance,Y,
计划,19,37.635756,6.707127,23.361439,Concept,Y,
升阻比,17,40.567004,9.218706,23.291972,Performance,Y,
孔径,16,42.783623,8.293558,23.264443,Concept,Y,
轰炸机,16,42.783623,7.483993,23.183486,Concept,Y,
战斗机,16,42.783623,7.322928,23.16738,Concept,Y,
坐标系,17,40.567004,7.923105,23.162412,Concept,Y,
利用式,19,37.635756,3.946187,23.085345,Concept,Y,
变体,17,40.567004,6.630209,23.033122,Aircraft,Y,
外侧,17,40.567004,6.445694,23.014671,Concept,Y,
参数,20,33.862944,7.677726,22.926656,Parameter,Y,
然后,20,33.862944,7.440417,22.902925,Concept,Y,
和图,19,37.635756,1.377746,22.828501,Concept,Y,
密度,20,33.862944,6.332555,22.792139,Concept,Y,
后掠角,19,34.706893,7.780024,22.59007,Concept,Y,
质量,19,34.706893,7.625981,22.574666,Concept,Y,
公式,19,34.706893,7.281535,22.540221,Concept,Y,
通过,22,28.329006,8.270833,22.525785,Concept,Y,
俄罗斯,16,38.18071,13.290209,22.383234,Concept,Y,
单缝襟翼,14,43.112182,7.898983,22.123553,Concept,Y,
空气动力学,17,36.773564,8.508114,22.082881,Performance,Y,
方程组,14,43.112182,6.965676,22.030222,Concept,Y,
升力线斜率,15,40.109647,9.866325,22.019526,Concept,Y,
在这种情况下,19,32.880214,6.998503,21.963915,Concept,Y,
运输,16,38.18071,8.15336,21.869549,Concept,Y,
方向,19,32.169796,6.243496,21.675289,Concept,Y,
对于,19,32.169796,5.722981,21.623237,Concept,Y,
与式,17,36.773564,0.965347,21.328604,Concept,Y,
压力,18,32.880214,5.832036,21.247268,Concept,Y,
飞行器,17,33.674097,7.440942,21.046323,Mission,Y,
总的来说,18,30.476649,10.84712,21.027707,Concept,Y,
第11章分级控制与先进变体系统的规划,13,40.03274,9.919603,20.801782,ControlMethod,Y,
第6章仿鸟飞行器的飞行动力学建模,13,40.03274,9.640049,20.773827,Mission,Y,
函数,18,30.476649,8.081894,20.751184,Concept,Y,
定义,18,30.476649,7.819872,20.724982,Concept,Y,
第三节,13,40.03274,8.317055,20.641528,Concept,Y,
高超声速飞行器气动设计,13,40.03274,7.910218,20.600844,Performance,Y,
冗入,13,40.03274,7.500068,20.559829,Concept,Y,
方向舵,15,35.794415,8.096029,20.547928,Concept,Y,
第二节,13,40.03274,7.095979,20.51942,Concept,Y,
梯形翼,13,40.03274,6.67659,20.477481,Concept,Y,
第一节,13,40.03274,6.208679,20.43069,Concept,Y,
航天器结构设计,13,40.03274,5.890541,20.398876,Structure,Y,
下标,16,34.610413,3.276368,20.310761,Concept,Y,
这种,17,31.053536,7.35021,20.251082,Concept,Y,
气动,17,31.053536,6.570719,20.173133,Performance,Y,
常数,17,31.053536,4.43192,19.959253,Concept,Y,
制造,16,31.693268,8.074497,19.91543,Concept,Y,
的函数,17,31.053536,2.372174,19.753278,Concept,Y,
其次,18,28.356555,4.103914,19.717358,Concept,Y,
气动力,16,31.693268,5.739071,19.681888,Performance,Y,
白鹏,13,34.761694,14.533316,19.68184,Concept,Y,
反之,16,31.693268,5.312725,19.639253,Concept,Y,
确定,15,32.447262,7.811174,19.515296,Concept,Y,
假设,15,32.447262,7.792222,19.513401,Concept,Y,
意义,14,33.408121,9.070163,19.329453,Concept,Y,
双折叠翼变体飞行器的动力学和控制研究,12,36.953299,10.412581,19.327248,ControlMethod,Y,
包括,17,26.78119,10.824633,19.31682,Concept,Y,
全动平尾,12,36.953299,10.306471,19.316637,Concept,Y,
侧滑角,14,33.408121,8.800424,19.302479,Concept,Y,
的影响,17,28.783502,4.403987,19.275449,Concept,Y,
第五节,12,36.953299,9.820067,19.267996,Concept,Y,
要求,14,33.408121,7.625828,19.185019,Concept,Y,
气体与流动的基本性质与描述,12,36.953299,8.61517,19.147507,Concept,Y,
支架,13,34.761694,8.637577,19.092266,Concept,Y,
一方面,16,29.226857,5.90646,18.958703,Concept,Y,
重量,16,29.226857,5.645461,18.932603,Concept,Y,
的关系是,14,33.408121,4.606796,18.883116,Concept,Y,
俯仰,16,27.090355,11.554195,18.882526,Concept,Y,
升力系数,15,29.712439,8.051256,18.718857,Concept,Y,
通常,15,29.712439,7.915345,18.705266,Concept,Y,
卫星,14,30.284111,11.522275,18.637461,Concept,Y,
第3,13,34.761694,2.878856,18.516394,Concept,Y,
在本节中,14,31.021827,6.640049,18.370553,Concept,Y,
一般地,15,29.712439,4.213095,18.335041,Concept,Y,
按式,15,29.712439,3.443919,18.258124,Concept,Y,
设备,14,30.284111,7.600516,18.245285,Concept,Y,
航天飞机,14,30.284111,6.927395,18.177973,Aircraft,Y,
根据,15,27.400179,9.258123,18.145866,Concept,Y,
曲线,15,27.400179,8.814535,18.101507,Concept,Y,
哥伦比亚,12,32.087717,12.729303,18.099245,Concept,Y,
无关,14,30.284111,5.513517,18.036585,Concept,Y,
之后,14,30.284111,5.393784,18.024612,Concept,Y,
或者,13,31.021827,8.289854,17.935533,Concept,Y,
发射,13,31.021827,8.021431,17.908691,Concept,Y,
激波,12,32.087717,10.606253,17.88694,Concept,Y,
应变,14,30.284111,3.713138,17.856547,Concept,Y,
可以看到,13,31.021827,7.083338,17.814882,Concept,Y,
双折叠,11,33.873857,10.195021,17.781659,Mechanism,Y,
英国,12,32.087717,9.395773,17.765892,Concept,Y,
加热,13,31.021827,6.330139,17.739562,Concept,Y,
远程火箭与航天器再入弹道,11,33.873857,9.563199,17.718477,Aircraft,Y,
焊接,12,32.087717,8.301961,17.656511,Concept,Y,
双折叠翼变体,11,33.873857,8.38323,17.60048,Mechanism,Y,
马氏体,11,33.873857,8.341264,17.596284,Concept,Y,
法国,13,31.021827,4.575133,17.564061,Concept,Y,
世纪50,12,32.087717,6.692136,17.495529,Concept,Y,
重合,13,31.021827,3.680911,17.474639,Concept,Y,
称为,14,27.73161,6.630754,17.382558,Concept,Y,
越大,14,27.73161,6.585544,17.378037,Concept,Y,
气动设计,12,32.087717,5.275946,17.35391,Performance,Y,
变形,14,27.73161,5.637957,17.283279,Mechanism,Y,
对式,15,27.400179,0.044163,17.22447,Concept,Y,
已知,13,28.120961,9.614756,17.197764,Concept,Y,
则得,12,32.087717,3.023974,17.128713,Concept,Y,
通过单,11,33.873857,3.418009,17.103958,Concept,Y,
行动,11,33.873857,3.252581,17.087415,Concept,Y,
同理,14,27.73161,2.272649,16.946748,Concept,Y,
年代,12,28.635532,8.387788,16.629438,Concept,Y,
尺寸,11,29.413741,11.613378,16.58546,Concept,Y,
升降副翼,12,28.635532,7.863359,16.576996,Concept,Y,
以后,13,28.120961,3.391185,16.575407,Concept,Y,
比如,13,28.120961,3.073691,16.543657,Concept,Y,
影响,14,23.704061,10.023659,16.513584,Concept,Y,
展弦比,13,25.75078,9.636272,16.488861,Concept,Y,
机翼面积,12,28.635532,6.132603,16.40392,Structure,Y,
洛克希德,12,25.95781,13.975555,16.384898,Concept,Y,
翼梁,12,28.635532,4.993908,16.29005,Concept,Y,
第六节,10,30.794415,9.919603,16.230285,Concept,Y,
安全系数,11,29.413741,8.025247,16.226647,Concept,Y,
距离,10,30.794415,9.657512,16.204076,Concept,Y,
航天飞行动力学的发展,10,30.794415,8.962034,16.134528,Mission,Y,
世纪60,11,29.413741,6.692136,16.093336,Concept,Y,
着陆,12,25.95781,10.808727,16.068216,Mission,Y,
结构设计,13,25.75078,5.37269,16.062503,Structure,Y,
储箱的结构设计,10,30.794415,7.854167,16.023741,Structure,Y,
其后,12,28.635532,2.01416,15.992076,Concept,Y,
变为,12,28.635532,0.97392,15.888052,Concept,Y,
虚部,10,30.794415,6.446825,15.883007,Concept,Y,
巡航,12,25.95781,8.87342,15.874685,Mission,Y,
值函数,10,30.794415,6.315526,15.869877,Concept,Y,
剖面,12,25.95781,8.16919,15.804262,Concept,Y,
代入上式,12,25.95781,7.989796,15.786323,Concept,Y,
第2,13,25.75078,2.219697,15.747204,Concept,Y,
利用,12,25.95781,7.211291,15.708472,Concept,Y,
在图,13,25.75078,1.8101,15.706244,Concept,Y,
其表达式为,12,25.95781,6.518504,15.639193,Concept,Y,
使用,13,23.746821,6.778947,15.601941,Concept,Y,
为例,12,25.95781,4.588398,15.446183,Concept,Y,
陈钱,10,26.739764,13.900348,15.411964,Concept,Y,
的情况下,12,25.95781,3.921079,15.379451,Concept,Y,
飞行力学,12,25.95781,3.298364,15.317179,Mission,Y,
版权所有,11,26.249238,8.373369,15.312108,Concept,Y,
说明,12,23.769951,9.618007,15.292786,Concept,Y,
螺栓,10,26.739764,11.689755,15.190905,Concept,Y,
中的,13,23.746821,2.36704,15.16075,Concept,Y,
铝合金,10,26.739764,11.296728,15.151602,Concept,Y,
很小,11,26.249238,6.712508,15.146022,Concept,Y,
否则,12,23.769951,8.123917,15.143377,Concept,Y,
第三,11,26.249238,6.638141,15.138586,Concept,Y,
同样地,11,26.249238,6.041425,15.078914,Concept,Y,
一般而言,12,23.769951,7.308843,15.06187,Concept,Y,
推力,11,26.249238,5.779727,15.052744,Concept,Y,
在本章中,12,23.794659,6.939609,15.032359,Concept,Y,
复合材料,10,26.739764,9.533491,14.975278,Concept,Y,
关于,11,26.249238,4.526031,14.927374,Concept,Y,
为正,11,26.249238,4.149267,14.889698,Concept,Y,
风洞,9,27.714974,11.429054,14.857398,Concept,Y,
动力,12,23.769951,5.065125,14.837498,Concept,Y,
总的来看,11,23.794659,10.62507,14.800905,Concept,Y,
并且,13,20.479734,8.128751,14.756795,Concept,Y,
结果表明,13,20.479734,8.022876,14.746208,Concept,Y,
在20,11,26.249238,2.31723,14.706494,Concept,Y,
复习与思考,9,27.714974,9.868996,14.701392,Concept,Y,
第四节,9,27.714974,9.181198,14.632612,Concept,Y,
超声速,11,23.794659,8.846092,14.623007,Concept,Y,
结构形式,10,26.739764,5.836496,14.605579,Structure,Y,
相对于,10,26.739764,5.562455,14.578175,Concept,Y,
大展弦比变展长变体飞行器设计规律研究,9,27.714974,8.490443,14.563536,Mission,Y,
奥氏体,9,27.714974,8.375986,14.552091,Concept,Y,
双折叠翼变体飞行器,9,27.714974,8.166486,14.531141,Mechanism,Y,
写成,11,23.794659,7.833733,14.521771,Concept,Y,
简单襟翼,9,27.714974,7.618852,14.476377,Concept,Y,
个自由度,9,27.714974,6.758071,14.390299,Concept,Y,
由图2,10,26.739764,3.621564,14.384086,Concept,Y,
相反,12,21.920143,5.724268,14.34847,Concept,Y,
蒙皮,11,21.789122,11.957698,14.332506,Concept,Y,
求出,11,23.794659,5.470633,14.285461,Concept,Y,
转动,12,21.920143,4.739214,14.249964,Concept,Y,
约束,11,21.789122,11.085791,14.245316,Concept,Y,
飞机类型,9,27.714974,4.775796,14.192072,Aircraft,Y,
神舟,9,24.065788,15.048578,14.124594,Concept,Y,
比较式,11,23.794659,2.867399,14.025138,Concept,Y,
由图可见,11,21.789122,8.86269,14.023006,Concept,Y,
此后,11,23.794659,2.449732,13.983371,Concept,Y,
改写成,10,23.862944,8.195879,13.978471,Concept,Y,
俯仰力矩系数,10,23.862944,8.053056,13.964189,Concept,Y,
中等,9,27.714974,2.255035,13.939996,Concept,Y,
阵风,10,23.862944,7.542833,13.913166,Concept,Y,
发动机,11,21.789122,7.377797,13.874516,Concept,Y,
航天器,10,23.862944,6.878546,13.846738,Aircraft,Y,
加力,9,27.714974,1.155366,13.830029,Concept,Y,
可写成,10,23.862944,6.597669,13.81865,Concept,Y,
第8双折叠翼变体飞行器的原理验证研究,23,0.0,0.0,13.8,Mechanism,Y,
分别为,11,21.789122,6.195429,13.756279,Concept,Y,
总编委会,9,24.065788,10.479947,13.667731,Concept,Y,
螺钉,9,24.065788,10.472255,13.666962,Concept,Y,
为零,11,21.789122,5.22701,13.659437,Concept,Y,
定义为,11,21.789122,5.186733,13.65541,Concept,Y,
轨道,9,24.065788,9.176343,13.537371,Concept,Y,
隔框,9,24.065788,9.097135,13.52945,Concept,Y,
弦长,11,20.093464,8.776703,13.50571,Concept,Y,
即为,10,23.862944,3.037975,13.462681,Concept,Y,
现象,10,21.631508,9.09314,13.398766,Concept,Y,
最大起飞重量,10,21.556091,8.60089,13.326916,Mission,Y,
可表示为,11,20.093464,6.262912,13.25433,Concept,Y,
比较,10,21.631508,7.446275,13.23408,Concept,Y,
插图清单,8,24.635532,10.031853,13.193845,Concept,Y,
原麦道,8,24.635532,9.563199,13.14698,Concept,Y,
接触间断,8,24.635532,9.405584,13.131218,Concept,Y,
载荷,11,18.624619,9.336861,13.121072,Performance,Y,
第3章微型航空器的仿生学变形,8,24.635532,8.892446,13.079904,Mechanism,Y,
不难理解,8,24.635532,8.83439,13.074099,Concept,Y,
上下机翼处于不同位置时双翼的升力线斜率,8,24.635532,8.774317,13.068091,Structure,Y,
上下机翼处于不同位置时双翼的失速攻角,8,24.635532,8.774317,13.068091,Structure,Y,
初始应变,8,24.635532,8.216142,13.012274,Concept,Y,
双折叠翼变,8,24.635532,8.176536,13.008313,Mechanism,Y,
重力,11,20.093464,3.764394,13.004479,Concept,Y,
上下机翼处于不同位置时双翼的最大升力系数,8,24.635532,8.109639,13.001624,Structure,Y,
前缘襟翼,8,24.635532,7.898983,12.980558,Concept,Y,
活动机翼,8,24.635532,7.837953,12.974455,Structure,Y,
轴与,9,24.065788,3.459188,12.965655,Concept,Y,
之间的角度,8,24.635532,7.650703,12.95573,Parameter,Y,
冻结,8,24.635532,7.598849,12.950545,Concept,Y,
局部应力,8,24.635532,7.398328,12.930492,Concept,Y,
阶段,10,19.808293,9.646692,12.907157,Concept,Y,
为原准机,8,24.635532,7.039556,12.894615,Concept,Y,
世纪70,8,24.635532,6.692136,12.859873,Concept,Y,
侧缘,8,24.635532,6.621265,12.852786,Concept,Y,
马格,8,24.635532,5.79776,12.770436,Concept,Y,
mpc,9,24.065788,1.461983,12.765935,Concept,Y,
德国,9,21.476649,9.198736,12.762868,Concept,Y,
所谓,9,21.476649,8.983097,12.741304,Concept,Y,
前缘,9,21.476649,8.879748,12.73097,Concept,Y,
必需,8,24.635532,5.388918,12.729552,Concept,Y,
气象,8,24.635532,4.864104,12.67707,Concept,Y,
和6,9,24.065788,-0.952026,12.619736,Concept,Y,
年12,8,24.635532,4.289818,12.619641,Concept,Y,
方程式,8,24.635532,4.053047,12.595964,Concept,Y,
弯矩,9,21.476649,7.454851,12.58848,Concept,Y,
操作,9,21.476649,7.167375,12.559732,Concept,Y,
中循环,8,24.635532,3.513769,12.542037,Concept,Y,
或式,10,21.631508,0.46607,12.536059,Concept,Y,
强子,8,24.635532,2.843564,12.475016,Concept,Y,
振动,9,21.476649,6.295298,12.472525,Concept,Y,
的公式,8,24.635532,2.727118,12.463371,Concept,Y,
随后,10,19.808293,5.100894,12.452577,Concept,Y,
起飞,10,19.808293,4.809434,12.423431,Mission,Y,
俯仰力矩,10,18.266786,9.402484,12.420284,Concept,Y,
联盟,9,19.468357,11.530892,12.393596,Concept,Y,
范围,9,19.468357,11.487778,12.389285,Concept,Y,
飞行高度,9,21.476649,5.13433,12.356428,Performance,Y,
反之为负,8,21.391811,11.078545,12.325398,Concept,Y,
结构简单,9,21.476649,4.726812,12.315676,Structure,Y,
的情况,10,19.808293,3.62396,12.304884,Concept,Y,
的定义,10,19.808293,3.070428,12.249531,Concept,Y,
装置,10,18.266786,7.642464,12.244282,Concept,Y,
从图中可以看出,10,17.827463,8.745343,12.222773,Concept,Y,
飞行时间,9,21.476649,3.388293,12.181824,Mission,Y,
普朗特,8,21.391811,9.618168,12.17936,Concept,Y,
研究表明,10,18.266786,6.933422,12.173378,Concept,Y,
研究结果表明,10,17.827463,8.038407,12.15208,Concept,Y,
由此可知,9,19.468357,8.60708,12.101215,Concept,Y,
之和,9,21.476649,2.322712,12.075266,Concept,Y,
雷诺数,9,19.468357,7.939714,12.034479,Parameter,Y,
数据库,8,21.391811,8.090011,12.026544,Concept,Y,
襟翼,9,19.468357,7.815567,12.022064,Concept,Y,
转移,8,21.391811,7.880376,12.005581,Concept,Y,
第7双折叠翼变体飞行器总体设计方法研究,20,0.0,0.0,12.0,Mechanism,Y,
锥如对于织梁来说锥如对于织梁来说,20,0.0,0.0,12.0,Concept,Y,
夹层结构,8,21.391811,7.602432,11.977787,Structure,Y,
压力系数,8,21.391811,7.514158,11.968959,Concept,Y,
之间的关系,9,19.090355,8.302339,11.95734,Concept,Y,
因此式,9,21.476649,1.135487,11.956543,Concept,Y,
论文,8,21.391811,7.315646,11.949108,Concept,Y,
平尾,8,21.391811,7.297475,11.947291,Concept,Y,
在0,10,19.808293,-1.234046,11.942488,Concept,Y,
最大,8,21.391811,6.862126,11.903756,Concept,Y,
世纪80,8,21.391811,6.692136,11.886757,Concept,Y,
的表达式,10,18.266786,4.046456,11.884681,Concept,Y,
例1,9,21.476649,0.16598,11.859593,Concept,Y,
中的分量,8,21.391811,6.309366,11.84848,Concept,Y,
飞机总体设计,8,21.391811,6.309228,11.848466,Aircraft,Y,
裂痕,7,21.556091,11.517136,11.818541,Concept,Y,
转轴,8,21.391811,5.810534,11.798597,Concept,Y,
概论,8,21.391811,5.762771,11.793821,Concept,Y,
如下,8,21.391811,5.711009,11.788644,Concept,Y,
换句话说,8,19.090355,11.679831,11.69509,Concept,Y,
从图5,9,19.468357,4.456574,11.686165,Concept,Y,
降低,9,17.827463,9.274273,11.675666,Concept,Y,
于是有,8,21.391811,4.510872,11.668631,Concept,Y,
椭圆,8,19.090355,11.155772,11.642684,Concept,Y,
转载自,7,21.556091,9.702998,11.637127,Concept,Y,
的距离,9,19.468357,3.810283,11.621535,Concept,Y,
符号,8,19.090355,10.5459,11.581696,Concept,Y,
航程,8,21.391811,3.420623,11.559606,Performance,Y,
动稳定性,8,21.391811,3.332818,11.550825,Performance,Y,
上下机翼处于不同位置时双翼的零升攻角,7,21.556091,8.774317,11.544259,Structure,Y,
临界压强,7,21.556091,8.756181,11.542445,Concept,Y,
气动实验与测量控制,7,21.556091,8.61517,11.528344,ControlMethod,Y,
看出,9,17.827463,7.697652,11.518004,Concept,Y,
编著,8,19.090355,9.866131,11.51372,Concept,Y,
抛物线,8,19.090355,9.626048,11.489711,Concept,Y,
本章小结,7,21.556091,8.084276,11.475255,Concept,Y,
火神,7,21.556091,8.058474,11.472675,Concept,Y,
形状,9,17.827463,7.176873,11.465926,Concept,Y,
可重复使用新型航天飞机结构设计,7,21.556091,7.910218,11.457849,Structure,Y,
翼根效应,7,21.556091,7.898983,11.456726,Concept,Y,
双折叠翼,7,21.556091,7.865879,11.453415,Mechanism,Y,
飞行器结构可靠性设计,7,21.556091,7.570246,11.423852,Structure,Y,
选择,9,16.440107,10.872767,11.419309,Concept,Y,
代人式,7,21.556091,7.52477,11.419304,Concept,Y,
相关,9,17.827463,6.609735,11.409212,Concept,Y,
关键技术,8,19.090355,8.687667,11.395873,Concept,Y,
环境,9,16.440107,10.458521,11.377884,Concept,Y,
和6度攻角,10,15.397208,7.485229,11.367685,Parameter,Y,
横向,8,19.090355,8.113393,11.338446,Concept,Y,
世纪30,7,21.556091,6.692136,11.336041,Concept,Y,
从而,8,19.090355,7.729653,11.300072,Concept,Y,
由此可得,8,19.090355,7.549369,11.282043,Concept,Y,
世纪,8,17.305206,12.658573,11.257419,Concept,Y,
遗传算法,9,16.440107,9.226038,11.254636,ControlMethod,Y,
无人机,8,19.090355,6.967664,11.223873,Aircraft,Y,
变后掠,8,19.090355,6.528586,11.179965,Concept,Y,
责任编辑,9,14.178277,15.179208,11.171404,Concept,Y,
主襟翼,7,21.556091,4.96092,11.162919,Concept,Y,
平面,8,19.090355,6.329249,11.160031,Concept,Y,
算法,8,19.090355,6.193815,11.146488,ControlMethod,Y,
设计变量,8,19.090355,6.114347,11.138541,Concept,Y,
的单位矢量,7,21.556091,4.639885,11.130816,Concept,Y,
阻力系数,9,16.440107,7.823258,11.114358,Concept,Y,
积分,8,19.090355,5.802906,11.107397,Concept,Y,
上表面,8,19.090355,5.579828,11.085089,Concept,Y,
下单翼,8,19.090355,5.578488,11.084955,Concept,Y,
的作用,9,17.827463,3.347945,11.083033,Concept,Y,
上机翼,7,21.556091,4.152634,11.082091,Structure,Y,
需要,9,16.440107,7.44156,11.076188,Concept,Y,
的夹角,8,19.090355,5.148581,11.041965,Concept,Y,
运动,9,16.440107,6.833214,11.015354,Concept,Y,
解为,7,21.556091,3.169665,10.983794,Concept,Y,
分量,8,19.090355,4.514139,10.97852,Concept,Y,
切割,7,18.717835,11.572415,10.972592,Concept,Y,
公司,7,18.717835,11.537448,10.969095,Concept,Y,
综合来看,8,17.305206,9.746543,10.966216,Concept,Y,
代替,8,17.305206,9.725641,10.964126,Concept,Y,
庄道哲,6,18.476649,17.807239,10.923719,Concept,Y,
偏航,9,16.440107,5.697869,10.901819,Concept,Y,
方差,8,19.090355,3.544451,10.881552,Concept,Y,
不过,9,17.827463,1.148473,10.863086,Concept,Y,
具体地说,7,18.717835,10.43062,10.858413,Concept,Y,
具体而言,8,17.305206,8.527312,10.844293,Concept,Y,
验证,8,17.305206,8.276781,10.81924,Concept,Y,
给出,8,17.305206,8.260707,10.817633,Concept,Y,
返回舱,7,18.717835,9.624694,10.77782,Concept,Y,
工艺,7,18.717835,9.529628,10.768313,Concept,Y,
这是因为,8,17.305206,7.669354,10.758497,Concept,Y,
若令,8,17.305206,7.478472,10.739409,Concept,Y,
输出,8,17.305206,7.304913,10.722053,Concept,Y,
以内,8,19.090355,1.941761,10.721283,Concept,Y,
致谢,7,18.717835,9.043013,10.719652,Concept,Y,
分离,8,17.305206,7.194985,10.71106,Concept,Y,
工作,9,15.238325,7.361674,10.707665,Concept,Y,
亚声速,7,18.717835,8.914578,10.706808,Concept,Y,
俯仰角,8,17.305206,7.051715,10.696733,Concept,Y,
控制系统,8,17.305206,6.484327,10.639995,ControlMethod,Y,
可以得到,8,17.305206,6.41647,10.633209,Concept,Y,
成本低,8,17.305206,6.340653,10.625627,Concept,Y,
地面坐标系,7,18.717835,8.021196,10.61747,Concept,Y,
胶接,7,18.717835,7.994796,10.61483,Concept,Y,
迎风面,7,18.717835,7.976307,10.612981,Concept,Y,
隔热层,7,18.717835,7.821625,10.597513,Concept,Y,
刘思佳,7,16.704061,13.807239,10.591942,Concept,Y,
后缘,7,18.717835,7.621931,10.577544,Concept,Y,
的方法,9,16.440107,2.259827,10.558015,Concept,Y,
升降舵,8,15.846634,9.851825,10.539173,Concept,Y,
飞船,7,18.717835,6.851266,10.500477,Concept,Y,
应用,9,15.238325,5.099278,10.481425,Concept,Y,
湿度,7,18.717835,6.555463,10.470897,Concept,Y,
相应地,8,17.305206,4.759964,10.467558,Concept,Y,
山本行光,6,18.476649,13.200581,10.463053,Concept,Y,
此处,8,17.305206,4.67233,10.458795,Concept,Y,
刚度要求,7,18.717835,6.234168,10.438767,Concept,Y,
目标,8,15.846634,8.53669,10.407659,Concept,Y,
原点,7,18.717835,5.821104,10.397461,Concept,Y,
方案阶段,7,18.717835,5.77262,10.392612,Concept,Y,
上反角,8,15.846634,8.359279,10.389918,Concept,Y,
综上,7,18.717835,5.60873,10.376224,Concept,Y,
相对面积,7,18.717835,5.465406,10.361891,Concept,Y,
哈尔滨,7,15.142056,16.179208,10.360537,Concept,Y,
定价,9,15.238325,3.490618,10.320559,Concept,Y,
求得,7,18.717835,4.789622,10.294313,Concept,Y,
过程,8,15.846634,7.385724,10.292563,Concept,Y,
可用,8,17.305206,2.928133,10.284375,Concept,Y,
特性,8,15.846634,7.122643,10.266255,Concept,Y,
翼面,7,18.717835,4.500922,10.265443,Structure,Y,
许光明,6,18.476649,11.118194,10.254814,Concept,Y,
情况,8,14.613429,10.575119,10.24154,Concept,Y,
密封圈,6,18.476649,10.976551,10.24065,Concept,Y,
决定,8,15.846634,6.860834,10.240074,Concept,Y,
鸟类和蝙蝠的翅膀变形构造和功能,17,0.0,0.0,10.2,Mechanism,Y,
该表内容主要摘自,6,18.476649,10.567098,10.199705,Concept,Y,
经度,7,18.717835,3.813364,10.196687,Concept,Y,
环氧树脂,6,18.476649,10.477137,10.190708,Concept,Y,
布局,7,16.704061,9.639824,10.175201,Concept,Y,
部分,8,15.846634,6.177408,10.171731,Concept,Y,
倍弦长,6,18.476649,10.122154,10.15521,Concept,Y,
非甲烷,6,18.476649,9.939305,10.136925,Concept,Y,
第1章概述,6,18.476649,9.919603,10.134955,Concept,Y,
到目前为止,7,16.704061,9.085341,10.119752,Concept,Y,
迎角,7,16.704061,8.935354,10.104754,Concept,Y,
声速,7,16.704061,8.698554,10.081074,Concept,Y,
垂尾,6,18.476649,9.015171,10.044512,Concept,Y,
电子,7,16.704061,8.206875,10.031906,Concept,Y,
层流翼型,6,18.476649,8.877846,10.030779,Structure,Y,
超临界翼型,6,18.476649,8.877846,10.030779,Structure,Y,
后缘增升装置,6,18.476649,8.846447,10.027639,Concept,Y,
适用范围,7,16.704061,8.137548,10.024973,Concept,Y,
飞行试验,8,15.846634,4.584927,10.012483,Mission,Y,
参考面积,7,16.704061,7.992531,10.010471,Concept,Y,
诱导阻力系数,7,16.704061,7.916775,10.002896,Concept,Y,
轴和,7,18.717835,1.743907,9.989741,Concept,Y,
任意,6,18.476649,8.460051,9.989,Concept,Y,
翼载荷,7,18.717835,1.702585,9.985609,Performance,Y,
波音757,6,18.476649,8.338337,9.976828,Concept,Y,
因此有,7,18.717835,1.597062,9.975057,Concept,Y,
铝合金蒙皮,6,18.476649,8.289237,9.971918,Concept,Y,
点连成,6,18.476649,8.224791,9.965474,Concept,Y,
可靠性,7,16.704061,7.487982,9.960016,Concept,Y,
展开,7,16.704061,7.447987,9.956017,Mechanism,Y,
偏航阻尼导数,6,18.476649,8.109639,9.953959,Concept,Y,
滚转阻尼导数,6,18.476649,8.109639,9.953959,Concept,Y,
复合材料结构的耐久性,6,18.476649,8.106957,9.95369,Structure,Y,
复合材料结构耐久性,6,18.476649,8.106957,9.95369,Structure,Y,
这是,8,15.846634,3.87265,9.941255,Concept,Y,
重复,8,14.613429,7.554221,9.939451,Concept,Y,
身的结构与设计,6,18.476649,7.910218,9.934017,Structure,Y,
三缝襟翼,6,18.476649,7.898983,9.932893,Concept,Y,
英寸,6,18.476649,7.793916,9.922386,Concept,Y,
在某些情况下,8,14.613429,7.335194,9.917548,Concept,Y,
其单位矢量记为,6,18.476649,7.702521,9.913247,Concept,Y,
日本,7,16.704061,6.899599,9.901178,Concept,Y,
飞行器结构及其设计,6,18.476649,7.570246,9.900019,Structure,Y,
飞行器结构数字化设计,6,18.476649,7.570246,9.900019,Structure,Y,
分析了单,6,18.476649,7.469377,9.889933,Concept,Y,
固定机翼,6,18.476649,7.305495,9.873544,Structure,Y,
轴向力系数,6,18.476649,7.29127,9.872122,Concept,Y,
展长,7,16.704061,6.500979,9.861316,Concept,Y,
弯度,7,16.704061,6.313995,9.842618,Concept,Y,
可写为,7,16.704061,6.272533,9.838471,Concept,Y,
磅力,6,18.476649,6.89435,9.83243,Concept,Y,
应用变体技术减少了50,6,18.476649,6.692136,9.812208,Aircraft,Y,
低速,7,16.704061,5.838097,9.795028,Concept,Y,
下表面,7,16.704061,5.823997,9.793618,Concept,Y,
来表示,7,16.704061,5.679967,9.779215,Concept,Y,
张鲁民,6,16.043859,13.594245,9.772582,Concept,Y,
对千,6,18.476649,6.234962,9.766491,Concept,Y,
二二,6,18.476649,5.86351,9.729346,Concept,Y,
相比,7,16.704061,5.153078,9.726526,Concept,Y,
双马,6,18.476649,5.609945,9.703989,Concept,Y,
主要任务,6,18.476649,5.541198,9.697115,Mission,Y,
气动热,7,16.704061,4.831932,9.694411,Performance,Y,
型战斗机,6,18.476649,5.466913,9.689686,Concept,Y,
在设计中,7,16.704061,4.437702,9.654988,Concept,Y,
第2章昆虫鸟类和蝙蝠的翅膀变形,16,0.0,0.0,9.6,Mechanism,Y,
第2章昆虫鸟类和蝙蝠的翅膀变形构造和功能,16,0.0,0.0,9.6,Mechanism,Y,
采样,6,18.476649,4.447896,9.587784,Concept,Y,
策略,6,16.043859,11.738429,9.587,Concept,Y,
喷气运输机,7,15.397208,7.540027,9.573165,Concept,Y,
不变,7,16.704061,3.442072,9.555425,Concept,Y,
可取,7,16.704061,3.432821,9.5545,Concept,Y,
高马赫数,7,16.043859,5.204624,9.53362,Parameter,Y,
强度高,6,18.476649,3.889475,9.531942,Concept,Y,
相对厚度,7,15.142056,7.889841,9.531601,Concept,Y,
马赫线,6,18.476649,3.846891,9.527684,Concept,Y,
厚度,7,15.142056,7.594801,9.502097,Concept,Y,
实部,6,18.476649,3.572316,9.500226,Concept,Y,
结果是,6,18.476649,3.500133,9.493008,Concept,Y,
左翼,6,18.476649,3.493841,9.492379,Concept,Y,
机翼变体,6,18.476649,3.461122,9.489107,Structure,Y,
设计载荷,6,18.476649,3.242732,9.467268,Performance,Y,
相同,8,13.545177,5.988995,9.462453,Concept,Y,
和速度,6,18.476649,3.073067,9.450301,Parameter,Y,
的增大,7,16.704061,2.119878,9.423206,Concept,Y,
改写为,7,15.142056,6.620059,9.404623,Concept,Y,
热导率,6,16.043859,9.802063,9.393364,Concept,Y,
第二步,7,15.142056,6.404488,9.383065,Concept,Y,
较小,7,15.142056,6.33985,9.376602,Concept,Y,
临近空间,6,16.043859,9.317573,9.344915,Concept,Y,
型机,6,18.476649,1.736165,9.316611,Concept,Y,
装配,6,16.043859,8.998549,9.313012,Concept,Y,
坐标,7,13.865805,9.529531,9.312694,Concept,Y,
软件,6,16.043859,8.963832,9.309541,Concept,Y,
思考题,6,16.043859,8.885161,9.301674,Concept,Y,
约束条件,6,16.043859,8.795102,9.292668,Concept,Y,
为常数,7,15.142056,5.327012,9.275318,Concept,Y,
亦即,6,16.043859,8.344737,9.247631,Concept,Y,
之比,7,15.142056,4.84122,9.226739,Concept,Y,
滚转力矩系数,6,16.043859,8.109639,9.224122,Concept,Y,
最优解,6,16.043859,8.09719,9.222877,Concept,Y,
四元数,6,16.043859,8.030784,9.216236,Concept,Y,
应当指出,7,13.865805,8.559096,9.215651,Concept,Y,
背风面,6,16.043859,7.912669,9.204424,Concept,Y,
参考,6,16.043859,7.882566,9.201414,Concept,Y,
运动学方程,6,16.043859,7.734071,9.186565,Concept,Y,
多项式,6,16.043859,7.650895,9.178247,Concept,Y,
法向力系数,6,16.043859,7.397809,9.152939,Concept,Y,
主要包括,6,16.043859,7.350791,9.148237,Concept,Y,
需要注意的是,7,13.865805,7.865633,9.146305,Concept,Y,
到0,6,18.476649,-0.904231,9.142995,Concept,Y,
带入式,6,16.043859,7.11322,9.12448,Concept,Y,
缺点,7,13.865805,7.634508,9.123192,Concept,Y,
铰链,6,14.317766,12.1328,9.10861,Concept,Y,
声障,6,16.043859,6.836866,9.096844,Concept,Y,
偏航角,6,16.043859,6.676303,9.080788,Concept,Y,
按公式,6,16.043859,6.518412,9.064999,Concept,Y,
真空,6,16.043859,6.3677,9.049928,Concept,Y,
唐伟,5,15.397208,14.296277,9.04879,Concept,Y,
关系,7,13.865805,6.878458,9.047587,Concept,Y,
后掠翼,6,16.043859,5.984193,9.011577,Concept,Y,
作用,7,13.865805,6.453347,9.005076,Concept,Y,
伸缩翼,6,16.043859,5.91475,9.004633,Concept,Y,
轴向力,6,16.043859,5.881014,9.001259,Concept,Y,
第6双折叠翼变体飞行器的结构机构设计研究,15,0.0,0.0,9.0,Mechanism,Y,
可简化为,6,16.043859,5.840562,8.997214,Concept,Y,
飞机设计手册第6,6,15.397208,7.570246,8.976187,Aircraft,Y,
弦长处,6,16.043859,5.616354,8.974793,Concept,Y,
程中,7,13.865805,5.667779,8.926519,Concept,Y,
见式,7,15.142056,1.606258,8.903242,Concept,Y,
实现,7,12.78675,8.472241,8.883249,Concept,Y,
可重复使用,7,12.978905,7.809164,8.874588,Concept,Y,
角度,6,16.043859,4.534232,8.866581,Parameter,Y,
方案,7,12.78675,8.150761,8.851101,Concept,Y,
材料特性,6,16.043859,4.311326,8.84429,Concept,Y,
越劜熊,5,15.397208,12.181862,8.837349,Concept,Y,
指令,6,14.317766,9.38946,8.834276,Concept,Y,
后掠,6,14.317766,9.237921,8.819122,Concept,Y,
即可,7,13.865805,4.566212,8.816363,Concept,Y,
损伤,5,15.397208,11.831471,8.802309,Concept,Y,
的分量,6,16.043859,3.816181,8.794776,Concept,Y,
轨道舱,6,16.043859,3.663573,8.779515,Concept,Y,
连接,6,14.317766,8.780717,8.773402,Concept,Y,
瑞典,5,15.397208,11.448887,8.764051,Concept,Y,
过程中,7,12.78675,7.12223,8.748248,Concept,Y,
李新国,5,15.397208,11.001055,8.719268,Concept,Y,
数量,6,16.043859,3.058569,8.719015,Concept,Y,
结构分析,6,16.043859,3.050059,8.718163,Structure,Y,
方位角,6,14.317766,8.111125,8.706442,Concept,Y,
在这,7,13.865805,3.352369,8.694978,Concept,Y,
助推器,6,14.317766,7.93042,8.688372,Concept,Y,
可得式,6,16.043859,2.668463,8.680004,Concept,Y,
前翼,6,16.043859,2.642475,8.677405,Concept,Y,
垂直尾翼,6,14.317766,7.789358,8.674266,Structure,Y,
情况下,6,14.317766,7.778543,8.673184,Concept,Y,
的增加,6,16.043859,2.516264,8.664784,Concept,Y,
值得注意的是,6,14.317766,7.691604,8.66449,Concept,Y,
第9,6,16.043859,2.480603,8.661218,Concept,Y,
给出了,6,14.317766,7.629371,8.658267,Concept,Y,
侧向力系数,6,14.317766,7.518561,8.647186,Concept,Y,
关系曲线,6,14.317766,7.352253,8.630555,Concept,Y,
肖业伦,5,13.369882,16.145655,8.62553,Concept,Y,
的要求,7,13.865805,2.588558,8.618597,Concept,Y,
为第,6,16.043859,2.027879,8.615945,Concept,Y,
精度,6,14.317766,7.140647,8.609395,Concept,Y,
折叠,6,12.978905,11.099312,8.603603,Mechanism,Y,
虽然,6,12.978905,11.092486,8.60292,Concept,Y,
之后重绘,5,15.397208,9.801104,8.599273,Concept,Y,
的问题,7,13.865805,2.356785,8.59542,Concept,Y,
卡块,5,15.397208,9.749592,8.594121,Concept,Y,
常规布局,5,15.397208,9.69011,8.588173,Concept,Y,
长细比,5,15.397208,9.66233,8.585395,Concept,Y,
行器,6,14.317766,6.899311,8.585261,Concept,Y,
通过式,6,16.043859,1.325964,8.545754,Concept,Y,
维护,5,15.397208,9.249233,8.544086,Concept,Y,
跨域变构飞行器自学习模型预测姿态控制方法,5,15.397208,9.226038,8.541766,ControlMethod,Y,
固化,6,14.317766,6.334787,8.528809,Concept,Y,
其主要化学组成为镍,5,15.397208,9.042066,8.523369,Concept,Y,
研制成功,5,15.397208,9.040616,8.523224,Concept,Y,
航天飞机气动数据库,5,15.397208,8.962034,8.515366,Performance,Y,
相对,6,14.317766,6.147804,8.51011,Concept,Y,
当前,6,14.317766,5.993655,8.494695,Concept,Y,
脱胶,5,15.397208,8.733773,8.49254,Concept,Y,
实践证明,6,12.978905,9.919603,8.485632,Concept,Y,
巡航翼展,5,15.397208,8.645878,8.48375,Mission,Y,
图片来源于网络,5,15.397208,8.629366,8.482099,Concept,Y,
尾容量,5,15.397208,8.60089,8.479251,Concept,Y,
仿生学,5,15.397208,8.597841,8.478946,Concept,Y,
侧向力,6,14.317766,5.768819,8.472212,Concept,Y,
以美国航天飞机为例,5,15.397208,8.5122,8.470382,Aircraft,Y,
的值,6,16.043859,0.563088,8.469466,Concept,Y,
如式,6,16.043859,0.501995,8.463357,Concept,Y,
方案设计,6,14.317766,5.552178,8.450548,Concept,Y,
操纵面偏角,5,15.397208,8.282576,8.44742,Concept,Y,
弹体坐标系,5,15.397208,8.247027,8.443865,Concept,Y,
水星,6,14.317766,5.429871,8.438317,Concept,Y,
这表明,6,14.317766,5.407787,8.436109,Concept,Y,
根据4,6,16.043859,0.183844,8.431542,Concept,Y,
偏航力矩系数,5,15.397208,8.089738,8.428136,Concept,Y,
水平,6,12.978905,9.323998,8.426071,Concept,Y,
波阻系数,6,13.369882,8.109639,8.421929,Concept,Y,
挑战者,5,15.397208,8.007163,8.419879,Concept,Y,
其中0,6,16.043859,-0.640274,8.413158,Concept,Y,
翼梢效应,5,15.397208,7.898983,8.409061,Concept,Y,
因素,6,12.978905,9.083532,8.402025,Concept,Y,
对于单双折叠翼变体飞行器来说,14,0.0,0.0,8.4,Mechanism,Y,
产生,6,12.978905,9.023059,8.395977,Concept,Y,
变体飞行器与结构,5,15.397208,7.6866,8.387822,Structure,Y,
见表,6,14.317766,4.867399,8.38207,Concept,Y,
分钟,5,15.397208,7.604002,8.379563,Concept,Y,
防热,6,12.978905,8.675207,8.361192,Concept,Y,
条件,6,12.978905,8.672386,8.36091,Concept,Y,
面板,6,14.317766,4.652645,8.360594,Concept,Y,
教授,5,13.369882,13.390712,8.350036,Concept,Y,
瞬时平衡假设,11,3.079442,8.151952,8.339028,Concept,Y,
来流条件,5,15.397208,7.156534,8.334816,Concept,Y,
低空,6,14.317766,4.294108,8.324741,Concept,Y,
稳定,6,12.978905,8.247104,8.318382,Concept,Y,
是导出要求,5,15.397208,6.969138,8.316076,Concept,Y,
这些,6,12.978905,8.189841,8.312656,Concept,Y,
形成了单,5,15.397208,6.835456,8.302708,Concept,Y,
章为单,5,15.397208,6.758009,8.294963,Concept,Y,
大气密度,6,12.978905,7.864258,8.280097,Concept,Y,
快速,6,12.978905,7.774002,8.271072,Concept,Y,
整体结构,5,15.397208,6.434847,8.262647,Structure,Y,
的关系为,6,14.317766,3.662107,8.261541,Concept,Y,
缺陷,5,13.369882,12.49223,8.260188,Concept,Y,
从图,6,14.317766,3.54563,8.249893,Concept,Y,
可靠,6,12.978905,7.545022,8.248174,Concept,Y,
蜂窝夹芯,5,13.369882,12.301514,8.241116,Concept,Y,
求解,6,12.978905,7.411298,8.234801,Concept,Y,
考虑到,5,15.397208,6.140482,8.233211,Concept,Y,
的能力,6,14.317766,3.325103,8.22784,Concept,Y,
众所周知,5,13.369882,11.902536,8.201218,Concept,Y,
综合分析,6,12.978905,6.878508,8.181522,Concept,Y,
代入方程,5,15.397208,5.469949,8.166157,Concept,Y,
年中国航天大会论文集,5,13.369882,11.470631,8.158028,Concept,Y,
缩比,5,15.397208,5.30251,8.149413,Concept,Y,
上翼面,5,15.397208,5.284351,8.147597,Structure,Y,
子火箭,5,15.397208,5.271756,8.146338,Concept,Y,
折叠机翼,5,15.397208,5.264379,8.1456,Mechanism,Y,
下机翼,5,15.397208,5.224958,8.141658,Structure,Y,
为什么,5,15.397208,5.178959,8.137058,Concept,Y,
年代末,5,13.369882,11.201215,8.131086,Concept,Y,
特点,6,12.978905,6.361232,8.129795,Concept,Y,
在图8,6,14.317766,2.287532,8.124083,Concept,Y,
碳纤维,5,13.369882,11.087404,8.119705,Concept,Y,
注意到式,5,15.397208,4.961182,8.11528,Concept,Y,
叶友达,5,13.369882,11.008104,8.111775,Concept,Y,
形成,6,12.978905,5.726645,8.066336,Concept,Y,
和苏,5,15.397208,4.367441,8.055906,Concept,Y,
材料厚度,5,15.397208,4.308041,8.049966,Concept,Y,
在亚,5,15.397208,4.297059,8.048868,Concept,Y,
应用式,6,14.317766,1.447955,8.040125,Concept,Y,
最大速度,6,13.369882,4.221386,8.033103,Parameter,Y,
类似地,6,12.978905,5.243498,8.018021,Concept,Y,
第一步,6,12.978905,5.21265,8.014936,Concept,Y,
基础,5,13.369882,10.003804,8.011345,Concept,Y,
电缆,5,13.369882,9.946837,8.005648,Concept,Y,
由于式,6,14.317766,1.00768,7.996098,Concept,Y,
之外,6,12.978905,5.008353,7.994507,Concept,Y,
陈树生,5,13.369882,9.798046,7.990769,Concept,Y,
太阳同步轨道,5,13.369882,9.563199,7.967285,Concept,Y,
氧化铝,5,13.369882,9.54301,7.965266,Concept,Y,
研究中心的,5,15.397208,3.359777,7.95514,Concept,Y,
的基础上,6,12.978905,4.586643,7.952336,Concept,Y,
分层,5,15.397208,3.224759,7.941638,Concept,Y,
支座,5,13.369882,9.283429,7.939308,Concept,Y,
前面已经提到,5,13.369882,9.277986,7.938763,Concept,Y,
内板,5,15.397208,3.09599,7.928761,Concept,Y,
膨胀波,5,13.369882,9.164695,7.927434,Concept,Y,
赤道,5,13.369882,9.102782,7.921243,Concept,Y,
为扭矩,5,15.397208,2.980055,7.917168,Concept,Y,
即得,5,15.397208,2.972286,7.916391,Concept,Y,
组成,6,11.884976,7.476364,7.913129,Concept,Y,
确定弹,5,15.397208,2.830724,7.902235,Concept,Y,
均匀度,5,15.397208,2.811443,7.900307,Concept,Y,
如前所述,5,13.369882,8.84093,7.895058,Concept,Y,
菱形,5,13.369882,8.828316,7.893796,Concept,Y,
微分方程,5,13.369882,8.809091,7.891874,Concept,Y,
度左右,5,15.397208,2.704327,7.889595,Concept,Y,
最终,5,13.369882,8.629358,7.8739,Concept,Y,
初始条件,5,13.369882,8.508277,7.861792,Concept,Y,
推进,6,11.884976,6.896378,7.85513,Concept,Y,
序号,6,11.884976,6.670158,7.832508,Concept,Y,
环氧复合材料,5,13.369882,8.202757,7.83124,Concept,Y,
的学科,5,15.397208,2.114256,7.830588,Concept,Y,
俯视,5,13.369882,8.170593,7.828024,Concept,Y,
的翼型,5,15.397208,2.038657,7.823028,Structure,Y,
姜贵庆,4,12.317766,17.26667,7.821997,Concept,Y,
俯仰力矩静导数,5,13.369882,8.109639,7.821929,Concept,Y,
零升阻力系数,5,13.369882,8.109639,7.821929,Concept,Y,
年4,5,15.397208,2.007413,7.819904,Concept,Y,
一体化,5,13.369882,7.961593,7.807124,Concept,Y,
速度矢量,5,13.369882,7.921984,7.803163,Parameter,Y,
米格米格,13,0.0,0.0,7.8,Concept,Y,
的结果,6,12.978905,3.010657,7.794737,Concept,Y,
对单,5,15.397208,1.744739,7.793636,Concept,Y,
高超声速,5,13.369882,7.790265,7.789991,Concept,Y,
度时,5,15.397208,1.582831,7.777445,Concept,Y,
较好,5,13.369882,7.520838,7.763048,Concept,Y,
偏度,5,15.397208,1.350564,7.754219,Concept,Y,
纬度,5,13.369882,7.409807,7.751945,Concept,Y,
图书在版编目,6,10.960071,8.629366,7.750958,Concept,Y,
南京,5,11.931472,11.686958,7.748137,Concept,Y,
简单,6,10.960071,8.600853,7.748107,Concept,Y,
中板,5,15.397208,1.204224,7.739585,Concept,Y,
可以写成,5,13.369882,7.237275,7.734692,Concept,Y,
机动,6,12.978905,2.308657,7.724537,Mission,Y,
相对弦长,5,13.369882,7.081242,7.719089,Concept,Y,
为负值,5,13.369882,7.07803,7.718768,Concept,Y,
单位,5,13.369882,7.028938,7.713858,Concept,Y,
在遗传算法中,5,13.369882,6.961977,7.707162,ControlMethod,Y,
过载系数,5,13.369882,6.956408,7.706605,Concept,Y,
外形,5,13.369882,6.90207,7.701172,Concept,Y,
但另一方面,5,13.369882,6.719535,7.682918,Concept,Y,
世纪40,5,13.369882,6.692136,7.680178,Concept,Y,
其值为,5,13.369882,6.642135,7.675178,Concept,Y,
甲烷,4,12.317766,15.651961,7.660526,Concept,Y,
制导,6,11.884976,4.76976,7.642469,Concept,Y,
翼展,6,11.884976,4.723911,7.637884,Concept,Y,
发展,6,10.960071,7.470679,7.635089,Concept,Y,
解春雷,5,11.931472,10.524361,7.631878,Concept,Y,
为点,5,15.397208,-1.022751,7.619162,Concept,Y,
使得,5,13.369882,5.971737,7.608138,Concept,Y,
中的坐标为,5,13.369882,5.965555,7.60752,Concept,Y,
起落架,5,11.931472,10.260842,7.605526,Concept,Y,
张旭辉,5,10.815754,13.594245,7.604151,Concept,Y,
过载,5,13.369882,5.724114,7.583376,Concept,Y,
引力,5,13.369882,5.658279,7.576793,Concept,Y,
组件,5,13.369882,5.600234,7.570988,Concept,Y,
又由于,5,13.369882,5.550344,7.565999,Concept,Y,
超声波,5,13.369882,5.515079,7.562473,Concept,Y,
实际,5,11.931472,9.754806,7.554922,Concept,Y,
倍弦长以内时,5,12.317766,8.451688,7.540499,Concept,Y,
个阶段,5,13.369882,5.21275,7.53224,Concept,Y,
平衡,5,11.931472,9.425862,7.522028,Concept,Y,
第4,6,11.884976,3.560722,7.521565,Concept,Y,
研究员,5,13.369882,5.081141,7.519079,Concept,Y,
球头,5,13.369882,5.037176,7.514682,Concept,Y,
的夹角为,5,13.369882,4.86602,7.497567,Concept,Y,
的增大而增大,5,13.369882,4.862277,7.497192,Concept,Y,
红外,5,11.931472,9.174218,7.496863,Concept,Y,
动力学分析,5,13.369882,4.774968,7.488461,Concept,Y,
较小时,5,13.369882,4.751248,7.486089,Concept,Y,
进场,5,13.369882,4.730543,7.484019,Concept,Y,
由图看出,5,11.931472,8.988221,7.478264,Concept,Y,
成反比,5,11.931472,8.883411,7.467783,Concept,Y,
进一步,5,11.931472,8.87909,7.46735,Concept,Y,
以下,5,13.369882,4.45255,7.45622,Concept,Y,
其他,5,11.931472,8.744122,7.453854,Concept,Y,
航天,5,11.931472,8.725854,7.452027,Concept,Y,
向上为正,5,11.931472,8.709877,7.450429,Concept,Y,
翼根,5,13.369882,4.382968,7.449261,Concept,Y,
长沙,5,11.931472,8.63413,7.442855,Concept,Y,
工艺性好,5,11.931472,8.633902,7.442832,Concept,Y,
轨道倾角,5,11.931472,8.577006,7.437142,Concept,Y,
高空,5,13.369882,4.172119,7.428177,Concept,Y,
重量轻,5,11.931472,8.47677,7.427119,Concept,Y,
上机翼弦长大于下机翼,5,12.317766,7.31402,7.426732,Structure,Y,
升限,5,13.369882,4.142298,7.425194,Concept,Y,
上机翼弯度大于下机翼,5,12.317766,7.220911,7.417421,Structure,Y,
上机翼弯度小于下机翼,5,12.317766,7.220911,7.417421,Structure,Y,
下机翼弦长大于上机翼,5,12.317766,7.220911,7.417421,Structure,Y,
对接,5,13.369882,4.036008,7.414565,Concept,Y,
来说,5,11.931472,8.302848,7.409726,Concept,Y,
由图3,5,13.369882,3.818296,7.392794,Concept,Y,
王旭,4,12.317766,12.909118,7.386242,Concept,Y,
直径,5,11.931472,7.995781,7.37902,Concept,Y,
必须指出,5,11.931472,7.993458,7.378787,Concept,Y,
起飞距离,5,11.931472,7.969138,7.376355,Mission,Y,
爆炸螺栓,4,12.317766,12.801525,7.375482,Concept,Y,
为了,6,10.960071,4.873737,7.375395,Concept,Y,
余旭东,4,12.317766,12.782855,7.373615,Concept,Y,
计算流体力学,5,11.931472,7.910218,7.370463,Concept,Y,
表面粗糙度,5,11.931472,7.905961,7.370038,Concept,Y,
仿真,5,10.815754,11.243206,7.369047,Concept,Y,
与矢量,5,13.369882,3.506176,7.361582,Concept,Y,
或者说,5,11.931472,7.797385,7.35918,Concept,Y,
于是式,5,13.369882,3.442308,7.355195,Concept,Y,
质心,5,11.931472,7.729497,7.352391,Concept,Y,
运动方程,5,11.931472,7.678275,7.347269,Concept,Y,
可将,5,13.369882,3.265615,7.337526,Concept,Y,
固定,5,11.931472,7.464934,7.325935,Concept,Y,
描述,5,10.815754,10.801638,7.32489,Concept,Y,
所示的,6,11.884976,1.588075,7.3243,Concept,Y,
的角速度,5,13.369882,3.103698,7.321334,Parameter,Y,
可以认为,5,11.931472,7.412564,7.320698,Concept,Y,
银鸟,4,12.317766,12.237383,7.319068,Concept,Y,
由公式,5,13.369882,3.045706,7.315535,Concept,Y,
特别是,5,11.931472,7.272651,7.306707,Concept,Y,
翼肋,5,11.931472,7.262946,7.305736,Concept,Y,
空中,5,13.369882,2.911891,7.302154,Concept,Y,
在实际应用中,5,11.931472,7.225011,7.301943,Concept,Y,
的原则,5,13.369882,2.87277,7.298242,Concept,Y,
的时间,5,13.369882,2.871711,7.298136,Concept,Y,
由图,5,13.369882,2.858712,7.296836,Concept,Y,
的导数,5,13.369882,2.838431,7.294808,Concept,Y,
翼尖,5,11.931472,7.121959,7.291637,Concept,Y,
所以有,5,13.369882,2.766039,7.287569,Concept,Y,
部件,5,11.931472,6.985281,7.27797,Concept,Y,
来看,5,11.931472,6.834677,7.262909,Concept,Y,
有如下关系,5,11.931472,6.788406,7.258282,Concept,Y,
在此过程中,5,11.931472,6.720439,7.251485,Concept,Y,
推进系统,5,11.931472,6.665427,7.245984,Concept,Y,
钛合金,4,12.317766,11.413361,7.236666,Concept,Y,
在工程上,5,11.931472,6.546939,7.234135,Concept,Y,
因子,5,11.931472,6.51682,7.231124,Concept,Y,
下降,5,11.931472,6.400716,7.219513,Concept,Y,
最小,5,11.931472,6.351372,7.214579,Concept,Y,
安英韬,4,12.317766,11.167323,7.212062,Concept,Y,
轴向,5,11.931472,6.21893,7.201335,Concept,Y,
总结与展望,4,12.317766,11.010462,7.196376,Concept,Y,
无线电指令,4,12.317766,10.930164,7.188346,Concept,Y,
再入,5,10.815754,9.417344,7.186461,Concept,Y,
无尾布局,4,12.317766,10.804633,7.175793,Concept,Y,
角速度,5,11.931472,5.939303,7.173372,Parameter,Y,
热流,5,11.931472,5.903831,7.169825,Concept,Y,
随着,5,10.815754,9.240781,7.168804,Concept,Y,
就是很有前途,4,12.317766,10.734315,7.168761,Concept,Y,
来确定,5,11.931472,5.749856,7.154427,Concept,Y,
结构重量,5,11.931472,5.719166,7.151358,Structure,Y,
波音,4,12.317766,10.557706,7.1511,Concept,Y,
三维流区,4,12.317766,10.467146,7.142044,Concept,Y,
技術,4,12.317766,10.352285,7.130558,Concept,Y,
格劳特法则,4,12.317766,10.323423,7.127672,Concept,Y,
且服从一定的分布,4,12.317766,10.313929,7.126723,Concept,Y,
法向力,5,11.931472,5.470762,7.126518,Concept,Y,
翼面积,5,11.931472,5.356162,7.115058,Structure,Y,
偏航力矩,5,10.815754,8.692746,7.114001,Concept,Y,
早期,4,12.317766,10.180942,7.113424,Concept,Y,
跨域变构飞行器变形方案设计及气动特性分析,4,12.317766,10.160108,7.111341,Mechanism,Y,
层压板,4,12.317766,10.106939,7.106024,Concept,Y,
为负,5,11.931472,5.22898,7.10234,Concept,Y,
量级,5,11.931472,5.204962,7.099938,Concept,Y,
水平所对应的试验指标的平均值,4,12.317766,10.042669,7.099597,Concept,Y,
着陆速度,5,11.931472,5.188656,7.098307,Mission,Y,
东方号,4,12.317766,10.020999,7.09743,Concept,Y,
箱连接分离装置,4,12.317766,10.007516,7.096081,Concept,Y,
示意图,5,10.815754,8.472397,7.091966,Concept,Y,
玻璃,4,10.695906,14.757744,7.084546,Concept,Y,
二二二,4,12.317766,9.863081,7.081638,Concept,Y,
设计要求,5,11.931472,4.992943,7.078736,Concept,Y,
为大气密度,5,11.931472,4.986314,7.078073,Concept,Y,
任务,5,9.904146,11.040576,7.075301,Mission,Y,
可得到,5,11.931472,4.834719,7.062913,Concept,Y,
空天变构飞行技术研究现状与未来发展研判,4,12.317766,9.649203,7.06025,Mission,Y,
章中的研究结论,4,12.317766,9.645534,7.059883,Concept,Y,
在坐标系,5,13.369882,0.486497,7.059614,Concept,Y,
平衡温度预测,4,12.317766,9.632313,7.058561,Concept,Y,
直筒连接配合直径主要有两种,4,12.317766,9.625974,7.057927,Concept,Y,
例3,5,13.369882,0.468847,7.057849,Concept,Y,
控制策略,5,10.815754,8.129265,7.057653,ControlMethod,Y,
长程轨道,4,12.317766,9.563199,7.05165,Concept,Y,
对于式,5,13.369882,0.356969,7.046662,Concept,Y,
第七节,4,12.317766,9.508239,7.046154,Concept,Y,
无人机为例,4,12.317766,9.478666,7.043196,Aircraft,Y,
后缘和侧缘,4,12.317766,9.43141,7.038471,Concept,Y,
见5,5,13.369882,0.245125,7.035477,Concept,Y,
物理,5,10.815754,7.759456,7.020672,Concept,Y,
号航天飞机发射,4,12.317766,9.230497,7.01838,Aircraft,Y,
伴飞无人机视角,4,12.317766,9.215462,7.016876,Aircraft,Y,
起吊,4,12.317766,9.176062,7.012936,Concept,Y,
安全寿命,4,12.317766,9.169797,7.01231,Concept,Y,
线化理论,4,12.317766,9.161995,7.011529,Concept,Y,
个人简历,4,12.317766,9.059961,7.001326,Concept,Y,
比热容,4,12.317766,9.054647,7.000795,Concept,Y,
攻角区间,4,12.317766,9.047905,7.00012,Parameter,Y,
其主要化学组成为铝,4,12.317766,9.042066,6.999536,Concept,Y,
其外形满足,4,12.317766,9.042066,6.999536,Concept,Y,
对应的,5,11.931472,4.191527,6.998594,Concept,Y,
英宇航,4,12.317766,8.962034,6.991533,Concept,Y,
同时向上或向下,4,12.317766,8.954355,6.990765,Concept,Y,
增大时,5,11.931472,4.096845,6.989126,Concept,Y,
贾正宇等,4,12.317766,8.915179,6.986848,Concept,Y,
衬条,4,12.317766,8.910807,6.986411,Concept,Y,
又可写成,4,12.317766,8.895484,6.984878,Concept,Y,
意义位置,11,0.0,3.835793,6.983579,Concept,Y,
原理验证机从单翼到双翼的变体过程,4,12.317766,8.854895,6.980819,Aircraft,Y,
原理验证机从双翼到单翼的变体过程,4,12.317766,8.854895,6.980819,Aircraft,Y,
根据图4,5,11.931472,4.001764,6.979618,Concept,Y,
迅速,4,12.317766,8.829863,6.978316,Concept,Y,
进一步开展了单,4,12.317766,8.709925,6.966322,Concept,Y,
原理性研制,4,12.317766,8.670364,6.962366,Concept,Y,
气动特性,5,10.815754,7.15812,6.960538,Performance,Y,
原理验证机实物图,4,12.317766,8.629366,6.958266,Concept,Y,
气压密封件,4,12.317766,8.61517,6.956847,Concept,Y,
形状记忆效应,4,12.317766,8.559096,6.951239,Concept,Y,
在图中,5,11.931472,3.704589,6.9499,Concept,Y,
当活动机翼处于其他位置时,4,12.317766,8.451688,6.940499,Structure,Y,
分布,5,10.815754,6.918047,6.936531,Concept,Y,
从上至下分别为双翼整体,4,12.317766,8.406359,6.935966,Concept,Y,
组合,5,10.815754,6.903246,6.935051,Concept,Y,
所示为,5,11.931472,3.538501,6.933292,Concept,Y,
地心赤道惯性坐标系,4,12.317766,8.373179,6.932648,Concept,Y,
地心轨道坐标系,4,12.317766,8.373179,6.932648,Concept,Y,
飞航导弹,5,10.815754,6.869807,6.931707,Concept,Y,
重新组成了167,4,12.317766,8.338337,6.929164,Concept,Y,
身组合体,4,12.317766,8.254356,6.920765,Concept,Y,
随着迎角增大,4,12.317766,8.227409,6.918071,Concept,Y,
微型航空器,4,12.317766,8.226552,6.917985,Concept,Y,
对于可重复使用新型航天飞行器而言,4,12.317766,8.224669,6.917797,Mission,Y,
前缘增升装置,4,12.317766,8.196382,6.914968,Concept,Y,
董二宝,4,9.545177,16.511783,6.914732,Concept,Y,
扭矩,4,12.317766,8.155132,6.910843,Concept,Y,
设计外加载荷,4,12.317766,8.117201,6.90705,Performance,Y,
系统研制总要求,4,12.317766,8.110145,6.906344,Concept,Y,
俯仰阻尼导数,4,12.317766,8.109639,6.906294,Concept,Y,
数据挖掘技术,4,12.317766,8.109639,6.906294,Concept,Y,
是强翘翼要求,4,12.317766,8.106641,6.905994,Concept,Y,
最大升力系数,4,12.317766,8.096583,6.904988,Concept,Y,
质量小,5,11.931472,3.243686,6.90381,Concept,Y,
如果动力系数,4,12.317766,7.949541,6.890284,Concept,Y,
右小翼,4,12.317766,7.898983,6.885228,Concept,Y,
吹气襟翼,4,12.317766,7.898983,6.885228,Concept,Y,
固定式子翼,4,12.317766,7.898983,6.885228,Concept,Y,
检验内容,4,12.317766,7.895234,6.884853,Concept,Y,
水平尾翼,4,12.317766,7.837582,6.879088,Structure,Y,
黄经,4,12.317766,7.823871,6.877717,Concept,Y,
第三步,5,10.815754,6.321053,6.876832,Concept,Y,
连续,5,9.904146,9.0472,6.875964,Concept,Y,
单翼状态,4,12.317766,7.782128,6.873543,Concept,Y,
它的,5,11.931472,2.939155,6.873357,Concept,Y,
号返回舱,4,12.317766,7.777073,6.873037,Concept,Y,
导航,5,11.931472,2.916379,6.871079,Concept,Y,
热流预测,4,12.317766,7.750478,6.870378,Concept,Y,
水平所对应的试验指标的数值之和,4,12.317766,7.748263,6.870156,Concept,Y,
功率,4,12.317766,7.746197,6.86995,Concept,Y,
为第列,4,12.317766,7.702521,6.865582,Concept,Y,
企业,4,10.695906,12.535448,6.862317,Concept,Y,
在学期间完成的相关学术成果,4,12.317766,7.640049,6.859335,Concept,Y,
在第二章定义,4,12.317766,7.640049,6.859335,Concept,Y,
弹道倾角,4,12.317766,7.63757,6.859087,Concept,Y,
伸展机构,4,12.317766,7.629683,6.858298,Concept,Y,
测量,5,10.815754,6.093177,6.854044,Concept,Y,
飞机手册编委会,4,12.317766,7.570246,6.852354,Aircraft,Y,
喷气教练机,4,12.317766,7.540027,6.849333,Concept,Y,
型涡轮喷气发动机,4,12.317766,7.540027,6.849333,Concept,Y,
型涡轮风扇发动机,4,12.317766,7.540027,6.849333,Concept,Y,
利用关系式,4,12.317766,7.531462,6.848476,Concept,Y,
接头,4,12.317766,7.484712,6.843801,Concept,Y,
杆系结构,4,12.317766,7.453138,6.840644,Structure,Y,
支承,4,12.317766,7.447966,6.840126,Concept,Y,
取为,5,11.931472,2.575468,6.836988,Concept,Y,
襟副翼,4,12.317766,7.411165,6.836446,Concept,Y,
孙健,4,9.545177,15.704428,6.833996,Concept,Y,
的形式,5,11.931472,2.540349,6.833476,Concept,Y,
侧视,4,12.317766,7.379126,6.833242,Concept,Y,
计算方法,5,10.815754,5.881877,6.832914,Concept,Y,
优点,5,10.815754,5.862275,6.830954,Concept,Y,
研制单位,4,12.317766,7.348469,6.830177,Concept,Y,
在整个变体过程中,4,12.317766,7.318121,6.827142,Aircraft,Y,
拉杆,4,12.317766,7.250086,6.820338,Concept,Y,
开展了单,4,12.317766,7.198963,6.815226,Concept,Y,
可变后掠机翼,4,12.317766,7.096902,6.80502,Structure,Y,
滑翔,4,10.695906,11.915258,6.800298,Concept,Y,
凹槽,4,10.695906,11.850308,6.793802,Concept,Y,
相应于式,4,12.317766,6.982877,6.793618,Concept,Y,
机身长度,4,12.317766,6.949029,6.790233,Structure,Y,
载荷工况,4,12.317766,6.936874,6.789017,Performance,Y,
双折叠翼变体飞,4,12.317766,6.922742,6.787604,Mechanism,Y,
太阳,4,10.695906,11.760877,6.784859,Concept,Y,
各列水平数为,4,12.317766,6.895166,6.784846,Concept,Y,
未来,5,9.904146,8.109955,6.782239,Concept,Y,
飞机名称,4,12.317766,6.802268,6.775557,Aircraft,Y,
的速度,5,11.931472,1.945108,6.773952,Parameter,Y,
修正系数,4,12.317766,6.774864,6.772816,Concept,Y,
起飞翼展,4,12.317766,6.634499,6.75878,Mission,Y,
简述弹,4,12.317766,6.626923,6.758022,Concept,Y,
提高,5,9.904146,7.85504,6.756748,Concept,Y,
螺杆,4,12.317766,6.604852,6.755815,Concept,Y,
现代,4,12.317766,6.579181,6.753248,Concept,Y,
等等,5,11.931472,1.733613,6.752803,Concept,Y,
由千,4,12.317766,6.486868,6.744017,Concept,Y,
研究中心,4,12.317766,6.467865,6.742116,Concept,Y,
不同,5,9.904146,7.592121,6.730456,Concept,Y,
限于篇幅,4,10.695906,11.150327,6.723804,Concept,Y,
如上所述,4,12.317766,6.281963,6.723526,Concept,Y,
剪流,4,12.317766,6.270434,6.722373,Concept,Y,
约为,5,10.815754,4.742049,6.718931,Concept,Y,
写出,4,12.317766,6.218306,6.71716,Concept,Y,
纤维,4,10.695906,11.025657,6.711337,Concept,Y,
李为吉,4,9.545177,14.446492,6.708202,Concept,Y,
方式,5,10.815754,4.626562,6.707382,Concept,Y,
空隙,4,12.317766,6.096662,6.704996,Concept,Y,
初始高度,4,12.317766,6.052237,6.700554,Performance,Y,
双子星座,4,10.695906,10.868996,6.695671,Concept,Y,
速度坐标系,4,12.317766,5.915244,6.686854,Parameter,Y,
变体飞行器,5,9.904146,7.149201,6.686164,Mission,Y,
故障影响,4,12.317766,5.903816,6.685711,Concept,Y,
计算出,5,10.815754,4.309496,6.675676,Concept,Y,
讨论,4,10.695906,10.584289,6.667201,Concept,Y,
按照,4,10.695906,10.57098,6.66587,Concept,Y,
均为,5,10.815754,4.127986,6.657525,Concept,Y,
中的分量为,4,12.317766,5.607364,6.656066,Concept,Y,
质心位置,5,9.545177,7.879176,6.651471,Concept,Y,
台风,4,12.317766,5.501151,6.645445,Concept,Y,
的常用正交表有,4,12.317766,5.44724,6.640054,Concept,Y,
运行,5,10.815754,3.94683,6.639409,Concept,Y,
循环,4,10.695906,10.203572,6.629129,Concept,Y,
对称,5,9.904146,6.558257,6.62707,Concept,Y,
例2,5,11.931472,0.394649,6.618906,Concept,Y,
强化学习,4,10.695906,10.003867,6.609158,Concept,Y,
假设11,4,12.317766,5.104734,6.605803,Concept,Y,
组双翼,4,12.317766,5.08686,6.604016,Concept,Y,
则可得,4,12.317766,5.064151,6.601745,Concept,Y,
在变体过程,4,12.317766,5.038013,6.599131,Aircraft,Y,
运输机,4,12.317766,5.027214,6.598051,Concept,Y,
通信地址,4,10.695906,9.840406,6.592812,Concept,Y,
如表7,4,12.317766,4.94602,6.589932,Concept,Y,
流动,4,12.317766,4.930662,6.588396,Concept,Y,
概念设计阶段,4,10.695906,9.731201,6.581892,Concept,Y,
长半轴,4,10.695906,9.673658,6.576138,Concept,Y,
泊松比,4,10.695906,9.633183,6.57209,Concept,Y,
检测,4,10.695906,9.538283,6.5626,Concept,Y,
获得,4,10.695906,9.479069,6.556679,Concept,Y,
偏心率,4,10.695906,9.454125,6.554184,Concept,Y,
服务,4,10.695906,9.389994,6.547771,Concept,Y,
而在,5,10.815754,3.022311,6.546957,Concept,Y,
电话,4,10.695906,9.270727,6.535844,Concept,Y,
地球引力势,4,10.695906,9.249514,6.533723,Concept,Y,
张鲁民执笔,4,9.238325,13.594245,6.530922,Concept,Y,
之间的夹角,4,10.695906,9.215462,6.530318,Concept,Y,
收缩,4,10.695906,9.207304,6.529502,Concept,Y,
空天飞机,4,12.317766,4.271269,6.522457,Aircraft,Y,
扩展,4,10.695906,9.088784,6.51765,Concept,Y,
展弦比入,4,12.317766,4.220946,6.517424,Concept,Y,
一阶,4,12.317766,4.164303,6.51176,Concept,Y,
比刚度,4,12.317766,4.137488,6.509079,Concept,Y,
滑模控制,4,10.695906,8.992292,6.508001,ControlMethod,Y,
同展长,4,12.317766,4.119697,6.5073,Concept,Y,
航空工程进展,4,10.695906,8.962034,6.504975,Concept,Y,
为机翼面积,4,12.317766,4.093712,6.504701,Structure,Y,
方群,4,12.317766,4.052181,6.500548,Concept,Y,
附近,4,10.695906,8.91733,6.500505,Concept,Y,
盗贼,3,9.238325,19.26667,6.498164,Concept,Y,
年代初,4,10.695906,8.772953,6.486067,Concept,Y,
常矢量,4,12.317766,3.871764,6.482506,Concept,Y,
翼助,4,12.317766,3.786591,6.473989,Concept,Y,
和米格,4,12.317766,3.748263,6.470156,Concept,Y,
单位矢量,4,10.695906,8.60089,6.468861,Concept,Y,
提高设计质量,4,10.695906,8.60089,6.468861,Concept,Y,
分离时,4,12.317766,3.669533,6.462283,Concept,Y,
高低,4,12.317766,3.632718,6.458602,Concept,Y,
智能,4,10.695906,8.426258,6.451397,Concept,Y,
把方程,4,12.317766,3.507812,6.446111,Concept,Y,
压力中心,4,10.695906,8.331165,6.441888,Concept,Y,
名称,4,10.695906,8.274578,6.43623,Concept,Y,
的均值,4,12.317766,3.379495,6.433279,Concept,Y,
年10,4,12.317766,3.359732,6.431303,Concept,Y,
降低成本,4,10.695906,8.179498,6.426721,Concept,Y,
方面,5,9.904146,4.552678,6.426512,Concept,Y,
一般说来,4,10.695906,8.146433,6.423415,Concept,Y,
冲击,4,9.545177,11.593721,6.422925,Concept,Y,
操稳特性,4,10.695906,8.106957,6.419467,Concept,Y,
可行性论证阶段,4,10.695906,8.096902,6.418462,Concept,Y,
环氧树脂复合材料,4,10.695906,8.093852,6.418157,Concept,Y,
要么,4,12.317766,3.218105,6.41714,Concept,Y,
爬升率,4,10.695906,8.054664,6.414238,Concept,Y,
偏差,4,10.695906,8.053172,6.414089,Concept,Y,
旋涡,4,10.695906,8.001425,6.408914,Concept,Y,
由此可以看出,4,10.695906,7.984451,6.407217,Concept,Y,
压力中心前移,5,8.021929,9.982425,6.404821,Concept,Y,
发射坐标系,4,10.695906,7.950389,6.403811,Concept,Y,
上的投影,4,10.695906,7.940326,6.402804,Concept,Y,
最大热流,4,10.695906,7.84853,6.393625,Concept,Y,
如表,4,12.317766,2.870051,6.382335,Concept,Y,
的振动,4,12.317766,2.809425,6.376272,Concept,Y,
能力,5,9.904146,4.009386,6.372182,Concept,Y,
我们,4,9.545177,11.055713,6.369125,Concept,Y,
翼载,4,12.317766,2.691943,6.364524,Concept,Y,
这种情况下,4,10.695906,7.531345,6.361906,Concept,Y,
最大起飞,4,10.695906,7.517779,6.36055,Mission,Y,
在弹,4,12.317766,2.636201,6.35895,Concept,Y,
满足,4,9.545177,10.949196,6.358473,Concept,Y,
热防护系统,4,10.695906,7.453466,6.354118,Concept,Y,
美国航天飞机,4,10.695906,7.446917,6.353463,Aircraft,Y,
战机,4,12.317766,2.549072,6.350237,Concept,Y,
梁皮,4,10.695906,7.377635,6.346535,Concept,Y,
发动机推力,4,10.695906,7.353781,6.34415,Concept,Y,
雄猫,3,9.238325,17.681708,6.339668,Concept,Y,
整流罩,4,9.545177,10.748892,6.338442,Concept,Y,
流动分离,4,10.695906,7.272308,6.336002,Concept,Y,
使用单,4,12.317766,2.332955,6.328625,Concept,Y,
空重,4,12.317766,2.318734,6.327203,Concept,Y,
高低角,4,10.695906,7.175933,6.326365,Concept,Y,
误差,4,9.545177,10.611736,6.324727,Concept,Y,
不同的,5,9.904146,3.501835,6.321427,Concept,Y,
飞行器总体设计,4,10.695906,7.092235,6.317995,Mission,Y,
与升力,4,12.317766,2.184983,6.313828,Concept,Y,
在此,5,9.904146,3.409143,6.312158,Concept,Y,
本章,4,10.695906,7.015006,6.310272,Concept,Y,
生产,4,10.695906,6.969738,6.305746,Concept,Y,
总阻力系数,4,10.695906,6.922999,6.301072,Concept,Y,
弹道,4,10.695906,6.908155,6.299587,Concept,Y,
机身设计,4,12.317766,2.035407,6.298871,Structure,Y,
均值,4,10.695906,6.896468,6.298419,Concept,Y,
在单,4,12.317766,1.990194,6.294349,Concept,Y,
中长度,4,12.317766,1.971715,6.292501,Concept,Y,
轴的夹角,4,10.695906,6.834187,6.29219,Concept,Y,
飞机气动布局设计,4,10.695906,6.776164,6.286388,Performance,Y,
隐身,4,9.545177,10.213087,6.284862,Concept,Y,
飞行动力学,4,10.695906,6.701441,6.278916,Mission,Y,
三角,4,10.695906,6.701339,6.278906,Concept,Y,
向坐标,4,12.317766,1.828717,6.278202,Concept,Y,
一个,4,10.695906,6.627974,6.271569,Concept,Y,
为自变量,4,10.695906,6.624518,6.271224,Concept,Y,
类型,4,10.695906,6.611536,6.269925,Concept,Y,
和图5,4,12.317766,1.684868,6.263817,Concept,Y,
从而使,4,10.695906,6.546274,6.263399,Concept,Y,
莫哈韦,3,9.238325,16.874353,6.258933,Concept,Y,
隔板,4,10.695906,6.475873,6.256359,Concept,Y,
变体翼,4,12.317766,1.578801,6.25321,Aircraft,Y,
这就是,4,10.695906,6.403322,6.249104,Concept,Y,
给定,4,10.695906,6.40041,6.248813,Concept,Y,
计算公式为,4,10.695906,6.380593,6.246831,Concept,Y,
并利用式,4,10.695906,6.354845,6.244256,Concept,Y,
中41,4,12.317766,1.459321,6.241262,Concept,Y,
规则,4,10.695906,6.315142,6.240286,Concept,Y,
产品,4,9.545177,9.761858,6.239739,Concept,Y,
压强,4,10.695906,6.253295,6.234101,Concept,Y,
可以写为,4,10.695906,6.217094,6.230481,Concept,Y,
推进舱,4,10.695906,6.202892,6.229061,Concept,Y,
田正雨,3,9.238325,16.511783,6.222676,Concept,Y,
保证,4,9.545177,9.58088,6.221641,Concept,Y,
初样设计,4,10.695906,6.117201,6.220492,Concept,Y,
节气,4,12.317766,1.142141,6.209544,Concept,Y,
号飞船,4,9.545177,9.448747,6.208428,Concept,Y,
可忽略不计,4,10.695906,5.981425,6.206914,Concept,Y,
技术要求,4,10.695906,5.912999,6.200072,Concept,Y,
野鹅,3,9.238325,16.281777,6.199675,Concept,Y,
扭转角,4,10.695906,5.900765,6.198848,Concept,Y,
风洞试验,4,9.545177,9.313423,6.194895,Concept,Y,
矩阵,4,9.545177,9.269372,6.19049,Concept,Y,
这就是说,4,10.695906,5.772465,6.186018,Concept,Y,
的方程,4,12.317766,0.905976,6.185927,Concept,Y,
型号,4,10.695906,5.747998,6.183572,Concept,Y,
尹维龙,3,9.238325,16.018743,6.173372,Concept,Y,
为常值,4,10.695906,5.638391,6.172611,Concept,Y,
亚轨道,4,10.695906,5.54089,6.162861,Concept,Y,
相比之下,4,9.545177,8.954355,6.158989,Concept,Y,
滚转,4,9.545177,8.903462,6.153899,Concept,Y,
三化,4,12.317766,0.555639,6.150894,Concept,Y,
或压缩,4,10.695906,5.3285,6.141622,Concept,Y,
一一,4,12.317766,0.452459,6.140576,Concept,Y,
暴风雪,3,9.238325,15.681708,6.139668,Concept,Y,
旋转,4,9.545177,8.720139,6.135567,Concept,Y,
操纵性,4,10.695906,5.252451,6.134017,Concept,Y,
使用载荷,4,10.695906,5.227923,6.131564,Performance,Y,
载荷分析,4,10.695906,5.218217,6.130593,Performance,Y,
工艺性,4,10.695906,5.190151,6.127787,Concept,Y,
用飞,4,12.317766,0.3059,6.12592,Concept,Y,
压缩,4,9.545177,8.621427,6.125696,Concept,Y,
不难发现,4,9.545177,8.571355,6.120689,Concept,Y,
热障,4,10.695906,5.110422,6.119814,Concept,Y,
记为,4,10.695906,5.101617,6.118933,Concept,Y,
法向,4,10.695906,5.030311,6.111803,Concept,Y,
主编,4,10.695906,5.030307,6.111802,Concept,Y,
产品设计,4,10.695906,4.989822,6.107754,Concept,Y,
相反地,4,10.695906,4.981304,6.106902,Concept,Y,
并将,4,10.695906,4.911452,6.099917,Concept,Y,
泡沫硅钢弹性体热屏蔽,3,9.238325,15.26667,6.098164,Concept,Y,
分1,4,12.317766,-4.569333,6.09533,Concept,Y,
的乘积,4,10.695906,4.862277,6.094999,Concept,Y,
顾诵芬,3,9.238325,15.200581,6.091556,Concept,Y,
对于飞行器而言,4,9.545177,8.224669,6.08602,Mission,Y,
一般地说,4,9.545177,8.146433,6.078196,Concept,Y,
较差,4,10.695906,4.676383,6.07641,Concept,Y,
天线,4,10.695906,4.650274,6.073799,Concept,Y,
一般,4,9.545177,8.083396,6.071893,Concept,Y,
自学习模型预测控制,4,9.238325,8.992292,6.070727,ControlMethod,Y,
优化,4,9.545177,8.012295,6.064783,Concept,Y,
能量特性,4,10.695906,4.543948,6.063167,Concept,Y,
月21,4,10.695906,4.476664,6.056438,Concept,Y,
考虑,4,8.652603,10.571363,6.052917,Concept,Y,
安装角,4,10.695906,4.436727,6.052444,Concept,Y,
比强度,4,10.695906,4.421321,6.050904,Concept,Y,
需要说明的是,4,9.545177,7.843607,6.047914,Concept,Y,
实质上,4,9.545177,7.817385,6.045292,Concept,Y,
准确,4,9.545177,7.781022,6.041655,Concept,Y,
设想,4,10.695906,4.311992,6.039971,Concept,Y,
第四步,4,9.545177,7.732684,6.036822,Concept,Y,
况下,4,9.545177,7.728613,6.036414,Concept,Y,
结论,4,10.695906,4.266166,6.035388,Concept,Y,
构架,4,10.695906,4.25056,6.033828,Concept,Y,
多梁,4,10.695906,4.235425,6.032314,Concept,Y,
但实际上,4,9.545177,7.648452,6.028398,Concept,Y,
基座,4,9.545177,7.628992,6.026452,Concept,Y,
反射,4,9.545177,7.570797,6.020633,Concept,Y,
区域,4,8.652603,10.225189,6.0183,Concept,Y,
当下机翼在前时,4,9.238325,8.451688,6.016666,Structure,Y,
纵向,4,9.545177,7.530249,6.016578,Concept,Y,
功能,4,9.545177,7.440527,6.007606,Concept,Y,
折叠翼,4,9.545177,7.382455,6.001799,Mechanism,Y,
苏霍伊,3,9.238325,14.300886,6.001586,Concept,Y,
第3双折叠翼变体飞行器的概念,10,0.0,0.0,6.0,Mechanism,Y,
最大过载,4,9.545177,7.355661,5.999119,Concept,Y,
分别是,4,10.695906,3.841105,5.992882,Concept,Y,
活动机翼的攻角变化量,4,9.238325,8.185853,5.990083,Structure,Y,
基本假设,4,9.545177,7.256667,5.98922,Concept,Y,
米高扬,3,9.238325,14.127119,5.984209,Concept,Y,
传热系数,4,9.545177,7.199362,5.983489,Concept,Y,
双折叠翼变体概念的合理性和可行性,4,9.238325,8.106957,5.982193,Mechanism,Y,
费尔柴尔德,3,9.238325,14.106799,5.982177,Concept,Y,
基准,4,9.545177,7.129747,5.976528,Concept,Y,
向量,4,10.695906,3.664683,5.97524,Concept,Y,
对比,4,10.695906,3.661303,5.974902,Concept,Y,
昆虫,3,9.238325,14.031222,5.97462,Concept,Y,
发生,4,9.545177,7.097965,5.97335,Concept,Y,
相对应,4,10.695906,3.626333,5.971405,Concept,Y,
频率,4,8.652603,9.729778,5.968759,Concept,Y,
的方向相反,4,10.695906,3.572771,5.966049,Concept,Y,
试验结果表明,4,9.545177,7.018595,5.965413,Concept,Y,
的第二式,4,10.695906,3.540349,5.962807,Concept,Y,
出发,4,10.695906,3.52847,5.961619,Concept,Y,
稳定性,4,9.545177,6.9308,5.956633,Performance,Y,
加速度,4,9.545177,6.92866,5.956419,Parameter,Y,
条件下,4,9.545177,6.927801,5.956333,Concept,Y,
缩短,4,8.652603,9.590338,5.954815,Concept,Y,
整体,4,9.545177,6.895556,5.953109,Concept,Y,
结构系统,4,10.695906,3.409423,5.949714,Structure,Y,
分离特性,4,10.695906,3.406699,5.949442,Concept,Y,
系统中,4,10.695906,3.399764,5.948748,Concept,Y,
工艺设计,4,10.695906,3.327307,5.941502,Concept,Y,
相当于,4,9.545177,6.69779,5.933332,Concept,Y,
崔尔杰,3,8.021929,17.26667,5.933246,Concept,Y,
纪楚群,3,9.238325,13.559311,5.927429,Concept,Y,
诺斯罗普,3,9.238325,13.545571,5.926055,Concept,Y,
的费用,4,10.695906,3.144677,5.923239,Concept,Y,
空气,4,9.545177,6.59016,5.922569,Concept,Y,
力学,4,9.545177,6.554848,5.919038,Concept,Y,
进气道,4,8.652603,9.053897,5.901171,Concept,Y,
在飞行过程中,4,9.545177,6.370862,5.900639,Mission,Y,
填充酚醛,3,9.238325,13.240608,5.895558,Concept,Y,
答辩委员会决议书,3,9.238325,13.189855,5.890483,Concept,Y,
航空,4,9.545177,6.257456,5.889299,Concept,Y,
年8,4,10.695906,2.780838,5.886856,Concept,Y,
三角翼,4,9.545177,6.220911,5.885644,Concept,Y,
冷却,3,9.238325,13.128582,5.884356,Concept,Y,
成本,4,9.545177,6.189062,5.882459,Concept,Y,
越小,4,9.545177,6.161909,5.879744,Concept,Y,
较大,4,9.545177,6.10436,5.873989,Concept,Y,
可以通过,4,9.545177,6.081416,5.871695,Concept,Y,
树脂,3,9.238325,12.965406,5.868038,Concept,Y,
动作,4,10.695906,2.524781,5.86125,Concept,Y,
号和,4,10.695906,2.516054,5.860377,Concept,Y,
最大值,4,9.545177,5.953815,5.858935,Concept,Y,
由此有,4,10.695906,2.50054,5.858826,Concept,Y,
从表5,4,9.545177,5.951893,5.858742,Concept,Y,
黄志海,3,9.238325,12.862948,5.857792,Concept,Y,
设计时,4,10.695906,2.482127,5.856984,Concept,Y,
较高,4,9.545177,5.912693,5.854823,Concept,Y,
滑行,4,10.695906,2.389453,5.847717,Concept,Y,
美国的,4,10.695906,2.350713,5.843843,Concept,Y,
这就,4,9.545177,5.791625,5.842716,Concept,Y,
钱战森,3,8.021929,16.35978,5.842557,Concept,Y,
默认,3,9.238325,12.695297,5.841027,Concept,Y,
翼架,4,10.695906,2.256825,5.834454,Concept,Y,
栖息,3,9.238325,12.558796,5.827377,Concept,Y,
是矢量,4,10.695906,2.167062,5.825478,Concept,Y,
其形式为,4,9.545177,5.550213,5.818575,Concept,Y,
减速,4,9.545177,5.550165,5.81857,Concept,Y,
胶粘剂,3,9.238325,12.446492,5.816147,Concept,Y,
试验设计,4,10.695906,2.054465,5.814218,Concept,Y,
年1,4,10.695906,2.045488,5.813321,Concept,Y,
黄锐,3,9.238325,12.3759,5.809087,Concept,Y,
年7,4,10.695906,2.001729,5.808945,Concept,Y,
为来流速度,4,9.545177,5.380593,5.801613,Parameter,Y,
利用公式,4,9.545177,5.336181,5.797171,Concept,Y,
只要,4,9.545177,5.327681,5.796321,Concept,Y,
降低阻力,4,9.545177,5.290733,5.792627,Concept,Y,
重力加速度,4,8.652603,7.905961,5.786377,Parameter,Y,
结构力学,4,10.695906,1.690993,5.777871,Structure,Y,
发现,4,9.545177,5.067361,5.770289,Concept,Y,
为了计算方便,4,8.652603,7.702521,5.766033,Concept,Y,
的解,4,10.695906,1.55042,5.763814,Concept,Y,
由第,4,10.695906,1.548044,5.763576,Concept,Y,
每个4片,3,9.238325,11.904727,5.76197,Concept,Y,
上海,4,9.545177,4.955557,5.759109,Concept,Y,
封面设计,4,8.652603,7.631774,5.758958,Concept,Y,
节中,4,9.545177,4.952256,5.758779,Concept,Y,
先行官,3,9.238325,11.676083,5.739106,Concept,Y,
的机翼,4,10.695906,1.284045,5.737176,Structure,Y,
由方程,4,10.695906,1.277032,5.736475,Concept,Y,
可以表示为,4,8.652603,7.402961,5.736077,Concept,Y,
的变化曲线,4,9.545177,4.720258,5.735579,Concept,Y,
零剪筋,3,9.238325,11.601335,5.731631,Concept,Y,
陈海昕,3,8.021929,15.222276,5.728806,Concept,Y,
导数,4,9.545177,4.61621,5.725174,Concept,Y,
贮箱,3,9.238325,11.509319,5.722429,Concept,Y,
风筝,3,9.238325,11.456405,5.717138,Concept,Y,
点火,4,9.545177,4.43882,5.707435,Concept,Y,
具体来说,4,8.652603,7.114009,5.707182,Concept,Y,
相比较,4,9.545177,4.427319,5.706285,Concept,Y,
自由,4,8.652603,7.09922,5.705703,Concept,Y,
徐国武,3,8.021929,14.967462,5.703325,Concept,Y,
支撑,3,9.238325,11.275737,5.699071,Concept,Y,
失速,4,8.652603,7.02929,5.69871,Concept,Y,
勹勹,3,9.238325,11.26667,5.698164,Concept,Y,
改变,4,8.652603,7.003913,5.696172,Concept,Y,
机构,4,9.545177,4.324684,5.696022,Concept,Y,
奥托,3,9.238325,11.19655,5.691152,Concept,Y,
测试,4,8.652603,6.950516,5.690833,Concept,Y,
左稀疏波,3,9.238325,11.164695,5.687967,Concept,Y,
彭小波,3,9.238325,11.164695,5.687967,Concept,Y,
指导教师评语,3,9.238325,11.149027,5.6864,Concept,Y,
经济,3,9.238325,11.129679,5.684465,Concept,Y,
玻璃纤维,3,9.238325,11.119466,5.683444,Concept,Y,
符号和缩略语说明,3,9.238325,11.118194,5.683317,Concept,Y,
狂风,3,9.238325,11.108482,5.682346,Concept,Y,
电磁阀,3,9.238325,11.078082,5.679306,Concept,Y,
超级佩刀,3,9.238325,11.059656,5.677463,Concept,Y,
镁合金,3,9.238325,11.044278,5.675925,Concept,Y,
张勇,3,9.238325,11.009283,5.672426,Concept,Y,
着色渗透,3,9.238325,10.97205,5.668702,Concept,Y,
鸭式布局,3,9.238325,10.955733,5.667071,Concept,Y,
销钉,3,9.238325,10.885128,5.66001,Concept,Y,
卸铆钉,3,9.238325,10.871493,5.658647,Concept,Y,
随着时间的推移,3,9.238325,10.870066,5.658504,Concept,Y,
双翼整体的零升攻,3,9.238325,10.868996,5.658397,Concept,Y,
导出,4,9.545177,3.92208,5.655761,Concept,Y,
陈烈民,3,8.021929,14.459316,5.65251,Concept,Y,
年代中期,3,9.238325,10.805284,5.652026,Concept,Y,
耐腐蚀,3,9.238325,10.789125,5.65041,Concept,Y,
太阳电磁辐射,3,9.238325,10.768819,5.648379,Concept,Y,
双折叠翼变体的新概念,3,9.238325,10.730423,5.64454,Mechanism,Y,
随着智能材料,4,8.021929,8.372516,5.64383,Concept,Y,
包括式星,3,9.238325,10.684215,5.639919,Concept,Y,
年代初开始,3,9.238325,10.676239,5.639121,Concept,Y,
扰流片,3,9.238325,10.671341,5.638632,Concept,Y,
解得,4,9.545177,3.731872,5.63674,Concept,Y,
坐标系及变换,3,9.238325,10.648285,5.636326,Concept,Y,
很大,4,8.652603,6.368765,5.632657,Concept,Y,
方程为,4,9.545177,3.679388,5.631492,Concept,Y,
公路运输,3,9.238325,10.57842,5.629339,Concept,Y,
自动铺层技术及设备,3,9.238325,10.567098,5.628207,Concept,Y,
构成,4,9.545177,3.62044,5.625597,Concept,Y,
球冠钝度风,3,9.238325,10.523519,5.623849,Concept,Y,
受载两边支支,3,9.238325,10.487772,5.620275,Concept,Y,
拉伸,3,9.238325,10.485809,5.620078,Concept,Y,
一致,4,8.652603,6.207187,5.6165,Concept,Y,
鸟类,3,9.238325,10.41468,5.612965,Concept,Y,
和0,4,10.695906,-3.826271,5.608772,Concept,Y,
在3,4,10.695906,-1.271062,5.608772,Concept,Y,
在5,4,10.695906,-1.223518,5.608772,Concept,Y,
翼型1,4,10.695906,-1.707565,5.608772,Structure,Y,
均匀分散,3,9.238325,10.364798,5.607977,Concept,Y,
跑距离,3,9.238325,10.353033,5.606801,Concept,Y,
从立椭圆一圆一横椭圆,3,9.238325,10.350045,5.606502,Concept,Y,
的关系式,4,9.545177,3.395151,5.603068,Concept,Y,
升力和侧向力,5,6.158883,7.546426,5.602308,Concept,Y,
受力式口盖,3,9.238325,10.295127,5.60101,Concept,Y,
形式,4,8.652603,6.041064,5.599887,Concept,Y,
阻尼,3,9.238325,10.261083,5.597606,Concept,Y,
冲击损伤,3,9.238325,10.226381,5.594135,Concept,Y,
提前着陆,3,9.238325,10.225924,5.59409,Mission,Y,
常量,4,9.545177,3.268946,5.590448,Concept,Y,
指向,4,8.652603,5.942731,5.590054,Concept,Y,
概念设计与方案论证中的技术要求分析,3,9.238325,10.160108,5.587508,Concept,Y,
并在,4,9.545177,3.230237,5.586577,Concept,Y,
冬至,3,9.238325,10.110587,5.582556,Concept,Y,
太阳能电池板,3,9.238325,10.091474,5.580645,Concept,Y,
杨勇,3,8.021929,13.739193,5.580498,Concept,Y,
定理,4,9.545177,3.161434,5.579697,Concept,Y,
框架,3,9.238325,10.035988,5.575096,Concept,Y,
附表清单,3,9.238325,10.031853,5.574683,Concept,Y,
装拆方便,3,9.238325,10.031255,5.574623,Concept,Y,
总焓,3,9.238325,10.010462,5.572544,Concept,Y,
初样阶段,3,9.238325,10.010069,5.572504,Concept,Y,
长左右位置,3,9.238325,10.007516,5.572249,Concept,Y,
圆筒壳,3,9.238325,9.998045,5.571302,Concept,Y,
绕机身端点取矩,3,9.238325,9.974924,5.56899,Structure,Y,
第12章综合评估,3,9.238325,9.919603,5.563458,Concept,Y,
需更改外照部位显示,3,9.238325,9.876502,5.559148,Concept,Y,
二二二二,3,9.238325,9.873065,5.558804,Concept,Y,
升限下降,3,9.238325,9.866325,5.55813,Concept,Y,
太阳电池阵基枢板不提升,3,9.238325,9.866325,5.55813,Concept,Y,
较低温区,3,9.238325,9.860997,5.557597,Concept,Y,
热腔密封,3,9.238325,9.845132,5.556011,Concept,Y,
知识库,3,9.238325,9.817135,5.553211,Concept,Y,
输出事件发生,3,9.238325,9.798046,5.551302,Concept,Y,
可以证明,4,8.652603,5.544557,5.550237,Concept,Y,
而当,4,9.545177,2.838321,5.547385,Concept,Y,
关于入射,3,9.238325,9.720741,5.543571,Concept,Y,
转动铰轮盖套,3,9.238325,9.702998,5.541797,Concept,Y,
信噪比,3,9.238325,9.692077,5.540705,Concept,Y,
白色虚线,3,9.238325,9.689242,5.540422,Concept,Y,
随公转角度的变化情况,3,9.238325,9.633221,5.534819,Parameter,Y,
从图2,4,9.545177,2.711507,5.534704,Concept,Y,
并将其作为约束条件用于优化计算,3,9.238325,9.576236,5.529121,Concept,Y,
国防特色教材,3,9.238325,9.568834,5.528381,Concept,Y,
普通高等教育航天类规划教材,3,9.238325,9.568834,5.528381,ControlMethod,Y,
规划教材,3,9.238325,9.568834,5.528381,ControlMethod,Y,
初始缺陷,3,9.238325,9.53676,5.525173,Concept,Y,
导弹与航天运载技术,3,9.238325,9.520576,5.523555,Concept,Y,
线性累积损伤理论,3,9.238325,9.519317,5.523429,Concept,Y,
操作损伤等,3,9.238325,9.500142,5.521512,Concept,Y,
工业和信息化部,3,9.238325,9.493119,5.520809,Concept,Y,
直匀流,3,9.238325,9.467389,5.518236,Concept,Y,
短程轨道,3,9.238325,9.463548,5.517852,Concept,Y,
且有,4,9.545177,2.532906,5.516844,Concept,Y,
充分验证了单,3,9.238325,9.446891,5.516186,Concept,Y,
王小军,3,8.021929,13.083449,5.514924,Concept,Y,
故障树分析,3,9.238325,9.43141,5.514638,Concept,Y,
各列水平数相同的正交表,3,9.238325,9.418048,5.513302,Concept,Y,
如表5,4,8.652603,5.174285,5.513209,Concept,Y,
折返螺栓连接,3,9.238325,9.405584,5.512056,Concept,Y,
有时,4,9.545177,2.477249,5.511278,Concept,Y,
使翼面处于受力平衡状态,3,9.238325,9.364295,5.507927,Structure,Y,
燕子,3,9.238325,9.327581,5.504255,Concept,Y,
反射分子单位时间,3,9.238325,9.317573,5.503255,Concept,Y,
留空时间,3,9.238325,9.317573,5.503255,Concept,Y,
从表中可以看出,3,9.238325,9.275857,5.499083,Concept,Y,
传统的结构设计方法,3,9.238325,9.226038,5.494101,Structure,Y,
刘文法,3,9.238325,9.226038,5.494101,Concept,Y,
近地点幅角,3,9.238325,9.215462,5.493044,Concept,Y,
一样,4,8.652603,4.970259,5.492807,Concept,Y,
通常情况下,4,8.652603,4.963264,5.492107,Concept,Y,
高压气瓶,3,9.238325,9.204624,5.49196,Concept,Y,
动压,4,9.545177,2.199881,5.483541,Concept,Y,
个数量级左右,3,9.238325,9.059961,5.477494,Concept,Y,
椭球壳,3,9.238325,9.041312,5.475629,Concept,Y,
人机接口,3,9.238325,9.022782,5.473776,Concept,Y,
未学习的模型预测控制,3,9.238325,8.992292,5.470727,ControlMethod,Y,
共轭梯度法,3,9.238325,8.98503,5.47,Concept,Y,
下洗延迟,3,9.238325,8.954355,5.466933,Concept,Y,
空间位置坐标,3,9.238325,8.926079,5.464105,Concept,Y,
跨声速,3,9.238325,8.911582,5.462656,Concept,Y,
执行动作,3,9.238325,8.901332,5.461631,Concept,Y,
二次曲线接近于矩形,3,9.238325,8.892446,5.460742,Concept,Y,
双弧形,3,9.238325,8.892446,5.460742,Concept,Y,
形状记忆合金,3,9.238325,8.892446,5.460742,Concept,Y,
儒科夫斯基对称翼型,3,9.238325,8.877846,5.459282,Structure,Y,
右稀疏波类型,3,9.238325,8.877846,5.459282,Concept,Y,
自由度动力学模型,3,9.238325,8.877846,5.459282,Concept,Y,
沃特,3,9.238325,8.856617,5.457159,Concept,Y,
复合材料设计流程,3,9.238325,8.854895,5.456987,Concept,Y,
轨轴谱摆动方程,3,9.238325,8.854895,5.456987,Concept,Y,
夜鹰,3,8.021929,12.495181,5.456097,Concept,Y,
刘伟,3,8.021929,12.456742,5.452253,Concept,Y,
巡航升阻比,3,9.238325,8.792267,5.450724,Performance,Y,
零升迎角,3,9.238325,8.78689,5.450186,Concept,Y,
措施,3,8.021929,12.413296,5.447908,Concept,Y,
转动角速度方向与,3,9.238325,8.745315,5.446029,Parameter,Y,
铺层,3,9.238325,8.74289,5.445786,Concept,Y,
为后掠角,4,9.545177,1.813778,5.444931,Concept,Y,
理想弹道,3,9.238325,8.716585,5.443156,Concept,Y,
辅助梁,3,9.238325,8.714812,5.442979,Concept,Y,
第一个数字,3,9.238325,8.699982,5.441496,Concept,Y,
航空科学技术,3,9.238325,8.699,5.441397,Concept,Y,
外来物质,3,9.238325,8.696815,5.441179,Concept,Y,
李锋,3,8.021929,12.331014,5.43968,Concept,Y,
较高温区,3,9.238325,8.638605,5.435358,Concept,Y,
失速攻角的变化情况与图,3,9.238325,8.629366,5.434434,Parameter,Y,
常规布局典型机种及其三面图,3,9.238325,8.629366,5.434434,Concept,Y,
气动力学杂志,3,9.238325,8.61517,5.433014,Performance,Y,
气动力驱动的单,3,9.238325,8.61517,5.433014,Mechanism,Y,
铆钉,3,8.021929,12.254884,5.432067,Concept,Y,
全机结构重量,3,9.238325,8.60089,5.431586,Structure,Y,
减轻重量,3,9.238325,8.60089,5.431586,Concept,Y,
坐标方向速度分量,3,9.238325,8.60089,5.431586,Parameter,Y,
活动机翼内侧端面的变形量,3,9.238325,8.60089,5.431586,Mechanism,Y,
燃油重量,3,9.238325,8.60089,5.431586,Concept,Y,
球面三角形,3,9.238325,8.584324,5.42993,Concept,Y,
真实气体效应,3,9.238325,8.559096,5.427407,Concept,Y,
的存在,4,9.545177,1.633836,5.426937,Concept,Y,
由数据的可靠性要求确定,3,9.238325,8.521837,5.423681,Concept,Y,
线性变参数控制,3,9.238325,8.506865,5.422184,ControlMethod,Y,
大量试验表明,3,9.238325,8.490443,5.420542,Concept,Y,
及容积利用率,3,9.238325,8.462439,5.417741,Concept,Y,
当飞机处于双翼构型时,3,9.238325,8.451688,5.416666,Aircraft,Y,
压力系数公式,3,9.238325,8.442308,5.415728,Concept,Y,
后缘增升装置形式,3,9.238325,8.442308,5.415728,Concept,Y,
需用过载,3,9.238325,8.431579,5.414655,Concept,Y,
响应面方法,3,9.238325,8.420536,5.413551,Concept,Y,
的出现,4,9.545177,1.487238,5.412277,Concept,Y,
最高温区,3,9.238325,8.39637,5.411134,Concept,Y,
仪器舱,3,9.238325,8.379791,5.409476,Concept,Y,
有控飞行动力学,3,9.238325,8.373369,5.408834,Mission,Y,
膨胀波关系,3,9.238325,8.373179,5.408815,Concept,Y,
波音707,3,9.238325,8.338337,5.405331,Concept,Y,
波音737,3,9.238325,8.338337,5.405331,Concept,Y,
和图3,4,9.545177,1.408413,5.404395,Concept,Y,
如算法9,3,9.238325,8.326357,5.404133,ControlMethod,Y,
双折叠翼变体飞行器的应用场景和飞行剖面,3,9.238325,8.291181,5.400615,Mechanism,Y,
地物线截面,3,9.238325,8.291181,5.400615,Concept,Y,
垂直于轨道平面,3,9.238325,8.291181,5.400615,Concept,Y,
内侧外侧,9,0.0,0.0,5.4,Concept,Y,
飞机设计手册总编委会,9,0.0,0.0,5.4,Aircraft,Y,
弹道偏角,3,9.238325,8.260906,5.397588,Concept,Y,
扫描,3,8.021929,11.902922,5.396871,Concept,Y,
第一个脉冲由,3,9.238325,8.251255,5.396623,Concept,Y,
每个4件,3,9.238325,8.24708,5.396205,Concept,Y,
升力式再入航天器,3,9.238325,8.226552,5.394153,Aircraft,Y,
上升,4,8.652603,3.973884,5.393169,Concept,Y,
变体过程中与时变极点,3,9.238325,8.216142,5.393112,Aircraft,Y,
奥氏体应变,3,9.238325,8.216142,5.393112,Concept,Y,
逆向相变,3,9.238325,8.216142,5.393112,Concept,Y,
涡流发生器,3,9.238325,8.180748,5.389572,Concept,Y,
双折叠翼变体的气动特性研究,3,9.238325,8.172428,5.38874,Mechanism,Y,
加筋壳,3,9.238325,8.156133,5.387111,Concept,Y,
一一一下翼面,3,9.238325,8.146433,5.386141,Structure,Y,
应采取的主要技术措施,3,9.238325,8.144058,5.385903,Concept,Y,
弹性模量,3,9.238325,8.131405,5.384638,Concept,Y,
偏航力矩静导数,3,9.238325,8.109639,5.382461,Concept,Y,
升力因数,3,9.238325,8.109639,5.382461,Concept,Y,
对应的荷载系数,3,9.238325,8.109639,5.382461,Concept,Y,
滚转力矩静导数,3,9.238325,8.109639,5.382461,Concept,Y,
目标函数,3,9.238325,8.109639,5.382461,Concept,Y,
航天飞机的再入飞行参数,3,9.238325,8.109639,5.382461,Mission,Y,
航天飞机飞行稳定性,3,9.238325,8.106957,5.382193,Performance,Y,
是否由工序已验证,3,9.238325,8.106641,5.382162,Concept,Y,
可以实现如下技术特点,3,9.238325,8.096902,5.381188,Concept,Y,
如机翼,4,9.545177,1.170695,5.380623,Structure,Y,
膨胀波方法,3,9.238325,8.086117,5.380109,Concept,Y,
结构中可以是以毛坯形式供制造工,3,9.238325,8.084276,5.379925,Structure,Y,
大黄蜂,3,9.238325,8.075406,5.379038,Concept,Y,
巡航升力系数,3,9.238325,8.073626,5.37886,Mission,Y,
下面,4,8.652603,3.824355,5.378216,Concept,Y,
相对阻尼系数,3,9.238325,8.002724,5.37177,Concept,Y,
对于基本外形,3,9.238325,7.984934,5.369991,Concept,Y,
刚度矩阵,3,9.238325,7.960361,5.367534,Concept,Y,
此项工作的主要内容有,3,9.238325,7.958331,5.367331,Concept,Y,
考虑式,4,9.545177,1.035344,5.367088,Concept,Y,
现在,4,8.652603,3.688248,5.364606,Concept,Y,
参数学习算法,3,9.238325,7.927748,5.364272,ControlMethod,Y,
双折叠翼变体飞行器的几何外形设计,3,9.238325,7.910218,5.362519,Mechanism,Y,
重页的结构与设计,3,9.238325,7.910218,5.362519,Structure,Y,
面向制造的设计,3,9.238325,7.910218,5.362519,Concept,Y,
储箱的长度,3,9.238325,7.905961,5.362093,Concept,Y,
坐标方向扰动速度,3,9.238325,7.905961,5.362093,Parameter,Y,
度攻角下变体过程中飞机的压力分布变化情况,3,9.238325,7.905961,5.362093,Parameter,Y,
攻角振动幅度,3,9.238325,7.905961,5.362093,Parameter,Y,
涂层厚度,3,9.238325,7.905961,5.362093,Concept,Y,
试验次序,3,9.238325,7.904727,5.36197,Concept,Y,
零部件验收,3,8.021929,11.549565,5.361535,Concept,Y,
克鲁格襟翼,3,9.238325,7.898983,5.361396,Concept,Y,
左小翼,3,9.238325,7.898983,5.361396,Concept,Y,
简单前缘襟翼,3,9.238325,7.898983,5.361396,Concept,Y,
较链式子翼,3,9.238325,7.898983,5.361396,Concept,Y,
半硬壳式结构,3,9.238325,7.892718,5.360769,Structure,Y,
压紧与释放机构,3,9.238325,7.892718,5.360769,Concept,Y,
对日定位机构,3,9.238325,7.892718,5.360769,Concept,Y,
杆系式结构,3,9.238325,7.892718,5.360769,Structure,Y,
板式结构,3,9.238325,7.892718,5.360769,Structure,Y,
满意解,3,9.238325,7.880505,5.359548,Concept,Y,
概念,3,8.021929,11.520012,5.35858,Concept,Y,
航天飞机气动布局设计,3,9.238325,7.854167,5.356914,Performance,Y,
的概念,4,8.652603,3.605605,5.356342,Concept,Y,
以下长期使用,3,9.238325,7.8125,5.352747,Concept,Y,
重复使用,3,9.238325,7.809749,5.352472,Concept,Y,
硬壳式结构,3,9.238325,7.805724,5.35207,Structure,Y,
折叠构型,3,9.238325,7.78924,5.350421,Mechanism,Y,
贪婪法,3,9.238325,7.785466,5.350044,Concept,Y,
活动机翼和固定机翼,3,9.238325,7.761479,5.347645,Structure,Y,
挂架,3,9.238325,7.746973,5.346195,Concept,Y,
其它项,3,9.238325,7.744457,5.345943,Concept,Y,
连杆长度,3,9.238325,7.736036,5.345101,Concept,Y,
可变前掠机翼,3,9.238325,7.729058,5.344403,Structure,Y,
耐磨性,3,9.238325,7.728445,5.344342,Concept,Y,
变体过程中,3,9.238325,7.72765,5.344262,Aircraft,Y,
伸缩机翼,3,9.238325,7.723896,5.343887,Structure,Y,
当副翼偏转时,3,9.238325,7.714722,5.34297,Concept,Y,
太阳神,3,9.238325,7.711402,5.342638,Concept,Y,
为了方便,3,9.238325,7.702521,5.341749,Concept,Y,
为安全起见,3,9.238325,7.702521,5.341749,Concept,Y,
为期望的可行性概率,3,9.238325,7.702521,5.341749,Concept,Y,
为设计基准的单,3,9.238325,7.702521,5.341749,Concept,Y,
相当于绝对约束为,3,9.238325,7.702521,5.341749,Concept,Y,
轴的单位矢量分别视为,3,9.238325,7.702521,5.341749,Concept,Y,
健性性,3,9.238325,7.691919,5.340689,Concept,Y,
损伤容限设计,3,9.238325,7.691895,5.340687,Concept,Y,
形非线性变化,3,9.238325,7.670054,5.338503,Concept,Y,
处理,3,9.238325,7.649661,5.336464,Concept,Y,
防锈铝,3,8.021929,11.289391,5.335518,Concept,Y,
在常值径向加速度,3,9.238325,7.640049,5.335502,Parameter,Y,
在强度和变形试验中,3,9.238325,7.640049,5.335502,Mechanism,Y,
在选择导引方法时,3,9.238325,7.640049,5.335502,Concept,Y,
代入到式,3,9.238325,7.634953,5.334993,Concept,Y,
桥条,3,9.238325,7.629593,5.334457,Concept,Y,
以及式,4,9.545177,0.679096,5.331463,Concept,Y,
反之亦然,3,8.021929,11.24847,5.331426,Concept,Y,
工艺补偿,3,9.238325,7.584993,5.329997,Concept,Y,
展向位置,3,9.238325,7.579659,5.329463,Concept,Y,
欧洲,3,7.158883,13.816559,5.329321,Concept,Y,
变体完成后,3,9.238325,7.577255,5.329223,Aircraft,Y,
飞行器机构及其设计,3,9.238325,7.570246,5.328522,Mission,Y,
飞行控制一体化设计技术,3,9.238325,7.570246,5.328522,ControlMethod,Y,
钉钉,3,9.238325,7.550708,5.326568,Concept,Y,
平板所受法向力,3,9.238325,7.546426,5.32614,Concept,Y,
残余应力,3,9.238325,7.546426,5.32614,Concept,Y,
燃料轴向力,3,9.238325,7.546426,5.32614,Concept,Y,
宇宙线,3,9.238325,7.544852,5.325983,Concept,Y,
重力波,3,9.238325,7.542258,5.325723,Concept,Y,
对千亚声速飞机,3,9.238325,7.540027,5.3255,Aircraft,Y,
无人机为原准机,3,9.238325,7.540027,5.3255,Aircraft,Y,
机械加工,3,9.238325,7.540027,5.3255,Concept,Y,
机械加工圆筒结构,3,9.238325,7.540027,5.3255,Structure,Y,
失稳,3,9.238325,7.537882,5.325286,Concept,Y,
弹道坐标系,3,9.238325,7.537806,5.325278,Concept,Y,
密封胶,3,9.238325,7.527628,5.32426,Concept,Y,
位移,3,9.238325,7.521972,5.323695,Concept,Y,
模态分析,3,9.238325,7.513481,5.322845,Concept,Y,
可操作性,3,9.238325,7.51194,5.322691,Concept,Y,
地空导弹,3,9.238325,7.496479,5.321145,Concept,Y,
参照图8,3,9.238325,7.489415,5.320439,Concept,Y,
极点3和极点4,3,9.238325,7.481525,5.31965,Concept,Y,
最大升阻比,3,9.238325,7.46747,5.318244,Performance,Y,
任玉新,3,8.021929,11.097998,5.316379,Concept,Y,
体操翼,3,9.238325,7.439551,5.315452,Concept,Y,
原准机,3,9.238325,7.430402,5.314538,Concept,Y,
双折叠翼变体飞行,3,9.238325,7.395826,5.31108,Mechanism,Y,
上机翼弦长大于下机,3,9.238325,7.388023,5.3103,Structure,Y,
航天飞机热防护,3,9.238325,7.376501,5.309148,Aircraft,Y,
上机翼弯度大于下机,3,9.238325,7.370102,5.308508,Structure,Y,
上机翼弯度小于下机,3,9.238325,7.370102,5.308508,Structure,Y,
下机翼弦长大于上机,3,9.238325,7.370102,5.308508,Structure,Y,
轴之间的角度,3,9.238325,7.353921,5.30689,Parameter,Y,
美国国家航空航天局,3,8.021929,10.996375,5.306216,Concept,Y,
动力激励源,3,9.238325,7.314202,5.302918,Concept,Y,
动网格分区算法的激波装配法,3,9.238325,7.314202,5.302918,ControlMethod,Y,
风和气动扰动,3,9.238325,7.314202,5.302918,Performance,Y,
高超声速流动,3,9.238325,7.314202,5.302918,Concept,Y,
构架式结构,3,9.238325,7.307755,5.302273,Structure,Y,
以四瓦数,3,9.238325,7.289808,5.300478,Concept,Y,
协调,3,8.021929,10.932483,5.299827,Concept,Y,
为0,4,9.545177,0.277734,5.291327,Concept,Y,
结构动力分析,3,9.238325,7.198041,5.291302,Structure,Y,
双折叠翼变体飞行器概念,3,9.238325,7.181862,5.289684,Mechanism,Y,
在方案设计阶段,3,9.238325,7.154622,5.28696,Concept,Y,
质量轻,3,9.238325,7.098077,5.281305,Concept,Y,
则在变体过程中,3,9.238325,7.075496,5.279047,Aircraft,Y,
飞行器结构的功能,3,9.238325,7.073376,5.278835,Structure,Y,
计算结果,3,9.238325,7.072313,5.278729,Concept,Y,
面中转动,3,9.238325,7.068788,5.278376,Concept,Y,
螺母,3,8.021929,10.685658,5.275145,Concept,Y,
单位长度雷诺数为,3,9.238325,7.024449,5.273942,Parameter,Y,
绝对压力,3,9.238325,7.014991,5.272996,Concept,Y,
双折叠翼变体飞行器而言,3,9.238325,6.981268,5.269624,Mechanism,Y,
行时,4,8.652603,2.727408,5.268522,Concept,Y,
机动性好,3,9.238325,6.955064,5.267004,Performance,Y,
活动机,3,9.238325,6.949384,5.266436,Concept,Y,
上下翼面,3,9.238325,6.92632,5.264129,Structure,Y,
总铰链力矩,3,9.238325,6.922999,5.263797,Concept,Y,
在1,4,9.545177,-0.365869,5.263553,Concept,Y,
迎角效应,3,9.238325,6.915156,5.263013,Concept,Y,
对于运载火箭,3,9.238325,6.91187,5.262684,Concept,Y,
轴旋转,3,9.238325,6.904396,5.261937,Concept,Y,
和时不变极点,3,9.238325,6.873794,5.258877,Concept,Y,
建立,3,8.021929,10.50334,5.256913,Concept,Y,
也可写成,3,9.238325,6.854048,5.256902,Concept,Y,
在单翼构型下,3,9.238325,6.792052,5.250703,Concept,Y,
轴承,3,9.238325,6.759178,5.247415,Concept,Y,
和赤纬,3,9.238325,6.748263,5.246324,Concept,Y,
金属蒙皮,3,9.238325,6.715473,5.243045,Concept,Y,
层占10,3,9.238325,6.692136,5.240711,Concept,Y,
有趣的是,3,9.238325,6.691604,5.240658,Concept,Y,
厚度效应,3,9.238325,6.687263,5.240224,Concept,Y,
半径,3,8.021929,10.326302,5.239209,Concept,Y,
提出关键技术研究项目,3,8.021929,10.319034,5.238482,Concept,Y,
各舱段,3,9.238325,6.661596,5.237657,Concept,Y,
即可得,3,9.238325,6.658354,5.237333,Concept,Y,
由此说明,3,9.238325,6.651252,5.236623,Concept,Y,
在双翼构型下,3,9.238325,6.640049,5.235502,Concept,Y,
在结构优化设计中,3,9.238325,6.640049,5.235502,Structure,Y,
换言之,3,8.021929,10.286531,5.235232,Concept,Y,
安装方便,3,9.238325,6.63203,5.2347,Concept,Y,
机翼结构重量,3,9.238325,6.629882,5.234486,Structure,Y,
双翼状态,3,9.238325,6.595358,5.231033,Concept,Y,
超声,3,8.021929,10.220628,5.228642,Concept,Y,
水星号,3,8.021929,10.210033,5.227582,Concept,Y,
极点1和极点2,3,9.238325,6.544397,5.225937,Concept,Y,
降低制造成本,3,8.021929,10.193198,5.225899,Concept,Y,
具体如下,3,9.238325,6.530784,5.224576,Concept,Y,
大得多,3,9.238325,6.516438,5.223141,Concept,Y,
壁面条件,3,9.238325,6.512409,5.222738,Concept,Y,
把关系式,3,9.238325,6.512409,5.222738,Concept,Y,
静平衡,3,9.238325,6.49672,5.221169,Concept,Y,
即可写为,3,9.238325,6.480129,5.21951,Concept,Y,
噪声,3,8.021929,10.100618,5.216641,Concept,Y,
需要说明,3,9.238325,6.437389,5.215236,Concept,Y,
后缘分离,3,9.238325,6.425172,5.214015,Concept,Y,
边条翼,3,9.238325,6.420935,5.213591,Concept,Y,
模型缩放比例数为1,3,9.238325,6.415263,5.213024,Concept,Y,
初步设计和分析,3,8.021929,10.058192,5.212398,Concept,Y,
垂直,3,8.021929,10.035269,5.210106,Concept,Y,
可变布局,3,9.238325,6.37586,5.209083,Concept,Y,
动力装置变体,3,9.238325,6.367801,5.208278,Aircraft,Y,
计算入射,3,9.238325,6.35389,5.206886,Concept,Y,
壳体结构,3,9.238325,6.350045,5.206502,Structure,Y,
非定常,3,8.021929,9.959866,5.202565,Concept,Y,
为连杆长度,3,9.238325,6.287483,5.200246,Concept,Y,
代入上述,3,9.238325,6.285781,5.200076,Concept,Y,
包含,3,8.021929,9.929499,5.199529,Concept,Y,
口盖,3,8.021929,9.911814,5.19776,Concept,Y,
信号,3,8.021929,9.876177,5.194196,Concept,Y,
美元,3,9.238325,6.211104,5.192608,Concept,Y,
在超声速飞行时,3,9.238325,6.199476,5.191445,Mission,Y,
减振器,3,9.238325,6.182158,5.189713,Concept,Y,
完善,3,8.021929,9.827389,5.189318,Concept,Y,
建立了单,3,9.238325,6.173872,5.188885,Concept,Y,
刘峰,3,8.021929,9.809974,5.187576,Concept,Y,
超硬铝,3,8.021929,9.796622,5.186241,Concept,Y,
飞行器结构优化设计,3,9.238325,6.106543,5.182152,Structure,Y,
爬升,3,8.021929,9.734413,5.18002,Concept,Y,
基底,3,9.238325,6.068541,5.178351,Concept,Y,
长期以来,3,8.021929,9.694918,5.176071,Concept,Y,
变后掠翼,3,9.238325,6.043718,5.175869,Concept,Y,
客机,3,9.238325,6.040456,5.175543,Concept,Y,
随着航天技术的发展,3,8.021929,9.673746,5.173953,Concept,Y,
简述,3,9.238325,5.989253,5.170423,Concept,Y,
联系,3,9.238325,5.987526,5.17025,Concept,Y,
多楔,3,9.238325,5.978156,5.169313,Concept,Y,
第二部分,3,9.238325,5.970512,5.168549,Concept,Y,
变化的情况,3,9.238325,5.943224,5.16582,Concept,Y,
或改动,3,9.238325,5.935691,5.165066,Concept,Y,
损伤形式,3,9.238325,5.915179,5.163015,Concept,Y,
修正,3,8.021929,9.557359,5.162315,Concept,Y,
金属基复合材料,3,8.021929,9.543436,5.160922,Concept,Y,
机翼后掠角,3,9.238325,5.885231,5.16002,Structure,Y,
基于区域,3,9.238325,5.876804,5.159178,Concept,Y,
忽略,3,7.158883,12.072018,5.154867,Concept,Y,
它们,3,8.021929,9.453229,5.151902,Concept,Y,
滑翔机,3,9.238325,5.777066,5.149204,Concept,Y,
可变弯度,3,9.238325,5.774974,5.148995,Concept,Y,
工程研制阶段,3,8.021929,9.420723,5.148651,Concept,Y,
阿波罗号,3,8.021929,9.410945,5.147673,Concept,Y,
双折叠翼变体过程,3,9.238325,5.761605,5.147658,Mechanism,Y,
弯曲,3,8.021929,9.359015,5.14248,Concept,Y,
参看图7,3,9.238325,5.675372,5.139035,Concept,Y,
文献标识码,3,7.158883,11.893805,5.137045,Concept,Y,
文章编号,3,7.158883,11.893805,5.137045,Concept,Y,
计算结果表明,4,7.158883,5.869857,5.134651,Concept,Y,
从计算结果可以看出,3,8.021929,9.275857,5.134165,Concept,Y,
出厂评审,3,8.021929,9.275857,5.134165,Concept,Y,
材料选用,3,9.238325,5.586403,5.130138,Concept,Y,
莱特,3,8.021929,9.219187,5.128497,Concept,Y,
根据需要,3,9.238325,5.560371,5.127534,Concept,Y,
领域,3,7.158883,11.787753,5.12644,Concept,Y,
下翼面,3,9.238325,5.546851,5.126182,Structure,Y,
总长度,3,9.238325,5.545576,5.126055,Concept,Y,
多维度柔性变形2,3,9.238325,5.544397,5.125937,Mechanism,Y,
修理,3,9.238325,5.468709,5.118368,Concept,Y,
安全,3,8.021929,9.109909,5.11757,Concept,Y,
则称导弹是不稳定的,3,9.238325,5.44724,5.116221,Concept,Y,
和弹道坐标系的,3,9.238325,5.44724,5.116221,Concept,Y,
正在蓬勃发展中的,3,9.238325,5.44724,5.116221,Concept,Y,
没有合适的,3,9.238325,5.44724,5.116221,Concept,Y,
的典型代表是美国,3,9.238325,5.44724,5.116221,Concept,Y,
若把弹体坐标系的,3,9.238325,5.44724,5.116221,Concept,Y,
切锥法,3,8.021929,9.088535,5.115432,Concept,Y,
航天飞机气动设计,3,9.238325,5.439129,5.11541,Performance,Y,
安装,3,8.021929,9.032569,5.109836,Concept,Y,
气流,3,9.238325,5.378131,5.10931,Concept,Y,
推理机,3,9.238325,5.370102,5.108508,Concept,Y,
返回,3,7.158883,11.591132,5.106778,Concept,Y,
必要时,3,9.238325,5.349326,5.10643,Concept,Y,
描述引力势随纬度和经度的变化,3,8.021929,8.976652,5.104244,Concept,Y,
航天器姿态动力学基础,3,8.021929,8.962034,5.102782,Aircraft,Y,
步骤如下,3,8.021929,8.954355,5.102014,Concept,Y,
和经度,3,9.238325,5.288832,5.100381,Concept,Y,
使用方便,3,9.238325,5.278907,5.099388,Concept,Y,
模型预测控制,3,8.021929,8.920143,5.098593,ControlMethod,Y,
偏近点角,3,8.021929,8.919026,5.098481,Concept,Y,
由此可求出,3,8.021929,8.914848,5.098064,Concept,Y,
的相对关系,3,9.238325,5.254595,5.096957,Concept,Y,
仿真结果表明,3,8.021929,8.902645,5.096843,Concept,Y,
操纵性能,3,9.238325,5.249498,5.096447,Performance,Y,
形状和尺寸,3,8.021929,8.892446,5.095823,Concept,Y,
度以内,3,9.238325,5.205521,5.092049,Concept,Y,
它表明,3,9.238325,5.152759,5.086773,Concept,Y,
成正比,3,8.021929,8.783457,5.084925,Concept,Y,
鉴定试验,3,8.021929,8.748607,5.08144,Concept,Y,
夹层结构设计,3,9.238325,5.099279,5.081425,Structure,Y,
合肥,3,8.021929,8.748345,5.081413,Concept,Y,
在变体过,3,9.238325,5.098479,5.081345,Aircraft,Y,
地球,3,8.021929,8.721387,5.078717,Concept,Y,
应用于,3,9.238325,5.063801,5.077878,Concept,Y,
开始,3,8.021929,8.709966,5.077575,Concept,Y,
积分得,3,9.238325,5.03747,5.075244,Concept,Y,
的概率密度函数为,3,9.238325,5.032202,5.074718,Concept,Y,
缝隙,3,7.158883,11.250845,5.072749,Concept,Y,
工装设计,3,9.238325,4.979698,5.069467,Concept,Y,
果表明,3,8.021929,8.626036,5.069182,Concept,Y,
实现分离,3,9.238325,4.943904,5.065888,Concept,Y,
隔热,3,8.021929,8.581332,5.064712,Concept,Y,
胶板,3,9.238325,4.918659,5.063363,Concept,Y,
应该指出,3,8.021929,8.559096,5.062488,Concept,Y,
适者生存,3,7.158883,11.138676,5.061533,Concept,Y,
为空气密度,3,9.238325,4.828052,5.054303,Concept,Y,
气动力矩,3,9.238325,4.824317,5.053929,Performance,Y,
中的坐标,3,9.238325,4.820065,5.053504,Concept,Y,
达索,3,9.238325,4.81828,5.053325,Concept,Y,
缩短设计周期,3,7.158883,11.046292,5.052294,Concept,Y,
化设计,3,9.238325,4.807322,5.05223,Concept,Y,
基本,3,8.021929,8.455838,5.052163,Concept,Y,
输入到,3,9.238325,4.805498,5.052047,Concept,Y,
模态试验,3,9.238325,4.769567,5.048454,Concept,Y,
参看图,3,8.021929,8.417862,5.048365,Concept,Y,
连杆,3,8.021929,8.414736,5.048052,Concept,Y,
土星,3,8.021929,8.413751,5.047954,Concept,Y,
相联系,3,9.238325,4.758525,5.04735,Concept,Y,
空间动力学,3,9.238325,4.726058,5.044103,Concept,Y,
有效载荷,3,8.021929,8.340771,5.040656,Performance,Y,
波音777,3,8.021929,8.338337,5.040413,Concept,Y,
准确值,3,9.238325,4.685117,5.040009,Concept,Y,
后机身结构,3,9.238325,4.677619,5.039259,Structure,Y,
附注,3,9.238325,4.675396,5.039037,Concept,Y,
这就是以,3,9.238325,4.644304,5.035928,Concept,Y,
制造和试验,3,8.021929,8.264623,5.033041,Concept,Y,
对接板,3,9.238325,4.606981,5.032195,Concept,Y,
速度三角形,3,9.238325,4.597121,5.031209,Parameter,Y,
杆条,3,9.238325,4.573662,5.028864,Concept,Y,
方宝瑞,3,8.021929,8.222106,5.028789,Concept,Y,
方案评审,3,8.021929,8.222106,5.028789,Concept,Y,
时刻,3,8.021929,8.156853,5.022264,Concept,Y,
双子星,3,7.158883,10.716993,5.019364,Concept,Y,
运动方程为,3,9.238325,4.474715,5.018969,Concept,Y,
下士,3,9.238325,4.473228,5.01882,Concept,Y,
上单翼,3,9.238325,4.465564,5.018054,Concept,Y,
气体常数,3,8.021929,8.109639,5.017543,Concept,Y,
需要强调的是,3,8.021929,8.106641,5.017243,Concept,Y,
减阻,3,9.238325,4.453525,5.01685,Concept,Y,
是增大的,3,9.238325,4.44724,5.016221,Concept,Y,
或舵面,3,9.238325,4.430121,5.014509,Structure,Y,
翼状图,3,9.238325,4.406974,5.012195,Concept,Y,
原理,3,8.021929,8.047667,5.011346,Concept,Y,
演示验证飞行器,3,8.021929,8.040955,5.010674,Mission,Y,
动导数,3,9.238325,4.383465,5.009844,Concept,Y,
中心引力势,3,8.021929,8.021563,5.008735,Concept,Y,
应力集中,3,8.021929,8.021563,5.008735,Concept,Y,
直接法,3,9.238325,4.360968,5.007594,Concept,Y,
侧视图,3,8.021929,8.007878,5.007367,Concept,Y,
散射,3,8.021929,8.001091,5.006688,Concept,Y,
为公转角度,3,9.238325,4.333287,5.004826,Parameter,Y,
身来说,3,9.238325,4.302221,5.001719,Concept,Y,
研制阶段,3,8.021929,7.948292,5.001408,Concept,Y,
上升段,3,8.021929,7.945984,5.001177,Concept,Y,
复合,3,8.021929,7.920526,4.998631,Concept,Y,
应变过程,3,9.238325,4.260391,4.997536,Concept,Y,
达到,3,8.021929,7.908163,4.997395,Concept,Y,
地心纬度,3,8.021929,7.905961,4.997175,Concept,Y,
弹体,3,9.238325,4.253246,4.996822,Concept,Y,
身上,3,9.238325,4.245537,4.996051,Concept,Y,
三角形,3,8.021929,7.892446,4.995823,Concept,Y,
最小取,3,9.238325,4.239002,4.995398,Concept,Y,
罚函数法,3,8.021929,7.863468,4.992926,Concept,Y,
时间过程,3,9.238325,4.212973,4.992795,Concept,Y,
关键技术研究,3,8.021929,7.861529,4.992732,Concept,Y,
翼皮,3,9.238325,4.19314,4.990811,Concept,Y,
上下翼间距1,3,9.238325,4.192871,4.990784,Concept,Y,
或减小,3,9.238325,4.187144,4.990212,Concept,Y,
赫数,3,8.021929,7.836241,4.990203,Concept,Y,
每个,3,8.021929,7.819161,4.988495,Concept,Y,
其定义为,3,9.238325,4.151295,4.986627,Concept,Y,
子行器结构设计,3,9.238325,4.145683,4.986066,Structure,Y,
工作时,3,9.238325,4.138619,4.985359,Concept,Y,
两边乘以,3,8.021929,7.775235,4.984102,Concept,Y,
边界,3,7.158883,10.359554,4.98362,Concept,Y,
减轻质量,3,8.021929,7.764833,4.983062,Concept,Y,
和非中心引力势,3,8.021929,7.748263,4.981405,Concept,Y,
也就是,3,8.021929,7.736996,4.980278,Concept,Y,
方向舵偏角,3,8.021929,7.729128,4.979492,Concept,Y,
质量要求,3,9.238325,4.078333,4.979331,Concept,Y,
到了20,3,9.238325,4.072621,4.978759,Concept,Y,
为万有引力常数,3,8.021929,7.702521,4.976831,Concept,Y,
则引力加速度的各分量为,3,8.021929,7.702521,4.976831,Parameter,Y,
渐近值为,3,8.021929,7.702521,4.976831,Concept,Y,
俯视图,3,8.021929,7.67517,4.974096,Concept,Y,
在实际设计中,3,8.021929,7.640049,4.970584,Concept,Y,
轴之间的夹角,3,8.021929,7.630046,4.969583,Concept,Y,
计算机辅助设计,3,8.021929,7.591132,4.965692,Concept,Y,
第二次世界大战后,3,8.021929,7.583413,4.96492,Concept,Y,
的计算公式为,3,9.238325,3.932667,4.964764,Concept,Y,
应按3,3,9.238325,3.9226,4.963757,Concept,Y,
空间,3,8.021929,7.570471,4.963626,Concept,Y,
常取,3,9.238325,3.915409,4.963038,Concept,Y,
的关系曲线,3,9.238325,3.899752,4.961473,Concept,Y,
喷气发动机,3,8.021929,7.540027,4.960581,Concept,Y,
机翼平面形状,3,8.021929,7.540027,4.960581,Structure,Y,
参看图2,3,9.238325,3.881432,4.959641,Concept,Y,
小得多,3,8.021929,7.526758,4.959255,Concept,Y,
一般认为,3,8.021929,7.525467,4.959125,Concept,Y,
空气动力,3,8.021929,7.517686,4.958347,Performance,Y,
实施,3,8.021929,7.516145,4.958193,Concept,Y,
的表达式为,3,9.238325,3.862277,4.957725,Concept,Y,
从理论上讲,3,7.158883,10.08701,4.956366,Concept,Y,
飞机的气动布局,3,8.021929,7.496246,4.956203,Performance,Y,
韧性好,3,8.021929,7.491883,4.955767,Concept,Y,
显示,3,8.021929,7.473812,4.95396,Concept,Y,
另一,3,8.021929,7.468896,4.953468,Concept,Y,
缺口,3,8.021929,7.449887,4.951567,Concept,Y,
热导率低,3,8.021929,7.440917,4.95067,Concept,Y,
基础上,3,8.021929,7.439897,4.950569,Concept,Y,
基金项目,3,7.158883,10.017557,4.949421,Concept,Y,
上仰,3,9.238325,3.776971,4.949194,Concept,Y,
称之为,3,8.021929,7.402961,4.946875,Concept,Y,
左右时,3,9.238325,3.73548,4.945045,Concept,Y,
零升,3,8.021929,7.370914,4.94367,Concept,Y,
层间,3,9.238325,3.71969,4.943466,Concept,Y,
强度试验,3,9.238325,3.71886,4.943383,Concept,Y,
上述,3,8.021929,7.345643,4.941143,Concept,Y,
零件,3,8.021929,7.343295,4.940908,Concept,Y,
印张,3,7.158883,9.92182,4.939847,Concept,Y,
代入得,3,9.238325,3.666183,4.938116,Concept,Y,
接口,3,8.021929,7.300467,4.936625,Concept,Y,
预测,3,7.158883,9.888989,4.936564,Concept,Y,
为简单起见,3,8.021929,7.287483,4.935327,Concept,Y,
双折叠翼变体飞机,3,9.238325,3.628563,4.934354,Mechanism,Y,
特别,3,8.021929,7.262634,4.932842,Concept,Y,
单位为,3,9.238325,3.600983,4.931596,Concept,Y,
液压,3,8.021929,7.246995,4.931278,Concept,Y,
复杂,3,7.158883,9.793111,4.926976,Concept,Y,
跨声速流动,3,8.021929,7.188671,4.925446,Concept,Y,
由此得到,3,8.021929,7.169272,4.923506,Concept,Y,
行速度,3,9.238325,3.503791,4.921876,Parameter,Y,
对于导弹,3,9.238325,3.487263,4.920224,Concept,Y,
用下标,3,9.238325,3.467474,4.918245,Concept,Y,
姿态,3,7.158883,9.695188,4.917184,Concept,Y,
随着科学技术的发展,3,7.158883,9.673746,4.91504,Concept,Y,
月1,3,9.238325,3.427336,4.914231,Concept,Y,
故得,3,9.238325,3.422836,4.913781,Concept,Y,
区域第,3,9.238325,3.390823,4.91058,Concept,Y,
建立数据库,3,8.021929,7.021563,4.908735,Concept,Y,
力矩系数,3,8.021929,7.020757,4.908654,Concept,Y,
的升力,3,9.238325,3.370723,4.90857,Concept,Y,
双发,3,9.238325,3.352221,4.90672,Concept,Y,
刚度大,3,9.238325,3.350892,4.906587,Concept,Y,
尽管如此,3,7.158883,9.584554,4.90612,Concept,Y,
第四,3,8.021929,6.957525,4.902331,Concept,Y,
连接形式,3,8.021929,6.955924,4.902171,Concept,Y,
通常采用,3,8.021929,6.952463,4.901825,Concept,Y,
工程实践表明,3,7.158883,9.5362,4.901285,Concept,Y,
试验数据,3,8.021929,6.910359,4.897615,Concept,Y,
等著,3,9.238325,3.258556,4.897353,Concept,Y,
梯度时,3,9.238325,3.257916,4.897289,Concept,Y,
在这些情况下,3,8.021929,6.903083,4.896887,Concept,Y,
第二阶段,3,8.021929,6.897368,4.896316,Concept,Y,
在图11,3,9.238325,3.247731,4.896271,Concept,Y,
变构飞行器,3,8.021929,6.892804,4.895859,Mission,Y,
气动力性能,3,9.238325,3.236961,4.895193,Performance,Y,
可表达为,3,8.021929,6.87451,4.89403,Concept,Y,
并注意到,3,8.021929,6.871906,4.893769,Concept,Y,
补偿或防止措施,3,6.158883,12.436948,4.89136,Concept,Y,
可靠性高,3,9.238325,3.190604,4.890558,Concept,Y,
内容简介,3,7.158883,9.427729,4.890438,Concept,Y,
年首飞,3,8.021929,6.833281,4.889907,Concept,Y,
法国的,3,9.238325,3.154458,4.886943,Concept,Y,
尽管,3,7.158883,9.372226,4.884888,Concept,Y,
性能图,3,9.238325,3.062889,4.877786,Performance,Y,
准备,3,8.021929,6.700382,4.876617,Concept,Y,
声明,3,9.238325,3.044588,4.875956,Concept,Y,
小扰动,3,8.021929,6.68816,4.875395,Concept,Y,
相结合,3,8.021929,6.668327,4.873412,Concept,Y,
外板,3,9.238325,2.98237,4.869734,Concept,Y,
气泡,3,8.021929,6.61517,4.868096,Concept,Y,
右翼,3,9.238325,2.95145,4.866642,Concept,Y,
负值,3,8.021929,6.569128,4.863492,Concept,Y,
圆轨道情况,3,8.021929,6.564741,4.863053,Concept,Y,
化成,3,9.238325,2.893946,4.860892,Concept,Y,
效应,3,8.021929,6.53332,4.859911,Concept,Y,
连接接头,3,8.021929,6.508312,4.85741,Concept,Y,
圆锥形,3,8.021929,6.500129,4.856592,Concept,Y,
的连接,3,9.238325,2.831371,4.854635,Concept,Y,
第二代,3,8.021929,6.473565,4.853935,Concept,Y,
的解为,3,9.238325,2.822749,4.853772,Concept,Y,
在初始时刻,3,8.021929,6.470124,4.853591,Concept,Y,
变化情况,3,8.021929,6.458747,4.852453,Concept,Y,
另一方,3,8.021929,6.454857,4.852065,Concept,Y,
需求,3,8.021929,6.447031,4.851282,Concept,Y,
压力梯度,3,8.021929,6.446372,4.851216,Concept,Y,
超声速时,3,9.238325,2.789401,4.850437,Concept,Y,
机翼前缘,3,8.021929,6.410569,4.847636,Structure,Y,
从而可得,3,8.021929,6.408016,4.84738,Concept,Y,
发散,3,8.021929,6.392676,4.845846,Concept,Y,
和侧向力,3,8.021929,6.381481,4.844727,Concept,Y,
翼型弯度,3,8.021929,6.367738,4.843353,Structure,Y,
在必要时,3,8.021929,6.359941,4.842573,Concept,Y,
加工,3,8.021929,6.349831,4.841562,Concept,Y,
马强,3,9.238325,2.699174,4.841415,Concept,Y,
很明显,3,8.021929,6.343508,4.84093,Concept,Y,
亚声速流动,3,8.021929,6.314202,4.837999,Concept,Y,
的环境中,3,9.238325,2.660643,4.837562,Concept,Y,
在方程组,3,9.238325,2.658196,4.837317,Concept,Y,
气动力学,3,8.021929,6.283402,4.834919,Performance,Y,
中心,3,8.021929,6.270669,4.833646,Concept,Y,
不难看出,3,7.158883,8.83439,4.831104,Concept,Y,
由此得,3,8.021929,6.224977,4.829076,Concept,Y,
减小阻力,3,8.021929,6.174354,4.824014,Concept,Y,
为上表面,3,9.238325,2.506124,4.82211,Concept,Y,
国别,3,9.238325,2.5052,4.822017,Concept,Y,
下标2,3,9.238325,2.500002,4.821498,Concept,Y,
不论,3,9.238325,2.471959,4.818693,Concept,Y,
为方便起见,3,8.021929,6.117558,4.818335,Concept,Y,
偏角,3,8.021929,6.105625,4.817141,Concept,Y,
与攻角,3,9.238325,2.449383,4.816436,Parameter,Y,
为下表面,3,9.238325,2.441993,4.815697,Concept,Y,
算法9,3,9.238325,2.432494,4.814747,ControlMethod,Y,
过渡段,3,8.021929,6.066117,4.81319,Concept,Y,
至少,3,7.158883,8.652655,4.81293,Concept,Y,
航时,3,9.238325,2.413838,4.812881,Concept,Y,
在初步设计时,3,8.021929,6.055086,4.812087,Concept,Y,
声响,3,9.238325,2.40421,4.811918,Concept,Y,
设计计算,3,9.238325,2.360293,4.807527,Concept,Y,
将单,3,9.238325,2.356217,4.807119,Concept,Y,
理论,3,7.158883,8.5696,4.804625,Concept,Y,
闭环,3,7.158883,8.558274,4.803492,Concept,Y,
由图可知,4,5.347953,7.988221,4.803208,Concept,Y,
的应变,3,9.238325,2.287063,4.800204,Concept,Y,
强子气象,8,0.0,0.0,4.8,Concept,Y,
第2大展弦比变展长变体飞行器设计规律研究,8,0.0,0.0,4.8,Mission,Y,
转动惯量,3,7.158883,8.50926,4.798591,Concept,Y,
年代后,3,8.021929,5.907848,4.797364,Concept,Y,
直线,3,8.021929,5.867645,4.793343,Concept,Y,
侧力,3,9.238325,2.217303,4.793228,Concept,Y,
试验表明,3,8.021929,5.836442,4.790223,Concept,Y,
碳复合材料,3,8.021929,5.824245,4.789003,Concept,Y,
如表6,3,8.021929,5.820427,4.788622,Concept,Y,
边界条件,3,7.158883,8.342307,4.781896,Concept,Y,
基准值,3,8.021929,5.751992,4.781778,Concept,Y,
尾喷管,3,7.158883,8.326816,4.780347,Concept,Y,
今0,3,9.238325,2.087274,4.780225,Concept,Y,
层和,3,9.238325,2.083266,4.779824,Concept,Y,
合金,3,7.158883,8.310073,4.778672,Concept,Y,
巡航段,3,8.021929,5.687605,4.775339,Mission,Y,
位场,3,9.238325,2.034223,4.77492,Concept,Y,
平直翼,3,8.021929,5.67659,4.774238,Concept,Y,
责任校对,3,7.158883,8.224669,4.770132,Concept,Y,
展弦比减小,3,8.021929,5.593527,4.765931,Concept,Y,
鸭翼,3,8.021929,5.577055,4.764284,Concept,Y,
对接接头,3,8.021929,5.561704,4.762749,Concept,Y,
进行分析,3,8.021929,5.560693,4.762648,Concept,Y,
关系式,3,8.021929,5.530651,4.759644,Concept,Y,
耐久性,3,7.158883,8.071333,4.754798,Concept,Y,
气动加热,3,7.158883,8.043897,4.752055,Performance,Y,
是非常重要的,3,8.021929,5.44724,4.751303,Concept,Y,
的停泊轨道的,3,8.021929,5.44724,4.751303,Concept,Y,
轨道坐标系,3,8.021929,5.439279,4.750507,Concept,Y,
针对,3,7.158883,8.024371,4.750102,Concept,Y,
中国航天科技创新研究院,3,7.158883,8.021563,4.749821,Concept,Y,
中图分类号,3,7.158883,8.021563,4.749821,Concept,Y,
完成,3,7.158883,7.953675,4.743032,Concept,Y,
他们,3,7.158883,7.951521,4.742817,Concept,Y,
状态方程,3,8.021929,5.361076,4.742686,Concept,Y,
建模,3,7.158883,7.923842,4.740049,Concept,Y,
根据文献,3,8.021929,5.334179,4.739997,Concept,Y,
维修性,3,8.021929,5.32036,4.738615,Concept,Y,
大多数情况下,3,7.158883,7.905481,4.738213,Concept,Y,
基本概念,3,7.158883,7.898928,4.737558,Concept,Y,
流体力学,3,7.158883,7.891339,4.736799,Concept,Y,
取方程,3,9.238325,1.634012,4.734899,Concept,Y,
物面,3,8.021929,5.277718,4.734351,Concept,Y,
趋于,3,8.021929,5.265792,4.733158,Concept,Y,
直到,3,8.021929,5.225063,4.729085,Concept,Y,
平面内,3,7.158883,7.782797,4.725945,Concept,Y,
小结,3,9.238325,1.540761,4.725573,Concept,Y,
阻尼比,3,8.021929,5.187457,4.725324,Concept,Y,
进行弹,3,9.238325,1.529961,4.724493,Concept,Y,
检验,3,7.158883,7.754067,4.723072,Concept,Y,
全机的升力需重新分配,3,6.158883,10.75393,4.723058,Concept,Y,
方案验证,3,8.021929,5.149298,4.721509,Concept,Y,
框架结构,3,8.021929,5.130367,4.719615,Structure,Y,
翼刀,3,8.021929,5.117623,4.718341,Concept,Y,
可看出,3,8.021929,5.110323,4.717611,Concept,Y,
绝缘,3,7.158883,7.696632,4.717328,Concept,Y,
般情况下,3,7.158883,7.688281,4.716493,Concept,Y,
设计方法,3,8.021929,5.090562,4.715635,Concept,Y,
平均,3,7.158883,7.636791,4.711344,Concept,Y,
其主要原因是,3,7.158883,7.621215,4.709786,Concept,Y,
下壁板,3,8.021929,5.023617,4.708941,Concept,Y,
还有,3,8.021929,5.022323,4.708811,Concept,Y,
教材,3,7.158883,7.610654,4.70873,Concept,Y,
在结构设计中,3,8.021929,5.021139,4.708693,Structure,Y,
路径1,3,9.238325,1.370869,4.708584,Concept,Y,
简化为,3,8.021929,5.015044,4.708083,Concept,Y,
可能,3,8.021929,5.002662,4.706845,Concept,Y,
如强度,3,9.238325,1.333135,4.704811,Concept,Y,
偏转,3,7.158883,7.561452,4.70381,Concept,Y,
结束,3,8.021929,4.963697,4.702949,Concept,Y,
并且可以,3,8.021929,4.95827,4.702406,Concept,Y,
或写成,3,8.021929,4.953256,4.701904,Concept,Y,
端距,3,8.021929,4.944421,4.701021,Concept,Y,
由此可得到,3,7.158883,7.521679,4.699833,Concept,Y,
用于,3,8.021929,4.927299,4.699309,Concept,Y,
中取,3,9.238325,1.270019,4.698499,Concept,Y,
在再入段,3,8.021929,4.908245,4.697403,Concept,Y,
结构要求,3,9.238325,1.248507,4.696348,Structure,Y,
格劳特因子,3,6.158883,10.479584,4.695623,Concept,Y,
在一定范围内,3,7.158883,7.459477,4.693613,Concept,Y,
的航程随起降翼展的变化情况,4,6.158883,4.44724,4.692389,Performance,Y,
冗2,3,9.238325,1.198622,4.69136,Concept,Y,
路径2,3,9.238325,1.178074,4.689305,Concept,Y,
中42,3,9.238325,1.176073,4.689105,Concept,Y,
结构质量,3,8.021929,4.813992,4.687978,Structure,Y,
最优控制,3,7.158883,7.400415,4.687706,ControlMethod,Y,
所有,3,8.021929,4.806453,4.687224,Concept,Y,
气动导数,3,8.021929,4.806427,4.687222,Performance,Y,
等译,3,7.158883,7.384664,4.686131,Concept,Y,
很多,3,7.158883,7.356642,4.683329,Concept,Y,
的轴,3,9.238325,1.103397,4.681837,Concept,Y,
反向,3,8.021929,4.736071,4.680186,Concept,Y,
正值,3,8.021929,4.731388,4.679718,Concept,Y,
飞行器运动方程,3,8.021929,4.720039,4.678583,Mission,Y,
的发动机,3,9.238325,1.062795,4.677777,Concept,Y,
续图,3,9.238325,1.039403,4.675438,Concept,Y,
切相关,3,7.158883,7.27403,4.675068,Concept,Y,
即使,3,8.021929,4.679571,4.674536,Concept,Y,
相对来说,3,8.021929,4.675845,4.674163,Concept,Y,
两个,3,7.158883,7.263314,4.673996,Concept,Y,
进行计算,3,8.021929,4.656453,4.672224,Concept,Y,
的分量为,3,8.021929,4.612299,4.667809,Concept,Y,
升力特性,3,8.021929,4.611514,4.66773,Concept,Y,
原则,3,7.158883,7.19866,4.667531,Concept,Y,
结构优化,3,8.021929,4.588884,4.665467,Structure,Y,
只有0,3,9.238325,0.919547,4.663452,Concept,Y,
结合4,3,9.238325,0.906616,4.662159,Concept,Y,
工程上,3,8.021929,4.547904,4.661369,Concept,Y,
控制系统设计,3,8.021929,4.532239,4.659803,ControlMethod,Y,
可靠度,3,8.021929,4.520893,4.658668,Concept,Y,
碳材料,3,8.021929,4.483219,4.654901,Concept,Y,
初始速度,3,8.021929,4.469488,4.653528,Parameter,Y,
人机,3,8.021929,4.460409,4.65262,Concept,Y,
置零转移,3,6.158883,10.007516,4.648416,Concept,Y,
更快,3,7.158883,6.986972,4.646362,Concept,Y,
轴转,3,8.021929,4.359155,4.642494,Concept,Y,
指定,3,8.021929,4.35839,4.642418,Concept,Y,
动力学,3,7.158883,6.938375,4.641502,Concept,Y,
如飞行高度,3,8.021929,4.326357,4.639214,Performance,Y,
故此,3,8.021929,4.288096,4.635388,Concept,Y,
通过选择,3,8.021929,4.219589,4.628538,Concept,Y,
设计过程中,3,8.021929,4.20918,4.627497,Concept,Y,
高机动性,3,7.158883,6.789587,4.626624,Performance,Y,
分离面,3,8.021929,4.192553,4.625834,Concept,Y,
工程分析,3,8.021929,4.182277,4.624807,Concept,Y,
设计过程,3,8.021929,4.17658,4.624237,Concept,Y,
中参数,3,9.238325,0.515531,4.623051,Parameter,Y,
而弹,3,9.238325,0.494612,4.620959,Concept,Y,
的飞机,3,9.238325,0.465646,4.618062,Aircraft,Y,
研制,3,7.158883,6.687164,4.616381,Concept,Y,
备注,3,8.021929,4.088171,4.615396,Concept,Y,
运行到,3,8.021929,4.068532,4.613432,Concept,Y,
约60,3,8.021929,4.060572,4.612636,Concept,Y,
矩形,3,8.021929,4.060131,4.612592,Concept,Y,
在大多数情况下,3,7.158883,6.640049,4.61167,Concept,Y,
滚转角,3,7.158883,6.638276,4.611493,Concept,Y,
螺接,3,8.021929,4.026205,4.609199,Concept,Y,
的最小值,3,8.021929,4.01428,4.608007,Concept,Y,
空导弹,3,8.021929,4.014029,4.607982,Concept,Y,
边距,3,8.021929,4.001101,4.606689,Concept,Y,
中给出,3,8.021929,3.996424,4.606221,Concept,Y,
飞行性能,3,8.021929,3.995689,4.606148,Performance,Y,
流体,3,8.021929,3.990782,4.605657,Concept,Y,
优化设计,3,7.158883,6.544703,4.602135,Concept,Y,
除以,3,8.021929,3.953613,4.60194,Concept,Y,
对接时,3,8.021929,3.949187,4.601498,Concept,Y,
翼面结构,3,8.021929,3.901899,4.596769,Structure,Y,
系列,3,7.158883,6.461365,4.593801,Concept,Y,
共线,3,8.021929,3.869063,4.593485,Concept,Y,
这一,3,8.021929,3.845013,4.59108,Concept,Y,
到1,3,9.238325,0.127018,4.584199,Concept,Y,
其方程为,3,8.021929,3.769047,4.583484,Concept,Y,
工装,3,8.021929,3.760216,4.5826,Concept,Y,
轨道器,3,8.021929,3.690216,4.5756,Concept,Y,
密封要求,3,8.021929,3.661307,4.572709,Concept,Y,
使式,3,9.238325,-1.460067,4.571497,Concept,Y,
展弦比2,3,9.238325,-0.162963,4.571497,Concept,Y,
年2,3,9.238325,-0.251643,4.571497,Concept,Y,
由和,3,9.238325,-2.945224,4.571497,Concept,Y,
翼角,3,9.238325,-0.982301,4.571497,Concept,Y,
动力系统,3,8.021929,3.601125,4.566691,Concept,Y,
有限,3,7.158883,6.175888,4.565254,Concept,Y,
动载荷,3,8.021929,3.582086,4.564787,Performance,Y,
进展,3,8.021929,3.576815,4.56426,Concept,Y,
显见,3,8.021929,3.568499,4.563429,Concept,Y,
平面与,3,8.021929,3.532322,4.559811,Concept,Y,
东方,3,7.158883,6.112481,4.558913,Concept,Y,
相对而言,3,7.158883,6.089147,4.55658,Concept,Y,
各点,3,8.021929,3.494745,4.556053,Concept,Y,
可化为,3,8.021929,3.462696,4.552848,Concept,Y,
对象,3,7.158883,6.041288,4.551794,Concept,Y,
但由于,3,7.158883,6.039794,4.551644,Concept,Y,
的元素,3,8.021929,3.423393,4.548918,Concept,Y,
研究方法,3,8.021929,3.404027,4.546982,Concept,Y,
飞机的,3,8.021929,3.401283,4.546707,Aircraft,Y,
通过计算结果可以看出,3,6.158883,8.980402,4.545705,Concept,Y,
形态,3,8.021929,3.390451,4.545624,Concept,Y,
在设计过程中,3,7.158883,5.967623,4.544427,Concept,Y,
电气,3,8.021929,3.333472,4.539926,Concept,Y,
的飞行速度,3,8.021929,3.328299,4.539409,Mission,Y,
的选择,3,8.021929,3.315244,4.538103,Concept,Y,
速度为,3,8.021929,3.309096,4.537488,Parameter,Y,
显然有,3,8.021929,3.285906,4.535169,Concept,Y,
主动,3,8.021929,3.25422,4.532001,Concept,Y,
飞行器设计,3,8.021929,3.239245,4.530503,Mission,Y,
至此,3,8.021929,3.235826,4.530161,Concept,Y,
期间,3,7.158883,5.797635,4.527428,Concept,Y,
的最优解,3,8.021929,3.144677,4.521046,Concept,Y,
倍机翼弦长之间,3,6.158883,8.732611,4.520926,Structure,Y,
章中,3,8.021929,3.072853,4.513864,Concept,Y,
具体,3,7.158883,5.609228,4.508588,Concept,Y,
同方向,3,8.021929,3.012781,4.507857,Concept,Y,
的误差,3,8.021929,3.009119,4.507491,Concept,Y,
安全性,3,7.158883,5.534273,4.501092,Concept,Y,
如卫星,3,8.021929,2.928326,4.499411,Concept,Y,
双折叠翼变体的原理验证研究,3,6.158883,8.508031,4.498468,Mechanism,Y,
控制力,3,8.021929,2.908515,4.49743,ControlMethod,Y,
确定后,3,8.021929,2.869676,4.493546,Concept,Y,
见表2,3,8.021929,2.843957,4.490974,Concept,Y,
由于弹,3,8.021929,2.765184,4.483097,Concept,Y,
相位,3,8.021929,2.760271,4.482606,Concept,Y,
在美国,3,8.021929,2.736167,4.480195,Concept,Y,
模型中,3,8.021929,2.722943,4.478873,Concept,Y,
的温度,3,8.021929,2.700526,4.476631,Concept,Y,
大小,3,7.158883,5.250709,4.472736,Concept,Y,
不为零,3,7.158883,5.229528,4.470618,Concept,Y,
对于每个场景重复,3,6.158883,8.224669,4.470132,Concept,Y,
等式,3,8.021929,2.629976,4.469576,Concept,Y,
变展长能力的同时,3,6.158883,8.216142,4.469279,Concept,Y,
计算得到,3,7.158883,5.197731,4.467438,Concept,Y,
飞行器质量,3,8.021929,2.575291,4.464108,Mission,Y,
与固定外形飞行器相比,3,6.158883,8.160353,4.4637,Mission,Y,
是可行的,3,7.158883,5.157733,4.463438,Concept,Y,
剪力,3,7.158883,5.04281,4.451946,Concept,Y,
通常为,3,8.021929,2.452362,4.451815,Concept,Y,
下翼,3,8.021929,2.444648,4.451044,Concept,Y,
对应于,3,7.158883,5.032961,4.450961,Concept,Y,
转向,3,8.021929,2.409238,4.447503,Concept,Y,
定性,3,7.158883,4.931979,4.440863,Concept,Y,
故有,3,8.021929,2.339946,4.440573,Concept,Y,
地理经度,3,6.158883,7.905961,4.438261,Concept,Y,
速度和加速度,3,6.158883,7.905961,4.438261,Parameter,Y,
展向吹气襟翼,3,6.158883,7.898983,4.437563,Concept,Y,
将方程,3,8.021929,2.250489,4.431628,Concept,Y,
的条件,3,8.021929,2.235043,4.430083,Concept,Y,
与轴,3,8.021929,2.17908,4.424487,Concept,Y,
结果为,3,8.021929,2.174015,4.42398,Concept,Y,
和图8,3,8.021929,2.173354,4.423914,Concept,Y,
相应的,3,7.158883,4.750741,4.422739,Concept,Y,
与时间,3,8.021929,2.145403,4.421119,Concept,Y,
之间的,3,7.158883,4.700853,4.41775,Concept,Y,
飞行控制系统,3,7.158883,4.670382,4.414703,ControlMethod,Y,
固化成型,3,6.158883,7.655454,4.41321,Concept,Y,
综合式,3,8.021929,1.966575,4.403236,Concept,Y,
俯仰力矩和偏航力矩,3,5.347953,9.974924,4.401878,Concept,Y,
成立,3,7.158883,4.516312,4.399296,Concept,Y,
对应,3,7.158883,4.514274,4.399092,Concept,Y,
理论上,3,7.158883,4.498458,4.397511,Concept,Y,
上翼,3,8.021929,1.86606,4.393185,Concept,Y,
的力矩,3,8.021929,1.849338,4.391513,Concept,Y,
的大小,3,7.158883,4.410246,4.388689,Concept,Y,
翼身融合体,3,6.158883,7.406359,4.388301,Concept,Y,
若以,3,8.021929,1.801886,4.386767,Concept,Y,
是由,3,7.158883,4.339945,4.381659,Concept,Y,
前言,3,7.158883,4.294844,4.377149,Concept,Y,
全球鹰无人机,3,6.158883,7.276992,4.375364,Aircraft,Y,
真空压力,3,6.158883,7.224498,4.370115,Concept,Y,
对称性,3,7.158883,4.121456,4.359811,Concept,Y,
在这里,3,7.158883,4.107554,4.35842,Concept,Y,
按定义,3,7.158883,4.054367,4.353102,Concept,Y,
当机,3,8.021929,1.449146,4.351493,Concept,Y,
中可得,3,8.021929,1.440363,4.350615,Concept,Y,
超声速流动,3,6.158883,7.01722,4.349387,Concept,Y,
前面,3,7.158883,4.015308,4.349196,Concept,Y,
力矩力矩,7,0.0,1.482036,4.348204,Concept,Y,
小于,3,7.158883,3.984125,4.346077,Concept,Y,
为迎角,3,8.021929,1.392666,4.345845,Concept,Y,
动力系数,3,7.158883,3.976333,4.345298,Concept,Y,
等于,3,7.158883,3.904069,4.338072,Concept,Y,
超声速巡航飞机,3,6.158883,6.894191,4.337084,Mission,Y,
航向,3,7.158883,3.867947,4.33446,Concept,Y,
按图4,3,7.158883,3.815628,4.329228,Concept,Y,
因此可得,3,7.158883,3.793686,4.327034,Concept,Y,
折叠翼尖,3,6.158883,6.7685,4.324515,Mechanism,Y,
包括设计,3,8.021929,1.178602,4.324439,Concept,Y,
的项,3,8.021929,1.117319,4.318311,Concept,Y,
求取,3,7.158883,3.598394,4.307504,Concept,Y,
结构材料,3,7.158883,3.598048,4.30747,Structure,Y,
动性能,3,7.158883,3.5778,4.305445,Performance,Y,
因此在,3,7.158883,3.520855,4.29975,Concept,Y,
特别地,3,7.158883,3.501497,4.297815,Concept,Y,
轰炸机在设计中应用了面积律,2,6.158883,12.495181,4.297183,Concept,Y,
栖息的最佳飞行轨迹,2,6.158883,12.482036,4.295868,Mission,Y,
跨声速机翼的空气动力特征,2,6.158883,12.399392,4.287604,Structure,Y,
跨声速绕流的流动特征,2,6.158883,12.399392,4.287604,Concept,Y,
从图6,3,7.158883,3.346292,4.282294,Concept,Y,
飞行者,3,8.021929,0.750725,4.281651,Mission,Y,
它与,3,7.158883,3.314398,4.279105,Concept,Y,
卫星结构技术的发展和展望,2,6.158883,12.222276,4.269893,Structure,Y,
上标,3,8.021929,0.511368,4.257716,Concept,Y,
微型航空器设计理念,2,6.158883,12.074378,4.255103,Concept,Y,
实际中,3,7.158883,3.052745,4.252939,Concept,Y,
见4,3,8.021929,0.452829,4.251862,Concept,Y,
为时间,3,8.021929,0.450531,4.251632,Concept,Y,
对此,3,8.021929,0.449443,4.251523,Concept,Y,
为1,3,8.021929,0.390272,4.245606,Concept,Y,
的条件下,3,7.158883,2.944739,4.242139,Concept,Y,
基本要求,3,6.158883,5.916414,4.239306,Concept,Y,
才能保证在装配过程中位置不发生相对偏移,2,6.158883,11.88946,4.236611,Concept,Y,
铜合金等能承受的范围,2,6.158883,11.880808,4.235746,Concept,Y,
此时有,3,7.158883,2.788406,4.226506,Concept,Y,
计算中,3,7.158883,2.777668,4.225432,Concept,Y,
同的,3,7.158883,2.761841,4.223849,Concept,Y,
如机身,3,7.158883,2.75271,4.222936,Structure,Y,
若将双翼作为一个整体来看,2,6.158883,11.749001,4.222565,Concept,Y,
失速现象,3,5.347953,8.093337,4.21372,Concept,Y,
化为,3,7.158883,2.631671,4.210832,Concept,Y,
和12,3,8.021929,-1.307019,4.206579,Concept,Y,
和15,3,8.021929,-0.430402,4.206579,Concept,Y,
在6,3,8.021929,-2.261874,4.206579,Concept,Y,
而式,3,8.021929,-0.940964,4.206579,Concept,Y,
在飞,3,7.158883,2.57662,4.205327,Concept,Y,
得到的,3,7.158883,2.56566,4.204231,Concept,Y,
即在,3,7.158883,2.533498,4.201015,Concept,Y,
芯子高度可根据高部压力或大于大风,2,6.158883,11.523519,4.200017,Performance,Y,
前缘缝翼内侧,7,0.0,0.0,4.2,Concept,Y,
米格苏联,7,0.0,0.0,4.2,Concept,Y,
飞行器气动设计续表,7,0.0,0.0,4.2,Performance,Y,
高度距离,7,0.0,0.0,4.2,Performance,Y,
首先要通过自由分子流区,2,6.158883,11.440122,4.191677,Concept,Y,
由图6,3,7.158883,2.399506,4.187616,Concept,Y,
然后按强度要求选择绳索的材料与直径,2,6.158883,11.362789,4.183944,Concept,Y,
支架设计的结构补偿,2,6.158883,11.34483,4.182148,Structure,Y,
为升阻比,3,7.158883,2.337949,4.18146,Performance,Y,
防热瓦脱落会造成灾难性的隐患,2,6.158883,11.289391,4.176604,Concept,Y,
张祖豪提出的具有连续蒙皮的伸缩机翼方案,2,6.158883,11.220911,4.169756,Structure,Y,
在设计,3,7.158883,2.17883,4.165548,Concept,Y,
波音支撑翼大展弦比概念客机方案,2,6.158883,11.164695,4.164134,Concept,Y,
若将上机翼和下机翼分别来看,2,6.158883,11.164039,4.164069,Structure,Y,
壁面辐射平衡温度预测,2,6.158883,11.151627,4.162828,Concept,Y,
经历了高空自由分子流区,2,6.158883,11.129679,4.160633,Concept,Y,
火箭组合系统发生碰撞,2,6.158883,11.124563,4.160121,Concept,Y,
典型平面外形三维机翼的二维,2,6.158883,11.119466,4.159611,Structure,Y,
且沿纬度有正交交替,2,6.158883,11.104279,4.158093,Concept,Y,
的设计,3,7.158883,2.083223,4.155987,Concept,Y,
超声速三维流场的基本概念,2,6.158883,11.059656,4.153631,Concept,Y,
原理验证机的机翼采用了双梁,2,6.158883,11.043876,4.152052,Structure,Y,
立尾翼等简单外形来考虑,2,6.158883,11.042669,4.151932,Structure,Y,
国内外的大量试验表明,2,6.158883,11.001055,4.14777,Concept,Y,
国防科技图书出版基金,2,6.158883,11.001055,4.14777,Concept,Y,
国防科技著作精品译丛,2,6.158883,11.001055,4.14777,Concept,Y,
典型类型飞机的气动布局,2,6.158883,10.996375,4.147302,Performance,Y,
聚四氟乙烯增强塑造,2,6.158883,10.98474,4.146139,Concept,Y,
横向操纵面形式的选择,2,6.158883,10.900348,4.1377,Concept,Y,
若下有两种不同的供选,2,6.158883,10.898164,4.137481,Concept,Y,
但收敛速度相对较慢,2,6.158883,10.88946,4.136611,Parameter,Y,
双折叠翼变体的收益代价评估,2,6.158883,10.868996,4.134565,Mechanism,Y,
双折叠翼变体过程中升力和重力的传力路径,2,6.158883,10.868996,4.134565,Mechanism,Y,
双折叠翼变体飞行器是全新的概念,2,6.158883,10.868996,4.134565,Mechanism,Y,
双折叠翼变体飞行器概念的发展和完善,2,6.158883,10.868996,4.134565,Mechanism,Y,
双折叠翼变体飞行器的机翼结构设计方案,2,6.158883,10.868996,4.134565,Mechanism,Y,
双翼机的翼展比示意,2,6.158883,10.868996,4.134565,Concept,Y,
必要时还要对包络空间进行调整,2,6.158883,10.851985,4.132863,Concept,Y,
身从头尾沿弹性轴系进行分类,2,6.158883,10.831,4.130765,Concept,Y,
因为式,3,7.158883,1.791257,4.126791,Concept,Y,
保证飞机稳定性和操纵性的气动力布局,2,6.158883,10.781848,4.12585,Performance,Y,
飞行器型号,3,6.158883,4.758021,4.123467,Mission,Y,
和地心纬度,3,6.158883,4.748263,4.122491,Concept,Y,
就会进入黏性干扰区,2,6.158883,10.734315,4.121096,Concept,Y,
在变,3,7.158883,1.644802,4.112145,Concept,Y,
副翼偏转时机翼升力的变化情况,2,6.158883,10.640049,4.11167,Structure,Y,
副翼偏转时机翼阻力的变化情况,2,6.158883,10.640049,4.11167,Structure,Y,
双翼到单翼的变体过程中机身姿态角变化情况,2,6.158883,10.640049,4.11167,Structure,Y,
未来航天飞机的气动问题,2,6.158883,10.640049,4.11167,Performance,Y,
的确定,3,7.158883,1.636827,4.111348,Concept,Y,
弯板翼型气动特性求解,2,6.158883,10.524361,4.100101,Structure,Y,
给定起始条件即可求解,2,6.158883,10.524361,4.100101,Concept,Y,
解决气动问题的技术途径,2,6.158883,10.524361,4.100101,Performance,Y,
解决航天飞机气动问题的技术途径,2,6.158883,10.524361,4.100101,Performance,Y,
某迎角下的压力中心,2,6.158883,10.449687,4.092634,Concept,Y,
双折叠翼变体飞行器的几何外形设计方法研究,2,6.158883,10.412581,4.088923,Mechanism,Y,
双折叠翼变体飞行器的收益代价研究,2,6.158883,10.412581,4.088923,Mechanism,Y,
太阳电池阵基枢板在不予浮升处,2,6.158883,10.377166,4.085382,Concept,Y,
技术工程应用关键技术,2,6.158883,10.352285,4.082893,Concept,Y,
从而获得轨道摆动的变化规律,2,6.158883,10.350045,4.082669,Concept,Y,
字数,3,7.158883,1.344768,4.082142,Concept,Y,
挤压用材料制成的终条,2,6.158883,10.330033,4.080668,Concept,Y,
原理验证机的重量分布,2,6.158883,10.313929,4.079058,Concept,Y,
双折叠翼变体飞行器的舵面分布,2,6.158883,10.313929,4.079058,Mechanism,Y,
但总体趋势也保持一致,2,6.158883,10.304497,4.078115,Concept,Y,
板式加强框的受力平衡,2,6.158883,10.279406,4.075606,Concept,Y,
开本,3,7.158883,1.225972,4.070262,Concept,Y,
随公转角度变化的情况,2,6.158883,10.218184,4.069483,Parameter,Y,
会对所需包络空间造成影响,2,6.158883,10.214782,4.069143,Concept,Y,
喷流的冲刷作用及其对流场的干扰影响,2,6.158883,10.214782,4.069143,Concept,Y,
多学科总体设计平台,2,6.158883,10.16798,4.064463,Concept,Y,
考虑到计算中所用的构型较多,2,6.158883,10.16798,4.064463,Concept,Y,
考虑及设计内容较多,2,6.158883,10.16798,4.064463,Concept,Y,
典型薄机翼的三维流区分析,2,6.158883,10.160108,4.063676,Structure,Y,
双折叠翼变体的全机10自由度动力学分析,2,6.158883,10.160108,4.063676,Mechanism,Y,
吸热防热结构的设计与分析,2,6.158883,10.160108,4.063676,Structure,Y,
静稳定度控制增益的初步分析,2,6.158883,10.160108,4.063676,ControlMethod,Y,
的大,3,7.158883,1.118096,4.059474,Concept,Y,
典型的涡流发生器形状,2,6.158883,10.114386,4.059103,Concept,Y,
典型航天飞行器结构介绍及国外发展现状,2,6.158883,10.114386,4.059103,Structure,Y,
典型载天飞行器结构介绍及国外发展现状,2,6.158883,10.114386,4.059103,Structure,Y,
采用比结合构筑更大的黄固何间距,2,6.158883,10.100507,4.057716,Concept,Y,
单翼到双翼的变体过程中机身姿态角变化情况,2,6.158883,10.031853,4.05085,Structure,Y,
单翼和几种典型构型双翼的流场情况,2,6.158883,10.031853,4.05085,Concept,Y,
更或试结构适用于可靠承轴中的单,2,6.158883,10.031853,4.05085,Structure,Y,
基本方程的差分离散,2,6.158883,10.017557,4.049421,Concept,Y,
还要在方案设计阶段采用选型决定设备的位置,2,6.158883,10.007516,4.048416,Concept,Y,
常用坐标系及其变换,2,6.158883,10.003988,4.048064,Concept,Y,
研究气动问题的手段,2,6.158883,9.992875,4.046952,Performance,Y,
在图2,3,7.158883,0.99259,4.046924,Concept,Y,
位于第一或第四象限,2,6.158883,9.992292,4.046894,Concept,Y,
位于第二或第三象限,2,6.158883,9.992292,4.046894,Concept,Y,
压力和密度的垂直分布,2,6.158883,9.982425,4.045907,Concept,Y,
副翼偏转所产生的额外力和力矩,2,6.158883,9.974924,4.045157,Concept,Y,
压力分布变化使副翼铰链处产生相反的力矩,2,6.158883,9.974924,4.045157,Concept,Y,
双折叠翼变体过程中不对称阻力产生的扭矩,2,6.158883,9.974924,4.045157,Mechanism,Y,
双折叠翼变体过程中升力和重力的产生的扭矩,2,6.158883,9.974924,4.045157,Mechanism,Y,
双折叠翼变体过程中阻力产生的弯矩,2,6.158883,9.974924,4.045157,Mechanism,Y,
那么它将产生俩偏摆力矩,2,6.158883,9.974924,4.045157,Concept,Y,
并行工程的核心内容,2,6.158883,9.937996,4.041464,Concept,Y,
现代设计方法与并行设计简介,2,6.158883,9.863658,4.034031,Concept,Y,
双折叠翼变体与其他变体方式的比较,2,6.158883,9.860997,4.033765,Mechanism,Y,
常用树脂基体的性能比较,2,6.158883,9.860997,4.033765,Performance,Y,
热流计算值与测量结果分布,2,6.158883,9.845132,4.032178,Concept,Y,
热流预测与试验结果比较,2,6.158883,9.845132,4.032178,Concept,Y,
当上机翼处于下机翼正,2,6.158883,9.806556,4.028321,Structure,Y,
从而改变导弹的飞行状态,2,6.158883,9.787395,4.026404,Mission,Y,
若产生的附加气动力矩使导弹更偏离平衡状态,2,6.158883,9.787395,4.026404,Performance,Y,
如升力,3,7.158883,0.766024,4.024267,Concept,Y,
三角翼的升力系数较小,2,6.158883,9.723155,4.01998,Concept,Y,
连杆对于机翼升力的影响较小,2,6.158883,9.723155,4.01998,Structure,Y,
活动机翼的副翼除了需要卸载升力以外,2,6.158883,9.721706,4.019836,Structure,Y,
关键技术得不到突破,2,6.158883,9.720741,4.019739,Concept,Y,
在飞行器设计中,3,5.347953,6.145284,4.018914,Mission,Y,
研究飞行动力学问题,2,6.158883,9.709526,4.018618,Mission,Y,
双折叠翼变体过程中的自转与公转,2,6.158883,9.702998,4.017965,Mechanism,Y,
坐标定义及外形几何处理,2,6.158883,9.696815,4.017346,Concept,Y,
实现总装过程的有效管理,2,6.158883,9.696815,4.017346,Concept,Y,
来确定结构的作用值,2,6.158883,9.694918,4.017157,Structure,Y,
三个构型的双翼的压力分布对比,2,6.158883,9.692077,4.016873,Concept,Y,
三种不同布局的舰载长航时飞机性能对比,2,6.158883,9.692077,4.016873,Performance,Y,
单连杆和双连杆的扭转变形对比,2,6.158883,9.692077,4.016873,Mechanism,Y,
双折叠翼变体飞行器的飞行包线与变体包线,2,6.158883,9.689242,4.016589,Mechanism,Y,
固定机翼副翼做升力补偿后飞机的变体包线,2,6.158883,9.689242,4.016589,Structure,Y,
折叠构型荷兰滚模态判据曲线,2,6.158883,9.689242,4.016589,Mechanism,Y,
连杆上最大弯矩随公转角度的变化曲线,2,6.158883,9.689242,4.016589,Parameter,Y,
连杆上最大扭矩随公转角度的变化曲线,2,6.158883,9.689242,4.016589,Parameter,Y,
双折叠翼变体减小翼展,2,6.158883,9.673746,4.01504,Mechanism,Y,
随着主动控制技术的发展,2,6.158883,9.673746,4.01504,ControlMethod,Y,
随着数字化技术的发展,2,6.158883,9.673746,4.01504,Concept,Y,
随着航空航天科学技术的发展,2,6.158883,9.673746,4.01504,Concept,Y,
携带着陆余油到达基地上空,2,6.158883,9.649203,4.012585,Mission,Y,
最大升力系数和失速攻角变化的情况,2,6.158883,9.618762,4.009541,Parameter,Y,
因此应该控制飞行器结构布局,2,6.158883,9.600003,4.007665,ControlMethod,Y,
因此要使载荷成为所要载荷的卫星,2,6.158883,9.600003,4.007665,Performance,Y,
在图5,3,7.158883,0.576654,4.00533,Concept,Y,
垂体和部件力系统计算,2,6.158883,9.576236,4.005289,Concept,Y,
理论计算及工程计算,2,6.158883,9.576236,4.005289,Concept,Y,
陶瓷防热瓦温度分布计算,2,6.158883,9.576236,4.005289,Concept,Y,
而且可以缩短飞行器的研制周期,2,6.158883,9.56147,4.003812,Mission,Y,
双框架动轮姿态控制系统,2,6.158883,9.548138,4.002479,ControlMethod,Y,
实验验证了快速响应航天运输系统,2,6.158883,9.548138,4.002479,Concept,Y,
储箱的分类与设计要求,2,6.158883,9.542583,4.001923,Concept,Y,
储箱设计的基本要求,2,6.158883,9.542583,4.001923,Concept,Y,
扭转基线和动态包络空间要求,2,6.158883,9.542583,4.001923,Concept,Y,
确定对设备的外形及尺寸的要求,2,6.158883,9.542583,4.001923,Concept,Y,
确定结构的某些本的参数时等要求,2,6.158883,9.542583,4.001923,Structure,Y,
纵向操纵面的设计要求,2,6.158883,9.542583,4.001923,Concept,Y,
工艺刃较较差的薄壁结构筒,2,6.158883,9.5362,4.001285,Structure,Y,
连接与分离机构的设计要求,2,6.158883,9.521276,3.999793,Concept,Y,
则飞机的机翼面积增加,2,6.158883,9.518058,3.999471,Structure,Y,
加筋条与蒙皮泊松比配置,2,6.158883,9.518058,3.999471,Concept,Y,
展开附件结构的大小和位置等,2,6.158883,9.500142,3.997679,Mechanism,Y,
当各单元可靠度都相等,2,6.158883,9.500142,3.997679,Concept,Y,
需用过载必须用于需要过载,2,6.158883,9.459718,3.993637,Concept,Y,
取式,3,7.158883,0.42773,3.990438,Concept,Y,
单向筋条借助材的连接,2,6.158883,9.405584,3.988223,Concept,Y,
弹道在该点处曲率为零,2,6.158883,9.392458,3.986911,Concept,Y,
卫星结构的设计特点,2,6.158883,9.371474,3.984812,Structure,Y,
连接与分离机构的设计特点,2,6.158883,9.371474,3.984812,Concept,Y,
使俯仰力矩的黏性干扰增量为负值,2,6.158883,9.364295,3.984094,Concept,Y,
使用简单算法更新策略,2,6.158883,9.364295,3.984094,ControlMethod,Y,
使用载荷和设计载荷,2,6.158883,9.364295,3.984094,Performance,Y,
如姿态变化的限制等,2,6.158883,9.326357,3.980301,Concept,Y,
如果升降舵的一对舵偏面在左右对称偏摆,2,6.158883,9.326357,3.980301,Concept,Y,
这与盐雾中盐比外界多的因素有关,2,6.158883,9.257892,3.973454,Concept,Y,
这样的任务显得很单薄,2,6.158883,9.257892,3.973454,Mission,Y,
这里先简要介绍其要点,2,6.158883,9.257892,3.973454,Concept,Y,
连接航天飞机各部件使之成为一体的主要部件,2,6.158883,9.24708,3.972373,Aircraft,Y,
准确的或波要求数据验证的分析方法,2,6.158883,9.226038,3.970269,Concept,Y,
双折叠翼变体的动力学方程及控制方法,2,6.158883,9.226038,3.970269,ControlMethod,Y,
双折叠翼变体飞行器总体设计方法,2,6.158883,9.226038,3.970269,Mechanism,Y,
双折叠翼变体飞行器的代价估算方法,2,6.158883,9.226038,3.970269,Mechanism,Y,
喷流干扰的工程计算方法,2,6.158883,9.226038,3.970269,Concept,Y,
国外几种压力系数计算方法,2,6.158883,9.226038,3.970269,Concept,Y,
损伤容限设计的内容和方法,2,6.158883,9.226038,3.970269,Concept,Y,
减小翼尖区域的迎角,2,6.158883,9.215462,3.969211,Concept,Y,
来流同壁面方向夹角,2,6.158883,9.215462,3.969211,Concept,Y,
焦点分析时的某迎角,2,6.158883,9.215462,3.969211,Concept,Y,
高速气流传热与烧蚀热防护,2,6.158883,9.204624,3.968127,Concept,Y,
所示为副翼导罩与弹簧,2,6.158883,9.199909,3.967656,Concept,Y,
在从,3,7.158883,0.182855,3.96595,Concept,Y,
作动器直接驱动变体时所需要的驱动力矩,2,6.158883,9.164367,3.964102,Mechanism,Y,
极限压力应与极限外力组合作,2,6.158883,9.164367,3.964102,Concept,Y,
采用墩片等措施来补偿配置尺寸的加工作,2,6.158883,9.164367,3.964102,Concept,Y,
并与理论计算相结合,2,6.158883,9.163383,3.964003,Concept,Y,
恒星日和太阳日的定义,2,5.347953,11.573184,3.961704,Concept,Y,
地球引力势由两部分组成,2,6.158883,9.117876,3.959453,Concept,Y,
火箭结构系统的主要组成,2,6.158883,9.117876,3.959453,Structure,Y,
进行大量的风洞选型试验,2,6.158883,9.10365,3.95803,Concept,Y,
连接与分离机构的组成,2,6.158883,9.097059,3.957371,Concept,Y,
其中下机翼和外流场为背景网格,2,6.158883,9.042066,3.951872,Structure,Y,
在2,3,7.158883,-0.354305,3.947665,Concept,Y,
是式,3,7.158883,-0.547796,3.947665,Concept,Y,
过渡区和自由分子流区,2,6.158883,8.995791,3.947244,Concept,Y,
其目的是对导弹的飞行实施自动控制,2,6.158883,8.992292,3.946894,ControlMethod,Y,
由于翼面的结构形式不同,2,6.158883,8.988221,3.946487,Structure,Y,
由航空环境公司提供,2,6.158883,8.988221,3.946487,Concept,Y,
由辅助的运载火箭发射脱离大气层,2,6.158883,8.988221,3.946487,Concept,Y,
弹性飞行动力学研究,2,6.158883,8.97742,3.945407,Mission,Y,
升阻比随攻角和马赫数的变化,2,6.158883,8.976652,3.94533,Performance,Y,
双折叠翼变体扩充一倍翼展后的性能变化,2,6.158883,8.976652,3.94533,Mechanism,Y,
平衡温度沿治向的变化,2,6.158883,8.976652,3.94533,Concept,Y,
平衡温度随时间的变化,2,6.158883,8.976652,3.94533,Concept,Y,
平衡温度随飞行时间的变化,2,6.158883,8.976652,3.94533,Mission,Y,
阻力系数随不同攻角和马赫数的变化,2,6.158883,8.976652,3.94533,Parameter,Y,
兼顾前两种应用方向,2,6.158883,8.972911,3.944956,Concept,Y,
航天器在大气中飞行的特点,2,6.158883,8.962034,3.943868,Mission,Y,
航天器姿态动力学的任务,2,6.158883,8.962034,3.943868,Mission,Y,
航天器结构系统的主要组成,2,6.158883,8.962034,3.943868,Structure,Y,
航天器运动的数值仿真系统,2,6.158883,8.962034,3.943868,Aircraft,Y,
航天科技图书出版基金资助出版,2,6.158883,8.962034,3.943868,Concept,Y,
航天飞机发展回顾与展望,2,6.158883,8.962034,3.943868,Aircraft,Y,
航天飞机气动力预测方法,2,6.158883,8.962034,3.943868,Performance,Y,
航天飞机气动加热预测实例,2,6.158883,8.962034,3.943868,Performance,Y,
航天飞机气动数据库基本概念,2,6.158883,8.962034,3.943868,Performance,Y,
航天飞机气动数据库的意义,2,6.158883,8.962034,3.943868,Performance,Y,
航天飞机气动数据库管理的基本原则,2,6.158883,8.962034,3.943868,Performance,Y,
航天飞机气动数据库管理的经验教训,2,6.158883,8.962034,3.943868,Performance,Y,
航天飞机气动设计回路,2,6.158883,8.962034,3.943868,Performance,Y,
航天飞机气动问题的主要特点,2,6.158883,8.962034,3.943868,Performance,Y,
航天飞机热防护的特点与要求,2,6.158883,8.962034,3.943868,Aircraft,Y,
航天飞机的气动力问题,2,6.158883,8.962034,3.943868,Performance,Y,
航天飞机的气动热问题,2,6.158883,8.962034,3.943868,Performance,Y,
航天飞机结构系统概述,2,6.158883,8.962034,3.943868,Structure,Y,
航天飞机轴向压力分布,2,6.158883,8.962034,3.943868,Aircraft,Y,
航天飞机返回过程及运动特点,2,6.158883,8.962034,3.943868,Aircraft,Y,
航天飞机防热技术的发展,2,6.158883,8.962034,3.943868,Aircraft,Y,
航天飞机防热材料温度分布计算实例,2,6.158883,8.962034,3.943868,Aircraft,Y,
航天飞行动作力学的发展,2,6.158883,8.962034,3.943868,Mission,Y,
航天飞行器力学的发展,2,6.158883,8.962034,3.943868,Mission,Y,
航程随起降翼展的变化情况,2,6.158883,8.962034,3.943868,Performance,Y,
下变体过程中全机的升力变化情况,2,6.158883,8.954355,3.9431,Aircraft,Y,
下变体过程中全机的阻力变化情况,2,6.158883,8.954355,3.9431,Aircraft,Y,
例如主要靠取于改善冲击损伤的情况下,2,6.158883,8.954355,3.9431,Concept,Y,
就是在给定的初始条件下,2,6.158883,8.954355,3.9431,Concept,Y,
本文的主要贡献和创新点如下,2,6.158883,8.954355,3.9431,Concept,Y,
进一步显示了在最大受力情况下,2,6.158883,8.954355,3.9431,Concept,Y,
速度和飞行距离的变化,2,6.158883,8.932956,3.940961,Mission,Y,
三组不同构型的双翼的几何外形,2,6.158883,8.892446,3.93691,Concept,Y,
形成一个快速上仰的动作,2,6.158883,8.892446,3.93691,Concept,Y,
截面多为圆形或方形,2,6.158883,8.892446,3.93691,Concept,Y,
活动机翼处于单翼构型时连杆扭转引起的变形,2,6.158883,8.892446,3.93691,Mechanism,Y,
活动机翼处于单翼状态时连杆弯曲引起的变形,2,6.158883,8.892446,3.93691,Mechanism,Y,
活动机翼处于最高点时连杆弯曲引起的变形,2,6.158883,8.892446,3.93691,Mechanism,Y,
活动机翼处于最高点时连杆扭转引起的变形,2,6.158883,8.892446,3.93691,Mechanism,Y,
副翼偏转的几何构型,2,6.158883,8.877846,3.93545,Concept,Y,
包含连杆的两种几何构型,2,6.158883,8.877846,3.93545,Concept,Y,
小展弦比机翼流动两种非线性理论气动模型,2,6.158883,8.877846,3.93545,Structure,Y,
折叠翼的全机动力学模型,2,6.158883,8.877846,3.93545,Mechanism,Y,
防热材料内部热响应计算模型,2,6.158883,8.877846,3.93545,Concept,Y,
升力系数随不同攻角和马赫数的变化,2,6.158883,8.866325,3.934297,Parameter,Y,
刚体动力学的基本方程,2,6.158883,8.854895,3.933154,Concept,Y,
如采用非结构网格求解改进方程,2,6.158883,8.854895,3.933154,Structure,Y,
导弹结构系统的研制过程,2,6.158883,8.854895,3.933154,Structure,Y,
矢量形式的质心运动方程,2,6.158883,8.854895,3.933154,Concept,Y,
航天器结构的研制过程,2,6.158883,8.854895,3.933154,Structure,Y,
航天飞机的研制历程,2,6.158883,8.854895,3.933154,Aircraft,Y,
航天飞机轨道飞行器的制造过程,2,6.158883,8.854895,3.933154,Mission,Y,
车载试验中从单翼到双翼的变体过程,2,6.158883,8.854895,3.933154,Aircraft,Y,
车载试验中从双翼到单翼的变体过程,2,6.158883,8.854895,3.933154,Aircraft,Y,
进而提升飞机的载荷和航程,2,6.158883,8.854895,3.933154,Performance,Y,
速度坐标系中的弹道方程,2,6.158883,8.854895,3.933154,Parameter,Y,
不同专业的研究人员通过多次协同,2,6.158883,8.83439,3.931104,Concept,Y,
不同展弦比的双翼升力和阻力对比,2,6.158883,8.83439,3.931104,Concept,Y,
不同年代的大展弦比飞行器的翼展,2,6.158883,8.83439,3.931104,Mission,Y,
不同梢根比机翼的变体包线对比,2,6.158883,8.83439,3.931104,Structure,Y,
不同梢根比的双翼升力和阻力对比,2,6.158883,8.83439,3.931104,Concept,Y,
不同翼展比双翼的压力分布,2,6.158883,8.83439,3.931104,Concept,Y,
不同翼展比的双翼升力和阻力对比,2,6.158883,8.83439,3.931104,Concept,Y,
不对称情况下验证机完成变体的过程,2,6.158883,8.83439,3.931104,Aircraft,Y,
航天器的姿态运动方程,2,6.158883,8.800594,3.927724,Aircraft,Y,
准确地确定最终的方案,2,5.347953,11.220911,3.926477,Concept,Y,
现有变展长变体技术的缺点,2,6.158883,8.786511,3.926316,Aircraft,Y,
上下机翼处于不同位置时机翼的升力线斜率,2,6.158883,8.774317,3.925097,Structure,Y,
上下机翼处于不同位置时机翼的失速攻角,2,6.158883,8.774317,3.925097,Structure,Y,
上下机翼处于不同位置时机翼的零升攻角,2,6.158883,8.774317,3.925097,Structure,Y,
上式计算结果以度为单位,2,6.158883,8.774317,3.925097,Concept,Y,
上机翼和周围流场为重叠网格,2,6.158883,8.774317,3.925097,Structure,Y,
上翼包含上反角的双翼的压力分布,2,6.158883,8.774317,3.925097,Concept,Y,
上述结论和公式依然成立,2,6.158883,8.774317,3.925097,Concept,Y,
自转角度的变化情况,2,6.158883,8.759743,3.923639,Parameter,Y,
与其对应的地球引力势称为标准地球引力势,2,6.158883,8.745315,3.922196,Concept,Y,
与大展弦比机翼相比,2,6.158883,8.745315,3.922196,Structure,Y,
空气动力学铰链力矩,2,6.158883,8.657607,3.913426,Performance,Y,
双折叠翼变体飞行器的几何外形设计研究,2,6.158883,8.639137,3.911579,Mechanism,Y,
典型无尾布局飞机及其三面图,2,6.158883,8.629366,3.910602,Aircraft,Y,
典型鸭式布局飞机及其三面图,2,6.158883,8.629366,3.910602,Aircraft,Y,
双折叠翼变体飞行器的过载包线示意图,2,6.158883,8.629366,3.910602,Mechanism,Y,
双折叠翼变体飞行器的速度包线示意图,2,6.158883,8.629366,3.910602,Mechanism,Y,
发动机与船段的联接框架示意图,2,6.158883,8.629366,3.910602,Concept,Y,
最终分析处理图绘图,2,6.158883,8.629366,3.910602,Concept,Y,
运动翼型对流动的扰动示意图,2,6.158883,8.629366,3.910602,Structure,Y,
气动压力或者外载荷,2,6.158883,8.61517,3.909182,Performance,Y,
气动数据库发展的新特点,2,6.158883,8.61517,3.909182,Performance,Y,
气动数据库管理的效能评估,2,6.158883,8.61517,3.909182,Performance,Y,
气动数据库设计手册的建立,2,6.158883,8.61517,3.909182,Performance,Y,
气动设计回路及一体化设计系统,2,6.158883,8.61517,3.909182,Performance,Y,
气动设计需要解决的基本问题及方法,2,6.158883,8.61517,3.909182,Performance,Y,
不断地给边界层输入能量,2,6.158883,8.60089,3.907754,Concept,Y,
具有较高的比强度和比模量,2,6.158883,8.60089,3.907754,Concept,Y,
受剪组合的剪力增量,2,6.158883,8.60089,3.907754,Concept,Y,
获得了第一代航天飞机的气动布局,2,5.347953,10.996375,3.904023,Performance,Y,
截取翼更大应尽可能地适应,2,6.158883,8.559096,3.903574,Concept,Y,
与复合材料面板间的胶接性能,2,6.158883,8.55221,3.902886,Performance,Y,
单位时间消耗的燃料所产生的可用能,2,6.158883,8.55221,3.902886,Concept,Y,
提高飞机的作战效能,2,6.158883,8.55221,3.902886,Aircraft,Y,
气动布局优化设计方法,2,6.158883,8.551781,3.902843,Performance,Y,
储箱外形尺寸的确定,2,6.158883,8.521837,3.899849,Concept,Y,
储箱容积和外形尺寸确定,2,6.158883,8.521837,3.899849,Concept,Y,
双折叠翼变体飞行器的初始总体参数拟定,2,6.158883,8.521837,3.899849,Mechanism,Y,
双折叠翼变体飞行器的总体参数拟定,2,6.158883,8.521837,3.899849,Mechanism,Y,
测量的参数和位置确定,2,6.158883,8.521837,3.899849,Parameter,Y,
以及和环境相互作用的重载组合,2,6.158883,8.5122,3.898885,Concept,Y,
以工转化和装配的方式处理它,2,6.158883,8.5122,3.898885,Concept,Y,
偏航阻尼导数变化不大,2,6.158883,8.490443,3.896709,Concept,Y,
大头拐角相对曲率半径瓦,2,6.158883,8.490443,3.896709,Concept,Y,
大展弦比飞机常用设计参数与单,2,6.158883,8.490443,3.896709,Parameter,Y,
大面积防热与局部防热,2,6.158883,8.490443,3.896709,Concept,Y,
如果单元为指数分布型时,2,6.158883,8.451688,3.892834,Concept,Y,
当活动机翼处于变体中的最高点时,2,6.158883,8.451688,3.892834,Structure,Y,
时变空气动力学效应评估技术,2,6.158883,8.451688,3.892834,Performance,Y,
利用工程数据库的集成方式,2,6.158883,8.442308,3.891896,Concept,Y,
双折叠翼变体飞行器的变体方式,2,6.158883,8.442308,3.891896,Mechanism,Y,
式飞机的反作用操纵系统,2,6.158883,8.442308,3.891896,Aircraft,Y,
引力梯度力矩的一般公式,2,6.158883,8.442308,3.891896,Concept,Y,
从而使分离结构靠力解体,2,6.158883,8.406359,3.888301,Structure,Y,
无人机遭遇突风后解体,2,6.158883,8.406359,3.888301,Aircraft,Y,
科学地分配气动数据的不确定度及偏差,2,5.347953,10.834129,3.887799,Performance,Y,
航天器飞行动力学原理,2,6.158883,8.377071,3.885372,Mission,Y,
有利于减轻结构质量,2,6.158883,8.373369,3.885002,Structure,Y,
有翼导弹飞行动力学,2,6.158883,8.373369,3.885002,Mission,Y,
有限翼展薄机翼的超声速绕流,2,6.158883,8.373369,3.885002,Structure,Y,
与弹道特性之间的关系,2,6.158883,8.373179,3.884983,Concept,Y,
但偏佔在基板上的应力相当于单向体系,2,6.158883,8.373179,3.884983,Concept,Y,
固定机翼和连杆的几何关系,2,6.158883,8.373179,3.884983,Structure,Y,
地心赤道旋转坐标系,2,6.158883,8.373179,3.884983,Concept,Y,
地心过轨惯性坐标系,2,6.158883,8.373179,3.884983,Concept,Y,
这种结构的梁皮相布标系,2,6.158883,8.373179,3.884983,Structure,Y,
燃料贮箱及供给管系统工作于,2,6.158883,8.357715,3.883436,Concept,Y,
要求飞机在失速或进入尾旋时,2,6.158883,8.341487,3.881814,Aircraft,Y,
航天飞机的飞行过程,2,6.158883,8.294768,3.877142,Mission,Y,
双折叠翼变体飞机的典型飞行剖面,2,6.158883,8.291181,3.876783,Mechanism,Y,
面元中心点定义为面元的坐标中点,2,6.158883,8.291181,3.876783,Concept,Y,
面板的当前形状和所需形状,2,6.158883,8.291181,3.876783,Concept,Y,
必须对方案进行验证,2,5.347953,10.701568,3.874543,Concept,Y,
刚度较差的大型运输飞行器,2,6.158883,8.226552,3.87032,Mission,Y,
新一代重复使用运载器,2,6.158883,8.226552,3.87032,Concept,Y,
马丁公司的两款折叠翼飞行器,2,6.158883,8.226552,3.87032,Mechanism,Y,
对于刚性基板的太阳能电池板,2,6.158883,8.224669,3.870132,Concept,Y,
对于带有随机参数的数学规划模型,2,6.158883,8.224669,3.870132,ControlMethod,Y,
对于正常前弹这种要求,2,6.158883,8.224669,3.870132,Concept,Y,
对于正常式导弹来说,2,6.158883,8.224669,3.870132,Concept,Y,
对千儒科夫斯基对称翼型,2,6.158883,8.224669,3.870132,Structure,Y,
对大气因子辐射的补偿,2,6.158883,8.224669,3.870132,Concept,Y,
对大气阻力振动的补偿,2,6.158883,8.224669,3.870132,Concept,Y,
对设备安装的一般要求,2,6.158883,8.224669,3.870132,Concept,Y,
对连续流区域的压力系数计算,2,6.158883,8.224669,3.870132,Concept,Y,
方位角及其变化率的计算,2,6.158883,8.222106,3.869875,Concept,Y,
双折叠翼变体飞行器的优势,2,6.158883,8.219717,3.869637,Mechanism,Y,
变体开始阶段机翼的压力分布和翼尖涡情况,2,6.158883,8.216142,3.869279,Structure,Y,
变体过程中产生的俯仰力矩,2,6.158883,8.216142,3.869279,Aircraft,Y,
变体过程中产生的偏航力矩,2,6.158883,8.216142,3.869279,Aircraft,Y,
变体过程中产生的滚转力矩,2,6.158883,8.216142,3.869279,Aircraft,Y,
变体过程中活动机翼的展向升力中心变化情况,2,6.158883,8.216142,3.869279,Structure,Y,
变体过程中非定常效应引起的升力系数变化,2,6.158883,8.216142,3.869279,Aircraft,Y,
变体过程中非定常效应的来源,2,6.158883,8.216142,3.869279,Aircraft,Y,
变体过程中飞机的气动中心变化情况,2,6.158883,8.216142,3.869279,Performance,Y,
变后向散射为非后向散射,2,6.158883,8.216142,3.869279,Concept,Y,
载人航天器的气动布局演变,2,6.158883,8.216142,3.869279,Performance,Y,
设置准确后由下料机完成自动下料,2,6.158883,8.151952,3.86286,Concept,Y,
设计方案的信息还不完全,2,6.158883,8.151952,3.86286,Concept,Y,
设计的初始条件与设计要求,2,6.158883,8.151952,3.86286,Concept,Y,
设计类型与设计方法概述,2,6.158883,8.151952,3.86286,Concept,Y,
一体化设计系统基本内容,2,6.158883,8.146433,3.862308,Concept,Y,
一维热传导基本方程,2,6.158883,8.146433,3.862308,Concept,Y,
一般均应采用翼力式口盖以补偿拴托的蒙皮,2,6.158883,8.146433,3.862308,Concept,Y,
作用在飞行器上的载荷,2,6.158883,8.145461,3.862211,Performance,Y,
上下机翼处于不同位置时机翼的最大升力系数,2,6.158883,8.109639,3.858629,Structure,Y,
二维翼型的三个主要参数,2,6.158883,8.109639,3.858629,Structure,Y,
五位数字翼型定义参数,2,6.158883,8.109639,3.858629,Structure,Y,
传统双翼理论中描述二维双翼的主要平面参数,2,6.158883,8.109639,3.858629,Parameter,Y,
六位数翼型定义参数,2,6.158883,8.109639,3.858629,Structure,Y,
关键气动布局参数及性能参数,2,6.158883,8.109639,3.858629,Performance,Y,
切割不的材料设置不同的相应参数,2,6.158883,8.109639,3.858629,Parameter,Y,
区间上均匀分布的随机数,2,6.158883,8.109639,3.858629,Concept,Y,
升力线理论中与平面形状有关的一个小正数,2,6.158883,8.109639,3.858629,Concept,Y,
压力系数对侧滑角的导数,2,6.158883,8.109639,3.858629,Concept,Y,
压力系数对俯仰角速度的导数,2,6.158883,8.109639,3.858629,Parameter,Y,
压力系数对偏航角速度的导数,2,6.158883,8.109639,3.858629,Parameter,Y,
压力系数对攻角的导数,2,6.158883,8.109639,3.858629,Parameter,Y,
取决于材料性能的材料常数,2,6.158883,8.109639,3.858629,Performance,Y,
基本外形静稳定性导数,2,6.158883,8.109639,3.858629,Performance,Y,
当量蒙皮摩擦阻力系数,2,6.158883,8.109639,3.858629,Concept,Y,
得到变构飞行器模型预测最优控制参数,2,6.158883,8.109639,3.858629,ControlMethod,Y,
折叠构型航向气动导数,2,6.158883,8.109639,3.858629,Mechanism,Y,
时达到最大升力系数,2,6.158883,8.109639,3.858629,Concept,Y,
最后两位数字构成的两位数,2,6.158883,8.109639,3.858629,Concept,Y,
本文重新定义的描述二维双翼的平面参数,2,6.158883,8.109639,3.858629,Parameter,Y,
法则过载也是一个重要的参数,2,6.158883,8.109639,3.858629,Parameter,Y,
滚转操纵诱导偏航力矩导数,2,6.158883,8.109639,3.858629,Concept,Y,
跨声速流动与临界参数,2,6.158883,8.109639,3.858629,Parameter,Y,
连杆的几何外形和设计参数,2,6.158883,8.109639,3.858629,Parameter,Y,
双折叠翼变体的失效安全性,2,6.158883,8.106957,3.858361,Mechanism,Y,
双折叠翼变体飞行器变体过程中的受力特性,2,6.158883,8.106957,3.858361,Mechanism,Y,
地球静止轨道的特性,2,6.158883,8.106957,3.858361,Concept,Y,
提高复合材料结构耐久性,2,6.158883,8.106957,3.858361,Structure,Y,
无限翼展斜置翼的超声速空气动力特性,2,6.158883,8.106957,3.858361,Performance,Y,
横向稳定性与操纵性,2,6.158883,8.106957,3.858361,Performance,Y,
线化理论薄翼型的空气动力特性,2,6.158883,8.106957,3.858361,Structure,Y,
衡量导弹跟随施暗偏转的操纵性,2,6.158883,8.106957,3.858361,Concept,Y,
传统的气动设计工作方式是,2,6.158883,8.106641,3.858329,Performance,Y,
是沿其余线的偏心率矢量,2,6.158883,8.106641,3.858329,Concept,Y,
地球静止轨道的条件,2,6.158883,8.097372,3.857402,Concept,Y,
可以作为初步了解喷流干扰效应的工具,2,6.158883,8.096902,3.857355,Concept,Y,
可以认为作用在四周的剪,2,6.158883,8.096902,3.857355,Concept,Y,
可重复使用新型航天飞行器关键技术,2,6.158883,8.096902,3.857355,Mission,Y,
可重复使用新型航天飞行器发展历程,2,6.158883,8.096902,3.857355,Mission,Y,
可重复使用航天飞行器在材料选择时,2,6.158883,8.096902,3.857355,Mission,Y,
结构系统的组成与功能,2,6.158883,8.084276,3.856093,Structure,Y,
结构重量最优下的飞机最优展弦比,2,6.158883,8.084276,3.856093,Structure,Y,
双折叠翼变体飞行器的设计参数,2,6.158883,8.058436,3.853509,Mechanism,Y,
中弧线前段为立方抛物线,2,6.158883,8.021563,3.849821,Concept,Y,
高机动性飞行器的研究过程中,2,6.158883,8.021563,3.849821,Performance,Y,
从而得到试验验证的结论,2,5.347953,10.350045,3.83939,Concept,Y,
卫星结构分析与设计,2,6.158883,7.910218,3.838687,Structure,Y,
双折叠翼变体飞行器的变体机构设计,2,6.158883,7.910218,3.838687,Mechanism,Y,
双折叠翼变体飞行器的气动舵面设计,2,6.158883,7.910218,3.838687,Mechanism,Y,
受力式储箱结构分析与设计,2,6.158883,7.910218,3.838687,Structure,Y,
可重复使用新型舰载飞行器结构设计,2,6.158883,7.910218,3.838687,Structure,Y,
增升装置的气动设计,2,6.158883,7.910218,3.838687,Performance,Y,
复合材料结构快速优化设计,2,6.158883,7.910218,3.838687,Structure,Y,
战术导弹飞行力学设计,2,6.158883,7.910218,3.838687,Mission,Y,
损伤容限的设计选材和材料设计,2,6.158883,7.910218,3.838687,Concept,Y,
计算使用的网格方法和计算参数设置保持不变,2,6.158883,7.910218,3.838687,Parameter,Y,
且应有足够的连接刚度,2,6.158883,7.905961,3.838261,Concept,Y,
也能转动相同的角度,2,6.158883,7.905961,3.838261,Parameter,Y,
其中最主要的因素是温度,2,6.158883,7.905961,3.838261,Concept,Y,
单翼构型和双翼构型的原理验证机起飞速度,2,6.158883,7.905961,3.838261,Mission,Y,
图筒壳上开口边缘接薄应力计算的最小厚度,2,6.158883,7.905961,3.838261,Concept,Y,
导弹速度矢量超前视线一个常值角度,2,6.158883,7.905961,3.838261,Parameter,Y,
自由涡诱导的下洗速度,2,6.158883,7.905961,3.838261,Parameter,Y,
对千大展弦比的直机翼,2,6.158883,7.898983,3.837563,Structure,Y,
王礼佳等人研发的多级伸缩式的伸缩机翼,2,6.158883,7.898983,3.837563,Structure,Y,
翼型与机翼的选择与设计,2,6.158883,7.898983,3.837563,Structure,Y,
翼型主要几何参数对气动特性的影响,2,6.158883,7.898983,3.837563,Structure,Y,
翼型在不同攻角下俯仰力矩变化情况,2,6.158883,7.898983,3.837563,Structure,Y,
翼型基本技术指标的确定,2,6.158883,7.898983,3.837563,Structure,Y,
翼型特性与飞机性能的关系,2,6.158883,7.898983,3.837563,Structure,Y,
翼型的超声速绕流图画,2,6.158883,7.898983,3.837563,Structure,Y,
翼型跨声速绕流和局部激波的产生,2,6.158883,7.898983,3.837563,Structure,Y,
翼型跨声速绕流随来流马赫数变化特征,2,6.158883,7.898983,3.837563,Structure,Y,
翼型阻力系数随迎角的变化,2,6.158883,7.898983,3.837563,Structure,Y,
翼展的原理验证机大范围变体,2,6.158883,7.898983,3.837563,Aircraft,Y,
翼根效应与翼梢效应,2,6.158883,7.898983,3.837563,Concept,Y,
翼身融合体的气动设计,2,6.158883,7.898983,3.837563,Performance,Y,
典型的连接与分离机构,2,6.158883,7.892718,3.836937,Concept,Y,
双折叠翼变体原理验证机的控制器架构,2,6.158883,7.892718,3.836937,ControlMethod,Y,
固定机翼与活动机翼之间的连杆及其结构,2,6.158883,7.892718,3.836937,Structure,Y,
构件可靠性设计方法,2,6.158883,7.892718,3.836937,Concept,Y,
构架的一个实例变体问题,2,6.158883,7.892718,3.836937,Aircraft,Y,
活动机翼与固定机翼之间的固定装置及其结构,2,6.158883,7.892718,3.836937,Structure,Y,
设计制造一体化设计平台总体架构,2,6.158883,7.892718,3.836937,Concept,Y,
航天飞机的气动问题,2,6.158883,7.892355,3.8369,Performance,Y,
当上机翼位于下机翼前方时,2,6.158883,7.866725,3.834337,Structure,Y,
当上机翼位于下机翼正上方时,2,6.158883,7.866725,3.834337,Structure,Y,
其主要是避免蒙皮下承受拉力的作用,2,6.158883,7.8125,3.828915,Concept,Y,
图的产生发展及应用,2,6.158883,7.8125,3.828915,Concept,Y,
必缓要获得作下偏飞行的负偏俯角作用,2,6.158883,7.8125,3.828915,Mission,Y,
用于优化通过加权未来策略得到的收敛率,2,6.158883,7.8125,3.828915,Concept,Y,
用于变体过程中非定常数值计算的几何模型,2,6.158883,7.8125,3.828915,Aircraft,Y,
用于变体过程中非定常数值计算的网格,2,6.158883,7.8125,3.828915,Aircraft,Y,
结构与操纵系统的相互作用,2,6.158883,7.8125,3.828915,Structure,Y,
航天飞机热防护系统,2,6.158883,7.709925,3.818657,Aircraft,Y,
为上下机翼处于不同相对位置时,2,6.158883,7.702521,3.817917,Structure,Y,
为了保证结构的强度和刚度,2,6.158883,7.702521,3.817917,Structure,Y,
为原准机拟定的三组单,2,6.158883,7.702521,3.817917,Concept,Y,
为坐标的动量矩精确的方程,2,6.158883,7.702521,3.817917,Concept,Y,
其想法控制关系式为,2,6.158883,7.702521,3.817917,ControlMethod,Y,
式中的基元变换矩阵为,2,6.158883,7.702521,3.817917,Concept,Y,
这种布置方案的优点为,2,6.158883,7.702521,3.817917,Concept,Y,
四元数的定义和性质,2,5.347953,10.111852,3.815571,Concept,Y,
需要进行初步设计和分析,2,5.347953,10.083655,3.812751,Concept,Y,
航向操纵面形式的选择,2,6.158883,7.640106,3.811676,Concept,Y,
航向操纵面的设计要求,2,6.158883,7.640106,3.811676,Concept,Y,
在保持下机翼的弦长和翼型不变的情况下,2,6.158883,7.640049,3.81167,Structure,Y,
在催化剂的作用下进行分解,2,6.158883,7.640049,3.81167,Concept,Y,
在升力重新分配过程中,2,6.158883,7.640049,3.81167,Concept,Y,
在双翼飞机的设计中,2,6.158883,7.640049,3.81167,Aircraft,Y,
在发射坐标系中的位置和速度,2,6.158883,7.640049,3.81167,Parameter,Y,
在地心坐标系中的坐标,2,6.158883,7.640049,3.81167,Concept,Y,
在地心坐道惯性坐标系下,2,6.158883,7.640049,3.81167,Concept,Y,
在导弹气动布局和外形尺寸给定的情况下,2,6.158883,7.640049,3.81167,Performance,Y,
在承受弯曲载荷时的结构效率可以表示为,2,6.158883,7.640049,3.81167,Structure,Y,
在活动机翼处于单翼位置时,2,6.158883,7.640049,3.81167,Structure,Y,
在现有大展弦比飞行器的基础上,2,6.158883,7.640049,3.81167,Mission,Y,
在空气动力学研究中,2,6.158883,7.640049,3.81167,Performance,Y,
在连杆上传递时的弯矩分量,2,6.158883,7.640049,3.81167,Concept,Y,
在连杆上传递时的扭矩分量,2,6.158883,7.640049,3.81167,Concept,Y,
在飞机起降翼展不变的情况下,2,6.158883,7.640049,3.81167,Aircraft,Y,
航天飞机稳定性分析,2,6.158883,7.598894,3.807554,Performance,Y,
从而影响任务的正常执行,2,6.158883,7.594024,3.807067,Mission,Y,
可设定弹道是在一定高度范围内进行,2,6.158883,7.594024,3.807067,Performance,Y,
外形各部件前后的边缘平行,2,6.158883,7.594024,3.807067,Concept,Y,
航天器在大气中的飞行,2,6.158883,7.594024,3.807067,Mission,Y,
飞机气动布局介绍与选择,2,6.158883,7.570246,3.80469,Performance,Y,
飞机的稳定性和操纵性,2,6.158883,7.570246,3.80469,Performance,Y,
飞机的自转和公转角度变化平稳,2,6.158883,7.570246,3.80469,Parameter,Y,
飞机结构系统的主要组成,2,6.158883,7.570246,3.80469,Structure,Y,
飞行功力学一体化计算,2,6.158883,7.570246,3.80469,Mission,Y,
飞行动力学是飞行器研制的基础,2,6.158883,7.570246,3.80469,Mission,Y,
飞行器在飞行器设计中起到重要作用,2,6.158883,7.570246,3.80469,Mission,Y,
飞行器机构的分类与功用,2,6.158883,7.570246,3.80469,Mission,Y,
飞行器的现代设计要求对比来看,2,6.158883,7.570246,3.80469,Mission,Y,
飞行器结构动力学设计,2,6.158883,7.570246,3.80469,Structure,Y,
飞行器结构形式的分类,2,6.158883,7.570246,3.80469,Structure,Y,
飞行器结构总体方案设计,2,6.158883,7.570246,3.80469,Structure,Y,
飞行器结构设计的基本概念,2,6.158883,7.570246,3.80469,Structure,Y,
飞行器结构设计的思想与方法概述,2,6.158883,7.570246,3.80469,Structure,Y,
飞行器结构设计的技术要求,2,6.158883,7.570246,3.80469,Structure,Y,
使其升力等于全机余下部分的重力,2,6.158883,7.546426,3.802308,Concept,Y,
使其升力近似等于自身重力,2,6.158883,7.546426,3.802308,Concept,Y,
使机翼上表面产生了附加的吸力,2,6.158883,7.546426,3.802308,Structure,Y,
先确定平拉或平压应力,2,6.158883,7.546426,3.802308,Concept,Y,
一台液体火箭发动机,2,6.158883,7.540027,3.801668,Concept,Y,
典型三翼面布局飞机,2,6.158883,7.540027,3.801668,Structure,Y,
典型的第三代超声速喷气式战斗机,2,6.158883,7.540027,3.801668,Concept,Y,
机头圆弧半径大小对阻力的影响,2,6.158883,7.540027,3.801668,Concept,Y,
机翼上表面和在发动机短舱上,2,6.158883,7.540027,3.801668,Structure,Y,
机翼弦长左右的前移,2,6.158883,7.540027,3.801668,Structure,Y,
机翼的气动设计原则,2,6.158883,7.540027,3.801668,Structure,Y,
机翼绕流的气动模型,2,6.158883,7.540027,3.801668,Structure,Y,
机身上部的翼台及其结构,2,6.158883,7.540027,3.801668,Structure,Y,
机身主要几何外形设计,2,6.158883,7.540027,3.801668,Structure,Y,
机身壁板在横向元件,2,6.158883,7.540027,3.801668,Structure,Y,
机身是航天飞机结构和装载,2,6.158883,7.540027,3.801668,Structure,Y,
莱特兄弟试飞的第一架飞机,2,6.158883,7.540027,3.801668,Aircraft,Y,
并结合现有技术储备,2,5.347953,9.937996,3.798185,Concept,Y,
并能像飞机一样水平着陆,2,5.347953,9.937996,3.798185,Mission,Y,
个自由度和两侧变体的4,2,6.158883,7.481525,3.795817,Aircraft,Y,
航天器防热结构设计,2,6.158883,7.439129,3.791578,Structure,Y,
双折叠翼变体飞行器的变体过程,2,6.158883,7.349485,3.782613,Mechanism,Y,
合并构成具体的行动,2,6.158883,7.314202,3.779085,Concept,Y,
相应的坐标变换矩阵为,2,6.158883,7.287483,3.776413,Concept,Y,
随着计算机技术的发展,2,5.347953,9.673746,3.77176,Concept,Y,
应使用中引起的缺陷,2,6.158883,7.237168,3.771382,Concept,Y,
因此在一个太阳日内,2,5.347953,9.600003,3.764386,Concept,Y,
地球绕太阳公转一周的时间是一年,2,5.347953,9.596014,3.763987,Concept,Y,
飞行动力学的理论基础,2,6.158883,7.162236,3.763888,Mission,Y,
例如从低轨道转移到高轨道,2,5.347953,9.563199,3.760706,Concept,Y,
为优化设计目标函数,2,6.158883,7.117558,3.759421,Concept,Y,
根据配平攻角和侧滑角大小及稳定性要求,2,5.347953,9.542583,3.758644,Performance,Y,
限定航天飞机的最大热流,2,5.347953,9.467389,3.751125,Aircraft,Y,
飞机初始总体参数的选择,2,6.158883,6.985284,3.746193,Parameter,Y,
二二二二二二,3,3.079442,10.1361,3.737442,Concept,Y,
双折叠翼变体飞行器总体参数,2,6.158883,6.835826,3.731248,Mechanism,Y,
这些问题在确定最终方案之前要有明确的解答,2,5.347953,9.257892,3.730175,Concept,Y,
这时的流动基本上是自由分子流,2,5.347953,9.257892,3.730175,Concept,Y,
并且获得对关键技术难点的解决方法,2,5.347953,9.226038,3.72699,Concept,Y,
可重复使用新型航天飞行器结构特点,2,6.158883,6.767323,3.724397,Structure,Y,
双折叠翼变体扩充30,2,6.158883,6.692136,3.716879,Mechanism,Y,
变体前后飞机航向改变约10,2,6.158883,6.692136,3.716879,Aircraft,Y,
表示相对厚度等千该两位数乘以0,2,6.158883,6.692136,3.716879,Concept,Y,
转动角速度一般为80,2,6.158883,6.692136,3.716879,Parameter,Y,
复合材料结构的设计,2,6.158883,6.616007,3.709266,Structure,Y,
制造和试验三个阶段,2,5.347953,8.992292,3.703615,Concept,Y,
即不造成轨道形状的变化,2,5.347953,8.976652,3.702051,Concept,Y,
描述引力势随纬度的变化,2,5.347953,8.976652,3.702051,Concept,Y,
结构设计制造一体化设计平台,2,6.158883,6.54269,3.701934,Structure,Y,
航天飞机气动布局设计首先需要气动数据库,2,5.347953,8.962034,3.700589,Performance,Y,
航空宇航科学与技术,2,5.347953,8.962034,3.700589,Concept,Y,
但在某些特殊情况下,2,5.347953,8.954355,3.699821,Concept,Y,
地球并不是均匀的球形,2,5.347953,8.892446,3.69363,Concept,Y,
双折叠翼变体飞行器的期望设计参数对比,3,3.079442,9.692077,3.69304,Mechanism,Y,
从前至后依次为构型1,2,6.158883,6.415263,3.689191,Concept,Y,
机翼的超声速空气动力特性,2,6.158883,6.218098,3.669475,Structure,Y,
主要气动参数的确定,2,5.347953,8.521837,3.65657,Performance,Y,
控制效率与质心位置的确定,2,5.347953,8.521837,3.65657,ControlMethod,Y,
有三个保持不变的特征量,2,5.347953,8.373369,3.641723,Concept,Y,
系统工程与电子技术,2,5.347953,8.373179,3.641704,Concept,Y,
智能变形飞行器发展需求及难点分,2,5.347953,8.282074,3.632593,Mechanism,Y,
在侧向扰动运动方程,2,6.158883,5.832694,3.630934,Concept,Y,
可重复使用新型航天器结构设计,2,6.158883,5.831391,3.630804,Structure,Y,
气体温度和速度的函数,2,5.347953,8.109639,3.61535,Parameter,Y,
从而提高了系统的稳定性,2,5.347953,8.106957,3.615082,Performance,Y,
分析其实现的可行性,2,5.347953,8.106957,3.615082,Concept,Y,
椭圆轨道的基本特性,2,5.347953,8.106957,3.615082,Concept,Y,
确定气动数据不确定度及可靠性,2,5.347953,8.106957,3.615082,Performance,Y,
中国航空工业空气动力研究院,2,5.347953,8.021563,3.606542,Performance,Y,
内侧双缝襟翼,6,0.0,0.0,3.6,Concept,Y,
初始应变初始应变,6,0.0,0.0,3.6,Concept,Y,
前缘缝翼双缝襟翼,6,0.0,0.0,3.6,Concept,Y,
单缝襟翼前缘缝翼,6,0.0,0.0,3.6,Concept,Y,
图书在版编目数据,6,0.0,0.0,3.6,Concept,Y,
幻影幻影,6,0.0,0.0,3.6,Concept,Y,
强子气象强子,6,0.0,0.0,3.6,Concept,Y,
强子气象强子气象,6,0.0,0.0,3.6,Concept,Y,
比较式和式,6,0.0,0.0,3.6,Concept,Y,
气动设计飞机设计手册,6,0.0,0.0,3.6,Performance,Y,
气动设计飞机设计手册总编委会,6,0.0,0.0,3.6,Performance,Y,
气象强子,6,0.0,0.0,3.6,Concept,Y,
气象强子气象,6,0.0,0.0,3.6,Concept,Y,
米格米格米格,6,0.0,0.0,3.6,Concept,Y,
陈钱白鹏,6,0.0,0.0,3.6,Concept,Y,
面积点连成,6,0.0,0.0,3.6,Concept,Y,
飞机设计手册第6气动设计,6,0.0,0.0,3.6,Performance,Y,
飞机设计手册第6气动设计飞机设计手册,6,0.0,0.0,3.6,Performance,Y,
并进一步完善结构设计,2,5.347953,7.910218,3.595408,Structure,Y,
美国航天飞机的外形进行了各阶段的设计,2,5.347953,7.910218,3.595408,Aircraft,Y,
总加热量及最大温度,2,5.347953,7.905961,3.594982,Concept,Y,
变化范围相对地域上是不变的,2,6.158883,5.44724,3.592389,Concept,Y,
各向同性和各向异性芯夹末状态夹芯板面板的,2,6.158883,5.44724,3.592389,Concept,Y,
固定质量重锤冲击下的,2,6.158883,5.44724,3.592389,Concept,Y,
的三维模型贯穿于产品设计,2,6.158883,5.44724,3.592389,Concept,Y,
的产品数据管理系统集成技术,2,6.158883,5.44724,3.592389,Concept,Y,
的产品结构定义方式,2,6.158883,5.44724,3.592389,Structure,Y,
的巡航阻力系数和升阻比随展弦比变化的情况,2,6.158883,5.44724,3.592389,Performance,Y,
的重量随展弦比变化的情况,2,6.158883,5.44724,3.592389,Concept,Y,
静不稳定火箭在飞行过程中的,2,6.158883,5.44724,3.592389,Mission,Y,
静稳定火箭在飞行过程中的,2,6.158883,5.44724,3.592389,Mission,Y,
将模型偏差和构型作为随机变量,3,3.079442,8.60089,3.583922,Concept,Y,
中心引力场的引力势为,2,5.347953,7.702521,3.574638,Concept,Y,
地球绕太阳公转的角速度为,2,5.347953,7.702521,3.574638,Parameter,Y,
在变体开始和结束阶段,2,5.347953,7.640049,3.568391,Aircraft,Y,
在可行性论证阶段中可以进行以下工作,2,5.347953,7.640049,3.568391,Concept,Y,
在复合材料结构设计中,2,5.347953,7.640049,3.568391,Structure,Y,
综合分析评估再入飞行,2,5.347953,7.594024,3.563788,Mission,Y,
飞船与航天飞机都是垂直发射,2,5.347953,7.570246,3.56141,Aircraft,Y,
的航程随展弦比变化的情况,2,6.158883,4.862277,3.533893,Performance,Y,
对于固体火箭发动机,2,5.347953,7.224669,3.526853,Concept,Y,
双折叠翼变体的10,2,6.158883,4.765603,3.524225,Mechanism,Y,
稳定性和操纵性要求,2,5.347953,6.936314,3.498017,Performance,Y,
车载7自由度变体试验平台,2,3.079442,12.922375,3.41607,Aircraft,Y,
低空滑翔,4,0.0,10.033051,3.403305,Concept,Y,
地球卫星都是沿椭圆轨道运行的,2,5.347953,5.44724,3.34911,Concept,Y,
四元数与矢量的乘积,2,3.079442,10.935754,3.217408,Concept,Y,
敬请广大读者批评指正,2,3.079442,10.867927,3.210625,Concept,Y,
显示了变体过程中固定机翼及机身,2,3.079442,10.831,3.206932,Structure,Y,
双折叠翼变体的收益代价,2,3.079442,10.199909,3.143823,Mechanism,Y,
初步确定质心的位置,2,3.079442,10.007516,3.124584,Concept,Y,
全球鹰为原准机,4,0.0,7.124989,3.112499,Concept,Y,
提高飞机的最大起飞重量和巡航升阻比,2,3.079442,9.692077,3.09304,Performance,Y,
双折叠翼变体扩大巡航翼展,2,3.079442,9.673746,3.091207,Mechanism,Y,
最多可安排4个因素试验次数为5次,2,3.079442,9.618762,3.085709,Concept,Y,
而且可以作为改进和未来新设计的基础,2,3.079442,9.56147,3.079979,Concept,Y,
非线性以便满足工程设计要求,2,3.079442,9.542583,3.078091,Concept,Y,
位置尺寸,3,3.079442,3.528693,3.076702,Concept,Y,
几何外形和相对位置等,2,3.079442,9.500142,3.073847,Concept,Y,
尾翼及各类活动操纵控制面等,2,3.079442,9.500142,3.073847,ControlMethod,Y,
双折叠翼变体的气动规律研究,2,3.079442,9.446492,3.068482,Mechanism,Y,
材料强度,3,3.079442,3.405109,3.064343,Concept,Y,
使得地面试验数据可以空前积累起来,2,3.079442,9.364295,3.060262,Concept,Y,
这个扭矩以弯矩的形式在连杆上传递,2,3.079442,9.257892,3.049622,Concept,Y,
确定优化模型和各种约束条件,2,3.079442,9.24708,3.04854,Concept,Y,
一1表示终止规则,2,6.158883,0.0,3.047665,Concept,Y,
一二,2,6.158883,0.0,3.047665,Concept,Y,
一定时,2,6.158883,0.0,3.047665,Concept,Y,
一级近似理论结果,2,6.158883,0.0,3.047665,Concept,Y,
一般取值为,2,6.158883,0.0,3.047665,Concept,Y,
一般可不予考虑,2,6.158883,0.0,3.047665,Concept,Y,
一般采用钢索,2,6.158883,0.0,3.047665,Concept,Y,
三个特征点,2,6.158883,0.0,3.047665,Concept,Y,
三代半,2,6.158883,0.0,3.047665,Concept,Y,
三杆平面框架,2,6.158883,0.0,3.047665,Concept,Y,
三翼面布局,2,6.158883,0.0,3.047665,Structure,Y,
三角形面元,2,6.158883,0.0,3.047665,Concept,Y,
三面图,2,6.158883,0.0,3.047665,Concept,Y,
上三角,2,6.158883,0.0,3.047665,Concept,Y,
上下,2,6.158883,0.0,3.047665,Concept,Y,
上下机翼间距,2,6.158883,0.0,3.047665,Structure,Y,
上下间距在0,2,6.158883,0.0,3.047665,Concept,Y,
上升号,2,6.158883,0.0,3.047665,Concept,Y,
上图,2,6.158883,0.0,3.047665,Concept,Y,
上壁板,2,6.158883,0.0,3.047665,Concept,Y,
上方位置时,2,6.158883,0.0,3.047665,Concept,Y,
上时,2,6.158883,0.0,3.047665,Concept,Y,
上有三处焊接点,2,6.158883,0.0,3.047665,Concept,Y,
上机翼和下机翼,2,6.158883,0.0,3.047665,Structure,Y,
上热流,2,6.158883,0.0,3.047665,Concept,Y,
上的全部作用力,2,6.158883,0.0,3.047665,Concept,Y,
上翼面平坦,2,6.158883,0.0,3.047665,Structure,Y,
上蒙皮吹气式襟翼,2,6.158883,0.0,3.047665,Concept,Y,
上表面为膨胀流动,2,6.158883,0.0,3.047665,Concept,Y,
下反角,2,6.158883,0.0,3.047665,Concept,Y,
下图,2,6.158883,0.0,3.047665,Concept,Y,
下洗速度分布,2,6.158883,0.0,3.047665,Parameter,Y,
下蒙皮吹气式襟翼,2,6.158883,0.0,3.047665,Concept,Y,
下表面为压缩流动,2,6.158883,0.0,3.047665,Concept,Y,
不变时,2,6.158883,0.0,3.047665,Concept,Y,
不可压流场,2,6.158883,0.0,3.047665,Concept,Y,
不同试验结果比较,2,6.158883,0.0,3.047665,Concept,Y,
不大时,2,6.158883,0.0,3.047665,Concept,Y,
不宜开槽口,2,6.158883,0.0,3.047665,Concept,Y,
不属于使用载荷时,2,6.158883,0.0,3.047665,Performance,Y,
不烤,2,6.158883,0.0,3.047665,Concept,Y,
不烫,2,6.158883,0.0,3.047665,Concept,Y,
不确定干扰,2,6.158883,0.0,3.047665,Concept,Y,
不等式,2,6.158883,0.0,3.047665,Concept,Y,
不管怎样,2,6.158883,0.0,3.047665,Concept,Y,
不融合,2,6.158883,0.0,3.047665,Concept,Y,
不适用大,2,6.158883,0.0,3.047665,Concept,Y,
不锈钢,2,6.158883,0.0,3.047665,Concept,Y,
不难得到,2,6.158883,0.0,3.047665,Concept,Y,
不需要,2,6.158883,0.0,3.047665,Concept,Y,
与传统,2,6.158883,0.0,3.047665,Concept,Y,
与图7,2,6.158883,0.0,3.047665,Concept,Y,
与断裂力学的关系,2,6.158883,0.0,3.047665,Concept,Y,
与此不同,2,6.158883,0.0,3.047665,Concept,Y,
与轨道量,2,6.158883,0.0,3.047665,Concept,Y,
且与,2,6.158883,0.0,3.047665,Concept,Y,
世界,2,6.158883,0.0,3.047665,Concept,Y,
世纪以来,2,6.158883,0.0,3.047665,Concept,Y,
两边取对数,2,6.158883,0.0,3.047665,Concept,Y,
个优先方向,2,6.158883,0.0,3.047665,Concept,Y,
个坐标系,2,6.158883,0.0,3.047665,Concept,Y,
个角度间有关方程,2,6.158883,0.0,3.047665,Parameter,Y,
个转动自由度,2,6.158883,0.0,3.047665,Concept,Y,
中43,2,6.158883,0.0,3.047665,Concept,Y,
中44,2,6.158883,0.0,3.047665,Concept,Y,
中国航天,2,6.158883,0.0,3.047665,Concept,Y,
中心极限定理,2,6.158883,0.0,3.047665,Concept,Y,
中找到,2,6.158883,0.0,3.047665,Concept,Y,
中机身,2,6.158883,0.0,3.047665,Structure,Y,
中机身结构,2,6.158883,0.0,3.047665,Structure,Y,
中框,2,6.158883,0.0,3.047665,Concept,Y,
中的分量列阵为,2,6.158883,0.0,3.047665,Concept,Y,
中的分量矩阵,2,6.158883,0.0,3.047665,Concept,Y,
中的第二项与式,2,6.158883,0.0,3.047665,Concept,Y,
中的虚线所示,2,6.158883,0.0,3.047665,Concept,Y,
中部锚高支撑框架,2,6.158883,0.0,3.047665,Concept,Y,
中间层,2,6.158883,0.0,3.047665,Concept,Y,
中高轨道括星,2,6.158883,0.0,3.047665,Concept,Y,
串联系统可靠性,2,6.158883,0.0,3.047665,Concept,Y,
临近空间飞行力学,2,6.158883,0.0,3.047665,Mission,Y,
临近空间飞行器等,2,6.158883,0.0,3.047665,Mission,Y,
为书写方便,2,6.158883,0.0,3.047665,Concept,Y,
为了便于分析,2,6.158883,0.0,3.047665,Concept,Y,
为了研究稳定性,2,6.158883,0.0,3.047665,Performance,Y,
为了简化工艺,2,6.158883,0.0,3.047665,Concept,Y,
为便于查阅,2,6.158883,0.0,3.047665,Concept,Y,
为关于,2,6.158883,0.0,3.047665,Concept,Y,
为单,2,6.158883,0.0,3.047665,Concept,Y,
为单位,2,6.158883,0.0,3.047665,Concept,Y,
为单位矢量,2,6.158883,0.0,3.047665,Concept,Y,
为原准机的单,2,6.158883,0.0,3.047665,Concept,Y,
为地心纬度,2,6.158883,0.0,3.047665,Concept,Y,
为地球的质量,2,6.158883,0.0,3.047665,Concept,Y,
为小角度时,2,6.158883,0.0,3.047665,Parameter,Y,
为弹头偏转角度,2,6.158883,0.0,3.047665,Parameter,Y,
为恢复焓,2,6.158883,0.0,3.047665,Concept,Y,
为方便计算,2,6.158883,0.0,3.047665,Concept,Y,
为机身,2,6.158883,0.0,3.047665,Structure,Y,
为来流动压,2,6.158883,0.0,3.047665,Concept,Y,
为标量函数,2,6.158883,0.0,3.047665,Concept,Y,
为正值,2,6.158883,0.0,3.047665,Concept,Y,
为活动机翼的升力,2,6.158883,0.0,3.047665,Structure,Y,
为活动机翼的重力,2,6.158883,0.0,3.047665,Structure,Y,
为物体的质量,2,6.158883,0.0,3.047665,Concept,Y,
为特定系数,2,6.158883,0.0,3.047665,Concept,Y,
为简化起见,2,6.158883,0.0,3.047665,Concept,Y,
为系数,2,6.158883,0.0,3.047665,Concept,Y,
为约束条件,2,6.158883,0.0,3.047665,Concept,Y,
为诱导阻力因子,2,6.158883,0.0,3.047665,Concept,Y,
为轴线,2,6.158883,0.0,3.047665,Concept,Y,
为阻力系数,2,6.158883,0.0,3.047665,Concept,Y,
主动制导,2,6.158883,0.0,3.047665,Concept,Y,
主轮不对装着前,2,6.158883,0.0,3.047665,Concept,Y,
丿尸,2,6.158883,0.0,3.047665,Concept,Y,
之前,2,6.158883,0.0,3.047665,Concept,Y,
之比值,2,6.158883,0.0,3.047665,Concept,Y,
之间夹角,2,6.158883,0.0,3.047665,Concept,Y,
之间有关关系式,2,6.158883,0.0,3.047665,Concept,Y,
之间的角,2,6.158883,0.0,3.047665,Concept,Y,
乔治,2,6.158883,0.0,3.047665,Concept,Y,
乘员舱俯视图,2,6.158883,0.0,3.047665,Concept,Y,
乘员舱特性,2,6.158883,0.0,3.047665,Concept,Y,
乘员舱结构,2,6.158883,0.0,3.047665,Structure,Y,
乘波,2,6.158883,0.0,3.047665,Concept,Y,
也可以写成,2,6.158883,0.0,3.047665,Concept,Y,
了一,2,6.158883,0.0,3.047665,Concept,Y,
了变体包线的概念,2,6.158883,0.0,3.047665,Aircraft,Y,
二三,2,6.158883,0.0,3.047665,Concept,Y,
二战后,2,6.158883,0.0,3.047665,Concept,Y,
二阶,2,6.158883,0.0,3.047665,Concept,Y,
亚声速前缘,2,6.158883,0.0,3.047665,Concept,Y,
亚声速区,2,6.158883,0.0,3.047665,Concept,Y,
亚声速情况,2,6.158883,0.0,3.047665,Concept,Y,
亚声速爬升率减小,2,6.158883,0.0,3.047665,Concept,Y,
亚声速翼型,2,6.158883,0.0,3.047665,Structure,Y,
亚声速风洞,2,6.158883,0.0,3.047665,Concept,Y,
亚特兰蒂斯,2,6.158883,0.0,3.047665,Concept,Y,
交叉,2,6.158883,0.0,3.047665,Concept,Y,
交线的矢量,2,6.158883,0.0,3.047665,Concept,Y,
亦称为相对导数,2,6.158883,0.0,3.047665,Concept,Y,
产品制造,2,6.158883,0.0,3.047665,Concept,Y,
产品数据管理,2,6.158883,0.0,3.047665,Concept,Y,
仅使用8,2,6.158883,0.0,3.047665,Concept,Y,
仅考虑,2,6.158883,0.0,3.047665,Concept,Y,
从20,2,6.158883,0.0,3.047665,Concept,Y,
从图中可见,2,6.158883,0.0,3.047665,Concept,Y,
从地球表面到1,2,6.158883,0.0,3.047665,Concept,Y,
从纯力学理论观点,2,6.158883,0.0,3.047665,Concept,Y,
从而产生高温,2,6.158883,0.0,3.047665,Concept,Y,
从而使其解锁,2,6.158883,0.0,3.047665,Concept,Y,
从而确定,2,6.158883,0.0,3.047665,Concept,Y,
代码,2,6.158883,0.0,3.047665,Concept,Y,
以三点法为例,2,6.158883,0.0,3.047665,Concept,Y,
以下对图1,2,6.158883,0.0,3.047665,Concept,Y,
以下简称航天飞机,2,6.158883,0.0,3.047665,Aircraft,Y,
以保证在,2,6.158883,0.0,3.047665,Concept,Y,
以及偏导数,2,6.158883,0.0,3.047665,Concept,Y,
以度为单位,2,6.158883,0.0,3.047665,Concept,Y,
以替代物理样机,2,6.158883,0.0,3.047665,Concept,Y,
以望目特性为例,2,6.158883,0.0,3.047665,Concept,Y,
以此类推,2,6.158883,0.0,3.047665,Concept,Y,
以获得,2,6.158883,0.0,3.047665,Concept,Y,
以配置平行飞行时,2,6.158883,0.0,3.047665,Mission,Y,
价值,2,6.158883,0.0,3.047665,Concept,Y,
份的解分量,2,6.158883,0.0,3.047665,Concept,Y,
仿真与反馈控制,2,6.158883,0.0,3.047665,ControlMethod,Y,
仿真分析,2,6.158883,0.0,3.047665,Concept,Y,
仿真结果显示,2,6.158883,0.0,3.047665,Concept,Y,
伊尔,2,6.158883,0.0,3.047665,Concept,Y,
优先级,2,6.158883,0.0,3.047665,Concept,Y,
优化前,2,6.158883,0.0,3.047665,Concept,Y,
优化后,2,6.158883,0.0,3.047665,Concept,Y,
传统上,2,6.158883,0.0,3.047665,Concept,Y,
传递载荷,2,6.158883,0.0,3.047665,Performance,Y,
伸缩,2,6.158883,0.0,3.047665,Concept,Y,
但与其,2,6.158883,0.0,3.047665,Concept,Y,
但此时,2,6.158883,0.0,3.047665,Concept,Y,
位移等,2,6.158883,0.0,3.047665,Concept,Y,
低压梁支撑,2,6.158883,0.0,3.047665,Concept,Y,
低头力矩,2,6.158883,0.0,3.047665,Concept,Y,
低成本制造技术,2,6.158883,0.0,3.047665,Concept,Y,
低热流,2,6.158883,0.0,3.047665,Concept,Y,
低空投放试验,2,6.158883,0.0,3.047665,Concept,Y,
低速翼型,2,6.158883,0.0,3.047665,Structure,Y,
作为分段点,2,6.158883,0.0,3.047665,Concept,Y,
作为设计变量,2,6.158883,0.0,3.047665,Concept,Y,
作图时,2,6.158883,0.0,3.047665,Concept,Y,
使导弹偏仰角,2,6.158883,0.0,3.047665,Concept,Y,
使弹,2,6.158883,0.0,3.047665,Concept,Y,
使得弹轴,2,6.158883,0.0,3.047665,Concept,Y,
使用中引起的缺陷,2,6.158883,0.0,3.047665,Concept,Y,
使用压力,2,6.158883,0.0,3.047665,Concept,Y,
使用寿命,2,6.158883,0.0,3.047665,Concept,Y,
使用环境,2,6.158883,0.0,3.047665,Concept,Y,
使用维护方便,2,6.158883,0.0,3.047665,Concept,Y,
使用限制,2,6.158883,0.0,3.047665,Concept,Y,
供卫星设计,2,6.158883,0.0,3.047665,Concept,Y,
侧力因数,2,6.158883,0.0,3.047665,Concept,Y,
侧视方向,2,6.158883,0.0,3.047665,Concept,Y,
保持不变,2,6.158883,0.0,3.047665,Concept,Y,
修正因子,2,6.158883,0.0,3.047665,Concept,Y,
俯仰力矩系数增加,2,6.158883,0.0,3.047665,Concept,Y,
俯仰阻尼矩,2,6.158883,0.0,3.047665,Concept,Y,
俯向运动方程组,2,6.158883,0.0,3.047665,Concept,Y,
俯航力矩,2,6.158883,0.0,3.047665,Concept,Y,
俯角和弹道偏角外,2,6.158883,0.0,3.047665,Concept,Y,
倍平均弦长时,2,6.158883,0.0,3.047665,Concept,Y,
倍弦长左右,2,6.158883,0.0,3.047665,Concept,Y,
倍机,2,6.158883,0.0,3.047665,Concept,Y,
倍频,2,6.158883,0.0,3.047665,Concept,Y,
值在,2,6.158883,0.0,3.047665,Concept,Y,
值见表3,2,6.158883,0.0,3.047665,Concept,Y,
倾角,2,6.158883,0.0,3.047665,Concept,Y,
假定,2,6.158883,0.0,3.047665,Concept,Y,
偏微微版,2,6.158883,0.0,3.047665,Concept,Y,
偏心衬套,2,6.158883,0.0,3.047665,Concept,Y,
偏离量,2,6.158883,0.0,3.047665,Concept,Y,
偏移,2,6.158883,0.0,3.047665,Concept,Y,
储存,2,6.158883,0.0,3.047665,Concept,Y,
储箱,2,6.158883,0.0,3.047665,Concept,Y,
储箱壁厚为,2,6.158883,0.0,3.047665,Concept,Y,
储箱容积的确定,2,6.158883,0.0,3.047665,Concept,Y,
储箱底,2,6.158883,0.0,3.047665,Concept,Y,
储箱的分类,2,6.158883,0.0,3.047665,Concept,Y,
储箱的功用与组成,2,6.158883,0.0,3.047665,Concept,Y,
储箱的强度校核,2,6.158883,0.0,3.047665,Concept,Y,
储箱的构造设计,2,6.158883,0.0,3.047665,Concept,Y,
储箱的结构形式,2,6.158883,0.0,3.047665,Structure,Y,
储箱的试验,2,6.158883,0.0,3.047665,Concept,Y,
儒科夫斯基,2,6.158883,0.0,3.047665,Concept,Y,
元件,2,6.158883,0.0,3.047665,Concept,Y,
充分体现了单,2,6.158883,0.0,3.047665,Concept,Y,
充分大时,2,6.158883,0.0,3.047665,Concept,Y,
入流边界,2,6.158883,0.0,3.047665,Concept,Y,
全书分为7章,2,6.158883,0.0,3.047665,Concept,Y,
全动垂尾,2,6.158883,0.0,3.047665,Concept,Y,
全因素或部分因素,2,6.158883,0.0,3.047665,Concept,Y,
全弹,2,6.158883,0.0,3.047665,Concept,Y,
公务机,2,6.158883,0.0,3.047665,Concept,Y,
公铰,2,6.158883,0.0,3.047665,Concept,Y,
六位数翼型,2,6.158883,0.0,3.047665,Structure,Y,
共振试验,2,6.158883,0.0,3.047665,Concept,Y,
共轭复根,2,6.158883,0.0,3.047665,Concept,Y,
关机,2,6.158883,0.0,3.047665,Concept,Y,
关系曲线中,2,6.158883,0.0,3.047665,Concept,Y,
关节段,2,6.158883,0.0,3.047665,Concept,Y,
关节轴承,2,6.158883,0.0,3.047665,Concept,Y,
其上边界也较高,2,6.158883,0.0,3.047665,Concept,Y,
其中下标,2,6.158883,0.0,3.047665,Concept,Y,
其中变换矩阵,2,6.158883,0.0,3.047665,Concept,Y,
其主要特点有,2,6.158883,0.0,3.047665,Concept,Y,
其他战斗机,2,6.158883,0.0,3.047665,Concept,Y,
其他无尾布局飞机,2,6.158883,0.0,3.047665,Aircraft,Y,
其值为4,2,6.158883,0.0,3.047665,Concept,Y,
其半径,2,6.158883,0.0,3.047665,Concept,Y,
其取值范围为,2,6.158883,0.0,3.047665,Concept,Y,
其各元素为,2,6.158883,0.0,3.047665,Concept,Y,
其它功能,2,6.158883,0.0,3.047665,Concept,Y,
其定义与式,2,6.158883,0.0,3.047665,Concept,Y,
其定义如下,2,6.158883,0.0,3.047665,Concept,Y,
其导引关系式为,2,6.158883,0.0,3.047665,Concept,Y,
其引引关系式为,2,6.158883,0.0,3.047665,Concept,Y,
其斜率,2,6.158883,0.0,3.047665,Concept,Y,
其目标函数为,2,6.158883,0.0,3.047665,Concept,Y,
其结果是,2,6.158883,0.0,3.047665,Concept,Y,
其计算关系式为,2,6.158883,0.0,3.047665,Concept,Y,
具体表现为,2,6.158883,0.0,3.047665,Concept,Y,
具体计算方法见4,2,6.158883,0.0,3.047665,Concept,Y,
具有更好的代表性,2,6.158883,0.0,3.047665,Concept,Y,
具有角速度,2,6.158883,0.0,3.047665,Parameter,Y,
典型任务剖面,2,6.158883,0.0,3.047665,Mission,Y,
典型值,2,6.158883,0.0,3.047665,Concept,Y,
典型的起,2,6.158883,0.0,3.047665,Concept,Y,
内侧机,2,6.158883,0.0,3.047665,Concept,Y,
内副翼,2,6.158883,0.0,3.047665,Concept,Y,
内卡块式连接,2,6.158883,0.0,3.047665,Concept,Y,
内基板,2,6.158883,0.0,3.047665,Concept,Y,
内容具体,2,6.158883,0.0,3.047665,Concept,Y,
内径,2,6.158883,0.0,3.047665,Concept,Y,
内时,2,6.158883,0.0,3.047665,Concept,Y,
内部装载的体积,2,6.158883,0.0,3.047665,Concept,Y,
再取向,2,6.158883,0.0,3.047665,Concept,Y,
冒险星,2,6.158883,0.0,3.047665,Concept,Y,
冗1,2,6.158883,0.0,3.047665,Concept,Y,
军用巡逻机,2,6.158883,0.0,3.047665,Concept,Y,
军用教练机,2,6.158883,0.0,3.047665,Concept,Y,
军用飞机,2,6.158883,0.0,3.047665,Aircraft,Y,
冯国强,2,6.158883,0.0,3.047665,Concept,Y,
冲击损伤的尺寸,2,6.158883,0.0,3.047665,Concept,Y,
决定于,2,6.158883,0.0,3.047665,Concept,Y,
决定的,2,6.158883,0.0,3.047665,Concept,Y,
冷却速率,2,6.158883,0.0,3.047665,Concept,Y,
冷备份系统可靠性,2,6.158883,0.0,3.047665,Concept,Y,
准则法,2,6.158883,0.0,3.047665,Concept,Y,
准确极限设计法,2,6.158883,0.0,3.047665,Concept,Y,
减小到,2,6.158883,0.0,3.047665,Concept,Y,
减小到12,2,6.158883,0.0,3.047665,Concept,Y,
减缓阵风,2,6.158883,0.0,3.047665,Concept,Y,
减重,2,6.158883,0.0,3.047665,Concept,Y,
几何造型,2,6.158883,0.0,3.047665,Concept,Y,
凯利,2,6.158883,0.0,3.047665,Concept,Y,
出流边界,2,6.158883,0.0,3.047665,Concept,Y,
分别可写为,2,6.158883,0.0,3.047665,Concept,Y,
分别在,2,6.158883,0.0,3.047665,Concept,Y,
分别定义如下,2,6.158883,0.0,3.047665,Concept,Y,
分布面,2,6.158883,0.0,3.047665,Concept,Y,
分析式,2,6.158883,0.0,3.047665,Concept,Y,
分析技术,2,6.158883,0.0,3.047665,Concept,Y,
分析的目的,2,6.158883,0.0,3.047665,Concept,Y,
分离可靠,2,6.158883,0.0,3.047665,Concept,Y,
分离速度,2,6.158883,0.0,3.047665,Parameter,Y,
分钟后,2,6.158883,0.0,3.047665,Concept,Y,
切劈法,2,6.158883,0.0,3.047665,Concept,Y,
列距,2,6.158883,0.0,3.047665,Concept,Y,
刘延柱,2,6.158883,0.0,3.047665,Concept,Y,
刘秋生,2,6.158883,0.0,3.047665,Concept,Y,
刘连元,2,6.158883,0.0,3.047665,Concept,Y,
则为相对弹道,2,6.158883,0.0,3.047665,Concept,Y,
则偏离量,2,6.158883,0.0,3.047665,Concept,Y,
则停止迭代,2,6.158883,0.0,3.047665,Concept,Y,
则其目标函数为,2,6.158883,0.0,3.047665,Concept,Y,
则当,2,6.158883,0.0,3.047665,Concept,Y,
则按照图7,2,6.158883,0.0,3.047665,Concept,Y,
则方程,2,6.158883,0.0,3.047665,Concept,Y,
则此时有,2,6.158883,0.0,3.047665,Concept,Y,
则由,2,6.158883,0.0,3.047665,Concept,Y,
则记,2,6.158883,0.0,3.047665,Concept,Y,
则该前,2,6.158883,0.0,3.047665,Concept,Y,
则采用,2,6.158883,0.0,3.047665,Concept,Y,
刚度和稳定性,2,6.158883,0.0,3.047665,Performance,Y,
刚度和稳定性分析,2,6.158883,0.0,3.047665,Performance,Y,
刚度性能,2,6.158883,0.0,3.047665,Performance,Y,
刚度计算,2,6.158883,0.0,3.047665,Concept,Y,
初始,2,6.158883,0.0,3.047665,Concept,Y,
初始网格,2,6.158883,0.0,3.047665,Concept,Y,
初始速率,2,6.158883,0.0,3.047665,Concept,Y,
初始高度取1水平,2,6.158883,0.0,3.047665,Performance,Y,
初步重量估算,2,6.158883,0.0,3.047665,Concept,Y,
利于低空滑翔,2,6.158883,0.0,3.047665,Concept,Y,
利用坐标变换矩阵,2,6.158883,0.0,3.047665,Concept,Y,
利用热力学函数表,2,6.158883,0.0,3.047665,Concept,Y,
利用符号,2,6.158883,0.0,3.047665,Concept,Y,
刮涂,2,6.158883,0.0,3.047665,Concept,Y,
到3,2,6.158883,0.0,3.047665,Concept,Y,
到入轨,2,6.158883,0.0,3.047665,Concept,Y,
制件强度高,2,6.158883,0.0,3.047665,Concept,Y,
制定试验规范,2,6.158883,0.0,3.047665,Concept,Y,
制导精度,2,6.158883,0.0,3.047665,Concept,Y,
制订基于,2,6.158883,0.0,3.047665,Concept,Y,
制造环境,2,6.158883,0.0,3.047665,Concept,Y,
制造缺陷,2,6.158883,0.0,3.047665,Concept,Y,
前向相变,2,6.158883,0.0,3.047665,Concept,Y,
前封固段,2,6.158883,0.0,3.047665,Concept,Y,
前机身结构,2,6.158883,0.0,3.047665,Structure,Y,
前策略,2,6.158883,0.0,3.047665,Concept,Y,
前缘全翼展襟翼,2,6.158883,0.0,3.047665,Concept,Y,
前缘吸力系数,2,6.158883,0.0,3.047665,Concept,Y,
前视,2,6.158883,0.0,3.047665,Concept,Y,
前进之路,2,6.158883,0.0,3.047665,Concept,Y,
前部反作用,2,6.158883,0.0,3.047665,Concept,Y,
剩余强度系数,2,6.158883,0.0,3.047665,Concept,Y,
剪切,2,6.158883,0.0,3.047665,Concept,Y,
剪切应力,2,6.158883,0.0,3.047665,Concept,Y,
剪膜与弹簧,2,6.158883,0.0,3.047665,Concept,Y,
副主编,2,6.158883,0.0,3.047665,Concept,Y,
副翼及横向操纵面,2,6.158883,0.0,3.047665,Concept,Y,
副翼弦长,2,6.158883,0.0,3.047665,Concept,Y,
副翼相对弦长,2,6.158883,0.0,3.047665,Concept,Y,
副翼面积15,2,6.158883,0.0,3.047665,Structure,Y,
副翼面积20,2,6.158883,0.0,3.047665,Structure,Y,
副翼面积25,2,6.158883,0.0,3.047665,Structure,Y,
力与力矩的计算,2,6.158883,0.0,3.047665,Concept,Y,
力学性能,2,6.158883,0.0,3.047665,Performance,Y,
力学性能优良,2,6.158883,0.0,3.047665,Performance,Y,
力的转化,2,6.158883,0.0,3.047665,Concept,Y,
力矩特性,2,6.158883,0.0,3.047665,Concept,Y,
力系数,2,6.158883,0.0,3.047665,Concept,Y,
加以证明时,2,6.158883,0.0,3.047665,Concept,Y,
加工的焊接壁板,2,6.158883,0.0,3.047665,Concept,Y,
加工精度要求高,2,6.158883,0.0,3.047665,Concept,Y,
加强框,2,6.158883,0.0,3.047665,Concept,Y,
加强筋,2,6.158883,0.0,3.047665,Concept,Y,
加筋条端头设计,2,6.158883,0.0,3.047665,Concept,Y,
加速度等,2,6.158883,0.0,3.047665,Parameter,Y,
加速度计,2,6.158883,0.0,3.047665,Parameter,Y,
动分析,2,6.158883,0.0,3.047665,Concept,Y,
动力增升装置,2,6.158883,0.0,3.047665,Concept,Y,
动载荷和热载荷,2,6.158883,0.0,3.047665,Performance,Y,
包带,2,6.158883,0.0,3.047665,Concept,Y,
包括尾翼,2,6.158883,0.0,3.047665,Structure,Y,
包括机体,2,6.158883,0.0,3.047665,Concept,Y,
化学变化,2,6.158883,0.0,3.047665,Concept,Y,
十一,2,6.158883,0.0,3.047665,Concept,Y,
十三五,2,6.158883,0.0,3.047665,Concept,Y,
十四,2,6.158883,0.0,3.047665,Concept,Y,
升交点,2,6.158883,0.0,3.047665,Concept,Y,
升力下降,2,6.158883,0.0,3.047665,Concept,Y,
升力减小,2,6.158883,0.0,3.047665,Concept,Y,
升力增大,2,6.158883,0.0,3.047665,Concept,Y,
升攻角,2,6.158883,0.0,3.047665,Parameter,Y,
升降舵效率,2,6.158883,0.0,3.047665,Performance,Y,
升降舵设计,2,6.158883,0.0,3.047665,Concept,Y,
半翼展,2,6.158883,0.0,3.047665,Concept,Y,
单元,2,6.158883,0.0,3.047665,Concept,Y,
单元可靠度,2,6.158883,0.0,3.047665,Concept,Y,
单剪制动对接,2,6.158883,0.0,3.047665,Concept,Y,
单发,2,6.158883,0.0,3.047665,Concept,Y,
单梁,2,6.158883,0.0,3.047665,Concept,Y,
单连环,2,6.158883,0.0,3.047665,Concept,Y,
博士,2,6.158883,0.0,3.047665,Concept,Y,
卡共,2,6.158883,0.0,3.047665,Concept,Y,
卡板,2,6.158883,0.0,3.047665,Concept,Y,
卡门,2,6.158883,0.0,3.047665,Concept,Y,
卫星结构概述,2,6.158883,0.0,3.047665,Structure,Y,
卫星结构的分类,2,6.158883,0.0,3.047665,Structure,Y,
卫星结构的功能,2,6.158883,0.0,3.047665,Structure,Y,
即了,2,6.158883,0.0,3.047665,Concept,Y,
即可得到,2,6.158883,0.0,3.047665,Concept,Y,
即垂直于轨道平面,2,6.158883,0.0,3.047665,Concept,Y,
即所谓,2,6.158883,0.0,3.047665,Concept,Y,
即认为,2,6.158883,0.0,3.047665,Concept,Y,
厂的生产,2,6.158883,0.0,3.047665,Concept,Y,
压力和环境的试验,2,6.158883,0.0,3.047665,Concept,Y,
压力系数的叠加法,2,6.158883,0.0,3.047665,Concept,Y,
压力计算,2,6.158883,0.0,3.047665,Concept,Y,
压力载荷积分,2,6.158883,0.0,3.047665,Performance,Y,
压差阻力,2,6.158883,0.0,3.047665,Concept,Y,
压强增大,2,6.158883,0.0,3.047665,Concept,Y,
压强降低,2,6.158883,0.0,3.047665,Concept,Y,
压心随之前移,2,6.158883,0.0,3.047665,Concept,Y,
压缝,2,6.158883,0.0,3.047665,Concept,Y,
压缩强度,2,6.158883,0.0,3.047665,Concept,Y,
厚度分布,2,6.158883,0.0,3.047665,Concept,Y,
原始火箭,2,6.158883,0.0,3.047665,Concept,Y,
去李晶,2,6.158883,0.0,3.047665,Concept,Y,
参与,2,6.158883,0.0,3.047665,Concept,Y,
参照图5,2,6.158883,0.0,3.047665,Concept,Y,
参看图1,2,6.158883,0.0,3.047665,Concept,Y,
参看图3,2,6.158883,0.0,3.047665,Concept,Y,
参看图5,2,6.158883,0.0,3.047665,Concept,Y,
参看图6,2,6.158883,0.0,3.047665,Concept,Y,
参考图,2,6.158883,0.0,3.047665,Concept,Y,
参考航迹,2,6.158883,0.0,3.047665,Concept,Y,
参见7,2,6.158883,0.0,3.047665,Concept,Y,
又例如,2,6.158883,0.0,3.047665,Concept,Y,
又称为,2,6.158883,0.0,3.047665,Concept,Y,
叉积,2,6.158883,0.0,3.047665,Concept,Y,
及其导数,2,6.158883,0.0,3.047665,Concept,Y,
及甲烷,2,6.158883,0.0,3.047665,Concept,Y,
双剪制动对接,2,6.158883,0.0,3.047665,Concept,Y,
双圆锥法,2,6.158883,0.0,3.047665,Concept,Y,
双垂尾,2,6.158883,0.0,3.047665,Concept,Y,
双垂尾正常布局,2,6.158883,0.0,3.047665,Concept,Y,
双层底式,2,6.158883,0.0,3.047665,Concept,Y,
双折,2,6.158883,0.0,3.047665,Concept,Y,
双折叠翼变体方案,2,6.158883,0.0,3.047665,Mechanism,Y,
双折叠翼变体概念,2,6.158883,0.0,3.047665,Mechanism,Y,
双曲正切模型,2,6.158883,0.0,3.047665,Concept,Y,
双曲线,2,6.158883,0.0,3.047665,Concept,Y,
双曲线截面,2,6.158883,0.0,3.047665,Concept,Y,
反向操纵机构,2,6.158883,0.0,3.047665,Concept,Y,
反向积分伴随方程,2,6.158883,0.0,3.047665,Concept,Y,
反步法,2,6.158883,0.0,3.047665,ControlMethod,Y,
发动机噪声激励,2,6.158883,0.0,3.047665,Concept,Y,
发动机等,2,6.158883,0.0,3.047665,Concept,Y,
发射过程,2,6.158883,0.0,3.047665,Concept,Y,
发展了单,2,6.158883,0.0,3.047665,Concept,Y,
发展性,2,6.158883,0.0,3.047665,Concept,Y,
取时间导数,2,6.158883,0.0,3.047665,Concept,Y,
取航道的拐点,2,6.158883,0.0,3.047665,Concept,Y,
取轨道方程,2,6.158883,0.0,3.047665,Concept,Y,
受力形式好,2,6.158883,0.0,3.047665,Concept,Y,
受火式储箱,2,6.158883,0.0,3.047665,Concept,Y,
变体参数,2,6.158883,0.0,3.047665,Parameter,Y,
变体图形的构造,2,6.158883,0.0,3.047665,Aircraft,Y,
变化不大,2,6.158883,0.0,3.047665,Concept,Y,
变化很小,2,6.158883,0.0,3.047665,Concept,Y,
变后掠飞机,2,6.158883,0.0,3.047665,Aircraft,Y,
变异系数为0,2,6.158883,0.0,3.047665,Concept,Y,
变换矩阵,2,6.158883,0.0,3.047665,Concept,Y,
变换策略,2,6.158883,0.0,3.047665,Mechanism,Y,
变构,2,6.158883,0.0,3.047665,Concept,Y,
口口口,2,6.158883,0.0,3.047665,Concept,Y,
口框,2,6.158883,0.0,3.047665,Concept,Y,
另一方而,2,6.158883,0.0,3.047665,Concept,Y,
另外要注意,2,6.158883,0.0,3.047665,Concept,Y,
只有当迎角很大,2,6.158883,0.0,3.047665,Concept,Y,
可以忽略不计,2,6.158883,0.0,3.047665,Concept,Y,
可以略去,2,6.158883,0.0,3.047665,Concept,Y,
可以看,2,6.158883,0.0,3.047665,Concept,Y,
可伸缩翼窗,2,6.158883,0.0,3.047665,Concept,Y,
可供参考,2,6.158883,0.0,3.047665,Concept,Y,
可制造性,2,6.158883,0.0,3.047665,Concept,Y,
可参见第5,2,6.158883,0.0,3.047665,Concept,Y,
可变为,2,6.158883,0.0,3.047665,Concept,Y,
可变外形,2,6.158883,0.0,3.047665,Concept,Y,
可变进气道,2,6.158883,0.0,3.047665,Concept,Y,
可常性,2,6.158883,0.0,3.047665,Concept,Y,
可得出,2,6.158883,0.0,3.047665,Concept,Y,
可探测性,2,6.158883,0.0,3.047665,Concept,Y,
可改写为,2,6.158883,0.0,3.047665,Concept,Y,
可求得,2,6.158883,0.0,3.047665,Concept,Y,
可由图3,2,6.158883,0.0,3.047665,Concept,Y,
可看成四边固支,2,6.158883,0.0,3.047665,Concept,Y,
可算指标,2,6.158883,0.0,3.047665,Concept,Y,
可行集为,2,6.158883,0.0,3.047665,Concept,Y,
可近似为,2,6.158883,0.0,3.047665,Concept,Y,
可近似取,2,6.158883,0.0,3.047665,Concept,Y,
可重复使用新型,2,6.158883,0.0,3.047665,Concept,Y,
可靠性要求,2,6.158883,0.0,3.047665,Concept,Y,
台由,2,6.158883,0.0,3.047665,Concept,Y,
史超礼,2,6.158883,0.0,3.047665,Concept,Y,
右侧相等,2,6.158883,0.0,3.047665,Concept,Y,
右激波类型,2,6.158883,0.0,3.047665,Concept,Y,
叶露,2,6.158883,0.0,3.047665,Concept,Y,
各轴上的分量,2,6.158883,0.0,3.047665,Concept,Y,
合金结构钢,2,6.158883,0.0,3.047665,Structure,Y,
同向操纵机构,2,6.158883,0.0,3.047665,Concept,Y,
同时应该指出,2,6.158883,0.0,3.047665,Concept,Y,
同时满足某些条件,2,6.158883,0.0,3.047665,Concept,Y,
同时还,2,6.158883,0.0,3.047665,Concept,Y,
同时镇定侧滑角,2,6.158883,0.0,3.047665,Concept,Y,
同温层堡垒,2,6.158883,0.0,3.047665,Concept,Y,
同轴式,2,6.158883,0.0,3.047665,Concept,Y,
同量级,2,6.158883,0.0,3.047665,Concept,Y,
名义,2,6.158883,0.0,3.047665,Concept,Y,
名义应力,2,6.158883,0.0,3.047665,Concept,Y,
名宇航员全部罹难,2,6.158883,0.0,3.047665,Concept,Y,
后掠角越大,2,6.158883,0.0,3.047665,Concept,Y,
后支撑,2,6.158883,0.0,3.047665,Concept,Y,
后槽,2,6.158883,0.0,3.047665,Concept,Y,
后短壳,2,6.158883,0.0,3.047665,Concept,Y,
后面将会看到,2,6.158883,0.0,3.047665,Concept,Y,
向扰动速度,2,6.158883,0.0,3.047665,Parameter,Y,
周兴华,2,6.158883,0.0,3.047665,Concept,Y,
周洲,2,6.158883,0.0,3.047665,Concept,Y,
和1,2,6.158883,0.0,3.047665,Concept,Y,
和2,2,6.158883,0.0,3.047665,Concept,Y,
和20,2,6.158883,0.0,3.047665,Concept,Y,
和5个强度参数,2,6.158883,0.0,3.047665,Parameter,Y,
和侧滑角,2,6.158883,0.0,3.047665,Concept,Y,
和俯仰角,2,6.158883,0.0,3.047665,Concept,Y,
和含中进损伤,2,6.158883,0.0,3.047665,Concept,Y,
和固定机翼,2,6.158883,0.0,3.047665,Structure,Y,
和图6,2,6.158883,0.0,3.047665,Concept,Y,
和图7,2,6.158883,0.0,3.047665,Concept,Y,
和地心,2,6.158883,0.0,3.047665,Concept,Y,
和展开机构,2,6.158883,0.0,3.047665,Mechanism,Y,
和平均偏角,2,6.158883,0.0,3.047665,Concept,Y,
和弯矩,2,6.158883,0.0,3.047665,Concept,Y,
和强度,2,6.158883,0.0,3.047665,Concept,Y,
和方差,2,6.158883,0.0,3.047665,Concept,Y,
和方程组,2,6.158883,0.0,3.047665,Concept,Y,
和时间增量,2,6.158883,0.0,3.047665,Concept,Y,
和相位,2,6.158883,0.0,3.047665,Concept,Y,
和苏联的图,2,6.158883,0.0,3.047665,Concept,Y,
和起飞距离,2,6.158883,0.0,3.047665,Mission,Y,
和远地点,2,6.158883,0.0,3.047665,Concept,Y,
唐小伟,2,6.158883,0.0,3.047665,Concept,Y,
喷气,2,6.158883,0.0,3.047665,Concept,Y,
喷气战斗机,2,6.158883,0.0,3.047665,Concept,Y,
喷流干扰模型,2,6.158883,0.0,3.047665,Concept,Y,
喷流控制,2,6.158883,0.0,3.047665,ControlMethod,Y,
器一样,2,6.158883,0.0,3.047665,Concept,Y,
四边设块密,2,6.158883,0.0,3.047665,Concept,Y,
回归仿生学,2,6.158883,0.0,3.047665,Concept,Y,
固定密封形式,2,6.158883,0.0,3.047665,Concept,Y,
固定的辐射板,2,6.158883,0.0,3.047665,Concept,Y,
固定结构,2,6.158883,0.0,3.047665,Structure,Y,
固有频率,2,6.158883,0.0,3.047665,Concept,Y,
国三,2,6.158883,0.0,3.047665,Concept,Y,
国内研究现状,2,6.158883,0.0,3.047665,Concept,Y,
国际参考大气,2,6.158883,0.0,3.047665,Concept,Y,
图中未标出,2,6.158883,0.0,3.047665,Concept,Y,
图的产生及发展,2,6.158883,0.0,3.047665,Concept,Y,
圆截面,2,6.158883,0.0,3.047665,Concept,Y,
在10,2,6.158883,0.0,3.047665,Concept,Y,
在70,2,6.158883,0.0,3.047665,Concept,Y,
在一定偏转范围内,2,6.158883,0.0,3.047665,Concept,Y,
在不同空间代价下,2,6.158883,0.0,3.047665,Concept,Y,
在不同重量代价下,2,6.158883,0.0,3.047665,Concept,Y,
在亚声速情况下,2,6.158883,0.0,3.047665,Concept,Y,
在亚声速阶段,2,6.158883,0.0,3.047665,Concept,Y,
在任务需求时,2,6.158883,0.0,3.047665,Mission,Y,
在具备50,2,6.158883,0.0,3.047665,Concept,Y,
在冯,2,6.158883,0.0,3.047665,Concept,Y,
在分离过程中,2,6.158883,0.0,3.047665,Concept,Y,
在前,2,6.158883,0.0,3.047665,Concept,Y,
在半径为,2,6.158883,0.0,3.047665,Concept,Y,
在单翼,2,6.158883,0.0,3.047665,Concept,Y,
在单翼状态,2,6.158883,0.0,3.047665,Concept,Y,
在双翼状态,2,6.158883,0.0,3.047665,Concept,Y,
在变体飞行试验中,2,6.158883,0.0,3.047665,Mission,Y,
在图3,2,6.158883,0.0,3.047665,Concept,Y,
在实际使用前,2,6.158883,0.0,3.047665,Concept,Y,
在实际计算中,2,6.158883,0.0,3.047665,Concept,Y,
在导弹,2,6.158883,0.0,3.047665,Concept,Y,
在小扰动条件下,2,6.158883,0.0,3.047665,Concept,Y,
在展开过程中,2,6.158883,0.0,3.047665,Mechanism,Y,
在工程实践中,2,6.158883,0.0,3.047665,Concept,Y,
在并行工程中,2,6.158883,0.0,3.047665,Concept,Y,
在弹性范围内,2,6.158883,0.0,3.047665,Concept,Y,
在弹道中,2,6.158883,0.0,3.047665,Concept,Y,
在按近似公式,2,6.158883,0.0,3.047665,Concept,Y,
在控制系统作用下,2,6.158883,0.0,3.047665,ControlMethod,Y,
在整个飞行过程中,2,6.158883,0.0,3.047665,Mission,Y,
在星,2,6.158883,0.0,3.047665,Concept,Y,
在本,2,6.158883,0.0,3.047665,Concept,Y,
在正常飞行过程中,2,6.158883,0.0,3.047665,Mission,Y,
在此之后,2,6.158883,0.0,3.047665,Concept,Y,
在水平面,2,6.158883,0.0,3.047665,Concept,Y,
在海平面上,2,6.158883,0.0,3.047665,Concept,Y,
在界面,2,6.158883,0.0,3.047665,Concept,Y,
在目标规划中,2,6.158883,0.0,3.047665,ControlMethod,Y,
在目标规划模型中,2,6.158883,0.0,3.047665,ControlMethod,Y,
在结构重量增加,2,6.158883,0.0,3.047665,Structure,Y,
在给定,2,6.158883,0.0,3.047665,Concept,Y,
在缩减50,2,6.158883,0.0,3.047665,Concept,Y,
在航天器发射时,2,6.158883,0.0,3.047665,Aircraft,Y,
在设计载荷下,2,6.158883,0.0,3.047665,Performance,Y,
在轨道坐标系中,2,6.158883,0.0,3.047665,Concept,Y,
在轨道平面内,2,6.158883,0.0,3.047665,Concept,Y,
在过去,2,6.158883,0.0,3.047665,Concept,Y,
在迎角较小时,2,6.158883,0.0,3.047665,Concept,Y,
在运动一圈时,2,6.158883,0.0,3.047665,Concept,Y,
在这个时期,2,6.158883,0.0,3.047665,Concept,Y,
在这些方法中,2,6.158883,0.0,3.047665,Concept,Y,
在进行弹道计算时,2,6.158883,0.0,3.047665,Concept,Y,
在重量,2,6.158883,0.0,3.047665,Concept,Y,
在铺带机方面,2,6.158883,0.0,3.047665,Concept,Y,
在高超声速时,2,6.158883,0.0,3.047665,Concept,Y,
在高速,2,6.158883,0.0,3.047665,Concept,Y,
在黏性干扰区内,2,6.158883,0.0,3.047665,Concept,Y,
地心拱线坐标系,2,6.158883,0.0,3.047665,Concept,Y,
地狱猫,2,6.158883,0.0,3.047665,Concept,Y,
地球同步轨道,2,6.158883,0.0,3.047665,Concept,Y,
地球引力场表示为,2,6.158883,0.0,3.047665,Concept,Y,
地磁场,2,6.158883,0.0,3.047665,Concept,Y,
地震,2,6.158883,0.0,3.047665,Concept,Y,
地面拍摄视角,2,6.158883,0.0,3.047665,Concept,Y,
地面摩擦系数,2,6.158883,0.0,3.047665,Concept,Y,
地面模拟试验,2,6.158883,0.0,3.047665,Concept,Y,
地面状态,2,6.158883,0.0,3.047665,Concept,Y,
地面试验,2,6.158883,0.0,3.047665,Concept,Y,
地面风载荷,2,6.158883,0.0,3.047665,Performance,Y,
均为负,2,6.158883,0.0,3.047665,Concept,Y,
均匀设计表,2,6.158883,0.0,3.047665,Concept,Y,
均垂直,2,6.158883,0.0,3.047665,Concept,Y,
均有,2,6.158883,0.0,3.047665,Concept,Y,
坐标原点,2,6.158883,0.0,3.047665,Concept,Y,
坐标变换,2,6.158883,0.0,3.047665,Concept,Y,
垂直于,2,6.158883,0.0,3.047665,Concept,Y,
型合金,2,6.158883,0.0,3.047665,Concept,Y,
型槽,2,6.158883,0.0,3.047665,Concept,Y,
型槽的结构方案,2,6.158883,0.0,3.047665,Structure,Y,
型进气道模具的,2,6.158883,0.0,3.047665,Concept,Y,
型钛合金,2,6.158883,0.0,3.047665,Concept,Y,
基于热,2,6.158883,0.0,3.047665,Concept,Y,
基于静,2,6.158883,0.0,3.047665,Concept,Y,
基体,2,6.158883,0.0,3.047665,Concept,Y,
基本外形,2,6.158883,0.0,3.047665,Concept,Y,
基本架构的结构,2,6.158883,0.0,3.047665,Structure,Y,
增加而降低,2,6.158883,0.0,3.047665,Concept,Y,
增大系数数值,2,6.158883,0.0,3.047665,Concept,Y,
增大而增大,2,6.158883,0.0,3.047665,Concept,Y,
增幅为10,2,6.158883,0.0,3.047665,Concept,Y,
增韧环氧树脂,2,6.158883,0.0,3.047665,Concept,Y,
壁板颤振,2,6.158883,0.0,3.047665,Concept,Y,
壁面,2,6.158883,0.0,3.047665,Concept,Y,
声重波,2,6.158883,0.0,3.047665,Concept,Y,
处的环量,2,6.158883,0.0,3.047665,Concept,Y,
复合材料整体结构,2,6.158883,0.0,3.047665,Structure,Y,
复合材料结构,2,6.158883,0.0,3.047665,Structure,Y,
复合材料结构损伤,2,6.158883,0.0,3.047665,Structure,Y,
复合材料结构疲劳,2,6.158883,0.0,3.047665,Structure,Y,
复合高速性能材料,2,6.158883,0.0,3.047665,Performance,Y,
外侧筒,2,6.158883,0.0,3.047665,Concept,Y,
外副翼,2,6.158883,0.0,3.047665,Concept,Y,
外喷箱,2,6.158883,0.0,3.047665,Concept,Y,
外层为耐高温材料,2,6.158883,0.0,3.047665,Concept,Y,
外形参数,2,6.158883,0.0,3.047665,Parameter,Y,
外形复杂,2,6.158883,0.0,3.047665,Concept,Y,
外形类似飞机,2,6.158883,0.0,3.047665,Aircraft,Y,
多个系数,2,6.158883,0.0,3.047665,Concept,Y,
多域融合变构型,2,6.158883,0.0,3.047665,Concept,Y,
多次修改原始方案,2,6.158883,0.0,3.047665,Concept,Y,
多级火箭的,2,6.158883,0.0,3.047665,Concept,Y,
大于1,2,6.158883,0.0,3.047665,Concept,Y,
大型模型,2,6.158883,0.0,3.047665,Concept,Y,
大寒,2,6.158883,0.0,3.047665,Concept,Y,
大小为,2,6.158883,0.0,3.047665,Concept,Y,
大惯量主轴,2,6.158883,0.0,3.047665,Concept,Y,
大数定理,2,6.158883,0.0,3.047665,Concept,Y,
大气层飞行,2,6.158883,0.0,3.047665,Mission,Y,
大气数据系统,2,6.158883,0.0,3.047665,Concept,Y,
大气模型,2,6.158883,0.0,3.047665,Concept,Y,
大气系统,2,6.158883,0.0,3.047665,Concept,Y,
大的影响,2,6.158883,0.0,3.047665,Concept,Y,
大迎角时,2,6.158883,0.0,3.047665,Concept,Y,
大面积防热,2,6.158883,0.0,3.047665,Concept,Y,
太阳电池板,2,6.158883,0.0,3.047665,Concept,Y,
太阳能无人机等,2,6.158883,0.0,3.047665,Aircraft,Y,
太阳高度角,2,6.158883,0.0,3.047665,Performance,Y,
失速迎角,2,6.158883,0.0,3.047665,Concept,Y,
夹芯板,2,6.158883,0.0,3.047665,Concept,Y,
奋进,2,6.158883,0.0,3.047665,Concept,Y,
如6,2,6.158883,0.0,3.047665,Concept,Y,
如下所示,2,6.158883,0.0,3.047665,Concept,Y,
如刚度,2,6.158883,0.0,3.047665,Concept,Y,
如前面各部分所述,2,6.158883,0.0,3.047665,Concept,Y,
如果式,2,6.158883,0.0,3.047665,Concept,Y,
如果航天器,2,6.158883,0.0,3.047665,Aircraft,Y,
如蒙皮,2,6.158883,0.0,3.047665,Concept,Y,
如蜻蜓,2,6.158883,0.0,3.047665,Concept,Y,
如蝗虫,2,6.158883,0.0,3.047665,Concept,Y,
如陀螺稳定平台,2,6.158883,0.0,3.047665,Concept,Y,
姿态估计,2,6.158883,0.0,3.047665,Concept,Y,
子午角,2,6.158883,0.0,3.047665,Concept,Y,
子火箭有效载荷,2,6.158883,0.0,3.047665,Performance,Y,
孔明灯,2,6.158883,0.0,3.047665,Concept,Y,
字型,2,6.158883,0.0,3.047665,Concept,Y,
存在,2,6.158883,0.0,3.047665,Concept,Y,
孟格菲,2,6.158883,0.0,3.047665,Concept,Y,
学习,2,6.158883,0.0,3.047665,Concept,Y,
学习新的中间目标,2,6.158883,0.0,3.047665,Concept,Y,
学习新的主要目标,2,6.158883,0.0,3.047665,Concept,Y,
学习率,2,6.158883,0.0,3.047665,Concept,Y,
学习策略的应变,2,6.158883,0.0,3.047665,Concept,Y,
学习算法,2,6.158883,0.0,3.047665,ControlMethod,Y,
它们构成,2,6.158883,0.0,3.047665,Concept,Y,
它和,2,6.158883,0.0,3.047665,Concept,Y,
它有一拉力分量,2,6.158883,0.0,3.047665,Concept,Y,
它的定义范围是,2,6.158883,0.0,3.047665,Concept,Y,
它的特点是,2,6.158883,0.0,3.047665,Concept,Y,
它的速率相应变化,2,6.158883,0.0,3.047665,Concept,Y,
安装结构,2,6.158883,0.0,3.047665,Structure,Y,
完全气体,2,6.158883,0.0,3.047665,Concept,Y,
定义11,2,6.158883,0.0,3.047665,Concept,Y,
定义坐标系,2,6.158883,0.0,3.047665,Concept,Y,
定义如下,2,6.158883,0.0,3.047665,Concept,Y,
定位,2,6.158883,0.0,3.047665,Concept,Y,
定位起导向定位,2,6.158883,0.0,3.047665,Concept,Y,
定位销,2,6.158883,0.0,3.047665,Concept,Y,
定常,2,6.158883,0.0,3.047665,Concept,Y,
定理1,2,6.158883,0.0,3.047665,Concept,Y,
实现产品设计,2,6.158883,0.0,3.047665,Concept,Y,
实现多品种,2,6.158883,0.0,3.047665,Concept,Y,
实用,2,6.158883,0.0,3.047665,Concept,Y,
实际上是,2,6.158883,0.0,3.047665,Concept,Y,
实际设计工作中,2,6.158883,0.0,3.047665,Concept,Y,
容客,2,6.158883,0.0,3.047665,Concept,Y,
容积,2,6.158883,0.0,3.047665,Concept,Y,
密封,2,6.158883,0.0,3.047665,Concept,Y,
密度低,2,6.158883,0.0,3.047665,Concept,Y,
密度和速度,2,6.158883,0.0,3.047665,Parameter,Y,
密度小,2,6.158883,0.0,3.047665,Concept,Y,
密度曲线,2,6.158883,0.0,3.047665,Concept,Y,
对中程导弹而言,2,6.158883,0.0,3.047665,Concept,Y,
对于单向轴载荷,2,6.158883,0.0,3.047665,Performance,Y,
对于双翼机来说,2,6.158883,0.0,3.047665,Concept,Y,
对于喷气式飞机,2,6.158883,0.0,3.047665,Aircraft,Y,
对于圆轨道,2,6.158883,0.0,3.047665,Concept,Y,
对于弹,2,6.158883,0.0,3.047665,Concept,Y,
对于椭圆形机翼,2,6.158883,0.0,3.047665,Structure,Y,
对于目标函数,2,6.158883,0.0,3.047665,Concept,Y,
对于给定的,2,6.158883,0.0,3.047665,Concept,Y,
对于超声速飞机,2,6.158883,0.0,3.047665,Aircraft,Y,
对千低速飞机,2,6.158883,0.0,3.047665,Aircraft,Y,
对千简单的薄机翼,2,6.158883,0.0,3.047665,Structure,Y,
对千超声速飞机,2,6.158883,0.0,3.047665,Aircraft,Y,
对千高亚声速飞机,2,6.158883,0.0,3.047665,Aircraft,Y,
对导弹,2,6.158883,0.0,3.047665,Concept,Y,
对应千图7,2,6.158883,0.0,3.047665,Concept,Y,
对弹,2,6.158883,0.0,3.047665,Concept,Y,
对接框,2,6.158883,0.0,3.047665,Concept,Y,
对旋转弹簧式簧面,2,6.158883,0.0,3.047665,Concept,Y,
对时间求导,2,6.158883,0.0,3.047665,Concept,Y,
对昆虫来说,2,6.158883,0.0,3.047665,Concept,Y,
对某一阶段,2,6.158883,0.0,3.047665,Concept,Y,
对称型,2,6.158883,0.0,3.047665,Concept,Y,
对称翼型绕流图画,2,6.158883,0.0,3.047665,Structure,Y,
对细长不规则外形,2,6.158883,0.0,3.047665,Concept,Y,
对超声速飞机,2,6.158883,0.0,3.047665,Aircraft,Y,
导出的策略,2,6.158883,0.0,3.047665,Concept,Y,
导弹为消除此偏差,2,6.158883,0.0,3.047665,Concept,Y,
导弹俯直线飞行时,2,6.158883,0.0,3.047665,Mission,Y,
导弹俯继续飞行,2,6.158883,0.0,3.047665,Mission,Y,
导弹在飞行过程中,2,6.158883,0.0,3.047665,Mission,Y,
导弹就越稳定,2,6.158883,0.0,3.047665,Concept,Y,
导弹的纵轴,2,6.158883,0.0,3.047665,Concept,Y,
导弹的速度矢量,2,6.158883,0.0,3.047665,Parameter,Y,
导弹结构,2,6.158883,0.0,3.047665,Structure,Y,
导弹运动方程组,2,6.158883,0.0,3.047665,Concept,Y,
寿命,2,6.158883,0.0,3.047665,Concept,Y,
射星,2,6.158883,0.0,3.047665,Concept,Y,
射线成像,2,6.158883,0.0,3.047665,Concept,Y,
将关系式,2,6.158883,0.0,3.047665,Concept,Y,
将其改写为,2,6.158883,0.0,3.047665,Concept,Y,
将弹,2,6.158883,0.0,3.047665,Concept,Y,
将足够载荷,2,6.158883,0.0,3.047665,Performance,Y,
小后掠,2,6.158883,0.0,3.047665,Concept,Y,
小展弦比,2,6.158883,0.0,3.047665,Concept,Y,
小弹簧,2,6.158883,0.0,3.047665,Concept,Y,
小暑,2,6.158883,0.0,3.047665,Concept,Y,
小而蒙螺束阵,2,6.158883,0.0,3.047665,Concept,Y,
小部分,2,6.158883,0.0,3.047665,Concept,Y,
尖峰翼型,2,6.158883,0.0,3.047665,Structure,Y,
尤金,2,6.158883,0.0,3.047665,Concept,Y,
就选用,2,6.158883,0.0,3.047665,Concept,Y,
尺寸及再入角,2,6.158883,0.0,3.047665,Concept,Y,
尺寸效应,2,6.158883,0.0,3.047665,Concept,Y,
尺寸精度高,2,6.158883,0.0,3.047665,Concept,Y,
尺寸级别的,2,6.158883,0.0,3.047665,Concept,Y,
尽管翼型不同,2,6.158883,0.0,3.047665,Structure,Y,
尾桁,2,6.158883,0.0,3.047665,Concept,Y,
尾桁角,2,6.158883,0.0,3.047665,Concept,Y,
尾桁角和尾翼迎角,2,6.158883,0.0,3.047665,Structure,Y,
尾段,2,6.158883,0.0,3.047665,Concept,Y,
局于面补偿的结构,2,6.158883,0.0,3.047665,Structure,Y,
局部设计参数,2,6.158883,0.0,3.047665,Parameter,Y,
局部防热材料,2,6.158883,0.0,3.047665,Concept,Y,
局限性,2,6.158883,0.0,3.047665,Concept,Y,
层之间用0,2,6.158883,0.0,3.047665,Concept,Y,
层占30,2,6.158883,0.0,3.047665,Concept,Y,
层占60,2,6.158883,0.0,3.047665,Concept,Y,
层或90,2,6.158883,0.0,3.047665,Concept,Y,
层流,2,6.158883,0.0,3.047665,Concept,Y,
层的应变能,2,6.158883,0.0,3.047665,Concept,Y,
屈曲,2,6.158883,0.0,3.047665,Concept,Y,
展开后减为,2,6.158883,0.0,3.047665,Mechanism,Y,
展开构型热流分布,2,6.158883,0.0,3.047665,Mechanism,Y,
展开状态,2,6.158883,0.0,3.047665,Mechanism,Y,
展开角度,2,6.158883,0.0,3.047665,Mechanism,Y,
展开过程中,2,6.158883,0.0,3.047665,Mechanism,Y,
展弦比10,2,6.158883,0.0,3.047665,Concept,Y,
工作可靠,2,6.158883,0.0,3.047665,Concept,Y,
工作时间长,2,6.158883,0.0,3.047665,Concept,Y,
工作流管理,2,6.158883,0.0,3.047665,Concept,Y,
工程力学,2,6.158883,0.0,3.047665,Concept,Y,
工程计算模型,2,6.158883,0.0,3.047665,Concept,Y,
工艺方便,2,6.158883,0.0,3.047665,Concept,Y,
工艺柱,2,6.158883,0.0,3.047665,Concept,Y,
工艺等,2,6.158883,0.0,3.047665,Concept,Y,
工艺试验,2,6.158883,0.0,3.047665,Concept,Y,
左副翼,2,6.158883,0.0,3.047665,Concept,Y,
左右为宜,2,6.158883,0.0,3.047665,Concept,Y,
左右厚度翼型,2,6.158883,0.0,3.047665,Structure,Y,
左右左右,2,6.158883,0.0,3.047665,Concept,Y,
左激波,2,6.158883,0.0,3.047665,Concept,Y,
左端为,2,6.158883,0.0,3.047665,Concept,Y,
左舷舱门,2,6.158883,0.0,3.047665,Concept,Y,
已在第二章定,2,6.158883,0.0,3.047665,Concept,Y,
已研制成功,2,6.158883,0.0,3.047665,Concept,Y,
带有支撑的接头,2,6.158883,0.0,3.047665,Concept,Y,
带电粒子,2,6.158883,0.0,3.047665,Concept,Y,
常值前置角法,2,6.158883,0.0,3.047665,Concept,Y,
常把,2,6.158883,0.0,3.047665,Concept,Y,
常规式布局,2,6.158883,0.0,3.047665,Concept,Y,
干扰力矩,2,6.158883,0.0,3.047665,Concept,Y,
平均攻角,2,6.158883,0.0,3.047665,Parameter,Y,
平头,2,6.158883,0.0,3.047665,Concept,Y,
平尾设计,2,6.158883,0.0,3.047665,Concept,Y,
平时,2,6.158883,0.0,3.047665,Concept,Y,
平板削尖翼型,2,6.158883,0.0,3.047665,Structure,Y,
平流层,2,6.158883,0.0,3.047665,Concept,Y,
平移,2,6.158883,0.0,3.047665,Concept,Y,
平衡温度计算,2,6.158883,0.0,3.047665,Concept,Y,
平近点角,2,6.158883,0.0,3.047665,Concept,Y,
平面偶极,2,6.158883,0.0,3.047665,Concept,Y,
平面垫板,2,6.158883,0.0,3.047665,Concept,Y,
平面控制面,2,6.158883,0.0,3.047665,ControlMethod,Y,
平面点涡,2,6.158883,0.0,3.047665,Concept,Y,
平面的交线,2,6.158883,0.0,3.047665,Concept,Y,
年9,2,6.158883,0.0,3.047665,Concept,Y,
年代后期,2,6.158883,0.0,3.047665,Concept,Y,
年底,2,6.158883,0.0,3.047665,Concept,Y,
年开始研制,2,6.158883,0.0,3.047665,Concept,Y,
并且把,2,6.158883,0.0,3.047665,Concept,Y,
并且注意到,2,6.158883,0.0,3.047665,Concept,Y,
并且满足约束条件,2,6.158883,0.0,3.047665,Concept,Y,
并可承受剪切应力,2,6.158883,0.0,3.047665,Concept,Y,
并对结构的强度,2,6.158883,0.0,3.047665,Structure,Y,
并绘制在应力,2,6.158883,0.0,3.047665,Concept,Y,
并联系统可靠性,2,6.158883,0.0,3.047665,Concept,Y,
并行设计模式,2,6.158883,0.0,3.047665,Concept,Y,
幻影2000,2,6.158883,0.0,3.047665,Concept,Y,
应变响应试验,2,6.158883,0.0,3.047665,Concept,Y,
应变效应,2,6.158883,0.0,3.047665,Concept,Y,
应变行为,2,6.158883,0.0,3.047665,Concept,Y,
应按照3,2,6.158883,0.0,3.047665,Concept,Y,
应按第3,2,6.158883,0.0,3.047665,Concept,Y,
应机翼,2,6.158883,0.0,3.047665,Structure,Y,
应满足,2,6.158883,0.0,3.047665,Concept,Y,
底下轨道参数之间,2,6.158883,0.0,3.047665,Parameter,Y,
庞大,2,6.158883,0.0,3.047665,Concept,Y,
建立了,2,6.158883,0.0,3.047665,Concept,Y,
建立可靠性模型,2,6.158883,0.0,3.047665,Concept,Y,
建议采用的,2,6.158883,0.0,3.047665,Concept,Y,
开关喷气式稳定,2,6.158883,0.0,3.047665,Concept,Y,
开裂襟翼,2,6.158883,0.0,3.047665,Concept,Y,
开锁,2,6.158883,0.0,3.047665,Concept,Y,
弄清,2,6.158883,0.0,3.047665,Concept,Y,
引力摆动加速度,2,6.158883,0.0,3.047665,Parameter,Y,
引起的局部应力,2,6.158883,0.0,3.047665,Concept,Y,
引起的纵向振动,2,6.158883,0.0,3.047665,Concept,Y,
弗利教授,2,6.158883,0.0,3.047665,Concept,Y,
张夏阳,2,6.158883,0.0,3.047665,Concept,Y,
张智民,2,6.158883,0.0,3.047665,Concept,Y,
张泓信,2,6.158883,0.0,3.047665,Concept,Y,
张鸿信,2,6.158883,0.0,3.047665,Concept,Y,
弦比,2,6.158883,0.0,3.047665,Concept,Y,
弦线,2,6.158883,0.0,3.047665,Concept,Y,
弦线后掠角,2,6.158883,0.0,3.047665,Concept,Y,
弦长位置取矩,2,6.158883,0.0,3.047665,Concept,Y,
弦长左右位置,2,6.158883,0.0,3.047665,Concept,Y,
弯度效应,2,6.158883,0.0,3.047665,Concept,Y,
弹塑性断裂准则,2,6.158883,0.0,3.047665,Concept,Y,
弹头,2,6.158883,0.0,3.047665,Concept,Y,
弹性复合材料,2,6.158883,0.0,3.047665,Concept,Y,
弹性模量高,2,6.158883,0.0,3.047665,Concept,Y,
弹性结构力学,2,6.158883,0.0,3.047665,Structure,Y,
弹性问题,2,6.158883,0.0,3.047665,Concept,Y,
弹性飞行动力学,2,6.158883,0.0,3.047665,Mission,Y,
弹着点位置,2,6.158883,0.0,3.047665,Concept,Y,
弹簧卡圈式连接,2,6.158883,0.0,3.047665,Concept,Y,
弹轴,2,6.158883,0.0,3.047665,Concept,Y,
弹道向右弯曲,2,6.158883,0.0,3.047665,Concept,Y,
弹道式再入航天器,2,6.158883,0.0,3.047665,Aircraft,Y,
弹道系数,2,6.158883,0.0,3.047665,Concept,Y,
当上机翼,2,6.158883,0.0,3.047665,Structure,Y,
当前发展状况,2,6.158883,0.0,3.047665,Concept,Y,
当星,2,6.158883,0.0,3.047665,Concept,Y,
当来流倾角,2,6.158883,0.0,3.047665,Concept,Y,
当梢根比过小时,2,6.158883,0.0,3.047665,Concept,Y,
当达到,2,6.158883,0.0,3.047665,Concept,Y,
当量旋成体,2,6.158883,0.0,3.047665,Concept,Y,
形尾翼,2,6.158883,0.0,3.047665,Structure,Y,
形尾翼布,2,6.158883,0.0,3.047665,Structure,Y,
形成了,2,6.158883,0.0,3.047665,Concept,Y,
形方式,2,6.158883,0.0,3.047665,Concept,Y,
彭悟宇,2,6.158883,0.0,3.047665,Concept,Y,
待机,2,6.158883,0.0,3.047665,Concept,Y,
徐超,2,6.158883,0.0,3.047665,Concept,Y,
得出,2,6.158883,0.0,3.047665,Concept,Y,
循环载荷,2,6.158883,0.0,3.047665,Performance,Y,
微元质量,2,6.158883,0.0,3.047665,Concept,Y,
微团,2,6.158883,0.0,3.047665,Concept,Y,
微开,2,6.158883,0.0,3.047665,Concept,Y,
德国桑格尔,2,6.158883,0.0,3.047665,Concept,Y,
必须注意,2,6.158883,0.0,3.047665,Concept,Y,
快如口盖,2,6.158883,0.0,3.047665,Concept,Y,
快速变体,2,6.158883,0.0,3.047665,Aircraft,Y,
急剧下降,2,6.158883,0.0,3.047665,Concept,Y,
性理论,2,6.158883,0.0,3.047665,Concept,Y,
总体性能的科学,2,6.158883,0.0,3.047665,Performance,Y,
总体设计,2,6.158883,0.0,3.047665,Concept,Y,
总升力,2,6.158883,0.0,3.047665,Concept,Y,
总攻角,2,6.158883,0.0,3.047665,Parameter,Y,
总法向力,2,6.158883,0.0,3.047665,Concept,Y,
总轴向载荷,2,6.158883,0.0,3.047665,Performance,Y,
惩罚,2,6.158883,0.0,3.047665,Concept,Y,
惯性主轴,2,6.158883,0.0,3.047665,Concept,Y,
惯性器件设备,2,6.158883,0.0,3.047665,Concept,Y,
愈大,2,6.158883,0.0,3.047665,Concept,Y,
意大利和西班牙,2,6.158883,0.0,3.047665,Concept,Y,
成品,2,6.158883,0.0,3.047665,Concept,Y,
成型,2,6.158883,0.0,3.047665,Concept,Y,
成型周期短,2,6.158883,0.0,3.047665,Concept,Y,
成本较高,2,6.158883,0.0,3.047665,Concept,Y,
成线性关系,2,6.158883,0.0,3.047665,Concept,Y,
我们知道,2,6.158883,0.0,3.047665,Concept,Y,
或与基准线方向,2,6.158883,0.0,3.047665,Concept,Y,
或了值,2,6.158883,0.0,3.047665,Concept,Y,
或关机特征值,2,6.158883,0.0,3.047665,Concept,Y,
或增大,2,6.158883,0.0,3.047665,Concept,Y,
或扭,2,6.158883,0.0,3.047665,Concept,Y,
或方向余弦表2,2,6.158883,0.0,3.047665,Concept,Y,
或曲率较大点,2,6.158883,0.0,3.047665,Concept,Y,
或碳,2,6.158883,0.0,3.047665,Concept,Y,
或者按式,2,6.158883,0.0,3.047665,Concept,Y,
或耳辊焊法,2,6.158883,0.0,3.047665,Concept,Y,
或肼,2,6.158883,0.0,3.047665,Concept,Y,
战华,2,6.158883,0.0,3.047665,Concept,Y,
截止频率,2,6.158883,0.0,3.047665,Concept,Y,
截面形状,2,6.158883,0.0,3.047665,Concept,Y,
所有类型,2,6.158883,0.0,3.047665,Concept,Y,
所示为夹层结构,2,6.158883,0.0,3.047665,Structure,Y,
所示情况下,2,6.158883,0.0,3.047665,Concept,Y,
所示翼面中,2,6.158883,0.0,3.047665,Structure,Y,
才会出现分离失速,2,6.158883,0.0,3.047665,Concept,Y,
扩压,2,6.158883,0.0,3.047665,Concept,Y,
扩展30,2,6.158883,0.0,3.047665,Concept,Y,
扩展刚体动力学,2,6.158883,0.0,3.047665,Concept,Y,
扭簧,2,6.158883,0.0,3.047665,Concept,Y,
扭转,2,6.158883,0.0,3.047665,Concept,Y,
扭转角等,2,6.158883,0.0,3.047665,Concept,Y,
抗拉强度,2,6.158883,0.0,3.047665,Concept,Y,
抗流扭振,2,6.158883,0.0,3.047665,Concept,Y,
折叠变换,2,6.158883,0.0,3.047665,Mechanism,Y,
折叠构型在,2,6.158883,0.0,3.047665,Mechanism,Y,
折罩的,2,6.158883,0.0,3.047665,Concept,Y,
抛物线截面,2,6.158883,0.0,3.047665,Concept,Y,
拉伸强度,2,6.158883,0.0,3.047665,Concept,Y,
拉伸模量,2,6.158883,0.0,3.047665,Concept,Y,
拓展知识,2,6.158883,0.0,3.047665,Concept,Y,
拟牛顿法,2,6.158883,0.0,3.047665,Concept,Y,
持续时间约为,2,6.158883,0.0,3.047665,Concept,Y,
持续载荷,2,6.158883,0.0,3.047665,Performance,Y,
指头,2,6.158883,0.0,3.047665,Concept,Y,
按图3,2,6.158883,0.0,3.047665,Concept,Y,
按照公式,2,6.158883,0.0,3.047665,Concept,Y,
按照图3,2,6.158883,0.0,3.047665,Concept,Y,
挡块,2,6.158883,0.0,3.047665,Concept,Y,
损伤容限设计指南,2,6.158883,0.0,3.047665,Concept,Y,
损伤尺寸,2,6.158883,0.0,3.047665,Concept,Y,
损伤类型,2,6.158883,0.0,3.047665,Concept,Y,
换成,2,6.158883,0.0,3.047665,Concept,Y,
排距,2,6.158883,0.0,3.047665,Concept,Y,
接地,2,6.158883,0.0,3.047665,Concept,Y,
控制发动机,2,6.158883,0.0,3.047665,ControlMethod,Y,
控制和运行,2,6.158883,0.0,3.047665,ControlMethod,Y,
控制面偏转角,2,6.158883,0.0,3.047665,ControlMethod,Y,
推出,2,6.158883,0.0,3.047665,Concept,Y,
推力值,2,6.158883,0.0,3.047665,Concept,Y,
推力器,2,6.158883,0.0,3.047665,Concept,Y,
推重比,2,6.158883,0.0,3.047665,Concept,Y,
推重比的统计值,2,6.158883,0.0,3.047665,Concept,Y,
提供构型,2,6.158883,0.0,3.047665,Concept,Y,
提供的行动,2,6.158883,0.0,3.047665,Concept,Y,
提高最大速度,2,6.158883,0.0,3.047665,Parameter,Y,
提高结构效率,2,6.158883,0.0,3.047665,Structure,Y,
插入式接头,2,6.158883,0.0,3.047665,Concept,Y,
搭接,2,6.158883,0.0,3.047665,Concept,Y,
操作使用测量,2,6.158883,0.0,3.047665,Concept,Y,
操作环境,2,6.158883,0.0,3.047665,Concept,Y,
操纵效率,2,6.158883,0.0,3.047665,Performance,Y,
操纵机构的传动比,2,6.158883,0.0,3.047665,Concept,Y,
操纵机构设计,2,6.158883,0.0,3.047665,Concept,Y,
操纵系统,2,6.158883,0.0,3.047665,Concept,Y,
支撑板,2,6.158883,0.0,3.047665,Concept,Y,
支架结构设计,2,6.158883,0.0,3.047665,Structure,Y,
支柱,2,6.158883,0.0,3.047665,Concept,Y,
支配,2,6.158883,0.0,3.047665,Concept,Y,
收敛半大,2,6.158883,0.0,3.047665,Concept,Y,
收敛后网格,2,6.158883,0.0,3.047665,Concept,Y,
收敛的依据,2,6.158883,0.0,3.047665,Concept,Y,
改变全弹,2,6.158883,0.0,3.047665,Concept,Y,
改进比较,2,6.158883,0.0,3.047665,Concept,Y,
改进的共轭梯度法,2,6.158883,0.0,3.047665,Concept,Y,
攻击机,2,6.158883,0.0,3.047665,Concept,Y,
攻角为,2,6.158883,0.0,3.047665,Parameter,Y,
故障,2,6.158883,0.0,3.047665,Concept,Y,
故障原因,2,6.158883,0.0,3.047665,Concept,Y,
故障检测方法,2,6.158883,0.0,3.047665,Concept,Y,
故障模式影响分析,2,6.158883,0.0,3.047665,Concept,Y,
敏捷性,2,6.158883,0.0,3.047665,Concept,Y,
数字样机,2,6.158883,0.0,3.047665,Concept,Y,
数据集,2,6.158883,0.0,3.047665,Concept,Y,
整体式,2,6.158883,0.0,3.047665,Concept,Y,
整体结构表面前缘,2,6.158883,0.0,3.047665,Structure,Y,
整体航天器的纵向,2,6.158883,0.0,3.047665,Aircraft,Y,
整流包皮,2,6.158883,0.0,3.047665,Concept,Y,
整理式,2,6.158883,0.0,3.047665,Concept,Y,
文章文,2,6.158883,0.0,3.047665,Concept,Y,
斜置机,2,6.158883,0.0,3.047665,Concept,Y,
斜置机翼,2,6.158883,0.0,3.047665,Structure,Y,
断裂和疲劳的特点,2,6.158883,0.0,3.047665,Concept,Y,
斯托克斯方程,2,6.158883,0.0,3.047665,Concept,Y,
新一代歼击机,2,6.158883,0.0,3.047665,Concept,Y,
方便,2,6.158883,0.0,3.047665,Concept,Y,
方向的速度,2,6.158883,0.0,3.047665,Parameter,Y,
方向速度分量,2,6.158883,0.0,3.047665,Parameter,Y,
方差为,2,6.158883,0.0,3.047665,Concept,Y,
方阵,2,6.158883,0.0,3.047665,Concept,Y,
旋翼增升,2,6.158883,0.0,3.047665,Concept,Y,
旋轴,2,6.158883,0.0,3.047665,Concept,Y,
无人机的单,2,6.158883,0.0,3.047665,Aircraft,Y,
无侦,2,6.158883,0.0,3.047665,Concept,Y,
无应力,2,6.158883,0.0,3.047665,Concept,Y,
无意义,2,6.158883,0.0,3.047665,Concept,Y,
无源铰链,2,6.158883,0.0,3.047665,Concept,Y,
无论如何,2,6.158883,0.0,3.047665,Concept,Y,
日心黄道坐标系,2,6.158883,0.0,3.047665,Concept,Y,
日涂纹框,2,6.158883,0.0,3.047665,Concept,Y,
日莱特兄弟4,2,6.158883,0.0,3.047665,Concept,Y,
时产生,2,6.158883,0.0,3.047665,Concept,Y,
时的升力,2,6.158883,0.0,3.047665,Concept,Y,
时的升力系数,2,6.158883,0.0,3.047665,Concept,Y,
明显,2,6.158883,0.0,3.047665,Concept,Y,
明确了单,2,6.158883,0.0,3.047665,Concept,Y,
星卞轨迹,2,6.158883,0.0,3.047665,Concept,Y,
是否满足设计要求,2,6.158883,0.0,3.047665,Concept,Y,
是封闭的,2,6.158883,0.0,3.047665,Concept,Y,
是推进效率,2,6.158883,0.0,3.047665,Performance,Y,
是有界的,2,6.158883,0.0,3.047665,Concept,Y,
是沿,2,6.158883,0.0,3.047665,Concept,Y,
是燃料的热值,2,6.158883,0.0,3.047665,Concept,Y,
是第,2,6.158883,0.0,3.047665,Concept,Y,
是纬度,2,6.158883,0.0,3.047665,Concept,Y,
是经度,2,6.158883,0.0,3.047665,Concept,Y,
是设计变量,2,6.158883,0.0,3.047665,Concept,Y,
是飞机总重量,2,6.158883,0.0,3.047665,Aircraft,Y,
显然这是,2,6.158883,0.0,3.047665,Concept,Y,
显示出,2,6.158883,0.0,3.047665,Concept,Y,
智能型,2,6.158883,0.0,3.047665,Concept,Y,
智能控制,2,6.158883,0.0,3.047665,ControlMethod,Y,
智能材料与结构,2,6.158883,0.0,3.047665,Structure,Y,
智能结构,2,6.158883,0.0,3.047665,Structure,Y,
曰本,2,6.158883,0.0,3.047665,Concept,Y,
更重要的是,2,6.158883,0.0,3.047665,Concept,Y,
最后结果是,2,6.158883,0.0,3.047665,Concept,Y,
最后退化为马赫波,2,6.158883,0.0,3.047665,Concept,Y,
最多7人,2,6.158883,0.0,3.047665,Concept,Y,
最大匀压时间,2,6.158883,0.0,3.047665,Concept,Y,
最大升力与失速,2,6.158883,0.0,3.047665,Concept,Y,
最大厚度为0,2,6.158883,0.0,3.047665,Concept,Y,
最大平,2,6.158883,0.0,3.047665,Concept,Y,
最大平飞速度,2,6.158883,0.0,3.047665,Parameter,Y,
最大截面位置0,2,6.158883,0.0,3.047665,Concept,Y,
最终报告,2,6.158883,0.0,3.047665,Concept,Y,
最重要的是,2,6.158883,0.0,3.047665,Concept,Y,
月17,2,6.158883,0.0,3.047665,Concept,Y,
月8,2,6.158883,0.0,3.047665,Concept,Y,
有1,2,6.158883,0.0,3.047665,Concept,Y,
有三个坐标系,2,6.158883,0.0,3.047665,Concept,Y,
有些昆虫,2,6.158883,0.0,3.047665,Concept,Y,
有关关系式,2,6.158883,0.0,3.047665,Concept,Y,
有意义的解为,2,6.158883,0.0,3.047665,Concept,Y,
有效宽度,2,6.158883,0.0,3.047665,Concept,Y,
有热塞结构,2,6.158883,0.0,3.047665,Structure,Y,
有线数储舱,2,6.158883,0.0,3.047665,Concept,Y,
有部分补充,2,6.158883,0.0,3.047665,Concept,Y,
期望值,2,6.158883,0.0,3.047665,Concept,Y,
未开,2,6.158883,0.0,3.047665,Concept,Y,
末道,2,6.158883,0.0,3.047665,Concept,Y,
本体坐标系,2,6.158883,0.0,3.047665,Concept,Y,
本体极轨迹,2,6.158883,0.0,3.047665,Concept,Y,
本文还开展了单,2,6.158883,0.0,3.047665,Concept,Y,
本章6,2,6.158883,0.0,3.047665,Concept,Y,
本章中,2,6.158883,0.0,3.047665,Concept,Y,
本章首先开展了单,2,6.158883,0.0,3.047665,Concept,Y,
本节中,2,6.158883,0.0,3.047665,Concept,Y,
本解法,2,6.158883,0.0,3.047665,Concept,Y,
本质上,2,6.158883,0.0,3.047665,Concept,Y,
朱战霞,2,6.158883,0.0,3.047665,Concept,Y,
机体,2,6.158883,0.0,3.047665,Concept,Y,
机尾摄像头视角,2,6.158883,0.0,3.047665,Concept,Y,
机构简单,2,6.158883,0.0,3.047665,Concept,Y,
机械接口,2,6.158883,0.0,3.047665,Concept,Y,
机理与特点,2,6.158883,0.0,3.047665,Concept,Y,
机翼上,2,6.158883,0.0,3.047665,Structure,Y,
机翼上热流,2,6.158883,0.0,3.047665,Structure,Y,
机翼副油箱,2,6.158883,0.0,3.047665,Structure,Y,
机翼外形优化设计,2,6.158883,0.0,3.047665,Structure,Y,
机翼的增升装置,2,6.158883,0.0,3.047665,Structure,Y,
机翼的气动中心,2,6.158883,0.0,3.047665,Structure,Y,
机翼结构前墙,2,6.158883,0.0,3.047665,Structure,Y,
机翼翼型,2,6.158883,0.0,3.047665,Structure,Y,
机翼表面曲线方向,2,6.158883,0.0,3.047665,Structure,Y,
机翼设计,2,6.158883,0.0,3.047665,Structure,Y,
机翼迎角,2,6.158883,0.0,3.047665,Structure,Y,
机舱,2,6.158883,0.0,3.047665,Concept,Y,
机身主油箱,2,6.158883,0.0,3.047665,Structure,Y,
机身滚翼,2,6.158883,0.0,3.047665,Structure,Y,
机身热流,2,6.158883,0.0,3.047665,Structure,Y,
杆系结构设计,2,6.158883,0.0,3.047665,Structure,Y,
李惠峰,2,6.158883,0.0,3.047665,Concept,Y,
李惠璟,2,6.158883,0.0,3.047665,Concept,Y,
李林达尔,2,6.158883,0.0,3.047665,Concept,Y,
李金平,2,6.158883,0.0,3.047665,Concept,Y,
李铭琦,2,6.158883,0.0,3.047665,Concept,Y,
材料名称,2,6.158883,0.0,3.047665,Concept,Y,
材料定额等,2,6.158883,0.0,3.047665,Concept,Y,
材料温度分布,2,6.158883,0.0,3.047665,Concept,Y,
材料的弹性模量,2,6.158883,0.0,3.047665,Concept,Y,
材料类型,2,6.158883,0.0,3.047665,Concept,Y,
材料辐射系数,2,6.158883,0.0,3.047665,Concept,Y,
条件性,2,6.158883,0.0,3.047665,Concept,Y,
来安排试验,2,6.158883,0.0,3.047665,Concept,Y,
来平衡,2,6.158883,0.0,3.047665,Concept,Y,
来流马赫数为0,2,6.158883,0.0,3.047665,Parameter,Y,
板式结构设计,2,6.158883,0.0,3.047665,Structure,Y,
板点,2,6.158883,0.0,3.047665,Concept,Y,
板的宽度,2,6.158883,0.0,3.047665,Concept,Y,
极差分析,2,6.158883,0.0,3.047665,Concept,Y,
极曲线,2,6.158883,0.0,3.047665,Concept,Y,
极点,2,6.158883,0.0,3.047665,Concept,Y,
极点实部,2,6.158883,0.0,3.047665,Concept,Y,
极点虚部,2,6.158883,0.0,3.047665,Concept,Y,
构型2,2,6.158883,0.0,3.047665,Concept,Y,
构架介绍,2,6.158883,0.0,3.047665,Concept,Y,
构架变体实例,2,6.158883,0.0,3.047665,Aircraft,Y,
构造方式,2,6.158883,0.0,3.047665,Concept,Y,
某些材料在,2,6.158883,0.0,3.047665,Concept,Y,
栅翼,2,6.158883,0.0,3.047665,Concept,Y,
标准偏差为,2,6.158883,0.0,3.047665,Concept,Y,
标准方法概述,2,6.158883,0.0,3.047665,Concept,Y,
标准翼型,2,6.158883,0.0,3.047665,Structure,Y,
标定曲线,2,6.158883,0.0,3.047665,Concept,Y,
标杆,2,6.158883,0.0,3.047665,Concept,Y,
标枪,2,6.158883,0.0,3.047665,Concept,Y,
标记,2,6.158883,0.0,3.047665,Concept,Y,
标量,2,6.158883,0.0,3.047665,Concept,Y,
树脂膜擦浸成形,2,6.158883,0.0,3.047665,Concept,Y,
树脂蒙皮,2,6.158883,0.0,3.047665,Concept,Y,
样机产品制造,2,6.158883,0.0,3.047665,Concept,Y,
样机分析,2,6.158883,0.0,3.047665,Concept,Y,
样机研制阶段,2,6.158883,0.0,3.047665,Concept,Y,
样机设计,2,6.158883,0.0,3.047665,Concept,Y,
样机评审,2,6.158883,0.0,3.047665,Concept,Y,
根据6,2,6.158883,0.0,3.047665,Concept,Y,
根据公式,2,6.158883,0.0,3.047665,Concept,Y,
根据热力学原理,2,6.158883,0.0,3.047665,Concept,Y,
根据第4,2,6.158883,0.0,3.047665,Concept,Y,
根据过载的定义,2,6.158883,0.0,3.047665,Concept,Y,
格劳特,2,6.158883,0.0,3.047665,Concept,Y,
格子,2,6.158883,0.0,3.047665,Concept,Y,
格式,2,6.158883,0.0,3.047665,Concept,Y,
格鲁门,2,6.158883,0.0,3.047665,Concept,Y,
桑格及其设计的,2,6.158883,0.0,3.047665,Concept,Y,
梁式机翼的结构,2,6.158883,0.0,3.047665,Structure,Y,
梁式结构,2,6.158883,0.0,3.047665,Structure,Y,
梁截面惯性矩,2,6.158883,0.0,3.047665,Concept,Y,
梢根比,2,6.158883,0.0,3.047665,Concept,Y,
梯形,2,6.158883,0.0,3.047665,Concept,Y,
检验和应用,2,6.158883,0.0,3.047665,Concept,Y,
模具设计,2,6.158883,0.0,3.047665,Concept,Y,
模型的数字仿真,2,6.158883,0.0,3.047665,Concept,Y,
模型的相关函数为,2,6.158883,0.0,3.047665,Concept,Y,
模态,2,6.158883,0.0,3.047665,Concept,Y,
模拟参数,2,6.158883,0.0,3.047665,Parameter,Y,
模环连接,2,6.158883,0.0,3.047665,Concept,Y,
横向机动距离,2,6.158883,0.0,3.047665,Mission,Y,
横椭圆,2,6.158883,0.0,3.047665,Concept,Y,
次飞行统计,2,6.158883,0.0,3.047665,Mission,Y,
欧拉角,2,6.158883,0.0,3.047665,Concept,Y,
正交表,2,6.158883,0.0,3.047665,Concept,Y,
正如5,2,6.158883,0.0,3.047665,Concept,Y,
正的,2,6.158883,0.0,3.047665,Concept,Y,
此方程的解为,2,6.158883,0.0,3.047665,Concept,Y,
死水区,2,6.158883,0.0,3.047665,Concept,Y,
每个6件,2,6.158883,0.0,3.047665,Concept,Y,
每个因素有5水平,2,6.158883,0.0,3.047665,Concept,Y,
每侧4个,2,6.158883,0.0,3.047665,Concept,Y,
每行23个,2,6.158883,0.0,3.047665,Concept,Y,
比热比,2,6.158883,0.0,3.047665,Concept,Y,
气体常数及温度,2,6.158883,0.0,3.047665,Concept,Y,
气动优化设计技术,2,6.158883,0.0,3.047665,Performance,Y,
气动力基本公式,2,6.158883,0.0,3.047665,Performance,Y,
气动力学基础,2,6.158883,0.0,3.047665,Performance,Y,
气动力技术,2,6.158883,0.0,3.047665,Performance,Y,
气动参数,2,6.158883,0.0,3.047665,Performance,Y,
气动外形较好,2,6.158883,0.0,3.047665,Performance,Y,
气动热分析,2,6.158883,0.0,3.047665,Performance,Y,
气动载荷,2,6.158883,0.0,3.047665,Performance,Y,
气压,2,6.158883,0.0,3.047665,Concept,Y,
气襟翼,2,6.158883,0.0,3.047665,Concept,Y,
水平向分量,2,6.158883,0.0,3.047665,Concept,Y,
水平均值分析,2,6.158883,0.0,3.047665,Concept,Y,
水陆两用飞机,2,6.158883,0.0,3.047665,Aircraft,Y,
求取要求,2,6.158883,0.0,3.047665,Concept,Y,
求导,2,6.158883,0.0,3.047665,Concept,Y,
汪小卫,2,6.158883,0.0,3.047665,Concept,Y,
沈宏良,2,6.158883,0.0,3.047665,Concept,Y,
沙雁,2,6.158883,0.0,3.047665,Concept,Y,
油箱布置,2,6.158883,0.0,3.047665,Concept,Y,
沿展向为常量,2,6.158883,0.0,3.047665,Concept,Y,
沿弹,2,6.158883,0.0,3.047665,Concept,Y,
法向过载的限制,2,6.158883,0.0,3.047665,Concept,Y,
法和,2,6.158883,0.0,3.047665,Concept,Y,
泡形,2,6.158883,0.0,3.047665,Concept,Y,
波压缸,2,6.158883,0.0,3.047665,Concept,Y,
波音727,2,6.158883,0.0,3.047665,Concept,Y,
波音767,2,6.158883,0.0,3.047665,Concept,Y,
活动机翼的,2,6.158883,0.0,3.047665,Structure,Y,
活动机翼的结构,2,6.158883,0.0,3.047665,Structure,Y,
活动机翼解除固定,2,6.158883,0.0,3.047665,Structure,Y,
活动锥形螺母连接,2,6.158883,0.0,3.047665,Concept,Y,
活塞发动机,2,6.158883,0.0,3.047665,Concept,Y,
流值筏,2,6.158883,0.0,3.047665,Concept,Y,
流态特征,2,6.158883,0.0,3.047665,Concept,Y,
流星,2,6.158883,0.0,3.047665,Concept,Y,
流速减慢,2,6.158883,0.0,3.047665,Concept,Y,
流速加快,2,6.158883,0.0,3.047665,Concept,Y,
浸润,2,6.158883,0.0,3.047665,Concept,Y,
消耗了大量的时间,2,6.158883,0.0,3.047665,Concept,Y,
消除强散射源,2,6.158883,0.0,3.047665,Concept,Y,
涡流,2,6.158883,0.0,3.047665,Concept,Y,
液氢贮箱,2,6.158883,0.0,3.047665,Concept,Y,
液流,2,6.158883,0.0,3.047665,Concept,Y,
混联系统可靠性,2,6.158883,0.0,3.047665,Concept,Y,
温度空间图上,2,6.158883,0.0,3.047665,Concept,Y,
湍流模型,2,6.158883,0.0,3.047665,Concept,Y,
滑块,2,6.158883,0.0,3.047665,Concept,Y,
滑跑,2,6.158883,0.0,3.047665,Concept,Y,
滑轨式设备支架,2,6.158883,0.0,3.047665,Concept,Y,
滚珠轴承,2,6.158883,0.0,3.047665,Concept,Y,
滚转力矩,2,6.158883,0.0,3.047665,Concept,Y,
滚转稳定性良好,2,6.158883,0.0,3.047665,Performance,Y,
滚轮力矩,2,6.158883,0.0,3.047665,Concept,Y,
满足如下关系,2,6.158883,0.0,3.047665,Concept,Y,
满足约束条件,2,6.158883,0.0,3.047665,Concept,Y,
满足设计要求,2,6.158883,0.0,3.047665,Concept,Y,
演示验证机,2,6.158883,0.0,3.047665,Concept,Y,
激光,2,6.158883,0.0,3.047665,Concept,Y,
火箭结构,2,6.158883,0.0,3.047665,Structure,Y,
火箭起飞后,2,6.158883,0.0,3.047665,Mission,Y,
点的重力方向,2,6.158883,0.0,3.047665,Concept,Y,
点积,2,6.158883,0.0,3.047665,Concept,Y,
热塑性,2,6.158883,0.0,3.047665,Concept,Y,
热塑性树脂,2,6.158883,0.0,3.047665,Concept,Y,
热控,2,6.158883,0.0,3.047665,Concept,Y,
热流分布,2,6.158883,0.0,3.047665,Concept,Y,
热辐射,2,6.158883,0.0,3.047665,Concept,Y,
焊接结构,2,6.158883,0.0,3.047665,Structure,Y,
然后考虑厚度效应,2,6.158883,0.0,3.047665,Concept,Y,
燃天器结构设计,2,6.158883,0.0,3.047665,Structure,Y,
燃料舱,2,6.158883,0.0,3.047665,Concept,Y,
燃气发生器,2,6.158883,0.0,3.047665,Concept,Y,
爬升梯度,2,6.158883,0.0,3.047665,Concept,Y,
片气,2,6.158883,0.0,3.047665,Concept,Y,
牙钻,2,6.158883,0.0,3.047665,Concept,Y,
牛顿理论,2,6.158883,0.0,3.047665,Concept,Y,
物理副翼,2,6.158883,0.0,3.047665,Concept,Y,
物面边界条件,2,6.158883,0.0,3.047665,Concept,Y,
特征方程为,2,6.158883,0.0,3.047665,Concept,Y,
特性研究,2,6.158883,0.0,3.047665,Concept,Y,
独特工程效应,2,6.158883,0.0,3.047665,Concept,Y,
独立同分布,2,6.158883,0.0,3.047665,Concept,Y,
猎杀者,2,6.158883,0.0,3.047665,Concept,Y,
王志刚,2,6.158883,0.0,3.047665,Concept,Y,
王淑华执笔,2,6.158883,0.0,3.047665,Concept,Y,
王莽时期,2,6.158883,0.0,3.047665,Concept,Y,
王鹏,2,6.158883,0.0,3.047665,Concept,Y,
环境温度变化,2,6.158883,0.0,3.047665,Concept,Y,
环境试验和检验,2,6.158883,0.0,3.047665,Concept,Y,
环形肘板,2,6.158883,0.0,3.047665,Concept,Y,
环氧,2,6.158883,0.0,3.047665,Concept,Y,
环氧树脂板材,2,6.158883,0.0,3.047665,Concept,Y,
环量分布,2,6.158883,0.0,3.047665,Concept,Y,
现峰值,2,6.158883,0.0,3.047665,Concept,Y,
玻耳兹曼常数,2,6.158883,0.0,3.047665,Concept,Y,
球形,2,6.158883,0.0,3.047665,Concept,Y,
球形底,2,6.158883,0.0,3.047665,Concept,Y,
球面,2,6.158883,0.0,3.047665,Concept,Y,
球面接头,2,6.158883,0.0,3.047665,Concept,Y,
理想值,2,6.158883,0.0,3.047665,Concept,Y,
理想气体,2,6.158883,0.0,3.047665,Concept,Y,
理的,2,6.158883,0.0,3.047665,Concept,Y,
生产效率高,2,6.158883,0.0,3.047665,Performance,Y,
生升力,2,6.158883,0.0,3.047665,Concept,Y,
用焊塑法,2,6.158883,0.0,3.047665,Concept,Y,
由上,2,6.158883,0.0,3.047665,Concept,Y,
由上述内容可知,2,6.158883,0.0,3.047665,Concept,Y,
由上述分析可知,2,6.158883,0.0,3.047665,Concept,Y,
由二级发动机推力,2,6.158883,0.0,3.047665,Concept,Y,
由于亚,2,6.158883,0.0,3.047665,Concept,Y,
由于方程组,2,6.158883,0.0,3.047665,Concept,Y,
由于热量集中,2,6.158883,0.0,3.047665,Concept,Y,
由于舱口不大,2,6.158883,0.0,3.047665,Concept,Y,
由于装配误差,2,6.158883,0.0,3.047665,Concept,Y,
由于高空空气稀薄,2,6.158883,0.0,3.047665,Concept,Y,
由图10,2,6.158883,0.0,3.047665,Concept,Y,
由图5,2,6.158883,0.0,3.047665,Concept,Y,
由方程组,2,6.158883,0.0,3.047665,Concept,Y,
由方群编写,2,6.158883,0.0,3.047665,Concept,Y,
由概率学可知,2,6.158883,0.0,3.047665,Concept,Y,
由此求解出,2,6.158883,0.0,3.047665,Concept,Y,
由涡面,2,6.158883,0.0,3.047665,Concept,Y,
由结构动力学可知,2,6.158883,0.0,3.047665,Structure,Y,
由翼梁,2,6.158883,0.0,3.047665,Concept,Y,
由计算结果得到,2,6.158883,0.0,3.047665,Concept,Y,
由调节规律,2,6.158883,0.0,3.047665,Concept,Y,
电化腐蚀,2,6.158883,0.0,3.047665,Concept,Y,
电子系统结构设计,2,6.158883,0.0,3.047665,Structure,Y,
电气缸,2,6.158883,0.0,3.047665,Concept,Y,
电磁,2,6.158883,0.0,3.047665,Concept,Y,
电磁环境,2,6.158883,0.0,3.047665,Concept,Y,
电离层暴,2,6.158883,0.0,3.047665,Concept,Y,
电视,2,6.158883,0.0,3.047665,Concept,Y,
界面,2,6.158883,0.0,3.047665,Concept,Y,
疲劳寿命,2,6.158883,0.0,3.047665,Concept,Y,
白骑士二号飞行器,2,6.158883,0.0,3.047665,Mission,Y,
的3种典型情况,2,6.158883,0.0,3.047665,Concept,Y,
的三维设计规范,2,6.158883,0.0,3.047665,Concept,Y,
的东西振荡,2,6.158883,0.0,3.047665,Concept,Y,
的中部,2,6.158883,0.0,3.047665,Concept,Y,
的乘积为,2,6.158883,0.0,3.047665,Concept,Y,
的乘积项略去,2,6.158883,0.0,3.047665,Concept,Y,
的产品设计,2,6.158883,0.0,3.047665,Concept,Y,
的估算,2,6.158883,0.0,3.047665,Concept,Y,
的作用下,2,6.158883,0.0,3.047665,Concept,Y,
的函数关系,2,6.158883,0.0,3.047665,Concept,Y,
的刚度系数,2,6.158883,0.0,3.047665,Concept,Y,
的初始圆轨道上,2,6.158883,0.0,3.047665,Concept,Y,
的加速度,2,6.158883,0.0,3.047665,Parameter,Y,
的单位,2,6.158883,0.0,3.047665,Concept,Y,
的变化情况与图,2,6.158883,0.0,3.047665,Concept,Y,
的变化率,2,6.158883,0.0,3.047665,Concept,Y,
的变化规律,2,6.158883,0.0,3.047665,Concept,Y,
的变化量为,2,6.158883,0.0,3.047665,Concept,Y,
的变换矩阵为,2,6.158883,0.0,3.047665,Concept,Y,
的右边为,2,6.158883,0.0,3.047665,Concept,Y,
的各种情况,2,6.158883,0.0,3.047665,Concept,Y,
的后掠机翼,2,6.158883,0.0,3.047665,Structure,Y,
的含意是,2,6.158883,0.0,3.047665,Concept,Y,
的坐标变换矩阵,2,6.158883,0.0,3.047665,Concept,Y,
的坐标变换矩阵为,2,6.158883,0.0,3.047665,Concept,Y,
的增加而增加,2,6.158883,0.0,3.047665,Concept,Y,
的大小无关,2,6.158883,0.0,3.047665,Concept,Y,
的好坏程度,2,6.158883,0.0,3.047665,Concept,Y,
的定义为,2,6.158883,0.0,3.047665,Concept,Y,
的对应关系,2,6.158883,0.0,3.047665,Concept,Y,
的展开式是,2,6.158883,0.0,3.047665,Mechanism,Y,
的式,2,6.158883,0.0,3.047665,Concept,Y,
的控制策略,2,6.158883,0.0,3.047665,ControlMethod,Y,
的方向余弦阵,2,6.158883,0.0,3.047665,Concept,Y,
的时候,2,6.158883,0.0,3.047665,Concept,Y,
的标准差,2,6.158883,0.0,3.047665,Concept,Y,
的椭球面,2,6.158883,0.0,3.047665,Concept,Y,
的模,2,6.158883,0.0,3.047665,Concept,Y,
的气动,2,6.158883,0.0,3.047665,Performance,Y,
的波动,2,6.158883,0.0,3.047665,Concept,Y,
的流动,2,6.158883,0.0,3.047665,Concept,Y,
的添加,2,6.158883,0.0,3.047665,Concept,Y,
的温度变化,2,6.158883,0.0,3.047665,Concept,Y,
的热环境,2,6.158883,0.0,3.047665,Concept,Y,
的物理意义,2,6.158883,0.0,3.047665,Concept,Y,
的状态量,2,6.158883,0.0,3.047665,Concept,Y,
的直匀流,2,6.158883,0.0,3.047665,Concept,Y,
的相对大小,2,6.158883,0.0,3.047665,Concept,Y,
的第五式,2,6.158883,0.0,3.047665,Concept,Y,
的策略,2,6.158883,0.0,3.047665,Concept,Y,
的线性函数,2,6.158883,0.0,3.047665,Concept,Y,
的结构与设计,2,6.158883,0.0,3.047665,Structure,Y,
的表达式代入,2,6.158883,0.0,3.047665,Concept,Y,
的装配体设计规范,2,6.158883,0.0,3.047665,Concept,Y,
的角速度为,2,6.158883,0.0,3.047665,Parameter,Y,
的计算,2,6.158883,0.0,3.047665,Concept,Y,
的计算式为,2,6.158883,0.0,3.047665,Concept,Y,
的转动,2,6.158883,0.0,3.047665,Concept,Y,
的边界条件,2,6.158883,0.0,3.047665,Concept,Y,
的近似方法,2,6.158883,0.0,3.047665,Concept,Y,
的锢量,2,6.158883,0.0,3.047665,Concept,Y,
的隔热效果,2,6.158883,0.0,3.047665,Concept,Y,
的集中载荷,2,6.158883,0.0,3.047665,Performance,Y,
的集成,2,6.158883,0.0,3.047665,Concept,Y,
的静载荷条件,2,6.158883,0.0,3.047665,Performance,Y,
的风洞试验,2,6.158883,0.0,3.047665,Concept,Y,
的飞行,2,6.158883,0.0,3.047665,Mission,Y,
的高温,2,6.158883,0.0,3.047665,Concept,Y,
盖板,2,6.158883,0.0,3.047665,Concept,Y,
盘旋,2,6.158883,0.0,3.047665,Concept,Y,
盘旋过载下降,2,6.158883,0.0,3.047665,Concept,Y,
目标运动参数,2,6.158883,0.0,3.047665,Parameter,Y,
直匀流速度分量,2,6.158883,0.0,3.047665,Parameter,Y,
直径为137,2,6.158883,0.0,3.047665,Concept,Y,
直径为4,2,6.158883,0.0,3.047665,Concept,Y,
直机翼,2,6.158883,0.0,3.047665,Structure,Y,
相对厚度减小,2,6.158883,0.0,3.047665,Concept,Y,
相对导数,2,6.158883,0.0,3.047665,Concept,Y,
相对尾臂,2,6.158883,0.0,3.047665,Concept,Y,
相对展长,2,6.158883,0.0,3.047665,Concept,Y,
相对误差,2,6.158883,0.0,3.047665,Concept,Y,
相应,2,6.158883,0.0,3.047665,Concept,Y,
相应的速度为,2,6.158883,0.0,3.047665,Parameter,Y,
相或,2,6.158883,0.0,3.047665,Concept,Y,
省略,2,6.158883,0.0,3.047665,Concept,Y,
真实气,2,6.158883,0.0,3.047665,Concept,Y,
矢阵,2,6.158883,0.0,3.047665,Concept,Y,
石墨,2,6.158883,0.0,3.047665,Concept,Y,
石墨纤维,2,6.158883,0.0,3.047665,Concept,Y,
破碎,2,6.158883,0.0,3.047665,Concept,Y,
硬壳,2,6.158883,0.0,3.047665,Concept,Y,
确定冲击损伤假设,2,6.158883,0.0,3.047665,Concept,Y,
确定初始缺陷尺寸,2,6.158883,0.0,3.047665,Concept,Y,
确定指向的原理如,2,6.158883,0.0,3.047665,Concept,Y,
确定飞机推重比,2,6.158883,0.0,3.047665,Aircraft,Y,
碳或金属薄热结构,2,6.158883,0.0,3.047665,Structure,Y,
碳薄壳,2,6.158883,0.0,3.047665,Concept,Y,
碳薄壳热结构,2,6.158883,0.0,3.047665,Structure,Y,
碳薄壳结构,2,6.158883,0.0,3.047665,Structure,Y,
磁暴,2,6.158883,0.0,3.047665,Concept,Y,
磨支法,2,6.158883,0.0,3.047665,Concept,Y,
礼炮,2,6.158883,0.0,3.047665,Concept,Y,
离开前振,2,6.158883,0.0,3.047665,Concept,Y,
种浪费,2,6.158883,0.0,3.047665,Concept,Y,
积分状态方程,2,6.158883,0.0,3.047665,Concept,Y,
称为绝对弹道,2,6.158883,0.0,3.047665,Concept,Y,
称为静稳定度,2,6.158883,0.0,3.047665,Concept,Y,
程洪彬,2,6.158883,0.0,3.047665,Concept,Y,
稍部弦长0,2,6.158883,0.0,3.047665,Concept,Y,
稳健设计,2,6.158883,0.0,3.047665,Concept,Y,
稳定力矩,2,6.158883,0.0,3.047665,Concept,Y,
稳定性导数,2,6.158883,0.0,3.047665,Performance,Y,
稳特性,2,6.158883,0.0,3.047665,Concept,Y,
空军转型飞行计划,2,6.158883,0.0,3.047665,Mission,Y,
空天力学系列教材,2,6.158883,0.0,3.047665,Aircraft,Y,
空天技术,2,6.158883,0.0,3.047665,Aircraft,Y,
空导弹来说,2,6.158883,0.0,3.047665,Concept,Y,
空气动力学分析,2,6.158883,0.0,3.047665,Performance,Y,
空气动力学基础,2,6.158883,0.0,3.047665,Performance,Y,
空洞,2,6.158883,0.0,3.047665,Concept,Y,
空空导弹,2,6.158883,0.0,3.047665,Concept,Y,
空间利用率高,2,6.158883,0.0,3.047665,Concept,Y,
空间浪费,2,6.158883,0.0,3.047665,Concept,Y,
空间运输系统,2,6.158883,0.0,3.047665,Concept,Y,
立冬,2,6.158883,0.0,3.047665,Concept,Y,
立尾翼上热流,2,6.158883,0.0,3.047665,Structure,Y,
立足需求牵引,2,6.158883,0.0,3.047665,Concept,Y,
竖向单排螺钉连接,2,6.158883,0.0,3.047665,Concept,Y,
章与第7,2,6.158883,0.0,3.047665,Concept,Y,
端槽,2,6.158883,0.0,3.047665,Concept,Y,
竹蜡蜓,2,6.158883,0.0,3.047665,Concept,Y,
第三位数为,2,6.158883,0.0,3.047665,Concept,Y,
第三部分,2,6.158883,0.0,3.047665,Concept,Y,
第二种情况下,2,6.158883,0.0,3.047665,Concept,Y,
第五步,2,6.158883,0.0,3.047665,Concept,Y,
等强度,2,6.158883,0.0,3.047665,Concept,Y,
等离子体,2,6.158883,0.0,3.047665,Concept,Y,
筋条,2,6.158883,0.0,3.047665,Concept,Y,
简化成为,2,6.158883,0.0,3.047665,Concept,Y,
简单式克鲁格襟翼,2,6.158883,0.0,3.047665,Concept,Y,
管子,2,6.158883,0.0,3.047665,Concept,Y,
米康,2,6.158883,0.0,3.047665,Concept,Y,
类似,2,6.158883,0.0,3.047665,Concept,Y,
类似于,2,6.158883,0.0,3.047665,Concept,Y,
类似的,2,6.158883,0.0,3.047665,Concept,Y,
精力及费用,2,6.158883,0.0,3.047665,Concept,Y,
精度为,2,6.158883,0.0,3.047665,Concept,Y,
精度要求,2,6.158883,0.0,3.047665,Concept,Y,
精确方法,2,6.158883,0.0,3.047665,Concept,Y,
系列化,2,6.158883,0.0,3.047665,Concept,Y,
系列大型机,2,6.158883,0.0,3.047665,Concept,Y,
系数缺练法,2,6.158883,0.0,3.047665,Concept,Y,
系统可靠度,2,6.158883,0.0,3.047665,Concept,Y,
系统时,2,6.158883,0.0,3.047665,Concept,Y,
系统辨识,2,6.158883,0.0,3.047665,Concept,Y,
累加索引,2,6.158883,0.0,3.047665,Concept,Y,
纤维壁碎滑,2,6.158883,0.0,3.047665,Concept,Y,
约束法,2,6.158883,0.0,3.047665,Concept,Y,
约束阻尼层结构,2,6.158883,0.0,3.047665,Structure,Y,
约翰,2,6.158883,0.0,3.047665,Concept,Y,
级阶段,2,6.158883,0.0,3.047665,Concept,Y,
纪70,2,6.158883,0.0,3.047665,Concept,Y,
纳米航空器,2,6.158883,0.0,3.047665,Concept,Y,
线性地增加,2,6.158883,0.0,3.047665,Concept,Y,
线性特性好,2,6.158883,0.0,3.047665,Concept,Y,
组上机翼弯度,2,6.158883,0.0,3.047665,Structure,Y,
组成过渡坐标系,2,6.158883,0.0,3.047665,Concept,Y,
组成集成生产线,2,6.158883,0.0,3.047665,Concept,Y,
细节设计,2,6.158883,0.0,3.047665,Concept,Y,
经历的时,2,6.158883,0.0,3.047665,Concept,Y,
经整理后得到,2,6.158883,0.0,3.047665,Concept,Y,
经验公式,2,6.158883,0.0,3.047665,Concept,Y,
结合逐步回归方法,2,6.158883,0.0,3.047665,Concept,Y,
结构刚度,2,6.158883,0.0,3.047665,Structure,Y,
结构剩余强度分析,2,6.158883,0.0,3.047665,Structure,Y,
结构名称,2,6.158883,0.0,3.047665,Structure,Y,
结构在,2,6.158883,0.0,3.047665,Structure,Y,
结构多功能集成化,2,6.158883,0.0,3.047665,Structure,Y,
结构布置,2,6.158883,0.0,3.047665,Structure,Y,
结构形式的选择,2,6.158883,0.0,3.047665,Structure,Y,
结构方案概述,2,6.158883,0.0,3.047665,Structure,Y,
结构物理特性,2,6.158883,0.0,3.047665,Structure,Y,
结构的可靠指标为,2,6.158883,0.0,3.047665,Structure,Y,
结构的组成与分类,2,6.158883,0.0,3.047665,Structure,Y,
结构类型,2,6.158883,0.0,3.047665,Structure,Y,
结构设计研究,2,6.158883,0.0,3.047665,Structure,Y,
结构质量有所增加,2,6.158883,0.0,3.047665,Structure,Y,
结构质量轻,2,6.158883,0.0,3.047665,Structure,Y,
结构质量较轻,2,6.158883,0.0,3.047665,Structure,Y,
结构轻质化,2,6.158883,0.0,3.047665,Structure,Y,
结果显示,2,6.158883,0.0,3.047665,Concept,Y,
绕流流谱,2,6.158883,0.0,3.047665,Concept,Y,
绕翼型的速度环量,2,6.158883,0.0,3.047665,Structure,Y,
给出了单,2,6.158883,0.0,3.047665,Concept,Y,
给定三个位置,2,6.158883,0.0,3.047665,Concept,Y,
绝对值,2,6.158883,0.0,3.047665,Concept,Y,
继续起飞,2,6.158883,0.0,3.047665,Mission,Y,
绳索的强度,2,6.158883,0.0,3.047665,Concept,Y,
绳索的连接,2,6.158883,0.0,3.047665,Concept,Y,
绳索预张力的控制,2,6.158883,0.0,3.047665,ControlMethod,Y,
维函数向量,2,6.158883,0.0,3.047665,Concept,Y,
综合,2,6.158883,0.0,3.047665,Concept,Y,
综合以上两点,2,6.158883,0.0,3.047665,Concept,Y,
绿灯,2,6.158883,0.0,3.047665,Concept,Y,
缺点是配合面多,2,6.158883,0.0,3.047665,Concept,Y,
网格加筋结构,2,6.158883,0.0,3.047665,Structure,Y,
美国卫星,2,6.158883,0.0,3.047665,Concept,Y,
翅膀的结构和机理,2,6.158883,0.0,3.047665,Structure,Y,
翅膀的骨骼,2,6.158883,0.0,3.047665,Concept,Y,
翅面积急剧减小,2,6.158883,0.0,3.047665,Concept,Y,
翼型2,2,6.158883,0.0,3.047665,Structure,Y,
翼型3,2,6.158883,0.0,3.047665,Structure,Y,
翼型为例,2,6.158883,0.0,3.047665,Structure,Y,
翼型形状,2,6.158883,0.0,3.047665,Structure,Y,
翼型的跨声速绕流,2,6.158883,0.0,3.047665,Structure,Y,
翼型的选择考虑,2,6.158883,0.0,3.047665,Structure,Y,
翼型相对厚度,2,6.158883,0.0,3.047665,Structure,Y,
翼尖负扭转,2,6.158883,0.0,3.047665,Concept,Y,
翼展为,2,6.158883,0.0,3.047665,Concept,Y,
翼展为10英尺,2,6.158883,0.0,3.047665,Concept,Y,
翼展为22,2,6.158883,0.0,3.047665,Concept,Y,
翼展后的性能变化,2,6.158883,0.0,3.047665,Performance,Y,
翼展的单,2,6.158883,0.0,3.047665,Concept,Y,
翼展等,2,6.158883,0.0,3.047665,Concept,Y,
翼段2,2,6.158883,0.0,3.047665,Concept,Y,
翼膜,2,6.158883,0.0,3.047665,Concept,Y,
翼面压力为,2,6.158883,0.0,3.047665,Structure,Y,
而与其他面元无关,2,6.158883,0.0,3.047665,Concept,Y,
而与再入速度,2,6.158883,0.0,3.047665,Parameter,Y,
而飞行试验结果为,2,6.158883,0.0,3.047665,Mission,Y,
耐热性,2,6.158883,0.0,3.047665,Concept,Y,
耐老化性能,2,6.158883,0.0,3.047665,Performance,Y,
耳片式接头,2,6.158883,0.0,3.047665,Concept,Y,
联合模型建立,2,6.158883,0.0,3.047665,Concept,Y,
联系方程,2,6.158883,0.0,3.047665,Concept,Y,
肌肉,2,6.158883,0.0,3.047665,Concept,Y,
胀焊接,2,6.158883,0.0,3.047665,Concept,Y,
背激波,2,6.158883,0.0,3.047665,Concept,Y,
背负式进气道,2,6.158883,0.0,3.047665,Concept,Y,
胶接壁板,2,6.158883,0.0,3.047665,Concept,Y,
胶焊接,2,6.158883,0.0,3.047665,Concept,Y,
能采用全翼展襟翼,2,6.158883,0.0,3.047665,Concept,Y,
能量准则等,2,6.158883,0.0,3.047665,Concept,Y,
脱体涡变粗增强,2,6.158883,0.0,3.047665,Concept,Y,
腐蚀,2,6.158883,0.0,3.047665,Concept,Y,
腹鳍,2,6.158883,0.0,3.047665,Concept,Y,
腻子,2,6.158883,0.0,3.047665,Concept,Y,
自制,2,6.158883,0.0,3.047665,Concept,Y,
自动下料,2,6.158883,0.0,3.047665,Concept,Y,
自动化制造技术,2,6.158883,0.0,3.047665,Concept,Y,
自然科学版,2,6.158883,0.0,3.047665,Concept,Y,
至构型3,2,6.158883,0.0,3.047665,Concept,Y,
致的,2,6.158883,0.0,3.047665,Concept,Y,
航偏角,2,6.158883,0.0,3.047665,Concept,Y,
航向特性,2,6.158883,0.0,3.047665,Concept,Y,
航天器返回的方式,2,6.158883,0.0,3.047665,Aircraft,Y,
航天空气动力学,2,6.158883,0.0,3.047665,Performance,Y,
航天飞机发展概述,2,6.158883,0.0,3.047665,Aircraft,Y,
航天飞机构,2,6.158883,0.0,3.047665,Aircraft,Y,
航天飞机的发展,2,6.158883,0.0,3.047665,Aircraft,Y,
航天飞机轨道器,2,6.158883,0.0,3.047665,Aircraft,Y,
航天飞行力学,2,6.158883,0.0,3.047665,Mission,Y,
航天飞行动学,2,6.158883,0.0,3.047665,Mission,Y,
航天飞行器,2,6.158883,0.0,3.047665,Mission,Y,
航段对接处的密封,2,6.158883,0.0,3.047665,Concept,Y,
航空宇宙技術,2,6.158883,0.0,3.047665,Concept,Y,
航空宇宙数値,2,6.158883,0.0,3.047665,Concept,Y,
航空宇宙数值,2,6.158883,0.0,3.047665,Concept,Y,
航空航天,2,6.158883,0.0,3.047665,Concept,Y,
舱段的容积,2,6.158883,0.0,3.047665,Concept,Y,
舱门可承受到转动,2,6.158883,0.0,3.047665,Concept,Y,
舵轮,2,6.158883,0.0,3.047665,Concept,Y,
舵面阶跃偏转,2,6.158883,0.0,3.047665,Structure,Y,
艾俊强,2,6.158883,0.0,3.047665,Concept,Y,
节中的研究结论,2,6.158883,0.0,3.047665,Concept,Y,
节内容,2,6.158883,0.0,3.047665,Concept,Y,
芯子,2,6.158883,0.0,3.047665,Concept,Y,
苏联的图,2,6.158883,0.0,3.047665,Concept,Y,
苏联的米格,2,6.158883,0.0,3.047665,Concept,Y,
若0,2,6.158883,0.0,3.047665,Concept,Y,
若6,2,6.158883,0.0,3.047665,Concept,Y,
若90,2,6.158883,0.0,3.047665,Concept,Y,
若不能全部满足时,2,6.158883,0.0,3.047665,Concept,Y,
若必须开口,2,6.158883,0.0,3.047665,Concept,Y,
英格索尔,2,6.158883,0.0,3.047665,Concept,Y,
范围内6,2,6.158883,0.0,3.047665,Concept,Y,
范围内变化,2,6.158883,0.0,3.047665,Concept,Y,
获得高阶回归模型,2,6.158883,0.0,3.047665,Concept,Y,
薄壁结构,2,6.158883,0.0,3.047665,Structure,Y,
薄翼分离,2,6.158883,0.0,3.047665,Concept,Y,
薄翼理论中间参数,2,6.158883,0.0,3.047665,Parameter,Y,
薄翼理论过程参数,2,6.158883,0.0,3.047665,Parameter,Y,
虚线,2,6.158883,0.0,3.047665,Concept,Y,
蜂窝皮结构,2,6.158883,0.0,3.047665,Structure,Y,
蜻蜓目,2,6.158883,0.0,3.047665,Concept,Y,
蝙蝠,2,6.158883,0.0,3.047665,Concept,Y,
融合,2,6.158883,0.0,3.047665,Concept,Y,
融合体,2,6.158883,0.0,3.047665,Concept,Y,
螺套,2,6.158883,0.0,3.047665,Concept,Y,
螺纹连接,2,6.158883,0.0,3.047665,Concept,Y,
蟑螂,2,6.158883,0.0,3.047665,Concept,Y,
蠕变,2,6.158883,0.0,3.047665,Concept,Y,
行星波,2,6.158883,0.0,3.047665,Concept,Y,
行程器结构设计,2,6.158883,0.0,3.047665,Structure,Y,
行高度,2,6.158883,0.0,3.047665,Performance,Y,
衔铁,2,6.158883,0.0,3.047665,Concept,Y,
表示偏轨道,2,6.158883,0.0,3.047665,Concept,Y,
表表示如下,2,6.158883,0.0,3.047665,Concept,Y,
表面热流密度,2,6.158883,0.0,3.047665,Concept,Y,
衬垫,2,6.158883,0.0,3.047665,Concept,Y,
装卸方便,2,6.158883,0.0,3.047665,Concept,Y,
装机动力,2,6.158883,0.0,3.047665,Mission,Y,
装机结构的夹芯板,2,6.158883,0.0,3.047665,Structure,Y,
装配工作量少,2,6.158883,0.0,3.047665,Concept,Y,
装配式竖板,2,6.158883,0.0,3.047665,Concept,Y,
装配时,2,6.158883,0.0,3.047665,Concept,Y,
装配精度,2,6.158883,0.0,3.047665,Concept,Y,
装配过程仿真,2,6.158883,0.0,3.047665,Concept,Y,
裕度,2,6.158883,0.0,3.047665,Concept,Y,
裴建平,2,6.158883,0.0,3.047665,Concept,Y,
见表11,2,6.158883,0.0,3.047665,Concept,Y,
角取正值,2,6.158883,0.0,3.047665,Concept,Y,
计算公式见下说明,2,6.158883,0.0,3.047665,Concept,Y,
计算实例,2,6.158883,0.0,3.047665,Concept,Y,
计算应变谱,2,6.158883,0.0,3.047665,Concept,Y,
计算攻角,2,6.158883,0.0,3.047665,Parameter,Y,
计算机,2,6.158883,0.0,3.047665,Concept,Y,
计算机辅助工程,2,6.158883,0.0,3.047665,Concept,Y,
计算网格,2,6.158883,0.0,3.047665,Concept,Y,
计算表明,2,6.158883,0.0,3.047665,Concept,Y,
计算载荷时,2,6.158883,0.0,3.047665,Performance,Y,
计约束,2,6.158883,0.0,3.047665,Concept,Y,
讨论了,2,6.158883,0.0,3.047665,Concept,Y,
训练次数,2,6.158883,0.0,3.047665,Concept,Y,
记忆效应,2,6.158883,0.0,3.047665,Concept,Y,
论了单,2,6.158883,0.0,3.047665,Concept,Y,
论证阶段,2,6.158883,0.0,3.047665,Concept,Y,
设备的安装,2,6.158883,0.0,3.047665,Concept,Y,
设备舱结构,2,6.158883,0.0,3.047665,Structure,Y,
设备轴向力,2,6.158883,0.0,3.047665,Concept,Y,
设定模型预测,2,6.158883,0.0,3.047665,Concept,Y,
设计升力系数0,2,6.158883,0.0,3.047665,Concept,Y,
设计原则,2,6.158883,0.0,3.047665,Concept,Y,
设计变量的选取,2,6.158883,0.0,3.047665,Concept,Y,
设计和制造数字化,2,6.158883,0.0,3.047665,Concept,Y,
设计指标,2,6.158883,0.0,3.047665,Concept,Y,
设计数据应用,2,6.158883,0.0,3.047665,Concept,Y,
设计方案,2,6.158883,0.0,3.047665,Concept,Y,
设计的技术要求,2,6.158883,0.0,3.047665,Concept,Y,
设计补偿,2,6.158883,0.0,3.047665,Concept,Y,
设计规范,2,6.158883,0.0,3.047665,Concept,Y,
译审,2,6.158883,0.0,3.047665,Concept,Y,
试验前预测,2,6.158883,0.0,3.047665,Concept,Y,
试验平台,2,6.158883,0.0,3.047665,Concept,Y,
试验指标,2,6.158883,0.0,3.047665,Concept,Y,
试验次数,2,6.158883,0.0,3.047665,Concept,Y,
该式说明,2,6.158883,0.0,3.047665,Concept,Y,
该形式构造简单,2,6.158883,0.0,3.047665,Concept,Y,
该接头结构简单,2,6.158883,0.0,3.047665,Structure,Y,
诱导速度,2,6.158883,0.0,3.047665,Parameter,Y,
诱导阻力因子,2,6.158883,0.0,3.047665,Concept,Y,
说明在这种情况下,2,6.158883,0.0,3.047665,Concept,Y,
调节规律,2,6.158883,0.0,3.047665,Concept,Y,
质点,2,6.158883,0.0,3.047665,Concept,Y,
质量大小,2,6.158883,0.0,3.047665,Concept,Y,
质量特性,2,6.158883,0.0,3.047665,Concept,Y,
质量特性要求,2,6.158883,0.0,3.047665,Concept,Y,
质量达,2,6.158883,0.0,3.047665,Concept,Y,
贪婪策略,2,6.158883,0.0,3.047665,Concept,Y,
贪婪算法,2,6.158883,0.0,3.047665,ControlMethod,Y,
贮存环境,2,6.158883,0.0,3.047665,Concept,Y,
贾正宇,2,6.158883,0.0,3.047665,Concept,Y,
赤经,2,6.158883,0.0,3.047665,Concept,Y,
赫数2,2,6.158883,0.0,3.047665,Concept,Y,
走马灯,2,6.158883,0.0,3.047665,Concept,Y,
起初,2,6.158883,0.0,3.047665,Concept,Y,
起落架参数,2,6.158883,0.0,3.047665,Parameter,Y,
起落架收起,2,6.158883,0.0,3.047665,Concept,Y,
起降翼展,2,6.158883,0.0,3.047665,Concept,Y,
超声速后缘,2,6.158883,0.0,3.047665,Concept,Y,
超声速爬升率增大,2,6.158883,0.0,3.047665,Concept,Y,
超声速翼型,2,6.158883,0.0,3.047665,Structure,Y,
超声速飞行时,2,6.158883,0.0,3.047665,Mission,Y,
超级大黄蜂,2,6.158883,0.0,3.047665,Concept,Y,
跨声速区出,2,6.158883,0.0,3.047665,Concept,Y,
跨声速区域,2,6.158883,0.0,3.047665,Concept,Y,
跨声速风洞,2,6.158883,0.0,3.047665,Concept,Y,
路径3,2,6.158883,0.0,3.047665,Concept,Y,
路径约束,2,6.158883,0.0,3.047665,Concept,Y,
身在,2,6.158883,0.0,3.047665,Concept,Y,
轨枕,2,6.158883,0.0,3.047665,Concept,Y,
轨道优化算法,2,6.158883,0.0,3.047665,ControlMethod,Y,
轨道振动的原因,2,6.158883,0.0,3.047665,Concept,Y,
轨道高度,2,6.158883,0.0,3.047665,Performance,Y,
转动一个角度,2,6.158883,0.0,3.047665,Parameter,Y,
转移平面的改变,2,6.158883,0.0,3.047665,Concept,Y,
转过角,2,6.158883,0.0,3.047665,Concept,Y,
软件上称之谓,2,6.158883,0.0,3.047665,Concept,Y,
软化带设计技术,2,6.158883,0.0,3.047665,Concept,Y,
轰炸机和运输机,2,6.158883,0.0,3.047665,Concept,Y,
轴向力加大,2,6.158883,0.0,3.047665,Concept,Y,
轴向距离,2,6.158883,0.0,3.047665,Concept,Y,
轴向载荷,2,6.158883,0.0,3.047665,Performance,Y,
轴方向一致时为正,2,6.158883,0.0,3.047665,Concept,Y,
轴时,2,6.158883,0.0,3.047665,Concept,Y,
轴正向转动,2,6.158883,0.0,3.047665,Concept,Y,
轴的平移过载,2,6.158883,0.0,3.047665,Concept,Y,
轴转角,2,6.158883,0.0,3.047665,Concept,Y,
轴转过角度,2,6.158883,0.0,3.047665,Parameter,Y,
轴销,2,6.158883,0.0,3.047665,Concept,Y,
轻型飞机,2,6.158883,0.0,3.047665,Aircraft,Y,
载荷分布情况,2,6.158883,0.0,3.047665,Performance,Y,
载荷分散系数,2,6.158883,0.0,3.047665,Performance,Y,
载荷的综合设计,2,6.158883,0.0,3.047665,Performance,Y,
载荷综合设计,2,6.158883,0.0,3.047665,Performance,Y,
较低,2,6.158883,0.0,3.047665,Concept,Y,
较链轴位置,2,6.158883,0.0,3.047665,Concept,Y,
辐射损伤,2,6.158883,0.0,3.047665,Concept,Y,
输出事件才发生,2,6.158883,0.0,3.047665,Concept,Y,
边界层,2,6.158883,0.0,3.047665,Concept,Y,
边界层的分离点前移,2,6.158883,0.0,3.047665,Concept,Y,
过渡轨道的特性,2,6.158883,0.0,3.047665,Concept,Y,
过渡过程曲线,2,6.158883,0.0,3.047665,Concept,Y,
过载系数的概念,2,6.158883,0.0,3.047665,Concept,Y,
迈耶函数,2,6.158883,0.0,3.047665,Concept,Y,
迎角增大时,2,6.158883,0.0,3.047665,Concept,Y,
迎角较大时,2,6.158883,0.0,3.047665,Concept,Y,
运动不是相同的,2,6.158883,0.0,3.047665,Concept,Y,
运动学分析,2,6.158883,0.0,3.047665,Concept,Y,
运动灵活,2,6.158883,0.0,3.047665,Concept,Y,
运用式,2,6.158883,0.0,3.047665,Concept,Y,
运载火箭外力函数,2,6.158883,0.0,3.047665,Concept,Y,
近些年来,2,6.158883,0.0,3.047665,Concept,Y,
近似圆形的口栅,2,6.158883,0.0,3.047665,Concept,Y,
近似方法,2,6.158883,0.0,3.047665,Concept,Y,
近似矩形的口栅,2,6.158883,0.0,3.047665,Concept,Y,
近地点速度,2,6.158883,0.0,3.047665,Parameter,Y,
返回式,2,6.158883,0.0,3.047665,Concept,Y,
返回舱在发射,2,6.158883,0.0,3.047665,Concept,Y,
还具有部分影响因素,2,6.158883,0.0,3.047665,Concept,Y,
还可求得,2,6.158883,0.0,3.047665,Concept,Y,
这3,2,6.158883,0.0,3.047665,Concept,Y,
这个算例说明,2,6.158883,0.0,3.047665,Concept,Y,
这也是欧洲航天局,2,6.158883,0.0,3.047665,Concept,Y,
这些方,2,6.158883,0.0,3.047665,Concept,Y,
这就要求,2,6.158883,0.0,3.047665,Concept,Y,
这种机构工作可靠,2,6.158883,0.0,3.047665,Concept,Y,
进入21,2,6.158883,0.0,3.047665,Concept,Y,
进程,2,6.158883,0.0,3.047665,Concept,Y,
进而对横,2,6.158883,0.0,3.047665,Concept,Y,
进行可靠性设计时,2,6.158883,0.0,3.047665,Concept,Y,
进行采样,2,6.158883,0.0,3.047665,Concept,Y,
远方科技,2,6.158883,0.0,3.047665,Concept,Y,
远程火箭,2,6.158883,0.0,3.047665,Concept,Y,
连接与分离机构,2,6.158883,0.0,3.047665,Concept,Y,
连接可靠,2,6.158883,0.0,3.047665,Concept,Y,
连接方式,2,6.158883,0.0,3.047665,Concept,Y,
连接方式等,2,6.158883,0.0,3.047665,Concept,Y,
连接板,2,6.158883,0.0,3.047665,Concept,Y,
连接梁,2,6.158883,0.0,3.047665,Concept,Y,
连接段,2,6.158883,0.0,3.047665,Concept,Y,
连续变弯度机翼,2,6.158883,0.0,3.047665,Structure,Y,
适时,2,6.158883,0.0,3.047665,Concept,Y,
逆相变开始,2,6.158883,0.0,3.047665,Concept,Y,
选择发动机,2,6.158883,0.0,3.047665,Concept,Y,
通信卫星,2,6.158883,0.0,3.047665,Concept,Y,
通常用,2,6.158883,0.0,3.047665,Concept,Y,
通用原子公司,2,6.158883,0.0,3.047665,Concept,Y,
通用航空,2,6.158883,0.0,3.047665,Concept,Y,
通过升力控制,2,6.158883,0.0,3.047665,ControlMethod,Y,
通过变体技术,2,6.158883,0.0,3.047665,Aircraft,Y,
通过实践,2,6.158883,0.0,3.047665,Concept,Y,
通过对比图8,2,6.158883,0.0,3.047665,Concept,Y,
速域的气动力试验,2,6.158883,0.0,3.047665,Performance,Y,
速度下变体,2,6.158883,0.0,3.047665,Parameter,Y,
速度不同时,2,6.158883,0.0,3.047665,Parameter,Y,
速度倾角,2,6.158883,0.0,3.047665,Parameter,Y,
速度向量,2,6.158883,0.0,3.047665,Parameter,Y,
遮挡强散射部件,2,6.158883,0.0,3.047665,Concept,Y,
部分或全部,2,6.158883,0.0,3.047665,Concept,Y,
部变体,2,6.158883,0.0,3.047665,Aircraft,Y,
配平攻角,2,6.158883,0.0,3.047665,Parameter,Y,
采用时间分段插值,2,6.158883,0.0,3.047665,Concept,Y,
采用有限基,2,6.158883,0.0,3.047665,Concept,Y,
释放,2,6.158883,0.0,3.047665,Concept,Y,
重复上述步骤,2,6.158883,0.0,3.047665,Concept,Y,
重心位置,2,6.158883,0.0,3.047665,Concept,Y,
重点的结构与设计,2,6.158883,0.0,3.047665,Structure,Y,
重量代价大,2,6.158883,0.0,3.047665,Concept,Y,
重量性能,2,6.158883,0.0,3.047665,Performance,Y,
铁路运输,2,6.158883,0.0,3.047665,Concept,Y,
铆接,2,6.158883,0.0,3.047665,Concept,Y,
铝合金可使用到,2,6.158883,0.0,3.047665,Concept,Y,
铝合金多层壁,2,6.158883,0.0,3.047665,Concept,Y,
铝蜂窝芯子,2,6.158883,0.0,3.047665,Concept,Y,
铸造结构,2,6.158883,0.0,3.047665,Structure,Y,
锁定,2,6.158883,0.0,3.047665,Concept,Y,
锚环螺栓,2,6.158883,0.0,3.047665,Concept,Y,
锚钩机构,2,6.158883,0.0,3.047665,Concept,Y,
锥段,2,6.158883,0.0,3.047665,Concept,Y,
锥钩面,2,6.158883,0.0,3.047665,Concept,Y,
镍等,2,6.158883,0.0,3.047665,Concept,Y,
镍钛合金,2,6.158883,0.0,3.047665,Concept,Y,
长变体飞行器,2,6.158883,0.0,3.047665,Mission,Y,
长圆孔补偿,2,6.158883,0.0,3.047665,Concept,Y,
长寿,2,6.158883,0.0,3.047665,Concept,Y,
闪电,2,6.158883,0.0,3.047665,Concept,Y,
闫晓东,2,6.158883,0.0,3.047665,Concept,Y,
间接法,2,6.158883,0.0,3.047665,Concept,Y,
间的夹角,2,6.158883,0.0,3.047665,Concept,Y,
间距,2,6.158883,0.0,3.047665,Concept,Y,
防松措施的选择,2,6.158883,0.0,3.047665,Concept,Y,
防热涂层,2,6.158883,0.0,3.047665,Concept,Y,
防热结构,2,6.158883,0.0,3.047665,Structure,Y,
防热结构设计概述,2,6.158883,0.0,3.047665,Structure,Y,
防腐蚀,2,6.158883,0.0,3.047665,Concept,Y,
阶数,2,6.158883,0.0,3.047665,Concept,Y,
阻力小,2,6.158883,0.0,3.047665,Concept,Y,
阻力特性,2,6.158883,0.0,3.047665,Concept,Y,
陀星器,2,6.158883,0.0,3.047665,Concept,Y,
附件,2,6.158883,0.0,3.047665,Concept,Y,
附件轴向力,2,6.158883,0.0,3.047665,Concept,Y,
附加吸力减小,2,6.158883,0.0,3.047665,Concept,Y,
附录,2,6.158883,0.0,3.047665,Concept,Y,
降低了成本,2,6.158883,0.0,3.047665,Concept,Y,
降低热流峰值,2,6.158883,0.0,3.047665,Concept,Y,
降低生产成本,2,6.158883,0.0,3.047665,Concept,Y,
降低试验成本,2,6.158883,0.0,3.047665,Concept,Y,
降噪,2,6.158883,0.0,3.047665,Concept,Y,
降速度增加,2,6.158883,0.0,3.047665,Parameter,Y,
除了上述攻角,2,6.158883,0.0,3.047665,Parameter,Y,
除以轨道周期,2,6.158883,0.0,3.047665,Concept,Y,
陶瓷基复合材料,2,6.158883,0.0,3.047665,Concept,Y,
陶瓷柔性隔热毯,2,6.158883,0.0,3.047665,Concept,Y,
随攻角增大,2,6.158883,0.0,3.047665,Parameter,Y,
随机,2,6.158883,0.0,3.047665,Concept,Y,
随着技术的发展,2,6.158883,0.0,3.047665,Concept,Y,
随着高度的增加,2,6.158883,0.0,3.047665,Performance,Y,
随裂纹长度,2,6.158883,0.0,3.047665,Concept,Y,
隔热材料,2,6.158883,0.0,3.047665,Concept,Y,
难点,2,6.158883,0.0,3.047665,Concept,Y,
雅克,2,6.158883,0.0,3.047665,Concept,Y,
雅格斯文,2,6.158883,0.0,3.047665,Concept,Y,
集力,2,6.158883,0.0,3.047665,Concept,Y,
集成环境下完成,2,6.158883,0.0,3.047665,Concept,Y,
零件信息,2,6.158883,0.0,3.047665,Concept,Y,
零件等,2,6.158883,0.0,3.047665,Concept,Y,
零升攻角滞后,2,6.158883,0.0,3.047665,Parameter,Y,
雷达半主动制导,2,6.158883,0.0,3.047665,Concept,Y,
需棒可行性要束给出,2,6.158883,0.0,3.047665,Concept,Y,
需要匹配的精度要求,2,6.158883,0.0,3.047665,Concept,Y,
需要注意,2,6.158883,0.0,3.047665,Concept,Y,
静网格,2,6.158883,0.0,3.047665,Concept,Y,
非共面轨道转移,2,6.158883,0.0,3.047665,Concept,Y,
非平衡流,2,6.158883,0.0,3.047665,Concept,Y,
非惩罚,2,6.158883,0.0,3.047665,Concept,Y,
非线性,2,6.158883,0.0,3.047665,Concept,Y,
非线性控制,2,6.158883,0.0,3.047665,ControlMethod,Y,
非结构网格,2,6.158883,0.0,3.047665,Structure,Y,
面上,2,6.158883,0.0,3.047665,Concept,Y,
面元,2,6.158883,0.0,3.047665,Concept,Y,
面向装配的设计,2,6.158883,0.0,3.047665,Concept,Y,
面积律修型,2,6.158883,0.0,3.047665,Concept,Y,
革翅目,2,6.158883,0.0,3.047665,Concept,Y,
鞘翅目,2,6.158883,0.0,3.047665,Concept,Y,
顶部加装,2,6.158883,0.0,3.047665,Concept,Y,
项省略,2,6.158883,0.0,3.047665,Concept,Y,
顺序或条件,2,6.158883,0.0,3.047665,Concept,Y,
顾问,2,6.158883,0.0,3.047665,Concept,Y,
预备知识,2,6.158883,0.0,3.047665,Concept,Y,
预成形件,2,6.158883,0.0,3.047665,Concept,Y,
预期效果,2,6.158883,0.0,3.047665,Concept,Y,
风洞和,2,6.158883,0.0,3.047665,Concept,Y,
风轮,2,6.158883,0.0,3.047665,Concept,Y,
飞人,2,6.158883,0.0,3.047665,Concept,Y,
飞机工程,2,6.158883,0.0,3.047665,Aircraft,Y,
飞机手册,2,6.158883,0.0,3.047665,Aircraft,Y,
飞机技术指标分析,2,6.158883,0.0,3.047665,Aircraft,Y,
飞机的主要总体参数,2,6.158883,0.0,3.047665,Parameter,Y,
飞机的气动特性估算,2,6.158883,0.0,3.047665,Performance,Y,
飞机空气动力学,2,6.158883,0.0,3.047665,Performance,Y,
飞机空重,2,6.158883,0.0,3.047665,Aircraft,Y,
飞机起飞总重,2,6.158883,0.0,3.047665,Mission,Y,
飞行动,2,6.158883,0.0,3.047665,Mission,Y,
飞行动力特性分析,2,6.158883,0.0,3.047665,Mission,Y,
飞行器三视图,2,6.158883,0.0,3.047665,Mission,Y,
飞行器机动及其设计,2,6.158883,0.0,3.047665,Mission,Y,
飞行器概述,2,6.158883,0.0,3.047665,Mission,Y,
飞行器气动设,2,6.158883,0.0,3.047665,Performance,Y,
飞行器热构设计,2,6.158883,0.0,3.047665,Mission,Y,
飞行器热结构设计,2,6.158883,0.0,3.047665,Structure,Y,
飞行器的转动方程,2,6.158883,0.0,3.047665,Mission,Y,
飞行器的运动方程,2,6.158883,0.0,3.047665,Mission,Y,
飞行器类型,2,6.158883,0.0,3.047665,Mission,Y,
飞行器结构与设计,2,6.158883,0.0,3.047665,Structure,Y,
飞行器结构力学设计,2,6.158883,0.0,3.047665,Structure,Y,
飞行器结构动力设计,2,6.158883,0.0,3.047665,Structure,Y,
飞行器结构动态设计,2,6.158883,0.0,3.047665,Structure,Y,
飞行器结构性分析,2,6.158883,0.0,3.047665,Structure,Y,
飞行器结构构设计,2,6.158883,0.0,3.047665,Structure,Y,
飞行器结构的含义,2,6.158883,0.0,3.047665,Structure,Y,
飞行器绕,2,6.158883,0.0,3.047665,Mission,Y,
飞行器质心处沿,2,6.158883,0.0,3.047665,Mission,Y,
飞行模拟试验,2,6.158883,0.0,3.047665,Mission,Y,
飞行距离,2,6.158883,0.0,3.047665,Mission,Y,
飞行速度和高度,2,6.158883,0.0,3.047665,Performance,Y,
飞行马赫数,2,6.158883,0.0,3.047665,Mission,Y,
马力,2,6.158883,0.0,3.047665,Concept,Y,
马赫数与雷诺数,2,6.158883,0.0,3.047665,Parameter,Y,
马长兴,2,6.158883,0.0,3.047665,Concept,Y,
驱动加速度,2,6.158883,0.0,3.047665,Mechanism,Y,
驱动器功率,2,6.158883,0.0,3.047665,Mechanism,Y,
驱动器峰值功率,2,6.158883,0.0,3.047665,Mechanism,Y,
驱动机构,2,6.158883,0.0,3.047665,Mechanism,Y,
驾驶杆,2,6.158883,0.0,3.047665,Concept,Y,
验证单,2,6.158883,0.0,3.047665,Concept,Y,
验证机的全机三视图,2,6.158883,0.0,3.047665,Concept,Y,
验证机的布局方案,2,6.158883,0.0,3.047665,Concept,Y,
骨架,2,6.158883,0.0,3.047665,Concept,Y,
高为,2,6.158883,0.0,3.047665,Concept,Y,
高估了,2,6.158883,0.0,3.047665,Concept,Y,
高压燃气,2,6.158883,0.0,3.047665,Concept,Y,
高怀,2,6.158883,0.0,3.047665,Concept,Y,
高性能,2,6.158883,0.0,3.047665,Performance,Y,
高比强度,2,6.158883,0.0,3.047665,Concept,Y,
高超声速空气动力学,2,6.158883,0.0,3.047665,Performance,Y,
高超声速风洞,2,6.158883,0.0,3.047665,Concept,Y,
鬼怪,2,6.158883,0.0,3.047665,Concept,Y,
黄志辉,2,6.158883,0.0,3.047665,Concept,Y,
黄赤交角,2,6.158883,0.0,3.047665,Concept,Y,
黏性效应,2,6.158883,0.0,3.047665,Concept,Y,
多维度柔性变形阶段,2,3.079442,9.162072,3.04004,Mechanism,Y,
进一步协调各种部件的优化配置,2,3.079442,9.10365,3.034197,Concept,Y,
进一步开展了数值计算,2,3.079442,9.10365,3.034197,Concept,Y,
制定维修计划并给出使用维修大纲,2,3.079442,8.992292,3.023062,Concept,Y,
航向耦合的偏离预测判断进行了推导和分析,2,3.079442,8.962034,3.020036,Concept,Y,
航天飞机研制的重要支撑技术,2,3.079442,8.962034,3.020036,Aircraft,Y,
下变体过程中飞机的弦向升力中心变化情况,2,3.079442,8.954355,3.019268,Aircraft,Y,
双折叠翼单侧变体的2自由度动力学模型,2,3.079442,8.877846,3.011617,Mechanism,Y,
世纪50年代末,3,0.0,12.052351,3.005235,Concept,Y,
若在现有飞行器的基础上,2,3.079442,8.774317,3.001264,Mission,Y,
该方法在参数化模型预测控制问题的基础上,2,3.079442,8.774317,3.001264,ControlMethod,Y,
下标来流条件,5,0.0,0.0,3.0,Concept,Y,
中等中等,5,0.0,0.0,3.0,Concept,Y,
为点的距离,5,0.0,0.0,3.0,Concept,Y,
内侧外侧内侧,5,0.0,0.0,3.0,Concept,Y,
内侧外侧内侧外侧,5,0.0,0.0,3.0,Concept,Y,
减小增大,5,0.0,0.0,3.0,Concept,Y,
前缘缝翼内侧双缝襟翼,5,0.0,0.0,3.0,Concept,Y,
增大减小,5,0.0,0.0,3.0,Concept,Y,
外侧内侧,5,0.0,0.0,3.0,Concept,Y,
外侧内侧外侧,5,0.0,0.0,3.0,Concept,Y,
外侧单缝襟翼,5,0.0,0.0,3.0,Concept,Y,
庄道哲越劜熊,5,0.0,0.0,3.0,Concept,Y,
度攻角和6,5,0.0,0.0,3.0,Parameter,Y,
度攻角和6度攻角,5,0.0,0.0,3.0,Parameter,Y,
机翼尾翼,5,0.0,0.0,3.0,Structure,Y,
气动实验与测量控制庄道哲,5,0.0,0.0,3.0,ControlMethod,Y,
点连成面积,5,0.0,0.0,3.0,Concept,Y,
点连成面积点连成,5,0.0,0.0,3.0,Concept,Y,
符号概述,5,0.0,0.0,3.0,Concept,Y,
续表意义,5,0.0,0.0,3.0,Concept,Y,
续表意义位置,5,0.0,0.0,3.0,Concept,Y,
论文西安,5,0.0,0.0,3.0,Concept,Y,
该表内容主要摘自飞机设计手册第6,5,0.0,0.0,3.0,Aircraft,Y,
该表内容主要摘自飞机设计手册第6气动设计,5,0.0,0.0,3.0,Performance,Y,
面积点连成面积,5,0.0,0.0,3.0,Concept,Y,
面积点连成面积点连成,5,0.0,0.0,3.0,Concept,Y,
双折叠翼变体飞行器的新概念,2,3.079442,8.714482,2.995281,Mechanism,Y,
组机翼的升力系数和阻力系数曲线,2,3.079442,8.689242,2.992757,Structure,Y,
由千脱体涡的切洗效应,2,3.079442,8.559096,2.979742,Concept,Y,
当上机翼处于下机翼正上方时,2,3.079442,8.451688,2.969001,Structure,Y,
要具有一定精度的气动模型公式,2,3.079442,8.341487,2.957981,Performance,Y,
超声速巡航截击作战剖面,2,3.079442,8.291181,2.952951,Mission,Y,
对于非线性较强的问题,2,3.079442,8.224669,2.946299,Concept,Y,
应力应变,4,0.0,5.4607,2.94607,Concept,Y,
变体过程中飞机的俯仰,2,3.079442,8.216142,2.945447,Aircraft,Y,
变体飞行器控制技术发展现状与展望,2,3.079442,8.216142,2.945447,ControlMethod,Y,
与水平面之间的夹角,2,3.079442,8.160353,2.939868,Concept,Y,
两侧的变体基本保持良好的对称性,2,3.079442,8.106957,2.934528,Aircraft,Y,
可用于学习由强化学习法获得的系统参数,2,3.079442,8.096902,2.933523,Parameter,Y,
可靠性和经济性的要求,2,3.079442,8.096902,2.933523,Concept,Y,
中上下机翼弯度相等时的变化趋势高度一致,2,3.079442,8.021563,2.925989,Structure,Y,
变体机构和包含变体机构的飞机结构设计,2,3.079442,7.910218,2.914854,Structure,Y,
计算得到此时飞机的性能参数,2,3.079442,7.910218,2.914854,Performance,Y,
图在再入航天飞行器气动布局设计中的应用,2,3.079442,7.8125,2.905082,Performance,Y,
此时连杆上的弯矩和扭矩可以表示为,2,3.079442,7.702521,2.894085,Concept,Y,
在因素水平不多的情况下,2,3.079442,7.640049,2.887837,Concept,Y,
在多个方面优于现有的变展长变体飞行器,2,3.079442,7.640049,2.887837,Mission,Y,
在实际的变体控制中,2,3.079442,7.640049,2.887837,ControlMethod,Y,
在活动机翼处于不同位置时,2,3.079442,7.640049,2.887837,Structure,Y,
在相平面上它是一条朝,2,3.079442,7.640049,2.887837,Concept,Y,
在这一新概念的基础上,2,3.079442,7.640049,2.887837,Concept,Y,
飞行器变后掠过程非定常气动特性形成机理,2,3.079442,7.570246,2.880857,Performance,Y,
且二者的升力之和等于飞机的重力,2,3.079442,7.546426,2.878475,Aircraft,Y,
活动机翼和固定机翼均产生升力,2,3.079442,7.546426,2.878475,Structure,Y,
第二部分控制与动力,2,3.079442,7.546426,2.878475,ControlMethod,Y,
跨超声速小攻角和高超声速大攻角气动力,2,3.079442,7.546426,2.878475,Performance,Y,
双折叠翼变体原理验证机,2,3.079442,7.540027,2.877835,Mechanism,Y,
涡轮螺旋桨支线飞机,2,3.079442,7.540027,2.877835,Aircraft,Y,
在20世纪60,4,0.0,4.640049,2.864005,Concept,Y,
飞行器结构的组成与分类,2,3.079442,7.362883,2.860121,Structure,Y,
且涡心逐步向翼根移动,2,3.079442,7.314202,2.855253,Concept,Y,
动力学和控制特性研究,2,3.079442,7.314202,2.855253,ControlMethod,Y,
此时双翼的零升攻角,2,3.079442,7.262626,2.850095,Parameter,Y,
当上机翼在下机翼前方时,2,3.079442,6.866725,2.810505,Structure,Y,
一些,2,5.347953,0.0,2.804386,Concept,Y,
一北京,2,5.347953,0.0,2.804386,Concept,Y,
一般取0,2,5.347953,0.0,2.804386,Concept,Y,
一般对,2,5.347953,0.0,2.804386,Concept,Y,
三维,2,5.347953,0.0,2.804386,Concept,Y,
上架建议,2,5.347953,0.0,2.804386,Concept,Y,
上的,2,5.347953,0.0,2.804386,Concept,Y,
下限,2,5.347953,0.0,2.804386,Concept,Y,
下面分别进行讨论,2,5.347953,0.0,2.804386,Concept,Y,
下面对,2,5.347953,0.0,2.804386,Concept,Y,
不仅,2,5.347953,0.0,2.804386,Concept,Y,
不能忽略,2,5.347953,0.0,2.804386,Concept,Y,
不超过1,2,5.347953,0.0,2.804386,Concept,Y,
专利,2,5.347953,0.0,2.804386,Concept,Y,
且成本较高,2,5.347953,0.0,2.804386,Concept,Y,
且注意到,2,5.347953,0.0,2.804386,Concept,Y,
世纪初,2,5.347953,0.0,2.804386,Concept,Y,
两大类,2,5.347953,0.0,2.804386,Concept,Y,
两方面,2,5.347953,0.0,2.804386,Concept,Y,
严格地说,2,5.347953,0.0,2.804386,Concept,Y,
个无量纲参数,2,5.347953,0.0,2.804386,Parameter,Y,
中单翼,2,5.347953,0.0,2.804386,Concept,Y,
中国,2,5.347953,0.0,2.804386,Concept,Y,
中国空间科学技术,2,5.347953,0.0,2.804386,Concept,Y,
中国航空研究院,2,5.347953,0.0,2.804386,Concept,Y,
中提出的方法,2,5.347953,0.0,2.804386,Concept,Y,
中时,2,5.347953,0.0,2.804386,Concept,Y,
中的矢量,2,5.347953,0.0,2.804386,Concept,Y,
为100,2,5.347953,0.0,2.804386,Concept,Y,
为20,2,5.347953,0.0,2.804386,Concept,Y,
为30,2,5.347953,0.0,2.804386,Concept,Y,
为了叙述方便,2,5.347953,0.0,2.804386,Concept,Y,
为了简化计算,2,5.347953,0.0,2.804386,Concept,Y,
为了解决上述问题,2,5.347953,0.0,2.804386,Concept,Y,
为刚度矩阵,2,5.347953,0.0,2.804386,Concept,Y,
为升力系数,2,5.347953,0.0,2.804386,Concept,Y,
为原点,2,5.347953,0.0,2.804386,Concept,Y,
为已知,2,5.347953,0.0,2.804386,Concept,Y,
为广义力,2,5.347953,0.0,2.804386,Concept,Y,
为此目的,2,5.347953,0.0,2.804386,Concept,Y,
为简化书写,2,5.347953,0.0,2.804386,Concept,Y,
为简化计算,2,5.347953,0.0,2.804386,Concept,Y,
为阻力,2,5.347953,0.0,2.804386,Concept,Y,
为飞行器质量,2,5.347953,0.0,2.804386,Mission,Y,
主动柔性机翼,2,5.347953,0.0,2.804386,Structure,Y,
主要是,2,5.347953,0.0,2.804386,Concept,Y,
主要经历设计,2,5.347953,0.0,2.804386,Concept,Y,
之一,2,5.347953,0.0,2.804386,Concept,Y,
之间的关系为,2,5.347953,0.0,2.804386,Concept,Y,
之间的距离,2,5.347953,0.0,2.804386,Concept,Y,
九五,2,5.347953,0.0,2.804386,Concept,Y,
也可以,2,5.347953,0.0,2.804386,Concept,Y,
也称,2,5.347953,0.0,2.804386,Concept,Y,
于0,2,5.347953,0.0,2.804386,Concept,Y,
于是得,2,5.347953,0.0,2.804386,Concept,Y,
于是得到,2,5.347953,0.0,2.804386,Concept,Y,
亦称,2,5.347953,0.0,2.804386,Concept,Y,
产生升力和推力,2,5.347953,0.0,2.804386,Concept,Y,
亿美元,2,5.347953,0.0,2.804386,Concept,Y,
从图中可以看到,2,5.347953,0.0,2.804386,Concept,Y,
从图中看出,2,5.347953,0.0,2.804386,Concept,Y,
从轨道坐标系,2,5.347953,0.0,2.804386,Concept,Y,
代表,2,5.347953,0.0,2.804386,Concept,Y,
以初始状态,2,5.347953,0.0,2.804386,Concept,Y,
以半径为,2,5.347953,0.0,2.804386,Concept,Y,
以及天线,2,5.347953,0.0,2.804386,Concept,Y,
以图6,2,5.347953,0.0,2.804386,Concept,Y,
以外,2,5.347953,0.0,2.804386,Concept,Y,
以看出,2,5.347953,0.0,2.804386,Concept,Y,
仪器,2,5.347953,0.0,2.804386,Concept,Y,
仰角,2,5.347953,0.0,2.804386,Concept,Y,
仿真技术,2,5.347953,0.0,2.804386,Concept,Y,
伏欣,2,5.347953,0.0,2.804386,Concept,Y,
优化结果,2,5.347953,0.0,2.804386,Concept,Y,
传统的,2,5.347953,0.0,2.804386,Concept,Y,
估算,2,5.347953,0.0,2.804386,Concept,Y,
但事实上,2,5.347953,0.0,2.804386,Concept,Y,
但其,2,5.347953,0.0,2.804386,Concept,Y,
但在,2,5.347953,0.0,2.804386,Concept,Y,
但在某些情况下,2,5.347953,0.0,2.804386,Concept,Y,
但随着,2,5.347953,0.0,2.804386,Concept,Y,
位置传感器,2,5.347953,0.0,2.804386,Concept,Y,
低成本,2,5.347953,0.0,2.804386,Concept,Y,
体积,2,5.347953,0.0,2.804386,Concept,Y,
体系,2,5.347953,0.0,2.804386,Concept,Y,
体结构设计,2,5.347953,0.0,2.804386,Structure,Y,
作为,2,5.347953,0.0,2.804386,Concept,Y,
作为积分下限,2,5.347953,0.0,2.804386,Concept,Y,
作如下假设,2,5.347953,0.0,2.804386,Concept,Y,
使前,2,5.347953,0.0,2.804386,Concept,Y,
使用情况,2,5.347953,0.0,2.804386,Concept,Y,
侵权必究,2,5.347953,0.0,2.804386,Concept,Y,
保证安装精度,2,5.347953,0.0,2.804386,Concept,Y,
修改设计,2,5.347953,0.0,2.804386,Concept,Y,
俯仰方向,2,5.347953,0.0,2.804386,Concept,Y,
借鉴,2,5.347953,0.0,2.804386,Concept,Y,
值大,2,5.347953,0.0,2.804386,Concept,Y,
全三维,2,5.347953,0.0,2.804386,Concept,Y,
公式如下,2,5.347953,0.0,2.804386,Concept,Y,
六角形,2,5.347953,0.0,2.804386,Concept,Y,
关系图,2,5.347953,0.0,2.804386,Concept,Y,
其一是,2,5.347953,0.0,2.804386,Concept,Y,
其中1,2,5.347953,0.0,2.804386,Concept,Y,
其中的,2,5.347953,0.0,2.804386,Concept,Y,
其主要包括,2,5.347953,0.0,2.804386,Concept,Y,
其他因素,2,5.347953,0.0,2.804386,Concept,Y,
其升力增加,2,5.347953,0.0,2.804386,Concept,Y,
其实,2,5.347953,0.0,2.804386,Concept,Y,
其机,2,5.347953,0.0,2.804386,Concept,Y,
其目的是,2,5.347953,0.0,2.804386,Concept,Y,
其结果,2,5.347953,0.0,2.804386,Concept,Y,
具体过程如下,2,5.347953,0.0,2.804386,Concept,Y,
具有快速,2,5.347953,0.0,2.804386,Concept,Y,
兼顾高速,2,5.347953,0.0,2.804386,Concept,Y,
再如,2,5.347953,0.0,2.804386,Concept,Y,
写成矩阵形式,2,5.347953,0.0,2.804386,Concept,Y,
冷劲松,2,5.347953,0.0,2.804386,Concept,Y,
出版发行,2,5.347953,0.0,2.804386,Concept,Y,
出现,2,5.347953,0.0,2.804386,Concept,Y,
分别为纵向,2,5.347953,0.0,2.804386,Concept,Y,
分析报告,2,5.347953,0.0,2.804386,Concept,Y,
分析模型,2,5.347953,0.0,2.804386,Concept,Y,
刘华华,2,5.347953,0.0,2.804386,Concept,Y,
刘彦菊,2,5.347953,0.0,2.804386,Concept,Y,
刘衍旭,2,5.347953,0.0,2.804386,Concept,Y,
则令,2,5.347953,0.0,2.804386,Concept,Y,
则有近似关系式,2,5.347953,0.0,2.804386,Concept,Y,
则要求,2,5.347953,0.0,2.804386,Concept,Y,
初始条件为,2,5.347953,0.0,2.804386,Concept,Y,
判据,2,5.347953,0.0,2.804386,Concept,Y,
别外,2,5.347953,0.0,2.804386,Concept,Y,
到式,2,5.347953,0.0,2.804386,Concept,Y,
制造工艺性能要求,2,5.347953,0.0,2.804386,Performance,Y,
前掠翼,2,5.347953,0.0,2.804386,Concept,Y,
前缘半径,2,5.347953,0.0,2.804386,Concept,Y,
前缘后掠角,2,5.347953,0.0,2.804386,Concept,Y,
前缘后掠角增加,2,5.347953,0.0,2.804386,Concept,Y,
前视图,2,5.347953,0.0,2.804386,Concept,Y,
前面已经指出,2,5.347953,0.0,2.804386,Concept,Y,
剩余能量,2,5.347953,0.0,2.804386,Concept,Y,
副教授,2,5.347953,0.0,2.804386,Concept,Y,
力的,2,5.347953,0.0,2.804386,Concept,Y,
加工困难,2,5.347953,0.0,2.804386,Concept,Y,
加阻力,2,5.347953,0.0,2.804386,Concept,Y,
动力装置,2,5.347953,0.0,2.804386,Concept,Y,
包括地面,2,5.347953,0.0,2.804386,Concept,Y,
包括新材料,2,5.347953,0.0,2.804386,Concept,Y,
包括机身,2,5.347953,0.0,2.804386,Structure,Y,
包括重力,2,5.347953,0.0,2.804386,Concept,Y,
北京100088,2,5.347953,0.0,2.804386,Concept,Y,
升交点赤经,2,5.347953,0.0,2.804386,Concept,Y,
升力系数降低,2,5.347953,0.0,2.804386,Concept,Y,
升力降低,2,5.347953,0.0,2.804386,Concept,Y,
半长轴,2,5.347953,0.0,2.804386,Concept,Y,
单位时间,2,5.347953,0.0,2.804386,Concept,Y,
卢志毅,2,5.347953,0.0,2.804386,Concept,Y,
卫星的剩余能量为,2,5.347953,0.0,2.804386,Concept,Y,
印数,2,5.347953,0.0,2.804386,Concept,Y,
即365,2,5.347953,0.0,2.804386,Concept,Y,
即图3,2,5.347953,0.0,2.804386,Concept,Y,
即地球,2,5.347953,0.0,2.804386,Concept,Y,
即当,2,5.347953,0.0,2.804386,Concept,Y,
即是说,2,5.347953,0.0,2.804386,Concept,Y,
即机身,2,5.347953,0.0,2.804386,Structure,Y,
即焦点,2,5.347953,0.0,2.804386,Concept,Y,
卸载,2,5.347953,0.0,2.804386,Concept,Y,
卸载过程中,2,5.347953,0.0,2.804386,Concept,Y,
压力中心和焦点,2,5.347953,0.0,2.804386,Concept,Y,
压力系数为,2,5.347953,0.0,2.804386,Concept,Y,
压心,2,5.347953,0.0,2.804386,Concept,Y,
原则上,2,5.347953,0.0,2.804386,Concept,Y,
原因,2,5.347953,0.0,2.804386,Concept,Y,
原型,2,5.347953,0.0,2.804386,Concept,Y,
参看图4,2,5.347953,0.0,2.804386,Concept,Y,
参考弦长,2,5.347953,0.0,2.804386,Concept,Y,
及相应的,2,5.347953,0.0,2.804386,Concept,Y,
反效,2,5.347953,0.0,2.804386,Concept,Y,
反馈,2,5.347953,0.0,2.804386,Concept,Y,
发动机舱,2,5.347953,0.0,2.804386,Concept,Y,
发射机推力,2,5.347953,0.0,2.804386,Concept,Y,
发挥,2,5.347953,0.0,2.804386,Concept,Y,
发行传真,2,5.347953,0.0,2.804386,Concept,Y,
取决于,2,5.347953,0.0,2.804386,Concept,Y,
取向及形式,2,5.347953,0.0,2.804386,Concept,Y,
变体方案,2,5.347953,0.0,2.804386,Aircraft,Y,
变体机构,2,5.347953,0.0,2.804386,Aircraft,Y,
变化规律,2,5.347953,0.0,2.804386,Concept,Y,
变后掠机翼,2,5.347953,0.0,2.804386,Structure,Y,
变后掠角,2,5.347953,0.0,2.804386,Concept,Y,
变展长,2,5.347953,0.0,2.804386,Concept,Y,
变弯度,2,5.347953,0.0,2.804386,Concept,Y,
变形铝合金,2,5.347953,0.0,2.804386,Mechanism,Y,
变成,2,5.347953,0.0,2.804386,Concept,Y,
变换到,2,5.347953,0.0,2.804386,Concept,Y,
另有,2,5.347953,0.0,2.804386,Concept,Y,
只有,2,5.347953,0.0,2.804386,Concept,Y,
只有两个是独立的,2,5.347953,0.0,2.804386,Concept,Y,
可令,2,5.347953,0.0,2.804386,Concept,Y,
可以减小,2,5.347953,0.0,2.804386,Concept,Y,
可以发现,2,5.347953,0.0,2.804386,Concept,Y,
可以取,2,5.347953,0.0,2.804386,Concept,Y,
可以实现,2,5.347953,0.0,2.804386,Concept,Y,
可以忽略,2,5.347953,0.0,2.804386,Concept,Y,
可以把,2,5.347953,0.0,2.804386,Concept,Y,
可以改写成,2,5.347953,0.0,2.804386,Concept,Y,
可以求出,2,5.347953,0.0,2.804386,Concept,Y,
可以注意到,2,5.347953,0.0,2.804386,Concept,Y,
可以由,2,5.347953,0.0,2.804386,Concept,Y,
可以说,2,5.347953,0.0,2.804386,Concept,Y,
可写出,2,5.347953,0.0,2.804386,Concept,Y,
可分,2,5.347953,0.0,2.804386,Concept,Y,
可由,2,5.347953,0.0,2.804386,Concept,Y,
可行性,2,5.347953,0.0,2.804386,Concept,Y,
可达性,2,5.347953,0.0,2.804386,Concept,Y,
可进一步导出,2,5.347953,0.0,2.804386,Concept,Y,
可靠性设计,2,5.347953,0.0,2.804386,Concept,Y,
可靠性较高,2,5.347953,0.0,2.804386,Concept,Y,
台阶,2,5.347953,0.0,2.804386,Concept,Y,
各地新华书店经销,2,5.347953,0.0,2.804386,Concept,Y,
各种,2,5.347953,0.0,2.804386,Concept,Y,
合金钢,2,5.347953,0.0,2.804386,Concept,Y,
同样地有,2,5.347953,0.0,2.804386,Concept,Y,
后缘后掠角,2,5.347953,0.0,2.804386,Concept,Y,
向前,2,5.347953,0.0,2.804386,Concept,Y,
向流动,2,5.347953,0.0,2.804386,Concept,Y,
向的,2,5.347953,0.0,2.804386,Concept,Y,
向静稳定的,2,5.347953,0.0,2.804386,Concept,Y,
吕侦军,2,5.347953,0.0,2.804386,Concept,Y,
吴国庭,2,5.347953,0.0,2.804386,Concept,Y,
吸收,2,5.347953,0.0,2.804386,Concept,Y,
吸热,2,5.347953,0.0,2.804386,Concept,Y,
呈线性关系,2,5.347953,0.0,2.804386,Concept,Y,
周期短,2,5.347953,0.0,2.804386,Concept,Y,
周期长,2,5.347953,0.0,2.804386,Concept,Y,
和3,2,5.347953,0.0,2.804386,Concept,Y,
和5,2,5.347953,0.0,2.804386,Concept,Y,
和90,2,5.347953,0.0,2.804386,Concept,Y,
和可靠性,2,5.347953,0.0,2.804386,Concept,Y,
和图2,2,5.347953,0.0,2.804386,Concept,Y,
和平,2,5.347953,0.0,2.804386,Concept,Y,
响应,2,5.347953,0.0,2.804386,Concept,Y,
喷气式,2,5.347953,0.0,2.804386,Concept,Y,
器来说,2,5.347953,0.0,2.804386,Concept,Y,
四角形,2,5.347953,0.0,2.804386,Concept,Y,
因为椭圆中,2,5.347953,0.0,2.804386,Concept,Y,
因此该,2,5.347953,0.0,2.804386,Concept,Y,
困难,2,5.347953,0.0,2.804386,Concept,Y,
国家自然科学基金,2,5.347953,0.0,2.804386,Concept,Y,
国防书店,2,5.347953,0.0,2.804386,Concept,Y,
土0,2,5.347953,0.0,2.804386,Concept,Y,
在4,2,5.347953,0.0,2.804386,Concept,Y,
在50,2,5.347953,0.0,2.804386,Concept,Y,
在7,2,5.347953,0.0,2.804386,Concept,Y,
在9,2,5.347953,0.0,2.804386,Concept,Y,
在一些情况下,2,5.347953,0.0,2.804386,Concept,Y,
在一图之内,2,5.347953,0.0,2.804386,Concept,Y,
在一圆内,2,5.347953,0.0,2.804386,Concept,Y,
在一圈的时间内,2,5.347953,0.0,2.804386,Concept,Y,
在一般,2,5.347953,0.0,2.804386,Concept,Y,
在一般情况下,2,5.347953,0.0,2.804386,Concept,Y,
在上述假设下,2,5.347953,0.0,2.804386,Concept,Y,
在下,2,5.347953,0.0,2.804386,Concept,Y,
在中心坐标系,2,5.347953,0.0,2.804386,Concept,Y,
在任何情况下,2,5.347953,0.0,2.804386,Concept,Y,
在低速飞行时,2,5.347953,0.0,2.804386,Mission,Y,
在使用过程中,2,5.347953,0.0,2.804386,Concept,Y,
在像,2,5.347953,0.0,2.804386,Concept,Y,
在公式,2,5.347953,0.0,2.804386,Concept,Y,
在初始设计阶段,2,5.347953,0.0,2.804386,Concept,Y,
在图6,2,5.347953,0.0,2.804386,Concept,Y,
在图9,2,5.347953,0.0,2.804386,Concept,Y,
在工程应用中,2,5.347953,0.0,2.804386,Concept,Y,
在工程研制阶段,2,5.347953,0.0,2.804386,Concept,Y,
在工程设计中,2,5.347953,0.0,2.804386,Concept,Y,
在弹体坐标系中,2,5.347953,0.0,2.804386,Concept,Y,
在方案设计中,2,5.347953,0.0,2.804386,Concept,Y,
在本书中,2,5.347953,0.0,2.804386,Concept,Y,
在机翼,2,5.347953,0.0,2.804386,Structure,Y,
在此情况下,2,5.347953,0.0,2.804386,Concept,Y,
在此期间,2,5.347953,0.0,2.804386,Concept,Y,
在气动,2,5.347953,0.0,2.804386,Performance,Y,
在气动设计,2,5.347953,0.0,2.804386,Performance,Y,
在满足,2,5.347953,0.0,2.804386,Concept,Y,
在爬升阶段,2,5.347953,0.0,2.804386,Concept,Y,
在球面三角形,2,5.347953,0.0,2.804386,Concept,Y,
在研究项目中,2,5.347953,0.0,2.804386,Concept,Y,
在第,2,5.347953,0.0,2.804386,Concept,Y,
在第2,2,5.347953,0.0,2.804386,Concept,Y,
在计算过程中,2,5.347953,0.0,2.804386,Concept,Y,
在设计时,2,5.347953,0.0,2.804386,Concept,Y,
在设计阶段,2,5.347953,0.0,2.804386,Concept,Y,
在该阶段,2,5.347953,0.0,2.804386,Concept,Y,
在起降阶段,2,5.347953,0.0,2.804386,Concept,Y,
在超声速情况下,2,5.347953,0.0,2.804386,Concept,Y,
在这种情况,2,5.347953,0.0,2.804386,Concept,Y,
在这种结构中,2,5.347953,0.0,2.804386,Structure,Y,
地心惯性坐标系,2,5.347953,0.0,2.804386,Concept,Y,
地球平均半径的6,2,5.347953,0.0,2.804386,Concept,Y,
地球的扁率,2,5.347953,0.0,2.804386,Concept,Y,
均为小量,2,5.347953,0.0,2.804386,Concept,Y,
均较小,2,5.347953,0.0,2.804386,Concept,Y,
坐标变换矩阵,2,5.347953,0.0,2.804386,Concept,Y,
型材,2,5.347953,0.0,2.804386,Concept,Y,
型的,2,5.347953,0.0,2.804386,Concept,Y,
塑性,2,5.347953,0.0,2.804386,Concept,Y,
增加到一定程度,2,5.347953,0.0,2.804386,Concept,Y,
增强,2,5.347953,0.0,2.804386,Concept,Y,
增稳系统,2,5.347953,0.0,2.804386,Concept,Y,
复合金,2,5.347953,0.0,2.804386,Concept,Y,
复杂的,2,5.347953,0.0,2.804386,Concept,Y,
多少,2,5.347953,0.0,2.804386,Concept,Y,
多尺度,2,5.347953,0.0,2.804386,Concept,Y,
多次,2,5.347953,0.0,2.804386,Concept,Y,
大气阻力,2,5.347953,0.0,2.804386,Concept,Y,
大空域,2,5.347953,0.0,2.804386,Concept,Y,
大约为0,2,5.347953,0.0,2.804386,Concept,Y,
大范围,2,5.347953,0.0,2.804386,Concept,Y,
天线等,2,5.347953,0.0,2.804386,Concept,Y,
太阳敏感器,2,5.347953,0.0,2.804386,Concept,Y,
太阳能无人机,2,5.347953,0.0,2.804386,Aircraft,Y,
失速颤振,2,5.347953,0.0,2.804386,Concept,Y,
夹层板结构,2,5.347953,0.0,2.804386,Structure,Y,
如0,2,5.347953,0.0,2.804386,Concept,Y,
如压力,2,5.347953,0.0,2.804386,Concept,Y,
如天线,2,5.347953,0.0,2.804386,Concept,Y,
如形状记忆合金,2,5.347953,0.0,2.804386,Concept,Y,
如材料,2,5.347953,0.0,2.804386,Concept,Y,
如果采用,2,5.347953,0.0,2.804386,Concept,Y,
如此,2,5.347953,0.0,2.804386,Concept,Y,
如测量,2,5.347953,0.0,2.804386,Concept,Y,
如温度,2,5.347953,0.0,2.804386,Concept,Y,
如铝合金,2,5.347953,0.0,2.804386,Concept,Y,
学特性,2,5.347953,0.0,2.804386,Concept,Y,
安装设备,2,5.347953,0.0,2.804386,Concept,Y,
完全,2,5.347953,0.0,2.804386,Concept,Y,
完成变体,2,5.347953,0.0,2.804386,Aircraft,Y,
实现飞行,2,5.347953,0.0,2.804386,Mission,Y,
实践表明,2,5.347953,0.0,2.804386,Concept,Y,
实验结果表明,2,5.347953,0.0,2.804386,Concept,Y,
容易理解,2,5.347953,0.0,2.804386,Concept,Y,
宽度,2,5.347953,0.0,2.804386,Concept,Y,
密封件,2,5.347953,0.0,2.804386,Concept,Y,
密度不变,2,5.347953,0.0,2.804386,Concept,Y,
密度比,2,5.347953,0.0,2.804386,Concept,Y,
对于0,2,5.347953,0.0,2.804386,Concept,Y,
对于不,2,5.347953,0.0,2.804386,Concept,Y,
对于变,2,5.347953,0.0,2.804386,Concept,Y,
对于固定翼飞机,2,5.347953,0.0,2.804386,Aircraft,Y,
对于复合材料,2,5.347953,0.0,2.804386,Concept,Y,
对于航天器,2,5.347953,0.0,2.804386,Aircraft,Y,
对大,2,5.347953,0.0,2.804386,Concept,Y,
对材料,2,5.347953,0.0,2.804386,Concept,Y,
导电,2,5.347953,0.0,2.804386,Concept,Y,
将随,2,5.347953,0.0,2.804386,Concept,Y,
小于1,2,5.347953,0.0,2.804386,Concept,Y,
小型,2,5.347953,0.0,2.804386,Concept,Y,
小时,2,5.347953,0.0,2.804386,Concept,Y,
小的阻力,2,5.347953,0.0,2.804386,Concept,Y,
尤其,2,5.347953,0.0,2.804386,Concept,Y,
工作条件,2,5.347953,0.0,2.804386,Concept,Y,
工作环境,2,5.347953,0.0,2.804386,Concept,Y,
工具,2,5.347953,0.0,2.804386,Concept,Y,
工艺性能良好,2,5.347953,0.0,2.804386,Performance,Y,
工艺过程,2,5.347953,0.0,2.804386,Concept,Y,
已知时,2,5.347953,0.0,2.804386,Concept,Y,
已知的,2,5.347953,0.0,2.804386,Concept,Y,
常值,2,5.347953,0.0,2.804386,Concept,Y,
常用,2,5.347953,0.0,2.804386,Concept,Y,
平面形状,2,5.347953,0.0,2.804386,Concept,Y,
年代末期,2,5.347953,0.0,2.804386,Concept,Y,
年以来,2,5.347953,0.0,2.804386,Concept,Y,
年提出的,2,5.347953,0.0,2.804386,Concept,Y,
并且考虑,2,5.347953,0.0,2.804386,Concept,Y,
并假设,2,5.347953,0.0,2.804386,Concept,Y,
并取,2,5.347953,0.0,2.804386,Concept,Y,
并取得了很多成果,2,5.347953,0.0,2.804386,Concept,Y,
并可,2,5.347953,0.0,2.804386,Concept,Y,
并定义,2,5.347953,0.0,2.804386,Concept,Y,
并得到,2,5.347953,0.0,2.804386,Concept,Y,
并由,2,5.347953,0.0,2.804386,Concept,Y,
并考虑式,2,5.347953,0.0,2.804386,Concept,Y,
库塔,2,5.347953,0.0,2.804386,Concept,Y,
应使,2,5.347953,0.0,2.804386,Concept,Y,
应注意,2,5.347953,0.0,2.804386,Concept,Y,
应用余弦定理,2,5.347953,0.0,2.804386,Concept,Y,
应用情况,2,5.347953,0.0,2.804386,Concept,Y,
应该指出的是,2,5.347953,0.0,2.804386,Concept,Y,
底层,2,5.347953,0.0,2.804386,Concept,Y,
度范围内,2,5.347953,0.0,2.804386,Concept,Y,
开发,2,5.347953,0.0,2.804386,Concept,Y,
开展了,2,5.347953,0.0,2.804386,Concept,Y,
引力势,2,5.347953,0.0,2.804386,Concept,Y,
引理,2,5.347953,0.0,2.804386,Concept,Y,
弯矩和扭矩,2,5.347953,0.0,2.804386,Concept,Y,
弹性,2,5.347953,0.0,2.804386,Concept,Y,
弹片,2,5.347953,0.0,2.804386,Concept,Y,
弹翼,2,5.347953,0.0,2.804386,Concept,Y,
弹身,2,5.347953,0.0,2.804386,Concept,Y,
弹道越弯曲,2,5.347953,0.0,2.804386,Concept,Y,
强度极限,2,5.347953,0.0,2.804386,Concept,Y,
强耦合,2,5.347953,0.0,2.804386,Concept,Y,
当0,2,5.347953,0.0,2.804386,Concept,Y,
形状系数,2,5.347953,0.0,2.804386,Concept,Y,
径向分量为,2,5.347953,0.0,2.804386,Concept,Y,
径向速度为,2,5.347953,0.0,2.804386,Parameter,Y,
很小时,2,5.347953,0.0,2.804386,Concept,Y,
徐华航,2,5.347953,0.0,2.804386,Concept,Y,
得到式,2,5.347953,0.0,2.804386,Concept,Y,
循环次数,2,5.347953,0.0,2.804386,Concept,Y,
微分两次,2,5.347953,0.0,2.804386,Concept,Y,
忽略不计,2,5.347953,0.0,2.804386,Concept,Y,
性能要求,2,5.347953,0.0,2.804386,Performance,Y,
总体,2,5.347953,0.0,2.804386,Concept,Y,
总体设计参数,2,5.347953,0.0,2.804386,Parameter,Y,
总加热量,2,5.347953,0.0,2.804386,Concept,Y,
总而言之,2,5.347953,0.0,2.804386,Concept,Y,
惯性,2,5.347953,0.0,2.804386,Concept,Y,
惯性力,2,5.347953,0.0,2.804386,Concept,Y,
惯量,2,5.347953,0.0,2.804386,Concept,Y,
成本低廉,2,5.347953,0.0,2.804386,Concept,Y,
成立为,2,5.347953,0.0,2.804386,Concept,Y,
我社负责调换,2,5.347953,0.0,2.804386,Concept,Y,
或为,2,5.347953,0.0,2.804386,Concept,Y,
或平均值,2,5.347953,0.0,2.804386,Concept,Y,
或称,2,5.347953,0.0,2.804386,Concept,Y,
或轨道高度,2,5.347953,0.0,2.804386,Performance,Y,
战斗轰炸机,2,5.347953,0.0,2.804386,Concept,Y,
战斗部,2,5.347953,0.0,2.804386,Concept,Y,
截面,2,5.347953,0.0,2.804386,Concept,Y,
所见,2,5.347953,0.0,2.804386,Concept,Y,
执行,2,5.347953,0.0,2.804386,Concept,Y,
承受载荷,2,5.347953,0.0,2.804386,Performance,Y,
把有关式代入后,2,5.347953,0.0,2.804386,Concept,Y,
投影,2,5.347953,0.0,2.804386,Concept,Y,
投放试验,2,5.347953,0.0,2.804386,Concept,Y,
投资少,2,5.347953,0.0,2.804386,Concept,Y,
抖振,2,5.347953,0.0,2.804386,Concept,Y,
折合频率,2,5.347953,0.0,2.804386,Concept,Y,
指向北极,2,5.347953,0.0,2.804386,Concept,Y,
指向近地点,2,5.347953,0.0,2.804386,Concept,Y,
据统计,2,5.347953,0.0,2.804386,Concept,Y,
接着,2,5.347953,0.0,2.804386,Concept,Y,
接近,2,5.347953,0.0,2.804386,Concept,Y,
接近于1时,2,5.347953,0.0,2.804386,Concept,Y,
控制器,2,5.347953,0.0,2.804386,ControlMethod,Y,
控制技术,2,5.347953,0.0,2.804386,ControlMethod,Y,
控制方法,2,5.347953,0.0,2.804386,ControlMethod,Y,
控制方程,2,5.347953,0.0,2.804386,ControlMethod,Y,
控制面,2,5.347953,0.0,2.804386,ControlMethod,Y,
推进技术,2,5.347953,0.0,2.804386,Concept,Y,
提升飞行性能,2,5.347953,0.0,2.804386,Performance,Y,
提高升阻比,2,5.347953,0.0,2.804386,Performance,Y,
提高飞机,2,5.347953,0.0,2.804386,Aircraft,Y,
撑杆,2,5.347953,0.0,2.804386,Concept,Y,
操作方便,2,5.347953,0.0,2.804386,Concept,Y,
操作简单,2,5.347953,0.0,2.804386,Concept,Y,
操纵机构,2,5.347953,0.0,2.804386,Concept,Y,
操纵面,2,5.347953,0.0,2.804386,Concept,Y,
收敛性,2,5.347953,0.0,2.804386,Concept,Y,
改为,2,5.347953,0.0,2.804386,Concept,Y,
攻角附近,2,5.347953,0.0,2.804386,Parameter,Y,
攻角飞行,2,5.347953,0.0,2.804386,Mission,Y,
效率高,2,5.347953,0.0,2.804386,Performance,Y,
敏感,2,5.347953,0.0,2.804386,Concept,Y,
数值,2,5.347953,0.0,2.804386,Concept,Y,
数值求解,2,5.347953,0.0,2.804386,Concept,Y,
数值计算,2,5.347953,0.0,2.804386,Concept,Y,
数学模型,2,5.347953,0.0,2.804386,Concept,Y,
数有关,2,5.347953,0.0,2.804386,Concept,Y,
整体上,2,5.347953,0.0,2.804386,Concept,Y,
整流,2,5.347953,0.0,2.804386,Concept,Y,
方位,2,5.347953,0.0,2.804386,Concept,Y,
方便起见,2,5.347953,0.0,2.804386,Concept,Y,
方向相反,2,5.347953,0.0,2.804386,Concept,Y,
方向转动,2,5.347953,0.0,2.804386,Concept,Y,
方振平,2,5.347953,0.0,2.804386,Concept,Y,
方法的基础,2,5.347953,0.0,2.804386,Concept,Y,
方程出发,2,5.347953,0.0,2.804386,Concept,Y,
无控,2,5.347953,0.0,2.804386,Concept,Y,
无旋,2,5.347953,0.0,2.804386,Concept,Y,
时变,2,5.347953,0.0,2.804386,Concept,Y,
时的,2,5.347953,0.0,2.804386,Concept,Y,
是一,2,5.347953,0.0,2.804386,Concept,Y,
是常数,2,5.347953,0.0,2.804386,Concept,Y,
是线性的,2,5.347953,0.0,2.804386,Concept,Y,
是美国,2,5.347953,0.0,2.804386,Concept,Y,
是航天器,2,5.347953,0.0,2.804386,Aircraft,Y,
是高度的函数,2,5.347953,0.0,2.804386,Performance,Y,
更具体地说,2,5.347953,0.0,2.804386,Concept,Y,
更多,2,5.347953,0.0,2.804386,Concept,Y,
更高,2,5.347953,0.0,2.804386,Concept,Y,
替代,2,5.347953,0.0,2.804386,Concept,Y,
最后一项,2,5.347953,0.0,2.804386,Concept,Y,
最大的,2,5.347953,0.0,2.804386,Concept,Y,
有两个,2,5.347953,0.0,2.804386,Concept,Y,
有控,2,5.347953,0.0,2.804386,Concept,Y,
有效的,2,5.347953,0.0,2.804386,Concept,Y,
未知,2,5.347953,0.0,2.804386,Concept,Y,
本书在编写过程中,2,5.347953,0.0,2.804386,Concept,Y,
本书如有印装错误,2,5.347953,0.0,2.804386,Concept,Y,
机动飞行,2,5.347953,0.0,2.804386,Mission,Y,
机型,2,5.347953,0.0,2.804386,Concept,Y,
机翼展长,2,5.347953,0.0,2.804386,Structure,Y,
机翼根弦长,2,5.347953,0.0,2.804386,Structure,Y,
机翼梢根比,2,5.347953,0.0,2.804386,Structure,Y,
机身直径,2,5.347953,0.0,2.804386,Structure,Y,
李勇,2,5.347953,0.0,2.804386,Concept,Y,
李润泽,2,5.347953,0.0,2.804386,Concept,Y,
材料与工艺,2,5.347953,0.0,2.804386,Concept,Y,
材料参数,2,5.347953,0.0,2.804386,Parameter,Y,
材料学,2,5.347953,0.0,2.804386,Concept,Y,
材料性能,2,5.347953,0.0,2.804386,Performance,Y,
来决定,2,5.347953,0.0,2.804386,Concept,Y,
来实现,2,5.347953,0.0,2.804386,Concept,Y,
来描述,2,5.347953,0.0,2.804386,Concept,Y,
杨森,2,5.347953,0.0,2.804386,Concept,Y,
极少,2,5.347953,0.0,2.804386,Concept,Y,
极差,2,5.347953,0.0,2.804386,Concept,Y,
极限,2,5.347953,0.0,2.804386,Concept,Y,
架飞机,2,5.347953,0.0,2.804386,Aircraft,Y,
查表,2,5.347953,0.0,2.804386,Concept,Y,
标准大气,2,5.347953,0.0,2.804386,Concept,Y,
标准差为,2,5.347953,0.0,2.804386,Concept,Y,
根据图5,2,5.347953,0.0,2.804386,Concept,Y,
根据牛顿第二定律,2,5.347953,0.0,2.804386,Concept,Y,
根梢比,2,5.347953,0.0,2.804386,Concept,Y,
桁架,2,5.347953,0.0,2.804386,Concept,Y,
梯度,2,5.347953,0.0,2.804386,Concept,Y,
检查,2,5.347953,0.0,2.804386,Concept,Y,
椭圆的偏心距,2,5.347953,0.0,2.804386,Concept,Y,
椭圆的短半轴为,2,5.347953,0.0,2.804386,Concept,Y,
椭圆的长半轴为,2,5.347953,0.0,2.804386,Concept,Y,
椭圆轨道的参数,2,5.347953,0.0,2.804386,Parameter,Y,
模块化,2,5.347953,0.0,2.804386,Concept,Y,
模式,2,5.347953,0.0,2.804386,Concept,Y,
模拟,2,5.347953,0.0,2.804386,Concept,Y,
模拟退火,2,5.347953,0.0,2.804386,Concept,Y,
横向元件,2,5.347953,0.0,2.804386,Concept,Y,
横轴,2,5.347953,0.0,2.804386,Concept,Y,
正时,2,5.347953,0.0,2.804386,Concept,Y,
此外有,2,5.347953,0.0,2.804386,Concept,Y,
此外还有,2,5.347953,0.0,2.804386,Concept,Y,
此方程有两个解,2,5.347953,0.0,2.804386,Concept,Y,
此时由,2,5.347953,0.0,2.804386,Concept,Y,
武器,2,5.347953,0.0,2.804386,Concept,Y,
气动弹性,2,5.347953,0.0,2.804386,Performance,Y,
气动弹性力学原理,2,5.347953,0.0,2.804386,Performance,Y,
气动性能,2,5.347953,0.0,2.804386,Performance,Y,
气动模型,2,5.347953,0.0,2.804386,Performance,Y,
气动热的要求,2,5.347953,0.0,2.804386,Performance,Y,
水平着陆,2,5.347953,0.0,2.804386,Mission,Y,
水平面,2,5.347953,0.0,2.804386,Concept,Y,
求高度变化率,2,5.347953,0.0,2.804386,Performance,Y,
汽车,2,5.347953,0.0,2.804386,Concept,Y,
沈星,2,5.347953,0.0,2.804386,Concept,Y,
没有影响,2,5.347953,0.0,2.804386,Concept,Y,
法向过载,2,5.347953,0.0,2.804386,Concept,Y,
波阻,2,5.347953,0.0,2.804386,Concept,Y,
注1,2,5.347953,0.0,2.804386,Concept,Y,
活塞,2,5.347953,0.0,2.804386,Concept,Y,
流线,2,5.347953,0.0,2.804386,Concept,Y,
流量,2,5.347953,0.0,2.804386,Concept,Y,
涡轮,2,5.347953,0.0,2.804386,Concept,Y,
液氧,2,5.347953,0.0,2.804386,Concept,Y,
混合乘积,2,5.347953,0.0,2.804386,Concept,Y,
混合法,2,5.347953,0.0,2.804386,Concept,Y,
温度升高,2,5.347953,0.0,2.804386,Concept,Y,
温度变化,2,5.347953,0.0,2.804386,Concept,Y,
满足式,2,5.347953,0.0,2.804386,Concept,Y,
热力学,2,5.347953,0.0,2.804386,Concept,Y,
热特性,2,5.347953,0.0,2.804386,Concept,Y,
热环境,2,5.347953,0.0,2.804386,Concept,Y,
热防护层,2,5.347953,0.0,2.804386,Concept,Y,
焦点,2,5.347953,0.0,2.804386,Concept,Y,
牛顿法,2,5.347953,0.0,2.804386,Concept,Y,
物理性能要求,2,5.347953,0.0,2.804386,Performance,Y,
特式,2,5.347953,0.0,2.804386,Concept,Y,
特征,2,5.347953,0.0,2.804386,Concept,Y,
特性的影响,2,5.347953,0.0,2.804386,Concept,Y,
状态矢量为,2,5.347953,0.0,2.804386,Concept,Y,
王成才,2,5.347953,0.0,2.804386,Concept,Y,
环境因素,2,5.347953,0.0,2.804386,Concept,Y,
玻璃纤维复合材料,2,5.347953,0.0,2.804386,Concept,Y,
生产定型阶段,2,5.347953,0.0,2.804386,Concept,Y,
生存,2,5.347953,0.0,2.804386,Concept,Y,
用式,2,5.347953,0.0,2.804386,Concept,Y,
用户,2,5.347953,0.0,2.804386,Concept,Y,
用的,2,5.347953,0.0,2.804386,Concept,Y,
用途,2,5.347953,0.0,2.804386,Concept,Y,
由4,2,5.347953,0.0,2.804386,Concept,Y,
由上式可知,2,5.347953,0.0,2.804386,Concept,Y,
由于材料,2,5.347953,0.0,2.804386,Concept,Y,
由以上讨论可知,2,5.347953,0.0,2.804386,Concept,Y,
由定义可知,2,5.347953,0.0,2.804386,Concept,Y,
由干,2,5.347953,0.0,2.804386,Concept,Y,
由测量数据确定,2,5.347953,0.0,2.804386,Concept,Y,
由表3,2,5.347953,0.0,2.804386,Concept,Y,
电机,2,5.347953,0.0,2.804386,Concept,Y,
略去,2,5.347953,0.0,2.804386,Concept,Y,
的1,2,5.347953,0.0,2.804386,Concept,Y,
的优点,2,5.347953,0.0,2.804386,Concept,Y,
的位置,2,5.347953,0.0,2.804386,Concept,Y,
的值为,2,5.347953,0.0,2.804386,Concept,Y,
的公式代入,2,5.347953,0.0,2.804386,Concept,Y,
的关系式为,2,5.347953,0.0,2.804386,Concept,Y,
的分布,2,5.347953,0.0,2.804386,Concept,Y,
的分解,2,5.347953,0.0,2.804386,Concept,Y,
的区域,2,5.347953,0.0,2.804386,Concept,Y,
的升力较小,2,5.347953,0.0,2.804386,Concept,Y,
的发展,2,5.347953,0.0,2.804386,Concept,Y,
的取值,2,5.347953,0.0,2.804386,Concept,Y,
的变化关系,2,5.347953,0.0,2.804386,Concept,Y,
的变换,2,5.347953,0.0,2.804386,Concept,Y,
的图,2,5.347953,0.0,2.804386,Concept,Y,
的圆,2,5.347953,0.0,2.804386,Concept,Y,
的圆轨道,2,5.347953,0.0,2.804386,Concept,Y,
的外形,2,5.347953,0.0,2.804386,Concept,Y,
的尺寸,2,5.347953,0.0,2.804386,Concept,Y,
的帮助,2,5.347953,0.0,2.804386,Concept,Y,
的平面,2,5.347953,0.0,2.804386,Concept,Y,
的强度,2,5.347953,0.0,2.804386,Concept,Y,
的微分方程,2,5.347953,0.0,2.804386,Concept,Y,
的情形,2,5.347953,0.0,2.804386,Concept,Y,
的所有点,2,5.347953,0.0,2.804386,Concept,Y,
的方向,2,5.347953,0.0,2.804386,Concept,Y,
的方向为,2,5.347953,0.0,2.804386,Concept,Y,
的最大值,2,5.347953,0.0,2.804386,Concept,Y,
的概率为,2,5.347953,0.0,2.804386,Concept,Y,
的特性,2,5.347953,0.0,2.804386,Concept,Y,
的目标,2,5.347953,0.0,2.804386,Concept,Y,
的程度,2,5.347953,0.0,2.804386,Concept,Y,
的符号,2,5.347953,0.0,2.804386,Concept,Y,
的第,2,5.347953,0.0,2.804386,Concept,Y,
的简单关系,2,5.347953,0.0,2.804386,Concept,Y,
的系数,2,5.347953,0.0,2.804386,Concept,Y,
的范围内,2,5.347953,0.0,2.804386,Concept,Y,
的表达式如下,2,5.347953,0.0,2.804386,Concept,Y,
的角度,2,5.347953,0.0,2.804386,Parameter,Y,
的解析表达式,2,5.347953,0.0,2.804386,Concept,Y,
的计算方法,2,5.347953,0.0,2.804386,Concept,Y,
的质量,2,5.347953,0.0,2.804386,Concept,Y,
的轨道,2,5.347953,0.0,2.804386,Concept,Y,
的过程中,2,5.347953,0.0,2.804386,Concept,Y,
的运动,2,5.347953,0.0,2.804386,Concept,Y,
的近似公式,2,5.347953,0.0,2.804386,Concept,Y,
的长度,2,5.347953,0.0,2.804386,Concept,Y,
的长度为,2,5.347953,0.0,2.804386,Concept,Y,
的间隙,2,5.347953,0.0,2.804386,Concept,Y,
的需求,2,5.347953,0.0,2.804386,Concept,Y,
的需要,2,5.347953,0.0,2.804386,Concept,Y,
的飞行时间,2,5.347953,0.0,2.804386,Mission,Y,
目前的,2,5.347953,0.0,2.804386,Concept,Y,
目标器,2,5.347953,0.0,2.804386,Concept,Y,
目的,2,5.347953,0.0,2.804386,Concept,Y,
直观,2,5.347953,0.0,2.804386,Concept,Y,
相似,2,5.347953,0.0,2.804386,Concept,Y,
相同时,2,5.347953,0.0,2.804386,Concept,Y,
相同的,2,5.347953,0.0,2.804386,Concept,Y,
相对地,2,5.347953,0.0,2.804386,Concept,Y,
相应的周期,2,5.347953,0.0,2.804386,Concept,Y,
相等,2,5.347953,0.0,2.804386,Concept,Y,
真实,2,5.347953,0.0,2.804386,Concept,Y,
真实气体效应问题,2,5.347953,0.0,2.804386,Concept,Y,
着陆的气动性能,2,5.347953,0.0,2.804386,Performance,Y,
着陆等任务,2,5.347953,0.0,2.804386,Mission,Y,
着陆等飞行任务,2,5.347953,0.0,2.804386,Mission,Y,
矢径,2,5.347953,0.0,2.804386,Concept,Y,
短半轴,2,5.347953,0.0,2.804386,Concept,Y,
研究中,2,5.347953,0.0,2.804386,Concept,Y,
研究发现,2,5.347953,0.0,2.804386,Concept,Y,
研究背景,2,5.347953,0.0,2.804386,Concept,Y,
研究进展,2,5.347953,0.0,2.804386,Concept,Y,
破坏,2,5.347953,0.0,2.804386,Concept,Y,
硬件,2,5.347953,0.0,2.804386,Concept,Y,
硬铝,2,5.347953,0.0,2.804386,Concept,Y,
确切地说,2,5.347953,0.0,2.804386,Concept,Y,
确定初始外形,2,5.347953,0.0,2.804386,Concept,Y,
确定载荷,2,5.347953,0.0,2.804386,Performance,Y,
确定飞行走廊,2,5.347953,0.0,2.804386,Mission,Y,
确实,2,5.347953,0.0,2.804386,Concept,Y,
确认,2,5.347953,0.0,2.804386,Concept,Y,
碳化硅,2,5.347953,0.0,2.804386,Concept,Y,
示为,2,5.347953,0.0,2.804386,Concept,Y,
离区,2,5.347953,0.0,2.804386,Concept,Y,
积分可得,2,5.347953,0.0,2.804386,Concept,Y,
积分后得到,2,5.347953,0.0,2.804386,Concept,Y,
积累设计经验,2,5.347953,0.0,2.804386,Concept,Y,
称为停泊轨道,2,5.347953,0.0,2.804386,Concept,Y,
称为地球引力常数,2,5.347953,0.0,2.804386,Concept,Y,
称为弹道系数,2,5.347953,0.0,2.804386,Concept,Y,
称为章动角,2,5.347953,0.0,2.804386,Concept,Y,
称为航偏角,2,5.347953,0.0,2.804386,Concept,Y,
稳定化,2,5.347953,0.0,2.804386,Concept,Y,
稳定的,2,5.347953,0.0,2.804386,Concept,Y,
稳定飞行,2,5.347953,0.0,2.804386,Mission,Y,
究进展,2,5.347953,0.0,2.804386,Concept,Y,
空气动,2,5.347953,0.0,2.804386,Performance,Y,
突破,2,5.347953,0.0,2.804386,Concept,Y,
章和第7,2,5.347953,0.0,2.804386,Concept,Y,
第5,2,5.347953,0.0,2.804386,Concept,Y,
第一方面,2,5.347953,0.0,2.804386,Concept,Y,
第一段,2,5.347953,0.0,2.804386,Concept,Y,
第一阶段,2,5.347953,0.0,2.804386,Concept,Y,
第二个,2,5.347953,0.0,2.804386,Concept,Y,
筛选,2,5.347953,0.0,2.804386,Concept,Y,
简称为,2,5.347953,0.0,2.804386,Concept,Y,
算结果,2,5.347953,0.0,2.804386,Concept,Y,
管理,2,5.347953,0.0,2.804386,Concept,Y,
类别,2,5.347953,0.0,2.804386,Concept,Y,
粘接,2,5.347953,0.0,2.804386,Concept,Y,
系统后,2,5.347953,0.0,2.804386,Concept,Y,
系统而言,2,5.347953,0.0,2.804386,Concept,Y,
约2,2,5.347953,0.0,2.804386,Concept,Y,
约为0,2,5.347953,0.0,2.804386,Concept,Y,
约为2,2,5.347953,0.0,2.804386,Concept,Y,
约为30,2,5.347953,0.0,2.804386,Concept,Y,
纳维,2,5.347953,0.0,2.804386,Concept,Y,
纵向稳定性,2,5.347953,0.0,2.804386,Performance,Y,
纵向静稳定性,2,5.347953,0.0,2.804386,Performance,Y,
组织,2,5.347953,0.0,2.804386,Concept,Y,
经过分析,2,5.347953,0.0,2.804386,Concept,Y,
结合,2,5.347953,0.0,2.804386,Concept,Y,
结合起来,2,5.347953,0.0,2.804386,Concept,Y,
结构材料的选择,2,5.347953,0.0,2.804386,Structure,Y,
结构界面,2,5.347953,0.0,2.804386,Structure,Y,
结构紧凑,2,5.347953,0.0,2.804386,Structure,Y,
结果处理,2,5.347953,0.0,2.804386,Concept,Y,
绝热,2,5.347953,0.0,2.804386,Concept,Y,
继续,2,5.347953,0.0,2.804386,Concept,Y,
综合分析气动力,2,5.347953,0.0,2.804386,Performance,Y,
综合评估,2,5.347953,0.0,2.804386,Concept,Y,
综述,2,5.347953,0.0,2.804386,Concept,Y,
编写,2,5.347953,0.0,2.804386,Concept,Y,
网格,2,5.347953,0.0,2.804386,Concept,Y,
置信度,2,5.347953,0.0,2.804386,Concept,Y,
翼型厚度,2,5.347953,0.0,2.804386,Structure,Y,
而且在,2,5.347953,0.0,2.804386,Concept,Y,
而变化,2,5.347953,0.0,2.804386,Concept,Y,
而总的特征速度为,2,5.347953,0.0,2.804386,Parameter,Y,
而点,2,5.347953,0.0,2.804386,Concept,Y,
而用,2,5.347953,0.0,2.804386,Concept,Y,
而言,2,5.347953,0.0,2.804386,Concept,Y,
耐磨性好,2,5.347953,0.0,2.804386,Concept,Y,
聂瑞,2,5.347953,0.0,2.804386,Concept,Y,
肖洪,2,5.347953,0.0,2.804386,Concept,Y,
能为,2,5.347953,0.0,2.804386,Concept,Y,
能够,2,5.347953,0.0,2.804386,Concept,Y,
能源,2,5.347953,0.0,2.804386,Concept,Y,
能量方程,2,5.347953,0.0,2.804386,Concept,Y,
腹板,2,5.347953,0.0,2.804386,Concept,Y,
自动控制,2,5.347953,0.0,2.804386,ControlMethod,Y,
自然,2,5.347953,0.0,2.804386,Concept,Y,
至今,2,5.347953,0.0,2.804386,Concept,Y,
致命性,2,5.347953,0.0,2.804386,Concept,Y,
航向稳定性,2,5.347953,0.0,2.804386,Performance,Y,
航空器,2,5.347953,0.0,2.804386,Concept,Y,
般来说,2,5.347953,0.0,2.804386,Concept,Y,
舱壁,2,5.347953,0.0,2.804386,Concept,Y,
舱门,2,5.347953,0.0,2.804386,Concept,Y,
舵面,2,5.347953,0.0,2.804386,Structure,Y,
苏联的,2,5.347953,0.0,2.804386,Concept,Y,
若在,2,5.347953,0.0,2.804386,Concept,Y,
英国的,2,5.347953,0.0,2.804386,Concept,Y,
范围内,2,5.347953,0.0,2.804386,Concept,Y,
获得了,2,5.347953,0.0,2.804386,Concept,Y,
董彦非,2,5.347953,0.0,2.804386,Concept,Y,
虽然如此,2,5.347953,0.0,2.804386,Concept,Y,
补偿,2,5.347953,0.0,2.804386,Concept,Y,
衰减快,2,5.347953,0.0,2.804386,Concept,Y,
被动航天器,2,5.347953,0.0,2.804386,Aircraft,Y,
装药,2,5.347953,0.0,2.804386,Concept,Y,
西经70,2,5.347953,0.0,2.804386,Concept,Y,
要作用,2,5.347953,0.0,2.804386,Concept,Y,
要复杂得多,2,5.347953,0.0,2.804386,Concept,Y,
要注意,2,5.347953,0.0,2.804386,Concept,Y,
见2,2,5.347953,0.0,2.804386,Concept,Y,
观测,2,5.347953,0.0,2.804386,Concept,Y,
规定,2,5.347953,0.0,2.804386,Concept,Y,
角形,2,5.347953,0.0,2.804386,Concept,Y,
解出,2,5.347953,0.0,2.804386,Concept,Y,
解析法,2,5.347953,0.0,2.804386,Concept,Y,
计中,2,5.347953,0.0,2.804386,Concept,Y,
计算真近点角,2,5.347953,0.0,2.804386,Concept,Y,
计算精度,2,5.347953,0.0,2.804386,Concept,Y,
认为,2,5.347953,0.0,2.804386,Concept,Y,
记作,2,5.347953,0.0,2.804386,Concept,Y,
设计中,2,5.347953,0.0,2.804386,Concept,Y,
设计参数,2,5.347953,0.0,2.804386,Parameter,Y,
设计定型阶段,2,5.347953,0.0,2.804386,Concept,Y,
证明,2,5.347953,0.0,2.804386,Concept,Y,
试验或试验等工作,2,5.347953,0.0,2.804386,Concept,Y,
试验设计方法,2,5.347953,0.0,2.804386,Concept,Y,
该刚体具有角速度,2,5.347953,0.0,2.804386,Parameter,Y,
该模型需考虑多变量,2,5.347953,0.0,2.804386,Concept,Y,
调整,2,5.347953,0.0,2.804386,Concept,Y,
调整的,2,5.347953,0.0,2.804386,Concept,Y,
谢长川,2,5.347953,0.0,2.804386,Concept,Y,
货物,2,5.347953,0.0,2.804386,Concept,Y,
质量大,2,5.347953,0.0,2.804386,Concept,Y,
费用,2,5.347953,0.0,2.804386,Concept,Y,
贾苜梁,2,5.347953,0.0,2.804386,Concept,Y,
资料,2,5.347953,0.0,2.804386,Concept,Y,
资源条件,2,5.347953,0.0,2.804386,Concept,Y,
起落架等,2,5.347953,0.0,2.804386,Concept,Y,
超声速飞行,2,5.347953,0.0,2.804386,Mission,Y,
足够大,2,5.347953,0.0,2.804386,Concept,Y,
足够小,2,5.347953,0.0,2.804386,Concept,Y,
轨道周期,2,5.347953,0.0,2.804386,Concept,Y,
轨道方程,2,5.347953,0.0,2.804386,Concept,Y,
轨道要素,2,5.347953,0.0,2.804386,Concept,Y,
轴垂直,2,5.347953,0.0,2.804386,Concept,Y,
轴转动的角速度,2,5.347953,0.0,2.804386,Parameter,Y,
轻量化,2,5.347953,0.0,2.804386,Concept,Y,
载荷因素,2,5.347953,0.0,2.804386,Performance,Y,
辐射,2,5.347953,0.0,2.804386,Concept,Y,
边界条件为,2,5.347953,0.0,2.804386,Concept,Y,
运动学,2,5.347953,0.0,2.804386,Concept,Y,
运载火箭,2,5.347953,0.0,2.804386,Concept,Y,
近似的,2,5.347953,0.0,2.804386,Concept,Y,
这一过程中,2,5.347953,0.0,2.804386,Concept,Y,
这个,2,5.347953,0.0,2.804386,Concept,Y,
这主要是由于,2,5.347953,0.0,2.804386,Concept,Y,
这意味着,2,5.347953,0.0,2.804386,Concept,Y,
这是一,2,5.347953,0.0,2.804386,Concept,Y,
这种假设,2,5.347953,0.0,2.804386,Concept,Y,
这类飞,2,5.347953,0.0,2.804386,Concept,Y,
这里所,2,5.347953,0.0,2.804386,Concept,Y,
进气,2,5.347953,0.0,2.804386,Concept,Y,
进而,2,5.347953,0.0,2.804386,Concept,Y,
进行仿真分析,2,5.347953,0.0,2.804386,Concept,Y,
进行修正,2,5.347953,0.0,2.804386,Concept,Y,
进行线性化,2,5.347953,0.0,2.804386,Concept,Y,
远远小于,2,5.347953,0.0,2.804386,Concept,Y,
连接件,2,5.347953,0.0,2.804386,Concept,Y,
连接块,2,5.347953,0.0,2.804386,Concept,Y,
迭代,2,5.347953,0.0,2.804386,Concept,Y,
逆行轨道,2,5.347953,0.0,2.804386,Concept,Y,
选取,2,5.347953,0.0,2.804386,Concept,Y,
逐渐减小,2,5.347953,0.0,2.804386,Concept,Y,
通常以,2,5.347953,0.0,2.804386,Concept,Y,
通常取,2,5.347953,0.0,2.804386,Concept,Y,
通常在,2,5.347953,0.0,2.804386,Concept,Y,
通过构造,2,5.347953,0.0,2.804386,Concept,Y,
通过计算,2,5.347953,0.0,2.804386,Concept,Y,
通过这种方式,2,5.347953,0.0,2.804386,Concept,Y,
速度及其分量,2,5.347953,0.0,2.804386,Parameter,Y,
速度快,2,5.347953,0.0,2.804386,Parameter,Y,
速度的变化率为,2,5.347953,0.0,2.804386,Parameter,Y,
遥测系统,2,5.347953,0.0,2.804386,Concept,Y,
部位,2,5.347953,0.0,2.804386,Concept,Y,
郭宏伟,2,5.347953,0.0,2.804386,Concept,Y,
郭正,2,5.347953,0.0,2.804386,Concept,Y,
都属于被动运动,2,5.347953,0.0,2.804386,Concept,Y,
都很小,2,5.347953,0.0,2.804386,Concept,Y,
配套,2,5.347953,0.0,2.804386,Concept,Y,
配平,2,5.347953,0.0,2.804386,Concept,Y,
采用了,2,5.347953,0.0,2.804386,Concept,Y,
重复使用运载器,2,5.347953,0.0,2.804386,Concept,Y,
金属,2,5.347953,0.0,2.804386,Concept,Y,
鉴于此,2,5.347953,0.0,2.804386,Concept,Y,
针对这一问题,2,5.347953,0.0,2.804386,Concept,Y,
铸造,2,5.347953,0.0,2.804386,Concept,Y,
铸造铝合金,2,5.347953,0.0,2.804386,Concept,Y,
长春,2,5.347953,0.0,2.804386,Concept,Y,
阻力和俯仰力矩系数,2,5.347953,0.0,2.804386,Concept,Y,
阻力系数增加,2,5.347953,0.0,2.804386,Concept,Y,
阿里安,2,5.347953,0.0,2.804386,Concept,Y,
陀螺,2,5.347953,0.0,2.804386,Concept,Y,
陈庆民,2,5.347953,0.0,2.804386,Concept,Y,
陈钱等,2,5.347953,0.0,2.804386,Concept,Y,
降到,2,5.347953,0.0,2.804386,Concept,Y,
降落,2,5.347953,0.0,2.804386,Concept,Y,
除了,2,5.347953,0.0,2.804386,Concept,Y,
除此,2,5.347953,0.0,2.804386,Concept,Y,
除此外,2,5.347953,0.0,2.804386,Concept,Y,
陶瓷,2,5.347953,0.0,2.804386,Concept,Y,
随着材料,2,5.347953,0.0,2.804386,Concept,Y,
隔热垫,2,5.347953,0.0,2.804386,Concept,Y,
雷电,2,5.347953,0.0,2.804386,Concept,Y,
需求分析,2,5.347953,0.0,2.804386,Concept,Y,
需要指出的是,2,5.347953,0.0,2.804386,Concept,Y,
静力矩,2,5.347953,0.0,2.804386,Concept,Y,
静载荷,2,5.347953,0.0,2.804386,Performance,Y,
非定常效应明显,2,5.347953,0.0,2.804386,Concept,Y,
项目中,2,5.347953,0.0,2.804386,Concept,Y,
顺行轨道,2,5.347953,0.0,2.804386,Concept,Y,
预压实,2,5.347953,0.0,2.804386,Concept,Y,
频率等,2,5.347953,0.0,2.804386,Concept,Y,
颤振,2,5.347953,0.0,2.804386,Concept,Y,
风洞试验表明,2,5.347953,0.0,2.804386,Concept,Y,
风险,2,5.347953,0.0,2.804386,Concept,Y,
飞机设计,2,5.347953,0.0,2.804386,Aircraft,Y,
飞机采用,2,5.347953,0.0,2.804386,Aircraft,Y,
飞机重量,2,5.347953,0.0,2.804386,Aircraft,Y,
飞行力,2,5.347953,0.0,2.804386,Mission,Y,
飞行动作,2,5.347953,0.0,2.804386,Mission,Y,
飞行器的质量,2,5.347953,0.0,2.804386,Mission,Y,
飞行条件,2,5.347953,0.0,2.804386,Mission,Y,
飞行路径,2,5.347953,0.0,2.804386,Mission,Y,
飞行过程中,2,5.347953,0.0,2.804386,Mission,Y,
飞行速度,2,5.347953,0.0,2.804386,Mission,Y,
飞速度,2,5.347953,0.0,2.804386,Parameter,Y,
马赫,2,5.347953,0.0,2.804386,Concept,Y,
驱动,2,5.347953,0.0,2.804386,Mechanism,Y,
驱动力,2,5.347953,0.0,2.804386,Mechanism,Y,
驱动器,2,5.347953,0.0,2.804386,Mechanism,Y,
验证机,2,5.347953,0.0,2.804386,Concept,Y,
高压,2,5.347953,0.0,2.804386,Concept,Y,
高强度合金钢,2,5.347953,0.0,2.804386,Concept,Y,
高效,2,5.347953,0.0,2.804386,Concept,Y,
高等学校,2,5.347953,0.0,2.804386,Concept,Y,
黏度,2,5.347953,0.0,2.804386,Concept,Y,
飞行器部件空气动力学,2,3.079442,6.570246,2.780857,Performance,Y,
航天飞机空气动力学,2,3.079442,6.417143,2.765547,Performance,Y,
的简单子样的算术平均值,2,3.079442,5.44724,2.668556,Concept,Y,
而长周期扰动主要是由质心变化引起的,2,3.079442,5.44724,2.668556,Concept,Y,
航程航时,3,0.0,8.129519,2.612952,Performance,Y,
对于飞行器结构设计,2,3.079442,3.408192,2.464652,Structure,Y,
上机翼下机翼,4,0.0,0.0,2.4,Structure,Y,
中循环中循环,4,0.0,0.0,2.4,Concept,Y,
为点的距离为点,4,0.0,0.0,2.4,Concept,Y,
为点的距离为点的距离,4,0.0,0.0,2.4,Concept,Y,
主襟翼前缘缝翼,4,0.0,0.0,2.4,Concept,Y,
主襟翼前缘缝翼双缝襟翼,4,0.0,0.0,2.4,Concept,Y,
从上至下分别为双翼整体上机翼,4,0.0,0.0,2.4,Structure,Y,
从上至下分别为双翼整体上机翼下机翼,4,0.0,0.0,2.4,Structure,Y,
任意任意,4,0.0,0.0,2.4,Concept,Y,
低速高空,4,0.0,0.0,2.4,Concept,Y,
低速高空低空,4,0.0,0.0,2.4,Concept,Y,
低速高空低空滑翔,4,0.0,0.0,2.4,Concept,Y,
侧缘侧缘,4,0.0,0.0,2.4,Concept,Y,
俄罗斯俄罗斯,4,0.0,0.0,2.4,Concept,Y,
内侧双缝襟翼外侧,4,0.0,0.0,2.4,Concept,Y,
内侧双缝襟翼外侧单缝襟翼,4,0.0,0.0,2.4,Concept,Y,
减小增大减小,4,0.0,0.0,2.4,Concept,Y,
初始应变初始应变初始应变,4,0.0,0.0,2.4,Concept,Y,
前缘缝翼内侧双缝襟翼外侧,4,0.0,0.0,2.4,Concept,Y,
前缘缝翼单缝襟翼,4,0.0,0.0,2.4,Concept,Y,
力矩力矩力矩,4,0.0,0.0,2.4,Concept,Y,
单缝襟翼前缘缝翼单缝襟翼,4,0.0,0.0,2.4,Concept,Y,
原麦道空中,4,0.0,0.0,2.4,Concept,Y,
原麦道空中洛克希德,4,0.0,0.0,2.4,Concept,Y,
原麦道空中洛克希德英宇航,4,0.0,0.0,2.4,Concept,Y,
双缝襟翼固定式子翼,4,0.0,0.0,2.4,Concept,Y,
双缝襟翼固定式子翼主襟翼,4,0.0,0.0,2.4,Concept,Y,
双缝襟翼外侧,4,0.0,0.0,2.4,Concept,Y,
双缝襟翼外侧单缝襟翼,4,0.0,0.0,2.4,Concept,Y,
双马双马,4,0.0,0.0,2.4,Concept,Y,
变体翼参考,4,0.0,0.0,2.4,Aircraft,Y,
各列水平数为的常用正交表有,4,0.0,0.0,2.4,Concept,Y,
同展长变化,4,0.0,0.0,2.4,Concept,Y,
和式可知,4,0.0,0.0,2.4,Concept,Y,
固定式子翼主襟翼,4,0.0,0.0,2.4,Concept,Y,
图片来源于网络第1,4,0.0,0.0,2.4,Concept,Y,
增大减小增大,4,0.0,0.0,2.4,Concept,Y,
增大减小增大减小,4,0.0,0.0,2.4,Concept,Y,
外侧内侧外侧内侧,4,0.0,0.0,2.4,Concept,Y,
就是很有前途的学科,4,0.0,0.0,2.4,Concept,Y,
巡航翼展最大起飞重量,4,0.0,0.0,2.4,Mission,Y,
巡航翼展最大起飞重量机翼面积,4,0.0,0.0,2.4,Structure,Y,
巡航翼展最大起飞重量机翼面积翼载荷,4,0.0,0.0,2.4,Structure,Y,
总编委会飞机设计手册,4,0.0,0.0,2.4,Aircraft,Y,
数据挖掘技术就是很有前途,4,0.0,0.0,2.4,Concept,Y,
数据挖掘技术就是很有前途的学科,4,0.0,0.0,2.4,Concept,Y,
最大起飞重量机翼面积,4,0.0,0.0,2.4,Structure,Y,
最大起飞重量机翼面积翼载荷,4,0.0,0.0,2.4,Structure,Y,
最大起飞重量机翼面积翼载荷升限,4,0.0,0.0,2.4,Structure,Y,
机翼上下机翼处于不同位置时双翼的失速攻角,4,0.0,0.0,2.4,Structure,Y,
机翼面积翼载荷,4,0.0,0.0,2.4,Structure,Y,
机翼面积翼载荷升限,4,0.0,0.0,2.4,Structure,Y,
气动实验与测量控制庄道哲越劜熊,4,0.0,0.0,2.4,ControlMethod,Y,
气象强子气象强子,4,0.0,0.0,2.4,Concept,Y,
波音原麦道,4,0.0,0.0,2.4,Concept,Y,
波音原麦道空中,4,0.0,0.0,2.4,Concept,Y,
波音原麦道空中洛克希德,4,0.0,0.0,2.4,Concept,Y,
洛克希德英宇航,4,0.0,0.0,2.4,Concept,Y,
点连成面积点连成面积,4,0.0,0.0,2.4,Concept,Y,
甲烷非甲烷,4,0.0,0.0,2.4,Concept,Y,
的距离为点,4,0.0,0.0,2.4,Concept,Y,
的距离为点的距离,4,0.0,0.0,2.4,Concept,Y,
直筒连接配合直径主要有两种其中0,4,0.0,0.0,2.4,Concept,Y,
研制单位飞机名称,4,0.0,0.0,2.4,Aircraft,Y,
空中洛克希德,4,0.0,0.0,2.4,Concept,Y,
空中洛克希德英宇航,4,0.0,0.0,2.4,Concept,Y,
空隙裂痕,4,0.0,0.0,2.4,Concept,Y,
箱连接分离装置直筒连接配合直径主要有两种,4,0.0,0.0,2.4,Concept,Y,
翼载荷升限,4,0.0,0.0,2.4,Performance,Y,
脱胶空隙,4,0.0,0.0,2.4,Concept,Y,
脱胶空隙裂痕,4,0.0,0.0,2.4,Concept,Y,
节气黄经,4,0.0,0.0,2.4,Concept,Y,
英国德国,4,0.0,0.0,2.4,Concept,Y,
裂痕研制成功,4,0.0,0.0,2.4,Concept,Y,
起飞翼展巡航翼展,4,0.0,0.0,2.4,Mission,Y,
起飞翼展巡航翼展最大起飞重量,4,0.0,0.0,2.4,Mission,Y,
起飞翼展巡航翼展最大起飞重量机翼面积,4,0.0,0.0,2.4,Structure,Y,
采样甲烷,4,0.0,0.0,2.4,Concept,Y,
采样甲烷非甲烷,4,0.0,0.0,2.4,Concept,Y,
飞机手册编委会飞机设计手册,4,0.0,0.0,2.4,Aircraft,Y,
飞机设计手册总编委会飞机设计手册,4,0.0,0.0,2.4,Aircraft,Y,
飞行时间高度,4,0.0,0.0,2.4,Performance,Y,
马氏体奥氏体,4,0.0,0.0,2.4,Concept,Y,
高空低空,4,0.0,0.0,2.4,Concept,Y,
高空低空滑翔,4,0.0,0.0,2.4,Concept,Y,
一一一一,2,3.079442,0.0,2.123832,Concept,Y,
上仰判据,2,3.079442,0.0,2.123832,Concept,Y,
与航天飞机分离,2,3.079442,0.0,2.123832,Aircraft,Y,
世纪70年代早期,2,3.079442,0.0,2.123832,Concept,Y,
为俯仰力矩系数,2,3.079442,0.0,2.123832,Concept,Y,
为比热比,2,3.079442,0.0,2.123832,Concept,Y,
于是方程组,2,3.079442,0.0,2.123832,Concept,Y,
产品名称,2,3.079442,0.0,2.123832,Concept,Y,
代入上式即可得,2,3.079442,0.0,2.123832,Concept,Y,
俯仰和偏航,2,3.079442,0.0,2.123832,Concept,Y,
偏航方向,2,3.079442,0.0,2.123832,Concept,Y,
充气式伸缩翼,2,3.079442,0.0,2.123832,Concept,Y,
公司的技术方案,2,3.079442,0.0,2.123832,Concept,Y,
共振现象,2,3.079442,0.0,2.123832,Concept,Y,
农业飞机,2,3.079442,0.0,2.123832,Aircraft,Y,
分析讨论了单,2,3.079442,0.0,2.123832,Concept,Y,
副翼偏角,2,3.079442,0.0,2.123832,Concept,Y,
单发螺旋桨飞机,2,3.079442,0.0,2.123832,Aircraft,Y,
双折叠翼变体的2,2,3.079442,0.0,2.123832,Mechanism,Y,
发生次数,2,3.079442,0.0,2.123832,Concept,Y,
变体高度,2,3.079442,0.0,2.123832,Performance,Y,
后肢和体壁,2,3.079442,0.0,2.123832,Concept,Y,
在此一并表示感谢,2,3.079442,0.0,2.123832,Concept,Y,
在气动设计方面,2,3.079442,0.0,2.123832,Performance,Y,
在自由分子流中,2,3.079442,0.0,2.123832,Concept,Y,
地球敏感器,2,3.079442,0.0,2.123832,Concept,Y,
地球物理表面,2,3.079442,0.0,2.123832,Concept,Y,
对于航天飞机而言,2,3.079442,0.0,2.123832,Aircraft,Y,
对千军用飞机,2,3.079442,0.0,2.123832,Aircraft,Y,
对操纵效率有影响,2,3.079442,0.0,2.123832,Performance,Y,
对称翼型,2,3.079442,0.0,2.123832,Structure,Y,
强度的均值,2,3.079442,0.0,2.123832,Concept,Y,
当上机翼在前时,2,3.079442,0.0,2.123832,Structure,Y,
惯性坐标系,2,3.079442,0.0,2.123832,Concept,Y,
才略有增加,2,3.079442,0.0,2.123832,Concept,Y,
扩展一倍巡航翼展,2,3.079442,0.0,2.123832,Mission,Y,
提高隐身性能,2,3.079442,0.0,2.123832,Performance,Y,
整个优化过程在,2,3.079442,0.0,2.123832,Concept,Y,
方向舵弦长,2,3.079442,0.0,2.123832,Concept,Y,
无人机作为原准机,2,3.079442,0.0,2.123832,Aircraft,Y,
机翼升力,2,3.079442,0.0,2.123832,Structure,Y,
根梢比后掠角,2,3.079442,0.0,2.123832,Concept,Y,
桁架伸缩翼,2,3.079442,0.0,2.123832,Concept,Y,
梯圆截面,2,3.079442,0.0,2.123832,Concept,Y,
模型中的系数,2,3.079442,0.0,2.123832,Concept,Y,
横向分量,2,3.079442,0.0,2.123832,Concept,Y,
气动热的相互要求,2,3.079442,0.0,2.123832,Performance,Y,
炸药被引爆,2,3.079442,0.0,2.123832,Concept,Y,
状态参数,2,3.079442,0.0,2.123832,Parameter,Y,
环境因素包括温度,2,3.079442,0.0,2.123832,Concept,Y,
的工作效率,2,3.079442,0.0,2.123832,Performance,Y,
目标器在半径为,2,3.079442,0.0,2.123832,Concept,Y,
硬壳式伸缩翼,2,3.079442,0.0,2.123832,Concept,Y,
积分结果为,2,3.079442,0.0,2.123832,Concept,Y,
第一部分仿生学,2,3.079442,0.0,2.123832,Concept,Y,
结构重量增加,2,3.079442,0.0,2.123832,Structure,Y,
翼根弦长为4英尺,2,3.079442,0.0,2.123832,Concept,Y,
胶接前缘,2,3.079442,0.0,2.123832,Concept,Y,
节中的计算结果,2,3.079442,0.0,2.123832,Concept,Y,
获得的结果,2,3.079442,0.0,2.123832,Concept,Y,
质心坐标,2,3.079442,0.0,2.123832,Concept,Y,
超声速飞机,2,3.079442,0.0,2.123832,Aircraft,Y,
轰炸机的1,2,3.079442,0.0,2.123832,Concept,Y,
辐射平衡温度较高,2,3.079442,0.0,2.123832,Concept,Y,
这里不再重复,2,3.079442,0.0,2.123832,Concept,Y,
追踪器在半径为,2,3.079442,0.0,2.123832,Concept,Y,
部弹簧装配时,2,3.079442,0.0,2.123832,Concept,Y,
阶段风洞试验,2,3.079442,0.0,2.123832,Concept,Y,
降低设计成本,2,3.079442,0.0,2.123832,Concept,Y,
随着智能材料的发展,2,3.079442,0.0,2.123832,Concept,Y,
零升攻角提前,2,3.079442,0.0,2.123832,Parameter,Y,
零升阻力系数在0,2,3.079442,0.0,2.123832,Concept,Y,
飞行情况,2,3.079442,0.0,2.123832,Mission,Y,
鸟类飞行,2,3.079442,0.0,2.123832,Mission,Y,
时变空气动力学效应评估,2,0.0,8.451688,2.045169,Performance,Y,
数据数据,3,0.0,2.100505,2.01005,Concept,Y,
机身机翼,3,0.0,1.537362,1.953736,Structure,Y,
一一一下翼面临界压强,3,0.0,0.0,1.8,Structure,Y,
上下翼间距1倍弦长以内时,3,0.0,0.0,1.8,Concept,Y,
上翼面一一一下翼面,3,0.0,0.0,1.8,Structure,Y,
上翼面一一一下翼面临界压强,3,0.0,0.0,1.8,Structure,Y,
下翼面临界压强,3,0.0,0.0,1.8,Structure,Y,
且服从一定的分布且服从一定的分布,3,0.0,0.0,1.8,Concept,Y,
个人简历在学期间完成的相关学术成果,3,0.0,0.0,1.8,Concept,Y,
中图分类号文献标识码,3,0.0,0.0,1.8,Concept,Y,
中图分类号文献标识码文章编号,3,0.0,0.0,1.8,Concept,Y,
临界压强上翼面,3,0.0,0.0,1.8,Structure,Y,
为正反之为负,3,0.0,0.0,1.8,Concept,Y,
亚声速超声速,3,0.0,0.0,1.8,Concept,Y,
从式和式,3,0.0,0.0,1.8,Concept,Y,
以四瓦数相联系,3,0.0,0.0,1.8,Concept,Y,
使式和式,3,0.0,0.0,1.8,Concept,Y,
俯仰力矩系数俯仰力矩静导数,3,0.0,0.0,1.8,Concept,Y,
俯仰力矩系数俯仰力矩静导数俯仰阻尼导数,3,0.0,0.0,1.8,Concept,Y,
俯仰力矩静导数俯仰阻尼导数,3,0.0,0.0,1.8,Concept,Y,
俯仰力矩静导数俯仰阻尼导数法向力系数,3,0.0,0.0,1.8,Concept,Y,
俯仰阻尼导数法向力系数,3,0.0,0.0,1.8,Concept,Y,
俯仰阻尼导数法向力系数偏航力矩系数,3,0.0,0.0,1.8,Concept,Y,
全动平尾全动平尾,3,0.0,0.0,1.8,Concept,Y,
全机结构重量空重,3,0.0,0.0,1.8,Structure,Y,
全机结构重量空重载荷,3,0.0,0.0,1.8,Structure,Y,
全机结构重量空重载荷燃油重量,3,0.0,0.0,1.8,Structure,Y,
全球鹰无人机为例,3,0.0,0.0,1.8,Aircraft,Y,
其主要化学组成为镍其主要化学组成为镍,3,0.0,0.0,1.8,Concept,Y,
其后全球鹰,3,0.0,0.0,1.8,Concept,Y,
冗入和式,3,0.0,0.0,1.8,Concept,Y,
减小增大减小增大,3,0.0,0.0,1.8,Concept,Y,
分1分1,3,0.0,0.0,1.8,Concept,Y,
刘文法王旭,3,0.0,0.0,1.8,Concept,Y,
利用式利用式,3,0.0,0.0,1.8,Concept,Y,
到0变体过程中与时变极点,3,0.0,0.0,1.8,Aircraft,Y,
到0变体过程中与时变极点和时不变极点,3,0.0,0.0,1.8,Aircraft,Y,
到0变体过程中与时变极点和时不变极点相关,3,0.0,0.0,1.8,Aircraft,Y,
前缘缝翼单缝襟翼前缘缝翼,3,0.0,0.0,1.8,Concept,Y,
副翼体操翼,3,0.0,0.0,1.8,Concept,Y,
升力系数滚转力矩系数,3,0.0,0.0,1.8,Concept,Y,
升力系数滚转力矩系数滚转力矩静导数,3,0.0,0.0,1.8,Concept,Y,
升力系数阻力系数,3,0.0,0.0,1.8,Concept,Y,
升限巡航升力系数,3,0.0,0.0,1.8,Mission,Y,
升限巡航升力系数诱导阻力系数,3,0.0,0.0,1.8,Mission,Y,
升限巡航升力系数诱导阻力系数总阻力系数,3,0.0,0.0,1.8,Mission,Y,
单缝襟翼前缘缝翼单缝襟翼前缘缝翼,3,0.0,0.0,1.8,Concept,Y,
印张字数,3,0.0,0.0,1.8,Concept,Y,
卸铆钉翼梁,3,0.0,0.0,1.8,Concept,Y,
双缝襟翼较链式子翼,3,0.0,0.0,1.8,Concept,Y,
双缝襟翼较链式子翼主襟翼,3,0.0,0.0,1.8,Concept,Y,
双翼整体的零升攻升力线斜率,3,0.0,0.0,1.8,Concept,Y,
双马双马双马,3,0.0,0.0,1.8,Concept,Y,
变体过程中与时变极点和时不变极点,3,0.0,0.0,1.8,Aircraft,Y,
变体过程中与时变极点和时不变极点相关,3,0.0,0.0,1.8,Aircraft,Y,
各列水平数为的常用正交表有各列水平数为,3,0.0,0.0,1.8,Concept,Y,
和弹道坐标系的轴的单位矢量分别视为,3,0.0,0.0,1.8,Concept,Y,
和时不变极点相关,3,0.0,0.0,1.8,Concept,Y,
国别型号,3,0.0,0.0,1.8,Concept,Y,
在变体过程中全机的升力需重新分配,3,0.0,0.0,1.8,Aircraft,Y,
在式中取,3,0.0,0.0,1.8,Concept,Y,
在式和式,3,0.0,0.0,1.8,Concept,Y,
在第二章定义在第二章定义,3,0.0,0.0,1.8,Concept,Y,
坐标系联系,3,0.0,0.0,1.8,Concept,Y,
外侧单缝襟翼前缘缝翼,3,0.0,0.0,1.8,Concept,Y,
外来物质操作损伤等,3,0.0,0.0,1.8,Concept,Y,
多楔多梁,3,0.0,0.0,1.8,Concept,Y,
多维度柔性变形2个阶段,3,0.0,0.0,1.8,Mechanism,Y,
奥氏体逆向相变,3,0.0,0.0,1.8,Concept,Y,
孔径端距,3,0.0,0.0,1.8,Concept,Y,
孔径端距孔径,3,0.0,0.0,1.8,Concept,Y,
孔径边距,3,0.0,0.0,1.8,Concept,Y,
就是很有前途的学科正在蓬勃发展中的,3,0.0,0.0,1.8,Concept,Y,
展弦比入后掠角,3,0.0,0.0,1.8,Concept,Y,
巡航升力系数诱导阻力系数,3,0.0,0.0,1.8,Mission,Y,
巡航升力系数诱导阻力系数总阻力系数,3,0.0,0.0,1.8,Mission,Y,
巡航升阻比机翼结构重量,3,0.0,0.0,1.8,Structure,Y,
巡航升阻比机翼结构重量全机结构重量,3,0.0,0.0,1.8,Structure,Y,
巡航升阻比机翼结构重量全机结构重量空重,3,0.0,0.0,1.8,Structure,Y,
幻影幻影幻影,3,0.0,0.0,1.8,Concept,Y,
应用于附注,3,0.0,0.0,1.8,Concept,Y,
开本印张,3,0.0,0.0,1.8,Concept,Y,
开本印张字数,3,0.0,0.0,1.8,Concept,Y,
张旭辉解春雷,3,0.0,0.0,1.8,Concept,Y,
张旭辉解春雷刘思佳,3,0.0,0.0,1.8,Concept,Y,
弯矩扭矩,3,0.0,0.0,1.8,Concept,Y,
总长度直径,3,0.0,0.0,1.8,Concept,Y,
总阻力系数巡航升阻比,3,0.0,0.0,1.8,Performance,Y,
总阻力系数巡航升阻比机翼结构重量,3,0.0,0.0,1.8,Structure,Y,
指令自学习模型预测控制,3,0.0,0.0,1.8,ControlMethod,Y,
指令自学习模型预测控制线性变参数控制,3,0.0,0.0,1.8,ControlMethod,Y,
文献标识码文章编号,3,0.0,0.0,1.8,Concept,Y,
最大速度最大起飞,3,0.0,0.0,1.8,Mission,Y,
最大速度最大起飞重量,3,0.0,0.0,1.8,Mission,Y,
最高温区较高温区,3,0.0,0.0,1.8,Concept,Y,
最高温区较高温区较低温区,3,0.0,0.0,1.8,Concept,Y,
机翼结构重量全机结构重量,3,0.0,0.0,1.8,Structure,Y,
机翼结构重量全机结构重量空重,3,0.0,0.0,1.8,Structure,Y,
机翼结构重量全机结构重量空重载荷,3,0.0,0.0,1.8,Structure,Y,
机翼面积翼载荷升限巡航升力系数,3,0.0,0.0,1.8,Structure,Y,
机身螺栓,3,0.0,0.0,1.8,Structure,Y,
极点1和极点2极点3和极点4,3,0.0,0.0,1.8,Concept,Y,
梯形翼梯形翼,3,0.0,0.0,1.8,Concept,Y,
检验内容应用于,3,0.0,0.0,1.8,Concept,Y,
检验内容应用于附注,3,0.0,0.0,1.8,Concept,Y,
椭圆抛物线,3,0.0,0.0,1.8,Concept,Y,
正在蓬勃发展中的数据挖掘技术,3,0.0,0.0,1.8,Concept,Y,
正在蓬勃发展中的数据挖掘技术就是很有前途,3,0.0,0.0,1.8,Concept,Y,
气动力驱动的单双折叠翼变体过程,3,0.0,0.0,1.8,Mechanism,Y,
法向力系数偏航力矩系数,3,0.0,0.0,1.8,Concept,Y,
泡沫硅钢弹性体热屏蔽金属蒙皮,3,0.0,0.0,1.8,Concept,Y,
注意到于是,3,0.0,0.0,1.8,Concept,Y,
洛克希德英宇航达索,3,0.0,0.0,1.8,Concept,Y,
滚转力矩系数滚转力矩静导数,3,0.0,0.0,1.8,Concept,Y,
滚转力矩系数滚转力矩静导数滚转阻尼导数,3,0.0,0.0,1.8,Concept,Y,
滚转力矩静导数滚转阻尼导数,3,0.0,0.0,1.8,Concept,Y,
激波膨胀波方法,3,0.0,0.0,1.8,Concept,Y,
燃油重量航程,3,0.0,0.0,1.8,Performance,Y,
燃油重量航程航时,3,0.0,0.0,1.8,Performance,Y,
燃油重量航程航时起飞距离,3,0.0,0.0,1.8,Performance,Y,
甲烷非甲烷采样,3,0.0,0.0,1.8,Concept,Y,
甲烷非甲烷采样甲烷,3,0.0,0.0,1.8,Concept,Y,
白鹏李锋,3,0.0,0.0,1.8,Concept,Y,
的关系的关系,3,0.0,0.0,1.8,Concept,Y,
的学科正在蓬勃发展中的,3,0.0,0.0,1.8,Concept,Y,
的学科正在蓬勃发展中的数据挖掘技术,3,0.0,0.0,1.8,Concept,Y,
的常用正交表有各列水平数为,3,0.0,0.0,1.8,Concept,Y,
的常用正交表有各列水平数为的常用正交表有,3,0.0,0.0,1.8,Concept,Y,
的距离为点的距离为点,3,0.0,0.0,1.8,Concept,Y,
相对于的角速度,3,0.0,0.0,1.8,Parameter,Y,
相应于式相应于式,3,0.0,0.0,1.8,Concept,Y,
短程轨道长程轨道,3,0.0,0.0,1.8,Concept,Y,
研制单位飞机名称相对面积,3,0.0,0.0,1.8,Aircraft,Y,
空中洛克希德英宇航达索,3,0.0,0.0,1.8,Concept,Y,
空重载荷,3,0.0,0.0,1.8,Performance,Y,
空重载荷燃油重量,3,0.0,0.0,1.8,Performance,Y,
空重载荷燃油重量航程,3,0.0,0.0,1.8,Performance,Y,
空间动力学结构力学,3,0.0,0.0,1.8,Structure,Y,
端距孔径,3,0.0,0.0,1.8,Concept,Y,
第6飞机气动布局初步设计,3,0.0,0.0,1.8,Performance,Y,
第9总结与展望,3,0.0,0.0,1.8,Concept,Y,
米格米格米格米格,3,0.0,0.0,1.8,Concept,Y,
米高扬米格,3,0.0,0.0,1.8,Concept,Y,
线性变参数控制未学习的模型预测控制,3,0.0,0.0,1.8,ControlMethod,Y,
翼型翼面积,3,0.0,0.0,1.8,Structure,Y,
翼型翼面积展弦比入,3,0.0,0.0,1.8,Structure,Y,
翼型翼面积展弦比入后掠角,3,0.0,0.0,1.8,Structure,Y,
翼根效应翼梢效应,3,0.0,0.0,1.8,Concept,Y,
翼载荷升限巡航升力系数,3,0.0,0.0,1.8,Performance,Y,
翼载荷升限巡航升力系数诱导阻力系数,3,0.0,0.0,1.8,Performance,Y,
翼面积展弦比入,3,0.0,0.0,1.8,Structure,Y,
翼面积展弦比入后掠角,3,0.0,0.0,1.8,Structure,Y,
自学习模型预测控制线性变参数控制,3,0.0,0.0,1.8,ControlMethod,Y,
航时起飞距离,3,0.0,0.0,1.8,Mission,Y,
航程航时起飞距离,3,0.0,0.0,1.8,Performance,Y,
节气黄经节气,3,0.0,0.0,1.8,Concept,Y,
节气黄经节气黄经,3,0.0,0.0,1.8,Concept,Y,
苏联米格,3,0.0,0.0,1.8,Concept,Y,
若把弹体坐标系的和弹道坐标系的,3,0.0,0.0,1.8,Concept,Y,
英国法国,3,0.0,0.0,1.8,Concept,Y,
英宇航达索,3,0.0,0.0,1.8,Concept,Y,
英寸风洞,3,0.0,0.0,1.8,Concept,Y,
解春雷刘思佳,3,0.0,0.0,1.8,Concept,Y,
计算入射反射分子单位时间,3,0.0,0.0,1.8,Concept,Y,
诱导阻力系数总阻力系数,3,0.0,0.0,1.8,Concept,Y,
诱导阻力系数总阻力系数巡航升阻比,3,0.0,0.0,1.8,Performance,Y,
轨道舱返回舱,3,0.0,0.0,1.8,Concept,Y,
轴向力系数阻力系数,3,0.0,0.0,1.8,Concept,Y,
轴向力系数阻力系数升力系数,3,0.0,0.0,1.8,Concept,Y,
轴向力系数阻力系数升力系数滚转力矩系数,3,0.0,0.0,1.8,Concept,Y,
载荷燃油重量,3,0.0,0.0,1.8,Performance,Y,
载荷燃油重量航程,3,0.0,0.0,1.8,Performance,Y,
载荷燃油重量航程航时,3,0.0,0.0,1.8,Performance,Y,
较好较差,3,0.0,0.0,1.8,Concept,Y,
较链式子翼主襟翼,3,0.0,0.0,1.8,Concept,Y,
较高温区较低温区,3,0.0,0.0,1.8,Concept,Y,
返回舱推进舱,3,0.0,0.0,1.8,Concept,Y,
通信地址电话,3,0.0,0.0,1.8,Concept,Y,
通过单双折叠翼变体,3,0.0,0.0,1.8,Mechanism,Y,
采样甲烷非甲烷采样,3,0.0,0.0,1.8,Concept,Y,
阻力系数升力系数,3,0.0,0.0,1.8,Concept,Y,
阻力系数升力系数滚转力矩系数,3,0.0,0.0,1.8,Concept,Y,
陈钱白鹏李锋,3,0.0,0.0,1.8,Concept,Y,
非甲烷采样,3,0.0,0.0,1.8,Concept,Y,
非甲烷采样甲烷,3,0.0,0.0,1.8,Concept,Y,
非甲烷采样甲烷非甲烷,3,0.0,0.0,1.8,Concept,Y,
飞机名称相对面积,3,0.0,0.0,1.8,Aircraft,Y,
飞行器气动设计续表意义,3,0.0,0.0,1.8,Performance,Y,
飞行器气动设计续表意义位置,3,0.0,0.0,1.8,Performance,Y,
飞行器结构设计余旭东,3,0.0,0.0,1.8,Structure,Y,
马氏体奥氏体逆向相变,3,0.0,0.0,1.8,Concept,Y,
马赫线马赫线,3,0.0,0.0,1.8,Concept,Y,
黄经节气,3,0.0,0.0,1.8,Concept,Y,
黄经节气黄经,3,0.0,0.0,1.8,Concept,Y,
默认必需,3,0.0,0.0,1.8,Concept,Y,
一台液体火箭发动机总长度,2,0.0,0.0,1.2,Concept,Y,
一台液体火箭发动机总长度直径,2,0.0,0.0,1.2,Concept,Y,
一台液体火箭发动机总长度直径主要任务,2,0.0,0.0,1.2,Mission,Y,
一般采用钢索在实际使用前,2,0.0,0.0,1.2,Concept,Y,
上热流平衡温度沿治向的变化,2,0.0,0.0,1.2,Concept,Y,
上翼和固定机翼,2,0.0,0.0,1.2,Structure,Y,
上翼面下翼面,2,0.0,0.0,1.2,Structure,Y,
上翼面下翼面临界压强,2,0.0,0.0,1.2,Structure,Y,
上表面为膨胀流动下表面为压缩流动,2,0.0,0.0,1.2,Concept,Y,
下机翼双折叠翼变体飞行器的气动特性研究,2,0.0,0.0,1.2,Mechanism,Y,
下标来流条件壁面条件,2,0.0,0.0,1.2,Concept,Y,
下洗延迟现象,2,0.0,0.0,1.2,Concept,Y,
下洗速度分布环量分布,2,0.0,0.0,1.2,Parameter,Y,
下洗速度分布环量分布绕流流谱,2,0.0,0.0,1.2,Parameter,Y,
下翼面临界压强上翼面,2,0.0,0.0,1.2,Structure,Y,
下翼面临界压强上翼面下翼面,2,0.0,0.0,1.2,Structure,Y,
下表面上表面,2,0.0,0.0,1.2,Concept,Y,
不宜开槽口若必须开口,2,0.0,0.0,1.2,Concept,Y,
不需要考虑及设计内容较多,2,0.0,0.0,1.2,Concept,Y,
与式比较,2,0.0,0.0,1.2,Concept,Y,
与式相比,2,0.0,0.0,1.2,Concept,Y,
与攻角侧滑角,2,0.0,0.0,1.2,Parameter,Y,
与时间的简单关系,2,0.0,0.0,1.2,Concept,Y,
与此同时通常,2,0.0,0.0,1.2,Concept,Y,
且涡心逐步向翼根移动由千脱体涡的切洗效应,2,0.0,0.0,1.2,Concept,Y,
世界飞机手册,2,0.0,0.0,1.2,Aircraft,Y,
世纪30年代,2,0.0,0.0,1.2,Concept,Y,
世纪60年代,2,0.0,0.0,1.2,Concept,Y,
世纪80年代初,2,0.0,0.0,1.2,Concept,Y,
东方号飞船,2,0.0,0.0,1.2,Concept,Y,
中41实部,2,0.0,0.0,1.2,Concept,Y,
中41虚部,2,0.0,0.0,1.2,Concept,Y,
中41虚部中42,2,0.0,0.0,1.2,Concept,Y,
中42虚部,2,0.0,0.0,1.2,Concept,Y,
中42虚部中41,2,0.0,0.0,1.2,Concept,Y,
中42虚部中41虚部,2,0.0,0.0,1.2,Concept,Y,
中国航天科技创新研究院北京100088,2,0.0,0.0,1.2,Concept,Y,
中心引力势和非中心引力势,2,0.0,0.0,1.2,Concept,Y,
中板内板,2,0.0,0.0,1.2,Concept,Y,
中给出则采用,2,0.0,0.0,1.2,Concept,Y,
中给出则采用其中变换矩阵,2,0.0,0.0,1.2,Concept,Y,
临界压强上翼面下翼面,2,0.0,0.0,1.2,Structure,Y,
临界压强上翼面下翼面临界压强,2,0.0,0.0,1.2,Structure,Y,
为上表面背风面,2,0.0,0.0,1.2,Concept,Y,
为下表面迎风面,2,0.0,0.0,1.2,Concept,Y,
为便于查阅展开,2,0.0,0.0,1.2,Mechanism,Y,
为公转角度为扭矩,2,0.0,0.0,1.2,Parameter,Y,
为公转角度为扭矩在连杆上传递时的弯矩分量,2,0.0,0.0,1.2,Parameter,Y,
为变体过程中飞机姿态角的变化情况,2,0.0,0.0,1.2,Aircraft,Y,
为扭矩在连杆上传递时的弯矩分量,2,0.0,0.0,1.2,Concept,Y,
为扭矩在连杆上传递时的弯矩分量为扭矩,2,0.0,0.0,1.2,Concept,Y,
为扭矩在连杆上传递时的扭矩分量,2,0.0,0.0,1.2,Concept,Y,
为正转动角速度方向与,2,0.0,0.0,1.2,Parameter,Y,
为第列水平所对应的试验指标的平均值,2,0.0,0.0,1.2,Concept,Y,
为第列水平所对应的试验指标的数值之和,2,0.0,0.0,1.2,Concept,Y,
为约束条件为优化设计目标函数,2,0.0,0.0,1.2,Concept,Y,
为自变量则引力加速度的各分量为,2,0.0,0.0,1.2,Parameter,Y,
主编张鲁民,2,0.0,0.0,1.2,Concept,Y,
主编张鲁民副主编,2,0.0,0.0,1.2,Concept,Y,
主编张鲁民副主编叶友达,2,0.0,0.0,1.2,Concept,Y,
主襟翼前缘缝翼双缝襟翼较链式子翼,2,0.0,0.0,1.2,Concept,Y,
也充分体现了气动力驱动变体的优越性,2,0.0,0.0,1.2,Mechanism,Y,
二二二二二二二二二二二二二,2,0.0,0.0,1.2,Concept,Y,
于是式写成,2,0.0,0.0,1.2,Concept,Y,
于是得到可以由,2,0.0,0.0,1.2,Concept,Y,
于是得到可以由求出,2,0.0,0.0,1.2,Concept,Y,
亚声速爬升率减小超声速爬升率增大,2,0.0,0.0,1.2,Concept,Y,
产品名称功能,2,0.0,0.0,1.2,Concept,Y,
从前至后依次为构型1至构型3,2,0.0,0.0,1.2,Concept,Y,
从式可知,2,0.0,0.0,1.2,Concept,Y,
从而产生高温高压燃气,2,0.0,0.0,1.2,Concept,Y,
代入上式则有,2,0.0,0.0,1.2,Concept,Y,
以保证在设计外加载荷,2,0.0,0.0,1.2,Performance,Y,
以初始状态作为积分下限,2,0.0,0.0,1.2,Concept,Y,
以及和环境相互作用的重载组合从而确定,2,0.0,0.0,1.2,Concept,Y,
以四瓦数相联系以四瓦数,2,0.0,0.0,1.2,Concept,Y,
以四瓦数相联系以四瓦数相联系,2,0.0,0.0,1.2,Concept,Y,
以美国航天飞机为例在黏性干扰区内,2,0.0,0.0,1.2,Aircraft,Y,
仪器舱燃料舱,2,0.0,0.0,1.2,Concept,Y,
仪器设备,2,0.0,0.0,1.2,Concept,Y,
任意任意任意,2,0.0,0.0,1.2,Concept,Y,
任玉新教授,2,0.0,0.0,1.2,Concept,Y,
伏欣气动弹性力学原理,2,0.0,0.0,1.2,Performance,Y,
优化前优化后,2,0.0,0.0,1.2,Concept,Y,
优点缺点,2,0.0,0.0,1.2,Concept,Y,
伴飞无人机视角第8,2,0.0,0.0,1.2,Aircraft,Y,
伸缩变后掠,2,0.0,0.0,1.2,Concept,Y,
伸缩变后掠折叠,2,0.0,0.0,1.2,Mechanism,Y,
位于第一或第四象限位于第二或第三象限,2,0.0,0.0,1.2,Concept,Y,
位场着色渗透,2,0.0,0.0,1.2,Concept,Y,
低空滑翔着陆等任务,2,0.0,0.0,1.2,Mission,Y,
低空滑翔着陆等飞行任务,2,0.0,0.0,1.2,Mission,Y,
体操翼方向舵,2,0.0,0.0,1.2,Concept,Y,
余旭东徐超,2,0.0,0.0,1.2,Concept,Y,
使式和式右侧相等,2,0.0,0.0,1.2,Concept,Y,
使用单双折叠翼变体扩充30,2,0.0,0.0,1.2,Mechanism,Y,
使用简单算法更新策略如算法9,2,0.0,0.0,1.2,ControlMethod,Y,
使用载荷使用压力,2,0.0,0.0,1.2,Performance,Y,
例3例3,2,0.0,0.0,1.2,Concept,Y,
供卫星设计的静载荷条件,2,0.0,0.0,1.2,Performance,Y,
供卫星设计的静载荷条件载荷工况,2,0.0,0.0,1.2,Performance,Y,
侧缘侧视方向,2,0.0,0.0,1.2,Concept,Y,
侧缘侧视方向俯视,2,0.0,0.0,1.2,Concept,Y,
侧视方向俯视,2,0.0,0.0,1.2,Concept,Y,
俄罗斯俄罗斯典型三翼面布局飞机,2,0.0,0.0,1.2,Structure,Y,
俄罗斯典型三翼面布局飞机,2,0.0,0.0,1.2,Structure,Y,
俄罗斯常规布局典型机种及其三面图,2,0.0,0.0,1.2,Concept,Y,
俄罗斯常规布局典型机种及其三面图无尾布局,2,0.0,0.0,1.2,Concept,Y,
俯仰力矩磅力,2,0.0,0.0,1.2,Concept,Y,
俯仰滚转,2,0.0,0.0,1.2,Concept,Y,
俯视图侧视图,2,0.0,0.0,1.2,Concept,Y,
倍弦长左右位置,2,0.0,0.0,1.2,Concept,Y,
倍弦长左右位置上下翼间距1,2,0.0,0.0,1.2,Concept,Y,
倍弦长左右位置上下翼间距1倍弦长以内时,2,0.0,0.0,1.2,Concept,Y,
倍机翼弦长之间上下间距在0,2,0.0,0.0,1.2,Structure,Y,
偏航力矩系数偏航力矩静导数,2,0.0,0.0,1.2,Concept,Y,
偏航力矩系数偏航力矩静导数偏航阻尼导数,2,0.0,0.0,1.2,Concept,Y,
偏航力矩静导数偏航阻尼导数,2,0.0,0.0,1.2,Concept,Y,
偏航滚转稳定性良好,2,0.0,0.0,1.2,Performance,Y,
偏航阻尼导数压力系数,2,0.0,0.0,1.2,Concept,Y,
储箱容积和外形尺寸确定储箱容积的确定,2,0.0,0.0,1.2,Concept,Y,
储箱的分类与设计要求储箱的功用与组成,2,0.0,0.0,1.2,Concept,Y,
充气式伸缩翼桁架伸缩翼,2,0.0,0.0,1.2,Concept,Y,
入流边界出流边界,2,0.0,0.0,1.2,Concept,Y,
全因素或部分因素试验设计,2,0.0,0.0,1.2,Concept,Y,
全球鹰为例,2,0.0,0.0,1.2,Concept,Y,
全球鹰无人机为原准机,2,0.0,0.0,1.2,Aircraft,Y,
全球鹰无人机作为原准机,2,0.0,0.0,1.2,Aircraft,Y,
全球鹰的航程随展弦比变化的情况,2,0.0,0.0,1.2,Performance,Y,
全球鹰的重量随展弦比变化的情况,2,0.0,0.0,1.2,Concept,Y,
公务机涡轮螺旋桨支线飞机,2,0.0,0.0,1.2,Aircraft,Y,
公务机涡轮螺旋桨支线飞机喷气运输机,2,0.0,0.0,1.2,Aircraft,Y,
关键技术研究在方案设计中,2,0.0,0.0,1.2,Concept,Y,
其主要特点有密度低,2,0.0,0.0,1.2,Concept,Y,
其他战斗机运输,2,0.0,0.0,1.2,Concept,Y,
其他战斗机运输轰炸机,2,0.0,0.0,1.2,Concept,Y,
其他战斗机运输轰炸机喷气,2,0.0,0.0,1.2,Concept,Y,
其后对单,2,0.0,0.0,1.2,Concept,Y,
其后开展了单,2,0.0,0.0,1.2,Concept,Y,
其它项其它项,2,0.0,0.0,1.2,Concept,Y,
典型平面外形三维机翼的二维三维流区,2,0.0,0.0,1.2,Structure,Y,
典型的起翼载,2,0.0,0.0,1.2,Concept,Y,
兼顾高速低速,2,0.0,0.0,1.2,Concept,Y,
兼顾高速低速高空,2,0.0,0.0,1.2,Concept,Y,
兼顾高速低速高空低空,2,0.0,0.0,1.2,Concept,Y,
内侧机波压缸,2,0.0,0.0,1.2,Concept,Y,
内侧机波压缸外侧筒,2,0.0,0.0,1.2,Concept,Y,
内副翼外副翼,2,0.0,0.0,1.2,Concept,Y,
内部装载的体积舱段的容积,2,0.0,0.0,1.2,Concept,Y,
冗入冗入,2,0.0,0.0,1.2,Concept,Y,
写出展开后减为,2,0.0,0.0,1.2,Mechanism,Y,
写出展开后减为由此求解出,2,0.0,0.0,1.2,Mechanism,Y,
农业飞机公务机,2,0.0,0.0,1.2,Aircraft,Y,
冬至大寒,2,0.0,0.0,1.2,Concept,Y,
冷劲松孙健,2,0.0,0.0,1.2,Concept,Y,
冷劲松孙健刘彦菊,2,0.0,0.0,1.2,Concept,Y,
分1分1分1,2,0.0,0.0,1.2,Concept,Y,
分别为此时固定机翼和活动机翼的升力系数,2,0.0,0.0,1.2,Structure,Y,
分离时炸药被引爆,2,0.0,0.0,1.2,Concept,Y,
分离特性喷流控制,2,0.0,0.0,1.2,ControlMethod,Y,
列距孔径,2,0.0,0.0,1.2,Concept,Y,
刘峰聂瑞,2,0.0,0.0,1.2,Concept,Y,
刘思佳智能变形飞行器发展需求及难点分,2,0.0,0.0,1.2,Mechanism,Y,
刘文法王旭米康,2,0.0,0.0,1.2,Concept,Y,
刘连元高速气流传热与烧蚀热防护,2,0.0,0.0,1.2,Concept,Y,
则偏离量通常为,2,0.0,0.0,1.2,Concept,Y,
则按照图7写出,2,0.0,0.0,1.2,Concept,Y,
则按照图7写出展开后减为,2,0.0,0.0,1.2,Mechanism,Y,
则按照图7写出展开后减为由此求解出,2,0.0,0.0,1.2,Mechanism,Y,
则有利用,2,0.0,0.0,1.2,Concept,Y,
则有航天飞行动力学,2,0.0,0.0,1.2,Mission,Y,
则此时有第6,2,0.0,0.0,1.2,Concept,Y,
则采用其中变换矩阵,2,0.0,0.0,1.2,Concept,Y,
初始应变初始应变初始应变初始应变,2,0.0,0.0,1.2,Concept,Y,
初始应变初始应变初始应变学习策略的应变,2,0.0,0.0,1.2,Concept,Y,
初始应变初始应变学习策略的应变,2,0.0,0.0,1.2,Concept,Y,
初始应变初始应变学习策略的应变时间过程,2,0.0,0.0,1.2,Concept,Y,
初始应变学习策略的应变,2,0.0,0.0,1.2,Concept,Y,
初始应变学习策略的应变时间过程,2,0.0,0.0,1.2,Concept,Y,
初始网格收敛后网格,2,0.0,0.0,1.2,Concept,Y,
初始网格收敛后网格静网格,2,0.0,0.0,1.2,Concept,Y,
初始高度初始速率,2,0.0,0.0,1.2,Performance,Y,
利用公式求高度变化率,2,0.0,0.0,1.2,Performance,Y,
利用式利用式利用式,2,0.0,0.0,1.2,Concept,Y,
利用式和式,2,0.0,0.0,1.2,Concept,Y,
到3倍机翼弦长之间,2,0.0,0.0,1.2,Structure,Y,
到入轨经历的时,2,0.0,0.0,1.2,Concept,Y,
制导总体设计,2,0.0,0.0,1.2,Concept,Y,
制订基于的装配体设计规范,2,0.0,0.0,1.2,Concept,Y,
前缘缝翼前缘缝翼,2,0.0,0.0,1.2,Concept,Y,
前缘缝翼单缝襟翼前缘缝翼单缝襟翼,2,0.0,0.0,1.2,Concept,Y,
前缘缝翼双缝襟翼固定式子翼,2,0.0,0.0,1.2,Concept,Y,
前缘缝翼双缝襟翼固定式子翼主襟翼,2,0.0,0.0,1.2,Concept,Y,
前缘缝翼双缝襟翼较链式子翼,2,0.0,0.0,1.2,Concept,Y,
前缘缝翼双缝襟翼较链式子翼主襟翼,2,0.0,0.0,1.2,Concept,Y,
前缘襟翼前缘缝翼,2,0.0,0.0,1.2,Concept,Y,
前部反作用控制发动机,2,0.0,0.0,1.2,ControlMethod,Y,
剖面剖面,2,0.0,0.0,1.2,Concept,Y,
副主编叶友达,2,0.0,0.0,1.2,Concept,Y,
副主编叶友达纪楚群,2,0.0,0.0,1.2,Concept,Y,
副翼体操翼方向舵,2,0.0,0.0,1.2,Concept,Y,
副翼及横向操纵面飞机的稳定性和操纵性,2,0.0,0.0,1.2,Performance,Y,
副翼方向舵,2,0.0,0.0,1.2,Concept,Y,
副翼面积15度攻角,2,0.0,0.0,1.2,Structure,Y,
副翼面积20度攻角,2,0.0,0.0,1.2,Structure,Y,
副翼面积25度攻角,2,0.0,0.0,1.2,Structure,Y,
力矩力矩力矩力矩,2,0.0,0.0,1.2,Concept,Y,
力矩力矩力矩总铰链力矩,2,0.0,0.0,1.2,Concept,Y,
力矩力矩总铰链力矩,2,0.0,0.0,1.2,Concept,Y,
力矩力矩总铰链力矩力矩,2,0.0,0.0,1.2,Concept,Y,
力矩总铰链力矩,2,0.0,0.0,1.2,Concept,Y,
力矩总铰链力矩力矩,2,0.0,0.0,1.2,Concept,Y,
加力最大,2,0.0,0.0,1.2,Concept,Y,
动力学和控制特性研究结构设计研究,2,0.0,0.0,1.2,ControlMethod,Y,
动力米高扬,2,0.0,0.0,1.2,Concept,Y,
动力米高扬米格,2,0.0,0.0,1.2,Concept,Y,
动力米高扬米格苏霍伊,2,0.0,0.0,1.2,Concept,Y,
包含的项,2,0.0,0.0,1.2,Concept,Y,
包括尾翼机身壁板在横向元件,2,0.0,0.0,1.2,Structure,Y,
包括设计试验或试验等工作,2,0.0,0.0,1.2,Concept,Y,
十三五规划教材,2,0.0,0.0,1.2,ControlMethod,Y,
升力系数降低阻力系数增加,2,0.0,0.0,1.2,Concept,Y,
升力线斜率变化的情况,2,0.0,0.0,1.2,Concept,Y,
升力线斜率的变化情况与图,2,0.0,0.0,1.2,Concept,Y,
升力阻力,2,0.0,0.0,1.2,Concept,Y,
升阻比操纵效率,2,0.0,0.0,1.2,Performance,Y,
升阻比马赫数,2,0.0,0.0,1.2,Performance,Y,
升降副翼全动平尾,2,0.0,0.0,1.2,Concept,Y,
升降副翼机身滚翼,2,0.0,0.0,1.2,Structure,Y,
升限下降增加,2,0.0,0.0,1.2,Concept,Y,
升限下降增加亚声速爬升率减小,2,0.0,0.0,1.2,Concept,Y,
单剪制动对接双剪制动对接,2,0.0,0.0,1.2,Concept,Y,
单发螺旋桨飞机双发螺旋桨飞机,2,0.0,0.0,1.2,Aircraft,Y,
单翼状态原理验证机实物图,2,0.0,0.0,1.2,Concept,Y,
单翼状态原理验证机实物图双翼状态,2,0.0,0.0,1.2,Concept,Y,
卡共包括式星,2,0.0,0.0,1.2,Concept,Y,
卢志毅陈庆民,2,0.0,0.0,1.2,Concept,Y,
卫星结构分析与设计杆系结构设计,2,0.0,0.0,1.2,Structure,Y,
卫星结构概述卫星结构的功能,2,0.0,0.0,1.2,Structure,Y,
印张字数印数,2,0.0,0.0,1.2,Concept,Y,
印张字数印数定价,2,0.0,0.0,1.2,Concept,Y,
印数定价,2,0.0,0.0,1.2,Concept,Y,
即365因此在一个太阳日内,2,0.0,0.0,1.2,Concept,Y,
即机身机翼,2,0.0,0.0,1.2,Structure,Y,
压力中心前移形成一个快速上仰的动作,2,0.0,0.0,1.2,Concept,Y,
压力表面热流密度,2,0.0,0.0,1.2,Concept,Y,
原准机双折叠翼变体飞机,2,0.0,0.0,1.2,Mechanism,Y,
原准机双折叠翼变体飞机起飞翼展,2,0.0,0.0,1.2,Mechanism,Y,
原准机双折叠翼变体飞机起飞翼展巡航翼展,2,0.0,0.0,1.2,Mechanism,Y,
原理验证机实物图单翼状态,2,0.0,0.0,1.2,Concept,Y,
原理验证机实物图单翼状态原理验证机实物图,2,0.0,0.0,1.2,Concept,Y,
原理验证机实物图双翼状态,2,0.0,0.0,1.2,Concept,Y,
原麦道动力,2,0.0,0.0,1.2,Concept,Y,
原麦道动力米高扬,2,0.0,0.0,1.2,Concept,Y,
原麦道动力米高扬米格,2,0.0,0.0,1.2,Concept,Y,
及甲烷非甲烷,2,0.0,0.0,1.2,Concept,Y,
及甲烷非甲烷基础,2,0.0,0.0,1.2,Concept,Y,
双发螺旋桨飞机,2,0.0,0.0,1.2,Aircraft,Y,
双发螺旋桨飞机农业飞机,2,0.0,0.0,1.2,Aircraft,Y,
双子星座阿波罗,2,0.0,0.0,1.2,Concept,Y,
双折叠翼变体扩充30翼展后的性能变化,2,0.0,0.0,1.2,Mechanism,Y,
双折叠翼变体扩展一倍巡航翼展,2,0.0,0.0,1.2,Mechanism,Y,
双折叠翼变体概念的可行性和合理性,2,0.0,0.0,1.2,Mechanism,Y,
双折叠翼变体飞机设计方法,2,0.0,0.0,1.2,Mechanism,Y,
双折叠翼变体飞机起飞翼展,2,0.0,0.0,1.2,Mechanism,Y,
双折叠翼变体飞机起飞翼展巡航翼展,2,0.0,0.0,1.2,Mechanism,Y,
双折叠翼变体飞行器的气动特性研究续图,2,0.0,0.0,1.2,Mechanism,Y,
双缝襟翼固定式子翼主襟翼前缘缝翼,2,0.0,0.0,1.2,Concept,Y,
双缝襟翼外侧单缝襟翼前缘缝翼,2,0.0,0.0,1.2,Concept,Y,
双缝襟翼较链式子翼主襟翼前缘缝翼,2,0.0,0.0,1.2,Concept,Y,
双翼整体的零升攻升力线斜率变化的情况,2,0.0,0.0,1.2,Concept,Y,
双马双马双马双马,2,0.0,0.0,1.2,Concept,Y,
双马热塑性,2,0.0,0.0,1.2,Concept,Y,
发动机一台液体火箭发动机,2,0.0,0.0,1.2,Concept,Y,
发动机一台液体火箭发动机总长度,2,0.0,0.0,1.2,Concept,Y,
发动机一台液体火箭发动机总长度直径,2,0.0,0.0,1.2,Concept,Y,
取决于材料性能的材料常数两边取对数,2,0.0,0.0,1.2,Performance,Y,
取方程的第五式,2,0.0,0.0,1.2,Concept,Y,
取航道的拐点或曲率较大点,2,0.0,0.0,1.2,Concept,Y,
取航道的拐点或曲率较大点作为分段点,2,0.0,0.0,1.2,Concept,Y,
受载两边支支受载两边支支,2,0.0,0.0,1.2,Concept,Y,
变体前后飞机航向改变约10变体完成后,2,0.0,0.0,1.2,Aircraft,Y,
变体双折叠翼变体飞行器的动力学和控制研究,2,0.0,0.0,1.2,ControlMethod,Y,
变体过程中飞机的俯仰偏航,2,0.0,0.0,1.2,Aircraft,Y,
变体过程中飞机的俯仰偏航滚转稳定性良好,2,0.0,0.0,1.2,Performance,Y,
变体飞行器与结构编著,2,0.0,0.0,1.2,Structure,Y,
变化同展长,2,0.0,0.0,1.2,Concept,Y,
变化同展长变化,2,0.0,0.0,1.2,Concept,Y,
变后掠折叠,2,0.0,0.0,1.2,Mechanism,Y,
只有两个是独立的通常以,2,0.0,0.0,1.2,Concept,Y,
可以由求出,2,0.0,0.0,1.2,Concept,Y,
可以认为作用在四周的剪流值筏,2,0.0,0.0,1.2,Concept,Y,
可取对细长不规则外形,2,0.0,0.0,1.2,Concept,Y,
可变前掠机翼折叠机翼,2,0.0,0.0,1.2,Mechanism,Y,
可用加力,2,0.0,0.0,1.2,Concept,Y,
右稀疏波类型左稀疏波,2,0.0,0.0,1.2,Concept,Y,
叶友达纪楚群,2,0.0,0.0,1.2,Concept,Y,
合并构成具体的行动值函数,2,0.0,0.0,1.2,Concept,Y,
同展长变化同展长,2,0.0,0.0,1.2,Concept,Y,
同展长变化同展长变化,2,0.0,0.0,1.2,Concept,Y,
同时向上或向下那么它将产生俩偏摆力矩,2,0.0,0.0,1.2,Concept,Y,
同时满足某些条件如姿态变化的限制等,2,0.0,0.0,1.2,Concept,Y,
名义状态,2,0.0,0.0,1.2,Concept,Y,
后掠翼三角翼,2,0.0,0.0,1.2,Concept,Y,
后掠角最大速度,2,0.0,0.0,1.2,Parameter,Y,
后掠角最大速度最大起飞,2,0.0,0.0,1.2,Mission,Y,
后掠角最大速度最大起飞重量,2,0.0,0.0,1.2,Mission,Y,
后缘后缘,2,0.0,0.0,1.2,Concept,Y,
向坐标向坐标,2,0.0,0.0,1.2,Concept,Y,
吕侦军卢志毅,2,0.0,0.0,1.2,Concept,Y,
吕侦军卢志毅陈庆民,2,0.0,0.0,1.2,Concept,Y,
周兴华黄锐,2,0.0,0.0,1.2,Concept,Y,
和6度攻角下变体过程中全机的升力变化情况,2,0.0,0.0,1.2,Parameter,Y,
和6度攻角下变体过程中全机的阻力变化情况,2,0.0,0.0,1.2,Parameter,Y,
和含中进损伤冲击损伤的尺寸,2,0.0,0.0,1.2,Concept,Y,
和式代人式,2,0.0,0.0,1.2,Concept,Y,
和式代入上式,2,0.0,0.0,1.2,Concept,Y,
和式右侧相等,2,0.0,0.0,1.2,Concept,Y,
和式合并构成具体的行动,2,0.0,0.0,1.2,Concept,Y,
和式合并构成具体的行动值函数,2,0.0,0.0,1.2,Concept,Y,
和起飞距离对比,2,0.0,0.0,1.2,Mission,Y,
哥伦比亚号航天飞机发射,2,0.0,0.0,1.2,Aircraft,Y,
唐伟马强,2,0.0,0.0,1.2,Concept,Y,
喷气教练机新一代歼击机,2,0.0,0.0,1.2,Concept,Y,
喷气教练机新一代歼击机其他战斗机,2,0.0,0.0,1.2,Concept,Y,
喷气教练机新一代歼击机其他战斗机运输,2,0.0,0.0,1.2,Concept,Y,
因为椭圆中矢径,2,0.0,0.0,1.2,Concept,Y,
因为椭圆中矢径的长度为,2,0.0,0.0,1.2,Concept,Y,
因此应该控制飞行器结构布局运行,2,0.0,0.0,1.2,ControlMethod,Y,
固定式子翼主襟翼前缘缝翼,2,0.0,0.0,1.2,Concept,Y,
固定式子翼主襟翼前缘缝翼双缝襟翼,2,0.0,0.0,1.2,Concept,Y,
国别型号翼型,2,0.0,0.0,1.2,Structure,Y,
国别型号翼型翼面积,2,0.0,0.0,1.2,Structure,Y,
图的产生发展及应用图的产生及发展,2,0.0,0.0,1.2,Concept,Y,
在20世纪,2,0.0,0.0,1.2,Concept,Y,
在不同空间代价下应用变体技术减少了50,2,0.0,0.0,1.2,Aircraft,Y,
在不同重量代价下应用变体技术减少了50,2,0.0,0.0,1.2,Aircraft,Y,
在中心坐标系中的坐标为,2,0.0,0.0,1.2,Concept,Y,
在亚跨声速区出,2,0.0,0.0,1.2,Concept,Y,
在亚跨声速区出现峰值,2,0.0,0.0,1.2,Concept,Y,
在催化剂的作用下进行分解从而产生高温,2,0.0,0.0,1.2,Concept,Y,
在具备50变展长能力的同时,2,0.0,0.0,1.2,Concept,Y,
在单双折叠翼变,2,0.0,0.0,1.2,Mechanism,Y,
在变体飞行试验中仅使用8,2,0.0,0.0,1.2,Mission,Y,
在图4所示情况下,2,0.0,0.0,1.2,Concept,Y,
在坐标系中的坐标为,2,0.0,0.0,1.2,Concept,Y,
在学期间完成的相关学术成果个人简历,2,0.0,0.0,1.2,Concept,Y,
在弹道中为了便于分析,2,0.0,0.0,1.2,Concept,Y,
在现有大展弦比飞行器的基础上通过单,2,0.0,0.0,1.2,Mission,Y,
在第二章定义在第二章定义在第二章定义,2,0.0,0.0,1.2,Concept,Y,
在过去实验验证了快速响应航天运输系统,2,0.0,0.0,1.2,Concept,Y,
在过去实验验证了快速响应航天运输系统比如,2,0.0,0.0,1.2,Concept,Y,
在运动一圈时的变化量为,2,0.0,0.0,1.2,Concept,Y,
在这一新概念的基础上进一步开展了单,2,0.0,0.0,1.2,Concept,Y,
在连杆上传递时的弯矩分量为扭矩,2,0.0,0.0,1.2,Concept,Y,
在铺带机方面马格,2,0.0,0.0,1.2,Concept,Y,
在高速高机动性飞行器的研究过程中,2,0.0,0.0,1.2,Performance,Y,
地球引力势由两部分组成中心引力势,2,0.0,0.0,1.2,Concept,Y,
地球敏感器太阳敏感器,2,0.0,0.0,1.2,Concept,Y,
地球绕太阳公转一周的时间是一年即365,2,0.0,0.0,1.2,Concept,Y,
地球静止轨道的特性地球静止轨道的条件,2,0.0,0.0,1.2,Concept,Y,
地空导弹空空导弹,2,0.0,0.0,1.2,Concept,Y,
均匀度需更改外照部位显示,2,0.0,0.0,1.2,Concept,Y,
坐标系的相对关系,2,0.0,0.0,1.2,Concept,Y,
垂体和部件力系统计算改进比较,2,0.0,0.0,1.2,Concept,Y,
垂体和部件力系统计算改进比较试验前预测,2,0.0,0.0,1.2,Concept,Y,
垂直尾翼垂尾,2,0.0,0.0,1.2,Structure,Y,
型号翼型,2,0.0,0.0,1.2,Structure,Y,
型号翼型翼面积,2,0.0,0.0,1.2,Structure,Y,
型号翼型翼面积展弦比入,2,0.0,0.0,1.2,Structure,Y,
基于区域基于区域,2,0.0,0.0,1.2,Concept,Y,
基底矢量,2,0.0,0.0,1.2,Concept,Y,
基本外形操纵面偏角,2,0.0,0.0,1.2,Concept,Y,
基础采样,2,0.0,0.0,1.2,Concept,Y,
基础采样及甲烷,2,0.0,0.0,1.2,Concept,Y,
基础采样及甲烷非甲烷,2,0.0,0.0,1.2,Concept,Y,
增加亚声速爬升率减小,2,0.0,0.0,1.2,Concept,Y,
增加亚声速爬升率减小超声速爬升率增大,2,0.0,0.0,1.2,Concept,Y,
增加轴向力加大,2,0.0,0.0,1.2,Concept,Y,
壁面条件初始条件,2,0.0,0.0,1.2,Concept,Y,
声响脱胶,2,0.0,0.0,1.2,Concept,Y,
声响脱胶空隙,2,0.0,0.0,1.2,Concept,Y,
声响脱胶空隙裂痕,2,0.0,0.0,1.2,Concept,Y,
声速比热容,2,0.0,0.0,1.2,Concept,Y,
复合材料结构损伤断裂和疲劳的特点,2,0.0,0.0,1.2,Structure,Y,
复合材料结构的耐久性损伤容限设计,2,0.0,0.0,1.2,Structure,Y,
外侧副翼,2,0.0,0.0,1.2,Concept,Y,
外侧单缝襟翼前缘缝翼单缝襟翼,2,0.0,0.0,1.2,Concept,Y,
多次修改原始方案进行大量的风洞选型试验,2,0.0,0.0,1.2,Concept,Y,
多级火箭的子火箭,2,0.0,0.0,1.2,Concept,Y,
大气密度是高度的函数,2,0.0,0.0,1.2,Performance,Y,
大面积防热材料,2,0.0,0.0,1.2,Concept,Y,
大面积防热材料陶瓷防热瓦温度分布计算,2,0.0,0.0,1.2,Concept,Y,
太阳神无人机遭遇突风后解体,2,0.0,0.0,1.2,Aircraft,Y,
奥氏体逆向相变前向相变,2,0.0,0.0,1.2,Concept,Y,
如果航天器火箭组合系统发生碰撞,2,0.0,0.0,1.2,Aircraft,Y,
如算法9算法9,2,0.0,0.0,1.2,ControlMethod,Y,
如表7从表中可以看出,2,0.0,0.0,1.2,Concept,Y,
如采用非结构网格求解改进方程相结合,2,0.0,0.0,1.2,Structure,Y,
姜贵庆王淑华执笔,2,0.0,0.0,1.2,Concept,Y,
子午角下标,2,0.0,0.0,1.2,Concept,Y,
子午角下标来流条件,2,0.0,0.0,1.2,Concept,Y,
孔径孔径,2,0.0,0.0,1.2,Concept,Y,
孔径端距孔径边距,2,0.0,0.0,1.2,Concept,Y,
字数印数,2,0.0,0.0,1.2,Concept,Y,
字数印数定价,2,0.0,0.0,1.2,Concept,Y,
孙健刘彦菊,2,0.0,0.0,1.2,Concept,Y,
学习策略的应变时间过程,2,0.0,0.0,1.2,Concept,Y,
定义说明,2,0.0,0.0,1.2,Concept,Y,
实部中41,2,0.0,0.0,1.2,Concept,Y,
实部中41实部,2,0.0,0.0,1.2,Concept,Y,
实验验证了快速响应航天运输系统比如,2,0.0,0.0,1.2,Concept,Y,
容积及容积利用率,2,0.0,0.0,1.2,Concept,Y,
密度低具有较高的比强度和比模量,2,0.0,0.0,1.2,Concept,Y,
密度材料厚度,2,0.0,0.0,1.2,Concept,Y,
对于单双折叠翼变体飞行器,2,0.0,0.0,1.2,Mechanism,Y,
对于单双折叠翼变体飞行器而言,2,0.0,0.0,1.2,Mechanism,Y,
对单双折叠翼变体飞行器来说,2,0.0,0.0,1.2,Mechanism,Y,
对常值构型下飞行姿态控制进行仿真,2,0.0,0.0,1.2,ControlMethod,Y,
对弹身来说,2,0.0,0.0,1.2,Concept,Y,
对旋转弹簧式簧面转动角速度一般为80,2,0.0,0.0,1.2,Parameter,Y,
导弹俯直线飞行时常数,2,0.0,0.0,1.2,Mission,Y,
导弹结构材料,2,0.0,0.0,1.2,Structure,Y,
导弹结构材料强度,2,0.0,0.0,1.2,Structure,Y,
导航制导,2,0.0,0.0,1.2,Concept,Y,
导航制导总体设计,2,0.0,0.0,1.2,Concept,Y,
封面设计定价,2,0.0,0.0,1.2,Concept,Y,
将变体技术的发展分为简单机械变形,2,0.0,0.0,1.2,Mechanism,Y,
将弹身从头尾沿弹性轴系进行分类,2,0.0,0.0,1.2,Concept,Y,
将足够载荷由数据的可靠性要求确定,2,0.0,0.0,1.2,Performance,Y,
尤金桑格及其设计的,2,0.0,0.0,1.2,Concept,Y,
尤金桑格及其设计的银鸟,2,0.0,0.0,1.2,Concept,Y,
尺寸及再入角无关,2,0.0,0.0,1.2,Concept,Y,
尾翼或舵面,2,0.0,0.0,1.2,Structure,Y,
尾翼起落架,2,0.0,0.0,1.2,Structure,Y,
局部应力磨支法,2,0.0,0.0,1.2,Concept,Y,
层之间用0层或90,2,0.0,0.0,1.2,Concept,Y,
层占10的锢量,2,0.0,0.0,1.2,Concept,Y,
层和层之间用0,2,0.0,0.0,1.2,Concept,Y,
层和层之间用0层或90,2,0.0,0.0,1.2,Concept,Y,
层流翼型米格,2,0.0,0.0,1.2,Structure,Y,
层流翼型苏联,2,0.0,0.0,1.2,Structure,Y,
展向位置相对弦长,2,0.0,0.0,1.2,Concept,Y,
展向位置相对弦长较链轴位置,2,0.0,0.0,1.2,Concept,Y,
展开后减为由此求解出,2,0.0,0.0,1.2,Mechanism,Y,
展弦比入后掠角最大速度,2,0.0,0.0,1.2,Parameter,Y,
展弦比入后掠角最大速度最大起飞,2,0.0,0.0,1.2,Mission,Y,
展弦比根梢比后掠角,2,0.0,0.0,1.2,Concept,Y,
展弦比根梢比后掠角翼展等,2,0.0,0.0,1.2,Concept,Y,
展长面积,2,0.0,0.0,1.2,Concept,Y,
巡航待机,2,0.0,0.0,1.2,Mission,Y,
巡航待机下降,2,0.0,0.0,1.2,Mission,Y,
工业和信息化部十三五,2,0.0,0.0,1.2,Concept,Y,
工业和信息化部十三五规划教材,2,0.0,0.0,1.2,ControlMethod,Y,
工艺试验环境试验和检验,2,0.0,0.0,1.2,Concept,Y,
工装工艺,2,0.0,0.0,1.2,Concept,Y,
左激波接触间断,2,0.0,0.0,1.2,Concept,Y,
左稀疏波接触间断,2,0.0,0.0,1.2,Concept,Y,
常规布局典型机种及其三面图无尾布局,2,0.0,0.0,1.2,Concept,Y,
常规式布局下单翼,2,0.0,0.0,1.2,Concept,Y,
平均攻角攻角振动幅度,2,0.0,0.0,1.2,Parameter,Y,
平均攻角攻角振动幅度侧滑角,2,0.0,0.0,1.2,Parameter,Y,
平尾前翼,2,0.0,0.0,1.2,Concept,Y,
平面与平面的交线,2,0.0,0.0,1.2,Concept,Y,
平面与平面的交线方向,2,0.0,0.0,1.2,Concept,Y,
平面的交线方向,2,0.0,0.0,1.2,Concept,Y,
年12月1,2,0.0,0.0,1.2,Concept,Y,
年12月17,2,0.0,0.0,1.2,Concept,Y,
年12月21,2,0.0,0.0,1.2,Concept,Y,
并且获得对关键技术难点的解决方法方案验证,2,0.0,0.0,1.2,Concept,Y,
并将换成,2,0.0,0.0,1.2,Concept,Y,
并结合现有技术储备资源条件,2,0.0,0.0,1.2,Concept,Y,
并绘制在应力温度空间图上,2,0.0,0.0,1.2,Concept,Y,
幻影2000法国,2,0.0,0.0,1.2,Concept,Y,
幻影幻影幻影费尔柴尔德,2,0.0,0.0,1.2,Concept,Y,
幻影幻影费尔柴尔德,2,0.0,0.0,1.2,Concept,Y,
幻影费尔柴尔德,2,0.0,0.0,1.2,Concept,Y,
幻影阵风,2,0.0,0.0,1.2,Concept,Y,
应使用中引起的缺陷外来物质,2,0.0,0.0,1.2,Concept,Y,
应使用中引起的缺陷外来物质操作损伤等,2,0.0,0.0,1.2,Concept,Y,
应力的概率密度函数为,2,0.0,0.0,1.2,Concept,Y,
应用于附注位场,2,0.0,0.0,1.2,Concept,Y,
应用于附注位场着色渗透,2,0.0,0.0,1.2,Concept,Y,
度以内变体过程中飞机的俯仰,2,0.0,0.0,1.2,Aircraft,Y,
度以内变体过程中飞机的俯仰偏航,2,0.0,0.0,1.2,Aircraft,Y,
度攻角副翼面积20,2,0.0,0.0,1.2,Structure,Y,
度攻角副翼面积20度攻角,2,0.0,0.0,1.2,Structure,Y,
度攻角副翼面积25,2,0.0,0.0,1.2,Structure,Y,
度攻角副翼面积25度攻角,2,0.0,0.0,1.2,Structure,Y,
开创了人类航天的新纪元,2,0.0,0.0,1.2,Concept,Y,
开本印张字数印数,2,0.0,0.0,1.2,Concept,Y,
弗利教授雅格斯文,2,0.0,0.0,1.2,Concept,Y,
弗利教授雅格斯文偏微微版,2,0.0,0.0,1.2,Concept,Y,
张鲁民副主编,2,0.0,0.0,1.2,Concept,Y,
张鲁民副主编叶友达,2,0.0,0.0,1.2,Concept,Y,
张鲁民副主编叶友达纪楚群,2,0.0,0.0,1.2,Concept,Y,
弦长展长,2,0.0,0.0,1.2,Concept,Y,
弦长展长面积,2,0.0,0.0,1.2,Concept,Y,
弦长面积,2,0.0,0.0,1.2,Concept,Y,
弹性结构力学空气动力学,2,0.0,0.0,1.2,Structure,Y,
强度刚度,2,0.0,0.0,1.2,Concept,Y,
当上机翼处于下机翼正上方位置时,2,0.0,0.0,1.2,Structure,Y,
当前发展状况仿生学,2,0.0,0.0,1.2,Concept,Y,
当各单元可靠度都相等均为,2,0.0,0.0,1.2,Concept,Y,
形成了单双折叠翼变体飞行器总体设计方法,2,0.0,0.0,1.2,Mechanism,Y,
径向速度为速度的变化率为,2,0.0,0.0,1.2,Parameter,Y,
径向速度为速度的变化率为把有关式代入后,2,0.0,0.0,1.2,Parameter,Y,
待机下降,2,0.0,0.0,1.2,Concept,Y,
德国意大利和西班牙,2,0.0,0.0,1.2,Concept,Y,
必需默认,2,0.0,0.0,1.2,Concept,Y,
必需默认必需,2,0.0,0.0,1.2,Concept,Y,
快速机动,2,0.0,0.0,1.2,Mission,Y,
总升力与升力,2,0.0,0.0,1.2,Concept,Y,
总编委会米格,2,0.0,0.0,1.2,Concept,Y,
总编委会米格米格,2,0.0,0.0,1.2,Concept,Y,
总铰链力矩力矩,2,0.0,0.0,1.2,Concept,Y,
总长度直径主要任务,2,0.0,0.0,1.2,Mission,Y,
情况下解为,2,0.0,0.0,1.2,Concept,Y,
惯性器件设备如陀螺稳定平台,2,0.0,0.0,1.2,Concept,Y,
或与基准线方向的夹角,2,0.0,0.0,1.2,Concept,Y,
或曲率较大点作为分段点,2,0.0,0.0,1.2,Concept,Y,
或者按式化成,2,0.0,0.0,1.2,Concept,Y,
或者相对于,2,0.0,0.0,1.2,Concept,Y,
或耳辊焊法加工的焊接壁板,2,0.0,0.0,1.2,Concept,Y,
或肼在催化剂的作用下进行分解,2,0.0,0.0,1.2,Concept,Y,
或肼在催化剂的作用下进行分解从而产生高温,2,0.0,0.0,1.2,Concept,Y,
战机飞行器气动设计,2,0.0,0.0,1.2,Performance,Y,
所示为夹层结构外层为耐高温材料,2,0.0,0.0,1.2,Structure,Y,
所示为采用时间分段插值,2,0.0,0.0,1.2,Concept,Y,
所示为采用时间分段插值取航道的拐点,2,0.0,0.0,1.2,Concept,Y,
扭转基线和动态包络空间要求如果航天器,2,0.0,0.0,1.2,Aircraft,Y,
技術山本行光,2,0.0,0.0,1.2,Concept,Y,
折叠翼尖变后掠,2,0.0,0.0,1.2,Mechanism,Y,
抛物线双曲线,2,0.0,0.0,1.2,Concept,Y,
按照线性累积损伤理论,2,0.0,0.0,1.2,Concept,Y,
损伤使用中引起的缺陷,2,0.0,0.0,1.2,Concept,Y,
排距孔径,2,0.0,0.0,1.2,Concept,Y,
接触间断右激波类型,2,0.0,0.0,1.2,Concept,Y,
接触间断右稀疏波类型,2,0.0,0.0,1.2,Concept,Y,
接触间断右稀疏波类型左稀疏波,2,0.0,0.0,1.2,Concept,Y,
接触间断激波,2,0.0,0.0,1.2,Concept,Y,
接触间断激波接触间断,2,0.0,0.0,1.2,Concept,Y,
接触间断激波接触间断膨胀波,2,0.0,0.0,1.2,Concept,Y,
接触间断膨胀波,2,0.0,0.0,1.2,Concept,Y,
提出关键技术研究项目在必要时,2,0.0,0.0,1.2,Concept,Y,
操作运输,2,0.0,0.0,1.2,Concept,Y,
操纵机构的传动比定义为,2,0.0,0.0,1.2,Concept,Y,
操纵机构设计设计的初始条件与设计要求,2,0.0,0.0,1.2,Concept,Y,
收敛后网格静网格,2,0.0,0.0,1.2,Concept,Y,
改进比较试验前预测,2,0.0,0.0,1.2,Concept,Y,
改进的共轭梯度法拟牛顿法,2,0.0,0.0,1.2,Concept,Y,
攻角侧滑角,2,0.0,0.0,1.2,Parameter,Y,
攻角平均攻角,2,0.0,0.0,1.2,Parameter,Y,
攻角平均攻角攻角振动幅度,2,0.0,0.0,1.2,Parameter,Y,
攻角平均攻角攻角振动幅度侧滑角,2,0.0,0.0,1.2,Parameter,Y,
攻角振动幅度侧滑角,2,0.0,0.0,1.2,Parameter,Y,
数据升力系数,2,0.0,0.0,1.2,Concept,Y,
数据数据升力系数,2,0.0,0.0,1.2,Concept,Y,
整个优化过程在集成环境下完成,2,0.0,0.0,1.2,Concept,Y,
整体航天器的纵向横向,2,0.0,0.0,1.2,Aircraft,Y,
文章文弗利教授,2,0.0,0.0,1.2,Concept,Y,
文章文弗利教授雅格斯文,2,0.0,0.0,1.2,Concept,Y,
文章文弗利教授雅格斯文偏微微版,2,0.0,0.0,1.2,Concept,Y,
新一代歼击机其他战斗机,2,0.0,0.0,1.2,Concept,Y,
新一代歼击机其他战斗机运输,2,0.0,0.0,1.2,Concept,Y,
新一代歼击机其他战斗机运输轰炸机,2,0.0,0.0,1.2,Concept,Y,
方位角及其变化率的计算精确方法,2,0.0,0.0,1.2,Concept,Y,
方向速度分量坐标方向速度分量,2,0.0,0.0,1.2,Parameter,Y,
方宝瑞飞机气动布局设计,2,0.0,0.0,1.2,Performance,Y,
方案设计初样设计,2,0.0,0.0,1.2,Concept,Y,
方程组和方程组,2,0.0,0.0,1.2,Concept,Y,
方程组是封闭的,2,0.0,0.0,1.2,Concept,Y,
方群有翼导弹飞行动力学,2,0.0,0.0,1.2,Mission,Y,
方群有翼导弹飞行动力学西安,2,0.0,0.0,1.2,Mission,Y,
无关而与再入速度,2,0.0,0.0,1.2,Parameter,Y,
无关而与再入速度有关,2,0.0,0.0,1.2,Parameter,Y,
无线电指令主动制导,2,0.0,0.0,1.2,Concept,Y,
无线电指令雷达半主动制导,2,0.0,0.0,1.2,Concept,Y,
日本公司,2,0.0,0.0,1.2,Concept,Y,
日莱特兄弟4次飞行统计,2,0.0,0.0,1.2,Mission,Y,
早期仿生学,2,0.0,0.0,1.2,Concept,Y,
是一个常数,2,0.0,0.0,1.2,Concept,Y,
是否由工序已验证是否由工序已验证,2,0.0,0.0,1.2,Concept,Y,
显然这是种浪费,2,0.0,0.0,1.2,Concept,Y,
智能可变形飞行器关键技术发展现状及展望,2,0.0,0.0,1.2,Mechanism,Y,
最大匀压时间横向,2,0.0,0.0,1.2,Concept,Y,
最大平飞马赫数2,2,0.0,0.0,1.2,Parameter,Y,
有翼导弹飞行动力学西安,2,0.0,0.0,1.2,Mission,Y,
有部分补充飞行器气动设计,2,0.0,0.0,1.2,Performance,Y,
本章首先开展了单了变体包线的概念,2,0.0,0.0,1.2,Aircraft,Y,
朱战霞王志刚,2,0.0,0.0,1.2,Concept,Y,
机翼上热流平衡温度预测,2,0.0,0.0,1.2,Structure,Y,
机翼包括尾翼,2,0.0,0.0,1.2,Structure,Y,
机翼包括尾翼机身壁板在横向元件,2,0.0,0.0,1.2,Structure,Y,
机翼变体动力装置变体,2,0.0,0.0,1.2,Structure,Y,
机翼尾翼及各类活动操纵控制面等,2,0.0,0.0,1.2,ControlMethod,Y,
机翼尾翼起落架,2,0.0,0.0,1.2,Structure,Y,
机翼机身,2,0.0,0.0,1.2,Structure,Y,
机翼立尾翼等简单外形来考虑,2,0.0,0.0,1.2,Structure,Y,
机身主油箱机翼副油箱,2,0.0,0.0,1.2,Structure,Y,
机身热流平衡温度预测,2,0.0,0.0,1.2,Structure,Y,
机身长度机身长度,2,0.0,0.0,1.2,Structure,Y,
李新国方群,2,0.0,0.0,1.2,Concept,Y,
李新国方群有翼导弹飞行动力学,2,0.0,0.0,1.2,Mission,Y,
李新国方群有翼导弹飞行动力学西安,2,0.0,0.0,1.2,Mission,Y,
李新国朱战霞,2,0.0,0.0,1.2,Concept,Y,
李新国朱战霞王志刚,2,0.0,0.0,1.2,Concept,Y,
材料陶瓷防热瓦温度分布计算,2,0.0,0.0,1.2,Concept,Y,
来流条件壁面条件,2,0.0,0.0,1.2,Concept,Y,
杨勇王小军,2,0.0,0.0,1.2,Concept,Y,
杨森刘峰,2,0.0,0.0,1.2,Concept,Y,
杨森刘峰聂瑞,2,0.0,0.0,1.2,Concept,Y,
某些材料在固定质量重锤冲击下的,2,0.0,0.0,1.2,Concept,Y,
某迎角下的压力中心迎角增大时,2,0.0,0.0,1.2,Concept,Y,
某迎角下的压力中心迎角增大时压力中心前移,2,0.0,0.0,1.2,Concept,Y,
标记常数,2,0.0,0.0,1.2,Concept,Y,
根梢比后掠角翼展等,2,0.0,0.0,1.2,Concept,Y,
根梢比后掠角翼展等局部设计参数,2,0.0,0.0,1.2,Parameter,Y,
桑格及其设计的银鸟,2,0.0,0.0,1.2,Concept,Y,
梯形翼后掠翼,2,0.0,0.0,1.2,Concept,Y,
检验内容应用于附注位场,2,0.0,0.0,1.2,Concept,Y,
检验和应用垂体和部件力系统计算,2,0.0,0.0,1.2,Concept,Y,
检验和应用垂体和部件力系统计算改进比较,2,0.0,0.0,1.2,Concept,Y,
椭圆抛物线双曲线,2,0.0,0.0,1.2,Concept,Y,
椭圆的偏心距即焦点,2,0.0,0.0,1.2,Concept,Y,
椭圆轨道的基本特性椭圆轨道的参数,2,0.0,0.0,1.2,Parameter,Y,
椭球壳赤道,2,0.0,0.0,1.2,Concept,Y,
横向扭转基线和动态包络空间要求,2,0.0,0.0,1.2,Concept,Y,
横向扭转基线和动态包络空间要求如果航天器,2,0.0,0.0,1.2,Aircraft,Y,
此方程有两个解顺行轨道,2,0.0,0.0,1.2,Concept,Y,
此方程有两个解顺行轨道逆行轨道,2,0.0,0.0,1.2,Concept,Y,
此时双翼的零升攻角升力线斜率,2,0.0,0.0,1.2,Parameter,Y,
比如在弹道中,2,0.0,0.0,1.2,Concept,Y,
比如在弹道中为了便于分析,2,0.0,0.0,1.2,Concept,Y,
比强度比刚度,2,0.0,0.0,1.2,Concept,Y,
比热容飞行高度,2,0.0,0.0,1.2,Performance,Y,
气动优化设计技术与固定外形飞行器相比,2,0.0,0.0,1.2,Performance,Y,
气动力学杂志许光明,2,0.0,0.0,1.2,Performance,Y,
气动力气动热,2,0.0,0.0,1.2,Performance,Y,
气动结构重量最优下的飞机最优展弦比,2,0.0,0.0,1.2,Structure,Y,
气动设计飞机设计手册总编委会米格,2,0.0,0.0,1.2,Performance,Y,
气压密封件热腔密封,2,0.0,0.0,1.2,Concept,Y,
水平尾翼平尾,2,0.0,0.0,1.2,Structure,Y,
求出按式,2,0.0,0.0,1.2,Concept,Y,
沃特原麦道,2,0.0,0.0,1.2,Concept,Y,
沃特原麦道动力,2,0.0,0.0,1.2,Concept,Y,
沃特原麦道动力米高扬,2,0.0,0.0,1.2,Concept,Y,
法向力系数偏航力矩系数偏航力矩静导数,2,0.0,0.0,1.2,Concept,Y,
法国的阵风,2,0.0,0.0,1.2,Concept,Y,
波压缸外侧筒,2,0.0,0.0,1.2,Concept,Y,
注意到式及式,2,0.0,0.0,1.2,Concept,Y,
洛克希德英宇航达索幻影,2,0.0,0.0,1.2,Concept,Y,
洛克希德马丁公司的两款折叠翼飞行器,2,0.0,0.0,1.2,Mechanism,Y,
活动机翼固定机翼和连杆的几何关系,2,0.0,0.0,1.2,Structure,Y,
活动机翼的攻角变化量随公转角度的变化情况,2,0.0,0.0,1.2,Structure,Y,
活动机翼的结构机身上部的翼台及其结构,2,0.0,0.0,1.2,Structure,Y,
活动机翼解除固定第8,2,0.0,0.0,1.2,Structure,Y,
流体微团,2,0.0,0.0,1.2,Concept,Y,
流值筏但偏佔在基板上的应力相当于单向体系,2,0.0,0.0,1.2,Concept,Y,
流态特征模拟参数,2,0.0,0.0,1.2,Parameter,Y,
流速加快压强降低,2,0.0,0.0,1.2,Concept,Y,
消耗了大量的时间精力及费用,2,0.0,0.0,1.2,Concept,Y,
涡轮螺旋桨支线飞机喷气运输机,2,0.0,0.0,1.2,Aircraft,Y,
湿度气压,2,0.0,0.0,1.2,Concept,Y,
滑翔着陆等任务,2,0.0,0.0,1.2,Mission,Y,
滑翔着陆等飞行任务,2,0.0,0.0,1.2,Mission,Y,
滑行关机,2,0.0,0.0,1.2,Concept,Y,
滚转力矩静导数滚转阻尼导数俯仰力矩系数,2,0.0,0.0,1.2,Concept,Y,
滚转角最大变化量约2,2,0.0,0.0,1.2,Concept,Y,
滚转阻尼导数俯仰力矩系数,2,0.0,0.0,1.2,Concept,Y,
滚转阻尼导数俯仰力矩系数俯仰力矩静导数,2,0.0,0.0,1.2,Concept,Y,
激波接触间断,2,0.0,0.0,1.2,Concept,Y,
激波接触间断膨胀波,2,0.0,0.0,1.2,Concept,Y,
热腔密封气压密封件,2,0.0,0.0,1.2,Concept,Y,
热辐射带电粒子,2,0.0,0.0,1.2,Concept,Y,
然后考虑厚度效应参照图5,2,0.0,0.0,1.2,Concept,Y,
燃料贮箱及供给管系统工作于的环境中,2,0.0,0.0,1.2,Concept,Y,
片气意义,2,0.0,0.0,1.2,Concept,Y,
片气意义位置,2,0.0,0.0,1.2,Concept,Y,
版权所有侵权必究,2,0.0,0.0,1.2,Concept,Y,
王成才刘华华,2,0.0,0.0,1.2,Concept,Y,
王旭米康,2,0.0,0.0,1.2,Concept,Y,
王莽时期飞人,2,0.0,0.0,1.2,Concept,Y,
环量分布绕流流谱,2,0.0,0.0,1.2,Concept,Y,
用于优化通过加权未来策略得到的收敛率和式,2,0.0,0.0,1.2,Concept,Y,
用于惩罚,2,0.0,0.0,1.2,Concept,Y,
用焊塑法或耳辊焊法,2,0.0,0.0,1.2,Concept,Y,
用焊塑法或耳辊焊法加工的焊接壁板,2,0.0,0.0,1.2,Concept,Y,
用飞格鲁门,2,0.0,0.0,1.2,Concept,Y,
由于亚跨声速区域,2,0.0,0.0,1.2,Concept,Y,
由于式可知,2,0.0,0.0,1.2,Concept,Y,
由于舱口不大可以认为作用在四周的剪,2,0.0,0.0,1.2,Concept,Y,
由于舱口不大可以认为作用在四周的剪流值筏,2,0.0,0.0,1.2,Concept,Y,
由于装配误差环境温度变化,2,0.0,0.0,1.2,Concept,Y,
电磁阀衔铁,2,0.0,0.0,1.2,Concept,Y,
电视无线电指令,2,0.0,0.0,1.2,Concept,Y,
电视无线电指令主动制导,2,0.0,0.0,1.2,Concept,Y,
留空时间飞行距离,2,0.0,0.0,1.2,Mission,Y,
白鹏尹维龙,2,0.0,0.0,1.2,Concept,Y,
白鹏陈钱,2,0.0,0.0,1.2,Concept,Y,
白鹏陈钱徐国武,2,0.0,0.0,1.2,Concept,Y,
的三维模型贯穿于产品设计工装,2,0.0,0.0,1.2,Concept,Y,
的三维模型贯穿于产品设计工装工艺,2,0.0,0.0,1.2,Concept,Y,
的初始圆轨道上在常值径向加速度,2,0.0,0.0,1.2,Parameter,Y,
的单位基底,2,0.0,0.0,1.2,Concept,Y,
的单位基底矢量,2,0.0,0.0,1.2,Concept,Y,
的圆轨道称为停泊轨道,2,0.0,0.0,1.2,Concept,Y,
的均值方差,2,0.0,0.0,1.2,Concept,Y,
的基础上通过单,2,0.0,0.0,1.2,Concept,Y,
的夹角为的夹角为,2,0.0,0.0,1.2,Concept,Y,
的振动取方程,2,0.0,0.0,1.2,Concept,Y,
的振动取方程的第五式,2,0.0,0.0,1.2,Concept,Y,
的概率密度函数为强度,2,0.0,0.0,1.2,Concept,Y,
的策略贪婪算法,2,0.0,0.0,1.2,ControlMethod,Y,
的静载荷条件载荷工况,2,0.0,0.0,1.2,Performance,Y,
盗贼轰炸机在设计中应用了面积律,2,0.0,0.0,1.2,Concept,Y,
盘旋过载下降降速度增加,2,0.0,0.0,1.2,Parameter,Y,
直径主要任务,2,0.0,0.0,1.2,Mission,Y,
相对于的速度,2,0.0,0.0,1.2,Parameter,Y,
相对尾臂尾容量,2,0.0,0.0,1.2,Concept,Y,
相对弦长较链轴位置,2,0.0,0.0,1.2,Concept,Y,
相对面积相对尾臂,2,0.0,0.0,1.2,Concept,Y,
相对面积相对尾臂尾容量,2,0.0,0.0,1.2,Concept,Y,
相对面积相对弦长,2,0.0,0.0,1.2,Concept,Y,
相应于式相应于式相应于式,2,0.0,0.0,1.2,Concept,Y,
相联系以四瓦数,2,0.0,0.0,1.2,Concept,Y,
相联系以四瓦数相联系,2,0.0,0.0,1.2,Concept,Y,
着陆滑行,2,0.0,0.0,1.2,Mission,Y,
着陆滑行关机,2,0.0,0.0,1.2,Mission,Y,
瞬时平衡状态,2,0.0,0.0,1.2,Concept,Y,
矢径的长度为,2,0.0,0.0,1.2,Concept,Y,
研制单位飞机名称相对面积相对尾臂,2,0.0,0.0,1.2,Aircraft,Y,
研制成功超声波,2,0.0,0.0,1.2,Concept,Y,
确定的工作效率,2,0.0,0.0,1.2,Performance,Y,
确定飞机推重比选择发动机,2,0.0,0.0,1.2,Aircraft,Y,
确定飞行走廊限定航天飞机的最大热流,2,0.0,0.0,1.2,Mission,Y,
碳或金属薄热结构有热塞结构,2,0.0,0.0,1.2,Structure,Y,
种浪费防热瓦脱落会造成灾难性的隐患,2,0.0,0.0,1.2,Concept,Y,
空气动力学分析顾问,2,0.0,0.0,1.2,Performance,Y,
空气动力学航天飞机研制的重要支撑技术,2,0.0,0.0,1.2,Performance,Y,
空气动力学铰链力矩力矩,2,0.0,0.0,1.2,Performance,Y,
空气动力学铰链力矩力矩力矩,2,0.0,0.0,1.2,Performance,Y,
空气动力学铰链力矩力矩力矩力矩,2,0.0,0.0,1.2,Performance,Y,
空间动力学结构力学飞行控制一体化设计技术,2,0.0,0.0,1.2,ControlMethod,Y,
空隙裂痕原理性研制,2,0.0,0.0,1.2,Concept,Y,
空隙裂痕研制成功,2,0.0,0.0,1.2,Concept,Y,
立尾翼上热流平衡温度计算,2,0.0,0.0,1.2,Structure,Y,
章与第7章中的研究结论,2,0.0,0.0,1.2,Concept,Y,
端距孔径边距,2,0.0,0.0,1.2,Concept,Y,
符号意义,2,0.0,0.0,1.2,Concept,Y,
符号意义位置,2,0.0,0.0,1.2,Concept,Y,
第1章概述早期,2,0.0,0.0,1.2,Concept,Y,
第1章概述早期仿生学,2,0.0,0.0,1.2,Concept,Y,
第7飞机部件的气动设计,2,0.0,0.0,1.2,Performance,Y,
第一个脉冲由或改动,2,0.0,0.0,1.2,Concept,Y,
第一节航天器姿态动力学的任务,2,0.0,0.0,1.2,Mission,Y,
第一节轨道振动的原因,2,0.0,0.0,1.2,Concept,Y,
第一节预备知识,2,0.0,0.0,1.2,Concept,Y,
第三部分智能材料与结构,2,0.0,0.0,1.2,Structure,Y,
第二节刚体动力学的基本方程,2,0.0,0.0,1.2,Concept,Y,
第二节飞行器的运动方程,2,0.0,0.0,1.2,Mission,Y,
第六节地球静止轨道的特性,2,0.0,0.0,1.2,Concept,Y,
第六节航天器运动的数值仿真系统,2,0.0,0.0,1.2,Aircraft,Y,
等于试验的次数除以列的水平数,2,0.0,0.0,1.2,Concept,Y,
米格俄罗斯,2,0.0,0.0,1.2,Concept,Y,
米格俄罗斯俄罗斯,2,0.0,0.0,1.2,Concept,Y,
米格和苏,2,0.0,0.0,1.2,Concept,Y,
米格层流翼型,2,0.0,0.0,1.2,Structure,Y,
米格层流翼型米格,2,0.0,0.0,1.2,Structure,Y,
米格苏霍伊,2,0.0,0.0,1.2,Concept,Y,
米高扬米格苏霍伊,2,0.0,0.0,1.2,Concept,Y,
系统可靠度单元可靠度,2,0.0,0.0,1.2,Concept,Y,
线化理论试验,2,0.0,0.0,1.2,Concept,Y,
线性地增加使俯仰力矩的黏性干扰增量为负值,2,0.0,0.0,1.2,Concept,Y,
组成集成生产线实现多品种,2,0.0,0.0,1.2,Concept,Y,
结合逐步回归方法获得高阶回归模型,2,0.0,0.0,1.2,Concept,Y,
结构中可以是以毛坯形式供制造工厂的生产,2,0.0,0.0,1.2,Structure,Y,
结构力学飞行控制一体化设计技术,2,0.0,0.0,1.2,ControlMethod,Y,
结构名称结构要求,2,0.0,0.0,1.2,Structure,Y,
续表国别,2,0.0,0.0,1.2,Concept,Y,
续表国别型号,2,0.0,0.0,1.2,Concept,Y,
续表国别型号翼型,2,0.0,0.0,1.2,Structure,Y,
续表片气,2,0.0,0.0,1.2,Concept,Y,
续表片气意义,2,0.0,0.0,1.2,Concept,Y,
续表片气意义位置,2,0.0,0.0,1.2,Concept,Y,
续表符号,2,0.0,0.0,1.2,Concept,Y,
续表符号意义,2,0.0,0.0,1.2,Concept,Y,
续表符号意义位置,2,0.0,0.0,1.2,Concept,Y,
维护修理,2,0.0,0.0,1.2,Concept,Y,
综合分析气动力气动热的相互要求,2,0.0,0.0,1.2,Performance,Y,
综合分析评估再入飞行进场,2,0.0,0.0,1.2,Mission,Y,
综合分析评估再入飞行进场着陆的气动性能,2,0.0,0.0,1.2,Performance,Y,
缺点是配合面多加工精度要求高,2,0.0,0.0,1.2,Concept,Y,
美国航天飞机碳薄壳,2,0.0,0.0,1.2,Aircraft,Y,
翅面积急剧减小压力中心前移,2,0.0,0.0,1.2,Concept,Y,
翼型1翼型2,2,0.0,0.0,1.2,Structure,Y,
翼型1翼型2翼型3,2,0.0,0.0,1.2,Structure,Y,
翼型2翼型3,2,0.0,0.0,1.2,Structure,Y,
翼型相对厚度弯度,2,0.0,0.0,1.2,Structure,Y,
翼型第一个数字,2,0.0,0.0,1.2,Structure,Y,
翼型重新组成了167,2,0.0,0.0,1.2,Structure,Y,
翼型重新组成了167组上机翼弯度,2,0.0,0.0,1.2,Structure,Y,
翼展等局部设计参数,2,0.0,0.0,1.2,Parameter,Y,
翼根弦长为4英尺翼展为10英尺,2,0.0,0.0,1.2,Concept,Y,
翼肋隔框,2,0.0,0.0,1.2,Concept,Y,
翼面积展弦比入后掠角最大速度,2,0.0,0.0,1.2,Structure,Y,
而与再入速度有关,2,0.0,0.0,1.2,Parameter,Y,
而点在坐标系,2,0.0,0.0,1.2,Concept,Y,
而点在坐标系中的坐标为,2,0.0,0.0,1.2,Concept,Y,
而飞行试验结果为高估了,2,0.0,0.0,1.2,Mission,Y,
联盟号飞船,2,0.0,0.0,1.2,Concept,Y,
胶接壁板用焊塑法,2,0.0,0.0,1.2,Concept,Y,
胶接壁板用焊塑法或耳辊焊法,2,0.0,0.0,1.2,Concept,Y,
胶接壁板用焊塑法或耳辊焊法加工的焊接壁板,2,0.0,0.0,1.2,Concept,Y,
能量特性对式,2,0.0,0.0,1.2,Concept,Y,
脱体涡变粗增强且涡心逐步向翼根移动,2,0.0,0.0,1.2,Concept,Y,
脱胶空隙裂痕原理性研制,2,0.0,0.0,1.2,Concept,Y,
脱胶空隙裂痕研制成功,2,0.0,0.0,1.2,Concept,Y,
自制飞机,2,0.0,0.0,1.2,Aircraft,Y,
航天器卫星,2,0.0,0.0,1.2,Aircraft,Y,
航天器在大气中的飞行第一节,2,0.0,0.0,1.2,Mission,Y,
航天器姿态动力学基础第一节,2,0.0,0.0,1.2,Aircraft,Y,
航天器的姿态运动方程坐标系及变换,2,0.0,0.0,1.2,Aircraft,Y,
航天飞机发展概述概述,2,0.0,0.0,1.2,Aircraft,Y,
航天飞机构空气动力学分析,2,0.0,0.0,1.2,Performance,Y,
航天飞机构空气动力学分析顾问,2,0.0,0.0,1.2,Performance,Y,
航天飞机的发展新一代重复使用运载器,2,0.0,0.0,1.2,Aircraft,Y,
航天飞行动力学与式,2,0.0,0.0,1.2,Mission,Y,
航空宇宙技術技術,2,0.0,0.0,1.2,Concept,Y,
航空宇宙数値技術,2,0.0,0.0,1.2,Concept,Y,
舱门可承受到转动气动压力或者外载荷,2,0.0,0.0,1.2,Performance,Y,
苏联东方,2,0.0,0.0,1.2,Concept,Y,
苏联东方号飞船,2,0.0,0.0,1.2,Concept,Y,
苏联米格苏联,2,0.0,0.0,1.2,Concept,Y,
若6减小到,2,0.0,0.0,1.2,Concept,Y,
若下有两种不同的供选第二种情况下,2,0.0,0.0,1.2,Concept,Y,
若在现有飞行器的基础上通过单,2,0.0,0.0,1.2,Mission,Y,
英国德国意大利和西班牙,2,0.0,0.0,1.2,Concept,Y,
英宇航达索幻影,2,0.0,0.0,1.2,Concept,Y,
英宇航达索幻影幻影,2,0.0,0.0,1.2,Concept,Y,
莫哈韦无人机,2,0.0,0.0,1.2,Aircraft,Y,
虚部中41,2,0.0,0.0,1.2,Concept,Y,
虚部中41虚部,2,0.0,0.0,1.2,Concept,Y,
虚部中41虚部中42,2,0.0,0.0,1.2,Concept,Y,
虚部中42,2,0.0,0.0,1.2,Concept,Y,
虚部虚部,2,0.0,0.0,1.2,Concept,Y,
衡量导弹跟随施暗偏转的操纵性除了上述攻角,2,0.0,0.0,1.2,Parameter,Y,
表表示如下驱动加速度,2,0.0,0.0,1.2,Mechanism,Y,
裂痕原理性研制,2,0.0,0.0,1.2,Concept,Y,
裂痕研制成功超声波,2,0.0,0.0,1.2,Concept,Y,
装机动力继续起飞,2,0.0,0.0,1.2,Mission,Y,
装置类型,2,0.0,0.0,1.2,Concept,Y,
要么只要,2,0.0,0.0,1.2,Concept,Y,
要么要么,2,0.0,0.0,1.2,Concept,Y,
要么要么只要,2,0.0,0.0,1.2,Concept,Y,
要求定义,2,0.0,0.0,1.2,Concept,Y,
要求定义说明,2,0.0,0.0,1.2,Concept,Y,
规划教材航天飞行动力学,2,0.0,0.0,1.2,ControlMethod,Y,
角度角度,2,0.0,0.0,1.2,Parameter,Y,
设备的安装概述,2,0.0,0.0,1.2,Concept,Y,
设备轴向力附件轴向力,2,0.0,0.0,1.2,Concept,Y,
设计升力系数0标记,2,0.0,0.0,1.2,Concept,Y,
设计升力系数0标记常数,2,0.0,0.0,1.2,Concept,Y,
设计数据应用检验和应用,2,0.0,0.0,1.2,Concept,Y,
试验分析技术,2,0.0,0.0,1.2,Concept,Y,
该形式构造简单装卸方便,2,0.0,0.0,1.2,Concept,Y,
该接头结构简单工艺性好,2,0.0,0.0,1.2,Structure,Y,
诺斯罗普沃特,2,0.0,0.0,1.2,Concept,Y,
诺斯罗普沃特原麦道,2,0.0,0.0,1.2,Concept,Y,
诺斯罗普沃特原麦道动力,2,0.0,0.0,1.2,Concept,Y,
读者可对照参阅,2,0.0,0.0,1.2,Concept,Y,
质点高度,2,0.0,0.0,1.2,Performance,Y,
质点高度距离,2,0.0,0.0,1.2,Performance,Y,
费尔柴尔德用飞,2,0.0,0.0,1.2,Concept,Y,
费尔柴尔德用飞格鲁门,2,0.0,0.0,1.2,Concept,Y,
贾苜梁刘衍旭,2,0.0,0.0,1.2,Concept,Y,
起飞着陆,2,0.0,0.0,1.2,Mission,Y,
超声速爬升率增大盘旋过载下降,2,0.0,0.0,1.2,Concept,Y,
超声速爬升率增大盘旋过载下降降速度增加,2,0.0,0.0,1.2,Parameter,Y,
跨声速区出现峰值,2,0.0,0.0,1.2,Concept,Y,
跨声速绕流的流动特征翼型的跨声速绕流,2,0.0,0.0,1.2,Structure,Y,
轨道舱返回舱推进舱,2,0.0,0.0,1.2,Concept,Y,
轨道高度倾角,2,0.0,0.0,1.2,Performance,Y,
转动转动,2,0.0,0.0,1.2,Concept,Y,
转动铰轮盖套每侧4个,2,0.0,0.0,1.2,Concept,Y,
转载自版权所有,2,0.0,0.0,1.2,Concept,Y,
转载自第二部分,2,0.0,0.0,1.2,Concept,Y,
轰炸机喷气,2,0.0,0.0,1.2,Concept,Y,
轰炸机喷气运输机,2,0.0,0.0,1.2,Concept,Y,
轴向力系数法向力系数,2,0.0,0.0,1.2,Concept,Y,
轴转过角度成为,2,0.0,0.0,1.2,Parameter,Y,
较好较差较好,2,0.0,0.0,1.2,Concept,Y,
较差较好,2,0.0,0.0,1.2,Concept,Y,
较链式子翼主襟翼前缘缝翼,2,0.0,0.0,1.2,Concept,Y,
较链式子翼主襟翼前缘缝翼双缝襟翼,2,0.0,0.0,1.2,Concept,Y,
边条翼变后掠翼,2,0.0,0.0,1.2,Concept,Y,
边界层的分离点前移压心随之前移,2,0.0,0.0,1.2,Concept,Y,
达索幻影,2,0.0,0.0,1.2,Concept,Y,
达索幻影幻影,2,0.0,0.0,1.2,Concept,Y,
达索幻影幻影幻影,2,0.0,0.0,1.2,Concept,Y,
过载与弹道特性之间的关系,2,0.0,0.0,1.2,Concept,Y,
过载系数过载系数的概念,2,0.0,0.0,1.2,Concept,Y,
迎角增大时压力中心前移,2,0.0,0.0,1.2,Concept,Y,
迎角效应厚度效应,2,0.0,0.0,1.2,Concept,Y,
运动不是相同的它的速率相应变化,2,0.0,0.0,1.2,Concept,Y,
运输轰炸机,2,0.0,0.0,1.2,Concept,Y,
运输轰炸机喷气,2,0.0,0.0,1.2,Concept,Y,
运输轰炸机喷气运输机,2,0.0,0.0,1.2,Concept,Y,
近似矩形的口栅近似圆形的口栅,2,0.0,0.0,1.2,Concept,Y,
返回式测量的参数和位置确定,2,0.0,0.0,1.2,Parameter,Y,
还具有部分影响因素比如,2,0.0,0.0,1.2,Concept,Y,
还具有部分影响因素比如在弹道中,2,0.0,0.0,1.2,Concept,Y,
这就要求要么,2,0.0,0.0,1.2,Concept,Y,
这就要求要么要么,2,0.0,0.0,1.2,Concept,Y,
这就要求要么要么只要,2,0.0,0.0,1.2,Concept,Y,
这里先简要介绍其要点本章6,2,0.0,0.0,1.2,Concept,Y,
进入21世纪以来,2,0.0,0.0,1.2,Concept,Y,
进场着陆的气动性能,2,0.0,0.0,1.2,Performance,Y,
进气道尾喷管,2,0.0,0.0,1.2,Concept,Y,
远程火箭航天器,2,0.0,0.0,1.2,Aircraft,Y,
逆向相变前向相变,2,0.0,0.0,1.2,Concept,Y,
通用原子公司莫哈韦,2,0.0,0.0,1.2,Concept,Y,
通用原子公司莫哈韦无人机,2,0.0,0.0,1.2,Aircraft,Y,
通用航空飞机,2,0.0,0.0,1.2,Aircraft,Y,
通过单双折叠翼变体减小翼展,2,0.0,0.0,1.2,Mechanism,Y,
通过单双折叠翼变体扩大巡航翼展,2,0.0,0.0,1.2,Mechanism,Y,
通过单双折叠翼变体扩展一倍巡航翼展,2,0.0,0.0,1.2,Mechanism,Y,
通过对比图8和图8,2,0.0,0.0,1.2,Concept,Y,
通过式通过式,2,0.0,0.0,1.2,Concept,Y,
速度欧拉角,2,0.0,0.0,1.2,Parameter,Y,
速度的变化率为把有关式代入后,2,0.0,0.0,1.2,Parameter,Y,
部变体机翼变体,2,0.0,0.0,1.2,Structure,Y,
部变体机翼变体动力装置变体,2,0.0,0.0,1.2,Structure,Y,
采样及甲烷,2,0.0,0.0,1.2,Concept,Y,
采样及甲烷非甲烷,2,0.0,0.0,1.2,Concept,Y,
采样及甲烷非甲烷基础,2,0.0,0.0,1.2,Concept,Y,
采用时间分段插值取航道的拐点,2,0.0,0.0,1.2,Concept,Y,
采用时间分段插值取航道的拐点或曲率较大点,2,0.0,0.0,1.2,Concept,Y,
采用有限基本解法,2,0.0,0.0,1.2,Concept,Y,
重新组成了167组上机翼弯度,2,0.0,0.0,1.2,Structure,Y,
金属蒙皮泡沫硅钢弹性体热屏蔽,2,0.0,0.0,1.2,Concept,Y,
金属蒙皮泡沫硅钢弹性体热屏蔽金属蒙皮,2,0.0,0.0,1.2,Concept,Y,
闫晓东主编,2,0.0,0.0,1.2,Concept,Y,
间距孔径,2,0.0,0.0,1.2,Concept,Y,
阵风法国,2,0.0,0.0,1.2,Concept,Y,
阻力升阻比,2,0.0,0.0,1.2,Performance,Y,
附注位场,2,0.0,0.0,1.2,Concept,Y,
附注位场着色渗透,2,0.0,0.0,1.2,Concept,Y,
陈树生贾苜梁,2,0.0,0.0,1.2,Concept,Y,
陈树生贾苜梁刘衍旭,2,0.0,0.0,1.2,Concept,Y,
陈钱徐国武,2,0.0,0.0,1.2,Concept,Y,
陈钱白鹏尹维龙,2,0.0,0.0,1.2,Concept,Y,
降噪减重,2,0.0,0.0,1.2,Concept,Y,
限定航天飞机的最大热流总加热量及最大温度,2,0.0,0.0,1.2,Aircraft,Y,
除了上述攻角俯角和弹道偏角外,2,0.0,0.0,1.2,Parameter,Y,
随公转角度变化的情况从图中可以看出,2,0.0,0.0,1.2,Parameter,Y,
随着增加,2,0.0,0.0,1.2,Concept,Y,
雅格斯文偏微微版,2,0.0,0.0,1.2,Concept,Y,
雷诺数攻角,2,0.0,0.0,1.2,Parameter,Y,
需棒可行性要束给出为期望的可行性概率,2,0.0,0.0,1.2,Concept,Y,
非甲烷基础,2,0.0,0.0,1.2,Concept,Y,
面中转动面中转动,2,0.0,0.0,1.2,Concept,Y,
面板的当前形状和所需形状基本架构的结构,2,0.0,0.0,1.2,Structure,Y,
革翅目蟑螂,2,0.0,0.0,1.2,Concept,Y,
顶部加装下士,2,0.0,0.0,1.2,Concept,Y,
顺行轨道逆行轨道,2,0.0,0.0,1.2,Concept,Y,
预成形件树脂膜擦浸成形,2,0.0,0.0,1.2,Concept,Y,
风洞风洞,2,0.0,0.0,1.2,Concept,Y,
风洞飞行,2,0.0,0.0,1.2,Mission,Y,
飞机名称相对面积相对尾臂,2,0.0,0.0,1.2,Aircraft,Y,
飞机名称相对面积相对尾臂尾容量,2,0.0,0.0,1.2,Aircraft,Y,
飞机气动布局初步设计俄罗斯,2,0.0,0.0,1.2,Performance,Y,
飞机类型飞机类型,2,0.0,0.0,1.2,Aircraft,Y,
飞机设计手册总编委会米格,2,0.0,0.0,1.2,Aircraft,Y,
飞机设计手册总编委会米格米格,2,0.0,0.0,1.2,Aircraft,Y,
飞行功力学一体化计算试验,2,0.0,0.0,1.2,Mission,Y,
飞行功力学一体化计算试验分析技术,2,0.0,0.0,1.2,Mission,Y,
飞行动飞行功力学一体化计算,2,0.0,0.0,1.2,Mission,Y,
飞行动飞行功力学一体化计算试验,2,0.0,0.0,1.2,Mission,Y,
飞行动飞行功力学一体化计算试验分析技术,2,0.0,0.0,1.2,Mission,Y,
飞行器型号最高温区,2,0.0,0.0,1.2,Mission,Y,
飞行器型号最高温区较高温区,2,0.0,0.0,1.2,Mission,Y,
飞行器型号最高温区较高温区较低温区,2,0.0,0.0,1.2,Mission,Y,
飞行器是纵向静稳定的,2,0.0,0.0,1.2,Mission,Y,
飞行器气动设计米格,2,0.0,0.0,1.2,Performance,Y,
飞行器气动设计迎角效应,2,0.0,0.0,1.2,Performance,Y,
飞行器的运动方程矢量形式的质心运动方程,2,0.0,0.0,1.2,Mission,Y,
飞行器结构设计卫星结构分析与设计,2,0.0,0.0,1.2,Structure,Y,
飞行器结构设计续表,2,0.0,0.0,1.2,Structure,Y,
飞行器质心处沿轴的平移过载,2,0.0,0.0,1.2,Mission,Y,
飞行器质量初始高度,2,0.0,0.0,1.2,Performance,Y,
飞行器质量初始高度初始速率,2,0.0,0.0,1.2,Performance,Y,
马氏体奥氏体逆向相变前向相变,2,0.0,0.0,1.2,Concept,Y,
马赫数与雷诺数流态特征,2,0.0,0.0,1.2,Parameter,Y,
马赫数与雷诺数流态特征模拟参数,2,0.0,0.0,1.2,Parameter,Y,
马赫数压力,2,0.0,0.0,1.2,Parameter,Y,
马赫数压力表面热流密度,2,0.0,0.0,1.2,Parameter,Y,
驱动器功率功率,2,0.0,0.0,1.2,Mechanism,Y,
验证单双折叠翼变体概念的合理性和可行性,2,0.0,0.0,1.2,Mechanism,Y,
高低角方位角及其变化率的计算,2,0.0,0.0,1.2,Concept,Y,
高低角方位角及其变化率的计算精确方法,2,0.0,0.0,1.2,Concept,Y,
高度总焓,2,0.0,0.0,1.2,Performance,Y,
高度速度,2,0.0,0.0,1.2,Performance,Y,
高度马赫数,2,0.0,0.0,1.2,Performance,Y,
高空低空滑翔着陆等任务,2,0.0,0.0,1.2,Mission,Y,
高空低空滑翔着陆等飞行任务,2,0.0,0.0,1.2,Mission,Y,
高等学校教材,2,0.0,0.0,1.2,Concept,Y,
高超声速风洞研究中心的,2,0.0,0.0,1.2,Concept,Y,
黄经节气黄经节气,2,0.0,0.0,1.2,Concept,Y,
默认必需默认,2,0.0,0.0,1.2,Concept,Y,
默认必需默认必需,2,0.0,0.0,1.2,Concept,Y,
