term,freq,tfidf,pmi,score,entity_type,keep,alias
发动机,1194,0.206979,6.321416,717.094235,Concept,Y,
传感器,613,0.106263,6.54208,368.486087,Concept,Y,
故障,600,0.10401,7.393758,360.770579,Concept,Y,
点火,389,0.067433,7.635382,234.183768,Concept,Y,
开关,387,0.067086,7.1889,232.939016,Concept,Y,
更换,358,0.062059,8.272551,215.645873,Concept,Y,
检查,356,0.061712,7.316221,214.350136,Concept,Y,
信号,304,0.052698,7.804206,183.19623,Concept,Y,
电压,297,0.051485,5.493492,178.764795,Concept,Y,
点火开关,254,0.0,7.768905,153.176891,Concept,Y,
位置,232,0.040217,7.613918,139.973457,Concept,Y,
压力,231,0.040044,7.126714,139.324685,Concept,Y,
怠速,223,0.038657,7.390303,134.550627,Concept,Y,
使用,220,0.038137,7.060026,132.717444,Concept,Y,
气门,217,0.037617,6.776748,130.88896,Concept,Y,
冷却液,211,0.036577,8.435475,127.454521,Concept,Y,
检测,200,0.03467,6.260101,120.636411,Concept,Y,
起动,196,0.033976,5.849461,118.195139,Concept,Y,
排除,194,0.03363,8.379039,117.247993,Concept,Y,
燃油,193,0.033456,6.710636,116.481101,Concept,Y,
节气门,191,0.03311,7.524076,115.362341,Concept,Y,
显示,185,0.03207,7.991525,111.808773,Concept,Y,
进气,179,0.03103,5.580438,107.967353,Concept,Y,
测量,171,0.029643,6.919996,103.300892,Concept,Y,
机油,163,0.028256,4.172859,98.225763,Concept,Y,
正常,162,0.028083,8.059263,98.014351,Concept,Y,
发现,157,0.027216,5.488869,94.757052,Concept,Y,
维修,154,0.026696,8.907756,93.298784,Concept,Y,
端子,145,0.025136,8.639174,87.871458,Concept,Y,
转速,143,0.024789,5.872966,86.394733,Concept,Y,
气缸,142,0.024616,5.818561,85.789241,Concept,Y,
电路,134,0.023229,5.640354,80.971004,Concept,Y,
然后,132,0.022882,7.666695,79.973534,Concept,Y,
打开,131,0.022709,7.447729,79.351585,Concept,Y,
喷油器,131,0.022709,6.283234,79.235136,Concept,Y,
故障诊断,131,0.022015,6.259341,79.232539,Concept,Y,
加速,126,0.021842,6.301391,76.236692,Concept,Y,
工作,124,0.021495,8.654038,75.271852,Concept,Y,
行驶,123,0.021322,8.106531,74.61705,Concept,Y,
安装,118,0.020455,8.90269,71.696406,Concept,Y,
活塞,117,0.020282,8.696623,71.075747,Concept,Y,
插头,116,0.020109,8.533189,70.459351,Concept,Y,
运转,114,0.019762,7.634191,69.169348,Concept,Y,
说明,113,0.019588,9.610233,68.7669,Concept,Y,
测试,112,0.019415,7.02543,67.908368,Concept,Y,
损坏,111,0.019242,9.58313,67.564086,Concept,Y,
曲轴,111,0.019242,8.486881,67.454461,Concept,Y,
踏板,107,0.018548,9.707745,65.176339,Concept,Y,
读取,106,0.018375,9.532143,64.558727,Concept,Y,
连接,104,0.018028,7.806205,63.186029,Concept,Y,
蓄电池,102,0.017682,10.133134,62.218618,Concept,Y,
诊断,102,0.017682,8.115064,62.016811,Concept,Y,
该车,102,0.017682,7.37968,61.943272,Concept,Y,
空气,101,0.017508,5.715952,61.176848,Concept,Y,
凸轮轴,94,0.016295,8.700573,57.274946,Concept,Y,
时为,93,0.016121,4.481001,56.252937,Concept,Y,
位置传感器,91,0.0,5.908979,55.190898,Concept,Y,
轿车,89,0.015428,7.751649,54.179793,Concept,Y,
散热器,89,0.015428,6.432763,54.047905,Concept,Y,
状态,86,0.014908,9.899464,52.594419,Concept,Y,
选择,85,0.014735,10.35803,52.040223,Concept,Y,
风扇,84,0.014561,9.821987,51.386567,Concept,Y,
之间,84,0.014561,8.347619,51.23913,Concept,Y,
发动机转速,84,0.0,5.877128,50.987713,Concept,Y,
燃油泵,83,0.014388,7.701262,50.574443,Concept,Y,
显示屏,82,0.014215,8.727928,50.077057,Concept,Y,
打开点火开关,81,0.0,8.070762,49.407076,Concept,Y,
打开点火,81,0.0,7.772673,49.377267,Concept,Y,
故障诊断排除,81,0.0,2.448267,48.844827,Concept,Y,
一辆,79,0.013695,7.618718,48.16598,Concept,Y,
低于,78,0.013521,7.16328,47.520384,Concept,Y,
是否,77,0.013348,8.036333,47.007638,Concept,Y,
加速踏板,75,0.0,8.784493,45.878449,Concept,Y,
没有,74,0.012828,8.364912,45.24034,Concept,Y,
显示屏显示,74,0.0,8.228087,45.222809,Concept,Y,
并且,73,0.012654,8.646738,44.66847,Concept,Y,
歧管,72,0.012481,8.663479,44.070092,Concept,Y,
现象,72,0.012481,8.621697,44.065914,Concept,Y,
火花塞,72,0.012481,7.928919,43.996636,Concept,Y,
汽车,72,0.012481,7.313076,43.935052,Concept,Y,
万用表,71,0.012308,8.487556,43.452448,Concept,Y,
调整,70,0.012134,8.877539,42.891394,Concept,Y,
间隙,69,0.011961,8.829161,42.286504,Concept,Y,
配置,69,0.011961,7.752008,42.178789,Concept,Y,
数据流,68,0.011788,8.1493,41.618466,Concept,Y,
时约,68,0.011788,6.31544,41.43508,Concept,Y,
接地,67,0.011614,7.545744,40.958059,Concept,Y,
配置发动机,68,0.0,0.0,40.8,Concept,Y,
首先,66,0.011441,10.69433,40.672865,Concept,Y,
螺栓,66,0.011441,9.842428,40.587675,Concept,Y,
发动机冷却液,66,0.0,5.10455,40.110455,Concept,Y,
起动发动机,66,0.0,5.003092,40.100309,Concept,Y,
空调,65,0.011268,7.240255,39.727406,Concept,Y,
传感器信号,65,0.0,5.034294,39.503429,Concept,Y,
变化,64,0.011094,8.457587,39.249087,Concept,Y,
主要,64,0.011094,7.849274,39.188256,Concept,Y,
轿车配置,65,0.0,0.0,39.0,Concept,Y,
轿车配置发动机,65,0.0,0.0,39.0,Concept,Y,
否则,63,0.010921,8.522219,38.655498,Concept,Y,
短路,63,0.010921,8.419339,38.64521,Concept,Y,
滤清器,63,0.010921,6.526652,38.455941,Concept,Y,
拆卸,62,0.010748,8.484983,38.051723,Concept,Y,
电磁阀,62,0.010748,6.663331,37.869557,Concept,Y,
发动机怠速,62,0.0,4.428331,37.642833,Concept,Y,
温度传感器,61,0.010574,5.737345,37.176907,Concept,Y,
断路,61,0.010574,5.687432,37.171915,Concept,Y,
不良,60,0.010401,8.033993,36.80652,Concept,Y,
流量,60,0.010401,6.56879,36.659999,Concept,Y,
电阻,59,0.010228,6.329404,36.036009,Concept,Y,
应为,59,0.010228,5.127693,35.915838,Concept,Y,
脉冲,58,0.010054,10.469055,35.849922,Concept,Y,
清洗,58,0.010054,8.65182,35.668198,Concept,Y,
进气歧管,57,0.0,7.84244,34.984244,Concept,Y,
蓄电池电压,57,0.0,7.406298,34.94063,Concept,Y,
电脑,57,0.009881,6.707255,34.87369,Concept,Y,
出现,57,0.009881,6.686277,34.871592,Concept,Y,
继电器,57,0.009881,6.57174,34.860138,Concept,Y,
线圈,56,0.009708,8.500268,34.452939,Concept,Y,
于是,56,0.009708,6.183163,34.221229,Concept,Y,
正时,56,0.009708,5.302781,34.13319,Concept,Y,
元件,55,0.009534,8.456458,33.848506,Concept,Y,
为例,54,0.009361,6.98884,33.101692,Concept,Y,
驱动,54,0.009361,6.165935,33.019402,Mechanism,Y,
试车,54,0.009361,5.802275,32.983036,Concept,Y,
导致,53,0.009188,9.55639,32.758395,Concept,Y,
情况,52,0.009014,10.550015,32.257706,Concept,Y,
扳手,52,0.009014,9.459284,32.148633,Concept,Y,
必要,52,0.009014,8.77221,32.079925,Concept,Y,
关闭,52,0.009014,7.867945,31.989499,Concept,Y,
熄火,52,0.009014,7.771377,31.979842,Concept,Y,
进入,52,0.009014,6.677075,31.870412,Concept,Y,
车辆,52,0.009014,6.407694,31.843474,Concept,Y,
输出,51,0.008841,8.542578,31.45691,Concept,Y,
数据,51,0.008841,8.445261,31.447178,Concept,Y,
拆下,51,0.008841,7.33016,31.335668,Concept,Y,
清除,51,0.008841,6.443792,31.247031,Concept,Y,
车主,51,0.008841,6.009145,31.203567,Concept,Y,
压力传感器,51,0.0,5.165472,31.116547,Concept,Y,
转动,51,0.008841,2.99601,30.902253,Concept,Y,
脉冲信号,50,0.0,8.034658,30.803466,Concept,Y,
存在,50,0.008667,7.865684,30.789169,Concept,Y,
通过,50,0.008667,7.55906,30.758506,Concept,Y,
电源,50,0.008667,6.626149,30.665215,Concept,Y,
故障排除,50,0.0,5.558844,30.555884,Concept,Y,
检修,50,0.008667,5.169349,30.519535,Concept,Y,
根据,49,0.008494,9.096063,30.312155,Concept,Y,
功能,49,0.008494,8.56481,30.259029,Concept,Y,
控制系统,48,0.008321,5.84581,29.387077,ControlMethod,Y,
排气,48,0.008321,4.722963,29.274792,Concept,Y,
电子,48,0.008321,4.316465,29.234143,Concept,Y,
冷却,47,0.008147,8.481259,29.05057,Concept,Y,
点火线圈,47,0.0,8.17271,29.017271,Concept,Y,
机油压力,47,0.0,5.321416,28.732142,Concept,Y,
空气流量,46,0.0,8.585824,28.458582,Concept,Y,
爆燃,46,0.007974,8.462552,28.448647,Concept,Y,
电动机,47,0.008147,1.952936,28.397738,Concept,Y,
执行器,46,0.007974,6.164564,28.218849,Concept,Y,
排除首先,47,0.0,0.0,28.2,Concept,Y,
故障诊断排除首先,47,0.0,0.0,28.2,Concept,Y,
负荷,45,0.007801,10.989808,28.101321,Concept,Y,
润滑,45,0.007801,10.650671,28.067407,Concept,Y,
软管,45,0.007801,8.495163,27.851857,Concept,Y,
诊断仪,45,0.007801,7.614975,27.763838,Concept,Y,
发动机为例,45,0.0,6.440983,27.644098,Concept,Y,
不能,45,0.007801,6.122049,27.614545,Concept,Y,
读取故障,45,0.0,6.098662,27.609866,Concept,Y,
线束,44,0.007627,8.947658,27.297054,Concept,Y,
流量传感器,44,0.0,6.538573,27.053857,Concept,Y,
该车行驶,43,0.0,8.827416,26.682742,Concept,Y,
连杆,43,0.007454,8.631019,26.665338,Concept,Y,
松开,43,0.007454,6.75927,26.478163,Concept,Y,
发动机运转,43,0.0,4.860442,26.286044,Concept,Y,
泄漏,42,0.007281,10.521603,26.254344,Concept,Y,
一般,42,0.007281,8.259796,26.028164,Concept,Y,
节气门位置,42,0.0,6.962155,25.896215,Concept,Y,
位于,42,0.007281,5.091347,25.711319,Concept,Y,
标准,41,0.007107,9.257688,25.527901,Concept,Y,
参数,41,0.007107,8.395934,25.441726,Parameter,Y,
任何,40,0.006934,11.518988,25.153979,Concept,Y,
其他,40,0.006934,9.902317,24.992312,Concept,Y,
开关时为,41,0.0,3.131673,24.913167,Concept,Y,
部件,40,0.006934,7.652886,24.767369,Concept,Y,
导线,40,0.006934,7.334598,24.73554,Concept,Y,
冷却液温度传感器,40,0.0,5.843433,24.584343,Concept,Y,
电控,40,0.006934,3.518155,24.353896,Concept,Y,
标记,39,0.006761,9.306751,24.332703,Concept,Y,
原理,39,0.006761,9.067233,24.308751,Concept,Y,
制动,40,0.006934,2.861709,24.288251,Concept,Y,
一个,39,0.006761,6.751649,24.077193,Concept,Y,
检测维修,40,0.0,0.0,24.0,Concept,Y,
造成,38,0.006587,9.50723,23.752699,Concept,Y,
磨损,38,0.006587,9.033215,23.705298,Concept,Y,
水泵,38,0.006587,8.17422,23.619398,Concept,Y,
燃油压力,38,0.0,6.644917,23.464492,Concept,Y,
发动机该车,39,0.0,0.0,23.4,Concept,Y,
轿车配置发动机该车,39,0.0,0.0,23.4,Concept,Y,
配置发动机该车,39,0.0,0.0,23.4,Concept,Y,
空气流量传感器,37,0.0,6.533265,22.853327,Concept,Y,
气缸盖,37,0.006414,6.382918,22.840216,Concept,Y,
发动机该车行驶,38,0.0,0.0,22.8,Concept,Y,
点火开关时为,38,0.0,0.0,22.8,Concept,Y,
配置发动机该车行驶,38,0.0,0.0,22.8,Concept,Y,
发动机机油,37,0.0,4.187639,22.618764,Concept,Y,
单元,36,0.006241,9.330337,22.534906,Concept,Y,
重新,36,0.006241,9.141811,22.516053,Concept,Y,
开关转至,36,0.0,7.484356,22.348436,Concept,Y,
节气门位置传感器,36,0.0,6.57174,22.257174,Concept,Y,
转至,36,0.006241,6.107238,22.212596,Concept,Y,
弹簧,35,0.006067,11.531835,22.155004,Concept,Y,
反映,35,0.006067,10.488614,22.050682,Concept,Y,
严重,35,0.006067,9.873904,21.989211,Concept,Y,
条件,35,0.006067,9.02544,21.904364,Concept,Y,
晶体管,35,0.006067,8.778956,21.879716,Concept,Y,
堵塞,35,0.006067,8.424269,21.844247,Concept,Y,
活塞环,35,0.006067,8.323149,21.834135,Concept,Y,
检测仪,35,0.006067,6.768402,21.67866,Concept,Y,
控制阀,35,0.006067,6.168878,21.618708,ControlMethod,Y,
观察,34,0.005894,11.713175,21.573086,Concept,Y,
当怠速,35,0.006067,5.691921,21.571012,Concept,Y,
时应,35,0.006067,4.67007,21.468827,Concept,Y,
开关时约,35,0.0,4.546711,21.454671,Concept,Y,
点火开关转至,34,0.0,8.090248,21.209025,Concept,Y,
规定值,34,0.005894,8.055049,21.207273,Concept,Y,
踩下,34,0.005894,7.86484,21.188252,Concept,Y,
开关转至位置,35,0.0,0.0,21.0,Concept,Y,
转至位置,35,0.0,0.0,21.0,Concept,Y,
压力表,34,0.005894,5.60711,20.962479,Concept,Y,
信号电压,34,0.0,5.516981,20.951698,Concept,Y,
机油泵,34,0.005894,4.400547,20.841823,Concept,Y,
传感器故障,34,0.0,2.687833,20.668783,Concept,Y,
黑色,33,0.005721,8.617129,20.663429,Concept,Y,
标准值,33,0.005721,8.03084,20.6048,Concept,Y,
感器,33,0.005721,6.502031,20.451919,Concept,Y,
即可,32,0.005547,8.675234,20.069188,Concept,Y,
清洁,32,0.005547,8.671478,20.068812,Concept,Y,
编号,32,0.005547,7.27977,19.929641,Concept,Y,
奇瑞,31,0.005374,12.073577,19.80897,Concept,Y,
点火开关转至位置,33,0.0,0.0,19.8,Concept,Y,
油压,32,0.005547,4.89992,19.691656,Concept,Y,
积炭,31,0.005374,10.740638,19.675676,Concept,Y,
自动,32,0.005547,4.210329,19.622697,Concept,Y,
停止,31,0.005374,9.655996,19.567212,Concept,Y,
操作,31,0.005374,9.249648,19.526577,Concept,Y,
总成,31,0.005374,8.991599,19.500772,Concept,Y,
开始,31,0.005374,6.922437,19.293856,Concept,Y,
调节,31,0.005374,6.420234,19.243636,Concept,Y,
行程,31,0.005374,6.193994,19.221011,Concept,Y,
必要更换,32,0.0,0.0,19.2,Concept,Y,
范围,30,0.0052,11.743187,19.175879,Concept,Y,
困难,30,0.0052,11.740869,19.175647,Concept,Y,
彻底,30,0.0052,10.960182,19.097578,Concept,Y,
丰田,30,0.0052,10.883752,19.089935,Concept,Y,
本田,30,0.0052,9.866679,18.988228,Concept,Y,
飞轮,30,0.0052,8.890355,18.890596,Concept,Y,
处于,30,0.0052,7.340731,18.735633,Concept,Y,
怠速运转,30,0.0,7.048227,18.704823,Concept,Y,
车型,30,0.0052,6.2835,18.62991,Concept,Y,
进气压力,30,0.0,6.166185,18.616619,Concept,Y,
抖动,30,0.0052,5.787423,18.580302,Concept,Y,
异响,29,0.005027,10.411684,18.442677,Concept,Y,
确认,29,0.005027,9.945716,18.39608,Concept,Y,
完全,29,0.005027,9.601902,18.361698,Concept,Y,
检查发动机,30,0.0,3.037056,18.303706,Concept,Y,
喷射,29,0.005027,9.020915,18.3036,Concept,Y,
轴承,29,0.005027,8.824995,18.284008,Concept,Y,
发动机故障,30,0.0,1.85923,18.185923,Concept,Y,
为例说明,29,0.0,7.624428,18.162443,Concept,Y,
修理,29,0.005027,7.257029,18.127211,Concept,Y,
爆燃传感器,29,0.0,6.57174,18.057174,Concept,Y,
依旧,28,0.004854,11.58861,17.960317,Concept,Y,
运行,29,0.005027,5.560121,17.95752,Concept,Y,
模块,28,0.004854,11.385077,17.939964,Concept,Y,
试车故障,29,0.0,4.904529,17.890453,Concept,Y,
用于,29,0.005027,3.943424,17.79585,Concept,Y,
指示灯,28,0.004854,9.715438,17.773,Concept,Y,
发动机行驶,29,0.0,0.0,17.4,Concept,Y,
冷却系统,28,0.004854,5.493561,17.350812,Concept,Y,
摇臂,27,0.00468,11.449086,17.346313,Concept,Y,
螺母,27,0.00468,9.811656,17.18257,Concept,Y,
螺钉,27,0.00468,9.531548,17.154559,Concept,Y,
规定,27,0.00468,8.990253,17.100429,Concept,Y,
端子编号,27,0.0,8.034658,17.003466,Concept,Y,
查看,27,0.00468,7.491121,16.950516,Concept,Y,
加热,27,0.00468,6.66064,16.867468,Concept,Y,
所有,27,0.00468,6.23453,16.824857,Concept,Y,
变速器,27,0.00468,6.0787,16.809274,Concept,Y,
发动机控制系统,27,0.0,6.018294,16.801829,ControlMethod,Y,
配置发动机行驶,28,0.0,0.0,16.8,Concept,Y,
功用,27,0.00468,5.642602,16.765664,Concept,Y,
传感器电压,27,0.0,4.078204,16.60782,Concept,Y,
断开,27,0.00468,3.435367,16.544941,Concept,Y,
指针,26,0.004507,8.944294,16.495781,Concept,Y,
超过,26,0.004507,8.264736,16.427826,Concept,Y,
故障依旧,26,0.0,7.156789,16.315679,Concept,Y,
快速,26,0.004507,6.911185,16.292471,Concept,Y,
不同,26,0.004507,6.669842,16.268336,Concept,Y,
时为蓄电池,26,0.0,6.272467,16.227247,Concept,Y,
时为蓄电池电压,26,0.0,6.256593,16.225659,Concept,Y,
大于,26,0.004507,5.428269,16.144179,Concept,Y,
插头端子,26,0.0,5.243537,16.124354,Concept,Y,
断路短路,26,0.0,3.930831,15.993083,Concept,Y,
原因,25,0.004334,9.734439,15.974744,Concept,Y,
起动困难,25,0.0,9.029183,15.902918,Concept,Y,
彻底排除,25,0.0,8.98082,15.898082,Concept,Y,
分别,25,0.004334,8.883555,15.889656,Concept,Y,
点火开关时约,26,0.0,2.65909,15.865909,Concept,Y,
车主反映,25,0.0,7.285985,15.728599,Concept,Y,
故障彻底,25,0.0,7.177547,15.717755,Concept,Y,
清除故障,25,0.0,6.353119,15.635312,Concept,Y,
故障现象,25,0.0,5.874984,15.587498,Concept,Y,
发动机润滑,25,0.0,5.848369,15.584837,Concept,Y,
下面,25,0.004334,5.791183,15.580418,Concept,Y,
动机,25,0.004334,5.772021,15.578502,Concept,Y,
干净,24,0.00416,11.571076,15.558356,Concept,Y,
拧紧,24,0.00416,10.231226,15.424371,Concept,Y,
系统故障,25,0.004334,4.188663,15.420166,Concept,Y,
颜色,24,0.00416,9.965052,15.397753,Concept,Y,
保持,24,0.00416,9.80679,15.381927,Concept,Y,
温器,25,0.004334,3.107071,15.312007,Concept,Y,
添加,24,0.00416,8.771905,15.278439,Concept,Y,
两个,24,0.00416,8.410612,15.242309,Concept,Y,
无法,24,0.00416,7.793966,15.180645,Concept,Y,
组成,24,0.00416,7.774369,15.178685,Concept,Y,
专用,24,0.00416,7.375052,15.138753,Concept,Y,
开启,24,0.00416,7.153596,15.116608,Concept,Y,
可能,24,0.00416,6.857437,15.086992,Concept,Y,
故障检测仪,24,0.0,6.794219,15.079422,Concept,Y,
电子风扇,24,0.0,6.670102,15.06701,Concept,Y,
发动机为例说明,24,0.0,6.465041,15.046504,Concept,Y,
发动机电控,24,0.0,6.111404,15.01114,Concept,Y,
打开点火开关时约,25,0.0,0.0,15.0,Concept,Y,
轿车配置发动机行驶,25,0.0,0.0,15.0,Concept,Y,
明显,24,0.00416,5.976704,14.998918,Concept,Y,
传感器检测,24,0.0,3.964254,14.796425,Concept,Y,
里程,23,0.003987,9.736052,14.774801,Concept,Y,
车速,24,0.00416,2.759182,14.677166,Concept,Y,
信息,23,0.003987,8.585737,14.65977,Concept,Y,
制动踏板,23,0.0,8.411799,14.64118,Concept,Y,
设定,23,0.003987,8.344325,14.635629,Concept,Y,
怠速控制阀,23,0.0,8.017296,14.60173,ControlMethod,Y,
链轮,23,0.003987,7.63913,14.565109,Concept,Y,
故障彻底排除,23,0.0,7.199573,14.519957,Concept,Y,
冷却风扇,23,0.0,7.105131,14.510513,Concept,Y,
踏板位置,23,0.0,6.915024,14.491502,Concept,Y,
发动机冷却系统,23,0.0,6.506571,14.450657,Concept,Y,
混合气,23,0.003987,6.490576,14.450254,Concept,Y,
过大,23,0.003987,6.004535,14.40165,Concept,Y,
故障更换,24,0.0,0.0,14.4,Concept,Y,
产生,22,0.003814,10.931238,14.294268,Concept,Y,
无故障,23,0.003987,4.919749,14.293171,Concept,Y,
导线颜色,22,0.0,9.965052,14.196505,Concept,Y,
本田发动机为例,22,0.0,8.839957,14.083996,Concept,Y,
方向,22,0.003814,7.995426,14.000687,Concept,Y,
不足,22,0.003814,7.964508,13.997595,Concept,Y,
万用表测量,22,0.0,7.832331,13.983233,Concept,Y,
工况,22,0.003814,7.254559,13.9266,Concept,Y,
凸轮轴位置,22,0.0,7.034788,13.903479,Concept,Y,
插入,22,0.003814,6.729533,13.874097,Concept,Y,
气门弹簧,22,0.0,6.697027,13.869703,Concept,Y,
旋转,22,0.003814,6.561375,13.857282,Concept,Y,
空气滤清器,22,0.0,6.57174,13.857174,Concept,Y,
直流电,22,0.003814,6.14654,13.815798,Concept,Y,
档位,22,0.003814,6.141973,13.815341,Concept,Y,
发动机单元,23,0.0,0.0,13.8,Concept,Y,
故障读取,23,0.0,0.0,13.8,Concept,Y,
相关,22,0.003814,5.945231,13.795667,Concept,Y,
含义,21,0.00364,11.251575,13.72625,Concept,Y,
以上,22,0.003814,5.191229,13.720267,Concept,Y,
传感器电路,22,0.0,4.252946,13.625295,Concept,Y,
时有,22,0.003814,3.761381,13.577282,Concept,Y,
工作原理,21,0.0,9.103676,13.510368,Concept,Y,
标准参数,21,0.0,8.959835,13.495983,Parameter,Y,
固定,21,0.00364,8.247028,13.425795,Concept,Y,
行驶里程,21,0.0,8.193994,13.419399,Concept,Y,
判断,21,0.00364,7.644423,13.365534,Concept,Y,
加速踏板位置,21,0.0,7.309535,13.330953,Concept,Y,
塞尺,21,0.00364,7.197498,13.320842,Concept,Y,
燃油压力表,21,0.0,7.170699,13.31707,Concept,Y,
时有脉冲信号,21,0.0,7.072169,13.307217,Concept,Y,
时有脉冲,21,0.0,7.03264,13.303264,Concept,Y,
角度,21,0.00364,6.982204,13.299313,Parameter,Y,
确定,21,0.00364,6.938906,13.294983,Concept,Y,
离合器,21,0.00364,6.504625,13.251555,Concept,Y,
正确,21,0.00364,6.214708,13.222563,Concept,Y,
仪表,21,0.00364,6.163205,13.217413,Concept,Y,
发电机,21,0.00364,5.93147,13.194239,Concept,Y,
油封,21,0.00364,5.900197,13.191112,Concept,Y,
发动,21,0.00364,5.849228,13.186015,Concept,Y,
拆装,21,0.00364,5.319763,13.133068,Concept,Y,
释义,20,0.003467,11.235634,13.124603,Concept,Y,
传感器插头,21,0.0,4.904382,13.090438,Concept,Y,
松动,21,0.00364,4.368428,13.037935,Concept,Y,
本田发动机,21,0.0,4.041014,13.004101,Concept,Y,
冷车,21,0.00364,3.763458,12.977438,Concept,Y,
更换气门,21,0.0,3.694966,12.969497,Concept,Y,
实例,20,0.003467,9.397973,12.940837,Concept,Y,
波形,20,0.003467,9.2483,12.92587,Concept,Y,
发动机起动,21,0.0,2.820889,12.882089,Concept,Y,
真空,20,0.003467,8.70303,12.871343,Concept,Y,
输出电压,20,0.0,7.271868,12.727187,Concept,Y,
内部,20,0.003467,6.714157,12.672456,Concept,Y,
喷油,20,0.003467,6.692304,12.670271,Concept,Y,
缸体,20,0.003467,6.606769,12.661717,Concept,Y,
进气压力传感器,20,0.0,6.50135,12.650135,Concept,Y,
过高,20,0.003467,6.343987,12.635439,Concept,Y,
传感器点火,21,0.0,0.0,12.6,Concept,Y,
修理更换,21,0.0,0.0,12.6,Concept,Y,
短路断路,21,0.0,0.0,12.6,Concept,Y,
丰田发动机,20,0.0,5.941479,12.594148,Concept,Y,
换档,20,0.003467,5.702917,12.571332,Concept,Y,
传感器接地,20,0.0,5.317076,12.531708,Concept,Y,
发动机数据流,20,0.0,5.000372,12.500037,Concept,Y,
消失,19,0.003294,10.955182,12.496506,Concept,Y,
必须,19,0.003294,10.825649,12.483553,Concept,Y,
发动机状态,20,0.0,4.744033,12.474403,Concept,Y,
电压信号,20,0.0,4.516981,12.451698,Concept,Y,
置于,20,0.003467,4.286582,12.429698,Concept,Y,
发动机工作,20,0.0,4.019481,12.401948,Concept,Y,
紧固,19,0.003294,9.589337,12.359922,Concept,Y,
电流,20,0.003467,3.336439,12.334684,Concept,Y,
极限,19,0.003294,9.292217,12.33021,Concept,Y,
清污,19,0.003294,8.357163,12.236704,Concept,Y,
阻值,19,0.003294,7.687885,12.169777,Concept,Y,
端子之间,19,0.0,7.361623,12.136162,Concept,Y,
上升,19,0.003294,7.317938,12.132782,Concept,Y,
对准,19,0.003294,7.247196,12.125708,Concept,Y,
电路短路,19,0.0,6.6535,12.06535,Concept,Y,
机械,19,0.003294,6.346507,12.035639,Concept,Y,
传感器发动机,20,0.0,0.0,12.0,Concept,Y,
传感器点火开关,20,0.0,0.0,12.0,Concept,Y,
信号传感器,20,0.0,0.0,12.0,Concept,Y,
打开点火开关时为,20,0.0,0.0,12.0,Concept,Y,
显示屏显示规定值,20,0.0,0.0,12.0,Concept,Y,
显示规定值,20,0.0,0.0,12.0,Concept,Y,
行驶车主,20,0.0,0.0,12.0,Concept,Y,
电阻值,19,0.003294,5.731502,11.974138,Concept,Y,
加热器,19,0.003294,5.204957,11.921484,Concept,Y,
接头,19,0.003294,5.197093,11.920697,Concept,Y,
插接,19,0.003294,4.981976,11.899186,Concept,Y,
套筒,18,0.00312,10.713095,11.872246,Concept,Y,
压力开关,19,0.0,4.58653,11.858653,Concept,Y,
按照,18,0.00312,9.870637,11.788,Concept,Y,
翘曲,18,0.00312,9.738186,11.774755,Concept,Y,
比较,18,0.00312,9.581724,11.759108,Concept,Y,
进气门,19,0.003294,3.482184,11.749206,Concept,Y,
符合规定,18,0.0026,9.066456,11.707426,Concept,Y,
线束插头,18,0.0,8.6075,11.66075,Concept,Y,
确保,18,0.00312,8.276275,11.628564,Concept,Y,
加注,18,0.00312,8.156354,11.616571,Concept,Y,
最大,18,0.00312,7.908226,11.591759,Concept,Y,
完成,18,0.00312,7.701437,11.57108,Concept,Y,
排气管,18,0.00312,6.861418,11.487078,Concept,Y,
废气,18,0.00312,6.721901,11.473126,Concept,Y,
运转时为,18,0.0,6.5849,11.45849,Concept,Y,
曲轴位置,18,0.0,6.49662,11.449662,Concept,Y,
示波器,18,0.00312,6.349347,11.435871,Concept,Y,
过程,18,0.00312,6.317459,11.432682,Concept,Y,
充电,18,0.00312,6.216929,11.422629,Concept,Y,
奥迪,17,0.002947,12.215596,11.422444,Concept,Y,
发动机飞轮,18,0.0,6.028942,11.402894,Concept,Y,
传感器传感器,19,0.0,-0.719633,11.4,Concept,Y,
显示屏显示规定值释义,19,0.0,0.0,11.4,Concept,Y,
显示屏显示选择,19,0.0,0.0,11.4,Concept,Y,
显示规定值释义,19,0.0,0.0,11.4,Concept,Y,
显示选择,19,0.0,0.0,11.4,Concept,Y,
维修发动机,19,0.0,0.0,11.4,Concept,Y,
规定值释义,19,0.0,0.0,11.4,Concept,Y,
正极,18,0.00312,5.978509,11.398787,Concept,Y,
传感器输出,18,0.0,5.811902,11.38119,Concept,Y,
最后,18,0.00312,5.783814,11.379317,Concept,Y,
马自达,17,0.002947,11.581724,11.359056,Concept,Y,
不要,18,0.00312,4.626092,11.263545,Concept,Y,
丰田发动机为例,17,0.0,10.547776,11.254778,Concept,Y,
顶部,17,0.002947,9.07424,11.108308,Concept,Y,
电压应为,18,0.0,2.891726,11.089173,Concept,Y,
引起,17,0.002947,8.794717,11.080356,Concept,Y,
白色,17,0.002947,8.437805,11.044665,Concept,Y,
齿轮,17,0.002947,8.392855,11.04017,Concept,Y,
从而,17,0.002947,8.193813,11.020265,Concept,Y,
工具,17,0.002947,8.104564,11.011341,Concept,Y,
输入,17,0.002947,7.838971,10.984781,Concept,Y,
增加,17,0.002947,7.800817,10.980966,Concept,Y,
更换传感器,18,0.0,1.774094,10.977409,Concept,Y,
反映该车,17,0.0,7.664186,10.966419,Concept,Y,
下降,17,0.002947,7.087233,10.909607,Concept,Y,
雪佛兰,16,0.002774,12.751649,10.875997,Concept,Y,
信号变化,17,0.0,6.707664,10.870766,Concept,Y,
辅助,16,0.002774,12.11938,10.81277,Concept,Y,
损坏更换,18,0.0,0.0,10.8,Concept,Y,
电路短路断路,18,0.0,0.0,10.8,Concept,Y,
读数,17,0.002947,5.887426,10.789627,Concept,Y,
过低,17,0.002947,5.793994,10.780283,Concept,Y,
汽车故障,17,0.0,5.362579,10.736258,Concept,Y,
机构,17,0.002947,5.102582,10.711142,Concept,Y,
管路,17,0.002947,4.816323,10.682516,Concept,Y,
接线,17,0.002947,4.724544,10.673339,Concept,Y,
发动机电脑,17,0.0,4.550689,10.655069,Concept,Y,
液位,17,0.002947,4.515247,10.652409,Concept,Y,
底壳,16,0.002774,10.100597,10.610892,Concept,Y,
低速,17,0.002947,3.961559,10.59704,Concept,Y,
检查发现,17,0.0,3.543902,10.55439,Concept,Y,
脉冲信号变化,16,0.0,9.38009,10.538009,Concept,Y,
基本,16,0.002774,9.249148,10.525747,Concept,Y,
旋具,16,0.002774,9.086313,10.509463,Concept,Y,
持续时间,16,0.002774,8.949455,10.495778,Concept,Y,
喷射持续时间,16,0.0,8.949455,10.494946,Concept,Y,
工作时有脉冲,16,0.0,8.826836,10.482684,Concept,Y,
再次,16,0.002774,8.631365,10.463969,Concept,Y,
手柄,16,0.002774,8.490791,10.449911,Concept,Y,
需要,16,0.002774,8.484862,10.449318,Concept,Y,
交流,16,0.002774,8.26414,10.427246,Concept,Y,
最大值,16,0.002774,8.14691,10.415523,Concept,Y,
工作时有脉冲信号,16,0.0,8.034658,10.403466,Concept,Y,
动力,17,0.002947,1.777664,10.378651,Concept,Y,
力矩,16,0.002774,7.690953,10.369927,Concept,Y,
工作时有,16,0.0,7.670032,10.367003,Concept,Y,
强制,16,0.002774,7.604444,10.361276,Concept,Y,
松开加速,16,0.0,7.396612,10.339661,Concept,Y,
时有脉冲信号变化,16,0.0,7.072169,10.307217,Concept,Y,
故障原因,16,0.0,6.703616,10.270362,Concept,Y,
进气温度传感器,16,0.0,6.57174,10.257174,Concept,Y,
发动机工作时有,16,0.0,6.506571,10.250657,Concept,Y,
发动机工作时有脉冲,16,0.0,6.506571,10.250657,Concept,Y,
加速踏板位置传感器,16,0.0,6.464824,10.246482,Concept,Y,
踏板位置传感器,16,0.0,6.464824,10.246482,Concept,Y,
怠速电动机,16,0.0,6.346507,10.234651,Concept,Y,
凸轮轴位置传感器,16,0.0,6.284655,10.228465,Concept,Y,
顺序,15,0.0026,11.351111,10.135891,Concept,Y,
发动机怠速运转,16,0.0,5.263407,10.126341,Concept,Y,
更换曲轴,16,0.0,4.885297,10.08853,Concept,Y,
容易,15,0.0026,10.695065,10.070287,Concept,Y,
保养,15,0.0026,10.391753,10.039955,Concept,Y,
说明传感器,16,0.0,4.316225,10.031622,Concept,Y,
经验,15,0.0026,10.147577,10.015538,Concept,Y,
不当,16,0.002774,3.604531,9.961285,Concept,Y,
踩下加速踏板,15,0.0,9.4771,9.94771,Concept,Y,
箭头,15,0.0026,9.338867,9.934667,Concept,Y,
改变,15,0.0026,9.22558,9.923338,Concept,Y,
直径,15,0.0026,9.154714,9.916251,Concept,Y,
检测传感器,16,0.0,3.116257,9.911626,Concept,Y,
仪表板,15,0.0026,8.497659,9.850546,Concept,Y,
点火开关处于,15,0.0,8.102033,9.810203,Concept,Y,
储液,15,0.0026,8.023365,9.803117,Concept,Y,
相反,15,0.0026,8.003187,9.801099,Concept,Y,
开关处于,15,0.0,7.404692,9.740469,Concept,Y,
缸盖,15,0.0026,7.136826,9.714463,Concept,Y,
踩下加速,15,0.0,7.133578,9.713358,Concept,Y,
关闭点火开关,15,0.0,7.074552,9.707455,Concept,Y,
利用,15,0.0026,6.96453,9.697233,Concept,Y,
气门行程,15,0.0,6.873904,9.68739,Concept,Y,
油箱,15,0.0026,6.701074,9.670888,Concept,Y,
排放,15,0.0026,6.697668,9.670547,Concept,Y,
包括,14,0.002427,12.681259,9.668854,Concept,Y,
闪烁,14,0.002427,12.581724,9.6589,Concept,Y,
指示,15,0.0026,6.484862,9.649266,Concept,Y,
曲轴位置传感器,15,0.0,6.456262,9.645626,Concept,Y,
关闭点火,15,0.0,6.438766,9.643877,Concept,Y,
信号点火,16,0.0,0.0,9.6,Concept,Y,
故障一辆,16,0.0,0.0,9.6,Concept,Y,
行驶车主反映,16,0.0,0.0,9.6,Concept,Y,
传感器信号电压,15,0.0,5.9989,9.59989,Concept,Y,
名称,14,0.002427,11.581724,9.5589,Concept,Y,
连接燃油,15,0.0,5.555728,9.555573,Concept,Y,
实际,14,0.002427,11.518988,9.552627,Concept,Y,
密封,14,0.002427,10.960235,9.496752,Concept,Y,
高速,15,0.0026,4.761959,9.476976,Concept,Y,
开关打开,15,0.0,4.693197,9.46932,Concept,Y,
压力正常,15,0.0,4.437632,9.443763,Concept,Y,
之间电压,15,0.0,3.94994,9.394994,Concept,Y,
螺钉旋具,14,0.0,9.864123,9.386412,Concept,Y,
垫片,14,0.002427,9.850954,9.385824,Concept,Y,
热车,15,0.0026,3.825649,9.383345,Concept,Y,
维修经验,14,0.0,9.707255,9.370725,Concept,Y,
小心,14,0.002427,9.223613,9.323089,Concept,Y,
松开加速踏板,14,0.0,9.022821,9.302282,Concept,Y,
仪器,15,0.0026,2.886173,9.289397,Concept,Y,
起动机,15,0.0026,2.525477,9.253328,Concept,Y,
制冷剂,14,0.002427,8.411799,9.241908,Concept,Y,
制冷剂压力,14,0.0,8.411799,9.24118,Concept,Y,
重复,14,0.002427,8.195307,9.220259,Concept,Y,
执行,14,0.002427,8.193994,9.220127,Concept,Y,
了解,14,0.002427,7.949825,9.195711,Concept,Y,
现代,14,0.002427,7.628562,9.163584,Concept,Y,
适应,14,0.002427,7.547357,9.155464,Concept,Y,
传感,14,0.002427,7.427348,9.143463,Concept,Y,
切断,14,0.002427,6.94172,9.0949,Concept,Y,
应为蓄电池,14,0.0,6.840049,9.084005,Concept,Y,
元件信号,14,0.0,6.765563,9.076556,Concept,Y,
点亮,14,0.002427,6.732137,9.073942,Concept,Y,
时应低于,14,0.0,6.731132,9.073113,Concept,Y,
报警,13,0.002254,12.381699,9.038846,Concept,Y,
机油压力开关,14,0.0,6.272241,9.027224,Concept,Y,
接口,14,0.002427,6.193228,9.020051,Concept,Y,
帮助,13,0.002254,12.11938,9.012614,Concept,Y,
首先检查,14,0.0,6.102392,9.010239,Concept,Y,
一次,14,0.002427,6.019481,9.002676,Concept,Y,
一辆奇瑞,15,0.0,0.0,9.0,Concept,Y,
传感器点火开关转至,15,0.0,0.0,9.0,Concept,Y,
位置并且,15,0.0,0.0,9.0,Concept,Y,
开关发动机,15,0.0,0.0,9.0,Concept,Y,
开关转至位置并且,15,0.0,0.0,9.0,Concept,Y,
排除发动机,15,0.0,0.0,9.0,Concept,Y,
气门气门,15,0.0,0.0,9.0,Concept,Y,
转至位置并且,15,0.0,0.0,9.0,Concept,Y,
可变,14,0.002427,5.972914,8.99802,Concept,Y,
相应,14,0.002427,5.916591,8.992387,Concept,Y,
导管,14,0.002427,5.531028,8.953831,Concept,Y,
直接,14,0.002427,5.434236,8.944152,Concept,Y,
机油滤清器,14,0.0,5.246972,8.924697,Concept,Y,
发动机运转时为,14,0.0,5.000372,8.900037,Concept,Y,
存在故障,14,0.0,4.96665,8.896665,Concept,Y,
调节器,14,0.002427,4.887241,8.889452,Concept,Y,
反馈,13,0.002254,10.681259,8.868802,Concept,Y,
循环,13,0.002254,10.401151,8.840791,Concept,Y,
一定,14,0.002427,4.340138,8.834742,Concept,Y,
电极,14,0.002427,4.339185,8.834647,Concept,Y,
诊断系统,14,0.002427,4.211161,8.821844,Concept,Y,
漏气,14,0.002427,4.189406,8.819669,Concept,Y,
元件名称,13,0.0,10.190934,8.819093,Concept,Y,
转子,14,0.002427,4.038581,8.804586,Concept,Y,
速时,14,0.002427,3.869779,8.787706,Concept,Y,
任何条件,13,0.0,9.48112,8.748112,Concept,Y,
维修极限,13,0.0,9.114913,8.711491,Concept,Y,
工业,13,0.002254,8.804116,8.681088,Concept,Y,
清洗剂,13,0.002254,8.757208,8.676397,Concept,Y,
凸轮轴链轮,13,0.0,8.677361,8.667736,Concept,Y,
点火开关置于,13,0.0,8.17271,8.617271,Concept,Y,
零件,13,0.002254,7.657997,8.566476,Concept,Y,
开关置于,13,0.0,7.52283,8.552283,Concept,Y,
正常范围,13,0.0,7.416258,8.541626,Concept,Y,
插座,13,0.002254,7.394647,8.540141,Concept,Y,
带轮,13,0.002254,7.281546,8.528831,Concept,Y,
汽车维修,13,0.0,7.259302,8.52593,Concept,Y,
压缩,13,0.002254,7.169576,8.517634,Concept,Y,
怀疑,12,0.00208,12.903652,8.490989,Concept,Y,
应为蓄电池电压,13,0.0,6.819729,8.481973,Concept,Y,
断裂,13,0.002254,6.749916,8.475668,Concept,Y,
压力调节器,13,0.0,6.464824,8.446482,Concept,Y,
称为,13,0.002254,6.417977,8.442474,Concept,Y,
点火正时,13,0.0,6.208449,8.420845,Concept,Y,
蒙迪欧,12,0.00208,12.029183,8.403542,Concept,Y,
喷射持续时间气缸,14,0.0,0.0,8.4,Concept,Y,
持续时间气缸,14,0.0,0.0,8.4,Concept,Y,
故障故障,14,0.0,0.0,8.4,Concept,Y,
点火开关发动机,14,0.0,0.0,8.4,Concept,Y,
电压传感器,14,0.0,-0.622236,8.4,Concept,Y,
端子编号元件,14,0.0,0.0,8.4,Concept,Y,
端子编号元件信号,14,0.0,0.0,8.4,Concept,Y,
编号元件,14,0.0,0.0,8.4,Concept,Y,
编号元件信号,14,0.0,0.0,8.4,Concept,Y,
辅助传感器,14,0.0,0.0,8.4,Concept,Y,
释义发动机,14,0.0,0.0,8.4,Concept,Y,
释义发动机转速,14,0.0,0.0,8.4,Concept,Y,
驱动检查,14,0.0,0.0,8.4,Mechanism,Y,
各缸,13,0.002254,5.98693,8.399369,Concept,Y,
询问,12,0.00208,11.813049,8.381929,Concept,Y,
清理,13,0.002254,5.796379,8.380314,Concept,Y,
按下,13,0.002254,5.304624,8.331139,Concept,Y,
询问车主了解,12,0.0,11.292217,8.329222,Concept,Y,
发动机冷却,13,0.0,5.268273,8.326827,Concept,Y,
电容,13,0.002254,5.118525,8.312529,Concept,Y,
接通,13,0.002254,5.000156,8.300692,Concept,Y,
英文,12,0.00208,10.979059,8.29853,Concept,Y,
菜单,12,0.00208,10.965052,8.297129,Concept,Y,
用手,13,0.002254,4.764508,8.277127,Concept,Y,
本田雅阁,12,0.00208,10.664186,8.267043,Concept,Y,
汽油,13,0.002254,4.63516,8.264192,Concept,Y,
定位,13,0.002254,4.353019,8.235978,Concept,Y,
装置,13,0.002254,4.349998,8.235676,Concept,Y,
空燃,13,0.002254,4.086176,8.209294,Concept,Y,
三元催化,12,0.001907,9.934025,8.193975,Concept,Y,
滤网,12,0.00208,9.844758,8.1851,Concept,Y,
开关时为蓄电池电压,13,0.0,3.760836,8.176084,Concept,Y,
滤芯,12,0.00208,9.692755,8.1699,Concept,Y,
甚至,12,0.00208,9.664186,8.167043,Concept,Y,
开关时为蓄电池,13,0.0,3.649804,8.16498,Concept,Y,
询问车主,12,0.0,9.630633,8.163063,Concept,Y,
读取发动机,13,0.0,3.539617,8.153962,Concept,Y,
凸轮,12,0.00208,9.291846,8.129809,Concept,Y,
防止,12,0.00208,8.976422,8.098266,Concept,Y,
准备,12,0.00208,8.937867,8.094411,Concept,Y,
连接燃油压力表,12,0.0,8.585737,8.058574,Concept,Y,
百分表,12,0.00208,8.363344,8.036958,Concept,Y,
发出,13,0.002254,2.270373,8.027713,Concept,Y,
刻度,12,0.00208,8.184834,8.019107,Concept,Y,
本田发动机为例说明,12,0.0,8.157697,8.01577,Concept,Y,
第二节,12,0.00208,7.854812,7.986105,Concept,Y,
提高,12,0.00208,7.797646,7.980389,Concept,Y,
第一节,12,0.00208,7.790681,7.979692,Concept,Y,
车主了解,12,0.0,7.751649,7.975165,Concept,Y,
标准值比较,12,0.0,7.707255,7.970725,Concept,Y,
管脚,12,0.00208,7.663479,7.966972,Concept,Y,
增大,12,0.00208,7.584063,7.95903,Concept,Y,
达到,12,0.00208,7.581724,7.958796,Concept,Y,
直流,12,0.00208,7.423223,7.942946,Concept,Y,
进气软管,12,0.0,7.261254,7.926125,Concept,Y,
更换发动机,13,0.0,1.167884,7.916788,Concept,Y,
燃油箱,12,0.00208,7.131062,7.91373,Concept,Y,
旋至,12,0.00208,7.119865,7.912611,Concept,Y,
浓度,12,0.00208,6.988436,7.899468,Concept,Y,
变形,12,0.00208,6.733727,7.873997,Mechanism,Y,
当怠速时,12,0.0,6.690298,7.86903,Concept,Y,
油泵,12,0.00208,6.60773,7.861397,Concept,Y,
节气门执行器,12,0.0,6.57174,7.857174,Concept,Y,
错误,11,0.001907,12.373137,7.837886,Concept,Y,
机械工业,12,0.0,6.346507,7.834651,Concept,Y,
传感器加热器,12,0.0,6.330731,7.833073,Concept,Y,
不严,12,0.00208,6.207779,7.821402,Concept,Y,
强制驱动,12,0.0,6.165935,7.816593,Mechanism,Y,
连接故障诊断,12,0.0,6.084892,7.808489,Concept,Y,
诊断插头,12,0.0,6.0486,7.80486,Concept,Y,
发动机发动机,13,0.0,0.0,7.8,Concept,Y,
发动机行驶里程,13,0.0,0.0,7.8,Concept,Y,
困难一辆,13,0.0,0.0,7.8,Concept,Y,
故障显示,13,0.0,-0.662706,7.8,Concept,Y,
显示规定值释义发动机,13,0.0,0.0,7.8,Concept,Y,
电压发动机,13,0.0,0.0,7.8,Concept,Y,
螺栓螺母,13,0.0,0.0,7.8,Concept,Y,
规定值释义发动机,13,0.0,0.0,7.8,Concept,Y,
规定值释义发动机转速,13,0.0,0.0,7.8,Concept,Y,
宝马,11,0.001907,11.844758,7.785048,Concept,Y,
移动,12,0.00208,5.844007,7.785025,Concept,Y,
怠速状态,12,0.0,5.794314,7.779431,Concept,Y,
日产,11,0.001907,11.738593,7.774431,Concept,Y,
当怠,12,0.00208,5.7144,7.772064,Concept,Y,
轻微,11,0.001907,11.581724,7.758744,Concept,Y,
频率,11,0.001907,11.503721,7.750944,Concept,Y,
控制系统故障,12,0.0,5.440582,7.744058,ControlMethod,Y,
活塞连杆,12,0.0,5.399384,7.739938,Concept,Y,
用来,12,0.00208,5.01457,7.702081,Concept,Y,
裂纹,11,0.001907,11.005694,7.701141,Concept,Y,
怠速时,12,0.00208,4.941637,7.694788,Concept,Y,
卡滞,11,0.001907,10.851644,7.685736,Concept,Y,
供电,12,0.00208,4.792903,7.679914,Concept,Y,
波动,12,0.00208,3.943543,7.594978,Concept,Y,
界面,11,0.001907,9.703286,7.570901,Concept,Y,
电路故障,12,0.0,3.694627,7.569463,Concept,Y,
油管,12,0.00208,3.612003,7.561824,Concept,Y,
符合,11,0.001907,9.49662,7.550234,Concept,Y,
作用,12,0.00208,3.476043,7.548228,Concept,Y,
容积,11,0.001907,9.160143,7.516586,Concept,Y,
动态,12,0.00208,3.1278,7.513404,Concept,Y,
间隙过大,11,0.0,8.949455,7.494946,Concept,Y,
突然,11,0.001907,8.722838,7.472856,Concept,Y,
空气质量,11,0.001907,8.676972,7.468269,Concept,Y,
开度,12,0.00208,2.597561,7.46038,Concept,Y,
节气门角度,11,0.0,8.447868,7.444787,Parameter,Y,
一切正常,11,0.001733,8.359331,7.436453,Concept,Y,
完全踩下,11,0.0,8.169695,7.416969,Concept,Y,
排除故障,12,0.000867,2.125885,7.412849,Concept,Y,
拔下,11,0.001907,7.785031,7.379075,Concept,Y,
代码,11,0.001907,7.759045,7.376477,Concept,Y,
降低,11,0.001907,7.741032,7.374675,Concept,Y,
试验,11,0.001907,7.725653,7.373137,Concept,Y,
异常,11,0.001907,7.657684,7.36634,Concept,Y,
巡航,10,0.001733,13.614145,7.361935,Mission,Y,
完全松开,11,0.0,7.52283,7.352283,Concept,Y,
稳定,11,0.001907,7.497007,7.350273,Concept,Y,
设定转速,11,0.0,7.496148,7.349615,Concept,Y,
查询,11,0.001907,7.195665,7.320139,Concept,Y,
档位开关,11,0.0,7.131673,7.313167,Concept,Y,
车主反映该车,11,0.0,7.099572,7.309957,Concept,Y,
检查条件,11,0.0,6.891973,7.289197,Concept,Y,
点击,11,0.001907,6.877254,7.288297,Concept,Y,
车身,11,0.001907,6.751649,7.275737,Concept,Y,
电缆,11,0.001907,6.731502,7.273722,Concept,Y,
设置,11,0.001907,6.571468,7.257719,Concept,Y,
燃油压力调节器,11,0.0,6.446209,7.244621,Concept,Y,
万用表检测,11,0.0,6.363115,7.236311,Concept,Y,
警告,10,0.001733,12.351111,7.235631,Concept,Y,
大小,11,0.001907,6.297069,7.230279,Concept,Y,
燃油滤清器,11,0.0,6.2483,7.22483,Concept,Y,
无法起动,11,0.0,6.165935,7.216593,Concept,Y,
区域,10,0.001733,12.11938,7.212458,Concept,Y,
传感器任何,12,0.0,0.0,7.2,Concept,Y,
信号发动机,12,0.0,0.0,7.2,Concept,Y,
发动机为例一般,12,0.0,0.0,7.2,Concept,Y,
开关置于位置,12,0.0,0.0,7.2,Concept,Y,
排除首先检查,12,0.0,0.0,7.2,Concept,Y,
故障诊断排除首先检查,12,0.0,0.0,7.2,Concept,Y,
条件点火,12,0.0,0.0,7.2,Concept,Y,
条件点火开关,12,0.0,0.0,7.2,Concept,Y,
汽车故障读取,12,0.0,0.0,7.2,Concept,Y,
点火开关时为蓄电池,12,0.0,0.0,7.2,Concept,Y,
点火开关置于位置,12,0.0,0.0,7.2,Concept,Y,
状态怠速,12,0.0,0.0,7.2,Concept,Y,
端子编号导线,12,0.0,0.0,7.2,Concept,Y,
端子编号导线颜色,12,0.0,0.0,7.2,Concept,Y,
符合规定更换,12,0.0,0.0,7.2,Concept,Y,
编号导线,12,0.0,0.0,7.2,Concept,Y,
编号导线颜色,12,0.0,0.0,7.2,Concept,Y,
置于位置,12,0.0,0.0,7.2,Concept,Y,
转速发动机,12,0.0,0.0,7.2,Concept,Y,
配置发动机行驶里程,12,0.0,0.0,7.2,Concept,Y,
英文含义,10,0.0,11.614145,7.161415,Concept,Y,
缺火率,10,0.001733,11.562615,7.156782,Concept,Y,
小于,11,0.001907,5.54997,7.155569,Concept,Y,
大约,11,0.001907,5.506788,7.151251,Concept,Y,
传感器线束,11,0.0,5.475338,7.147534,Concept,Y,
制动开关,11,0.0,5.369068,7.136907,Concept,Y,
发动机抖动,11,0.0,5.263407,7.126341,Concept,Y,
更换火花塞,11,0.0,5.223167,7.122317,Concept,Y,
更换燃油泵,11,0.0,5.210697,7.12107,Concept,Y,
控制电路,11,0.001907,5.130217,7.113594,ControlMethod,Y,
发生,11,0.001907,5.114254,7.111997,Concept,Y,
研磨,10,0.001733,11.055377,7.106058,Concept,Y,
气缸压力,11,0.0,4.983103,7.09831,Concept,Y,
气流,11,0.001907,4.857353,7.086307,Concept,Y,
怠速转速,11,0.0,4.849408,7.084941,Concept,Y,
发动机负荷,11,0.0,4.784239,7.078424,Concept,Y,
识别,10,0.001733,10.693332,7.069853,Concept,Y,
记录,10,0.001733,10.671921,7.067712,Concept,Y,
端子接地,11,0.0,4.597337,7.059734,Concept,Y,
压缩机,11,0.001907,4.558011,7.056373,Concept,Y,
之后,11,0.001907,4.488358,7.049408,Concept,Y,
导致发动机,11,0.0,4.442377,7.044238,Concept,Y,
部位,11,0.001907,4.414696,7.042042,Concept,Y,
箭头方向,10,0.0,10.381484,7.038148,Concept,Y,
失效,10,0.001733,10.11938,7.012458,Concept,Y,
握住,10,0.001733,10.033561,7.003876,Concept,Y,
更换进气,11,0.0,4.007469,7.000747,Concept,Y,
分开,11,0.001907,3.888624,6.989434,Concept,Y,
原厂,10,0.001733,9.871943,6.987714,Concept,Y,
分为,11,0.001907,3.864691,6.987041,Concept,Y,
拇指,10,0.001733,9.80679,6.981199,Concept,Y,
踩下制动踏板,10,0.0,9.760694,6.976069,Concept,Y,
以下,11,0.001907,3.692489,6.969821,Concept,Y,
否则更换,11,0.0,3.608457,6.960846,Concept,Y,
信号导线,11,0.0,3.494261,6.949426,Concept,Y,
平稳,10,0.001733,9.458131,6.946333,Concept,Y,
数字式,10,0.001733,8.959835,6.896504,Concept,Y,
才能,10,0.001733,8.881284,6.888648,Concept,Y,
选择停止,10,0.0,8.871453,6.887145,Concept,Y,
清污电磁阀,10,0.0,8.864123,6.886412,Concept,Y,
径向,10,0.001733,8.796522,6.880172,Concept,Y,
主要部件,10,0.0,8.780795,6.87808,Concept,Y,
发动机加速,11,0.0,2.433332,6.843333,Concept,Y,
外形,10,0.001733,8.411799,6.8417,Concept,Y,
运动,11,0.001907,2.374522,6.838024,Concept,Y,
换档电磁阀,10,0.0,8.369673,6.836967,Concept,Y,
中文含义,10,0.0,8.366218,6.836622,Concept,Y,
第三节,10,0.001733,8.350769,6.835597,Concept,Y,
选择停止检查,10,0.0,8.259796,6.82598,Concept,Y,
基极,10,0.001733,8.096297,6.81015,Concept,Y,
怠速不稳,10,0.0,7.828262,6.782826,Concept,Y,
计数,10,0.001733,7.802293,6.780749,Concept,Y,
接触,10,0.001733,7.694545,6.769975,Concept,Y,
试车故障彻底,10,0.0,7.57174,6.757174,Concept,Y,
不稳,10,0.001733,7.42039,6.742559,Concept,Y,
快速诊断,10,0.0,7.373137,6.737314,Concept,Y,
中文,10,0.001733,7.330594,6.733579,Concept,Y,
检测仪检测,10,0.0,7.190934,6.719093,Concept,Y,
判定,10,0.001733,7.176639,6.718184,Concept,Y,
没有发现,10,0.0,7.109236,6.710924,Concept,Y,
只有,10,0.001733,7.098875,6.710408,Concept,Y,
停止检查键时,10,0.0,7.072169,6.707217,Concept,Y,
检查键时,10,0.0,7.072169,6.707217,Concept,Y,
选择停止检查键时,10,0.0,7.072169,6.707217,Concept,Y,
组合,10,0.001733,7.018787,6.702399,Concept,Y,
停止检查,10,0.0,6.929556,6.692956,Concept,Y,
焊接,10,0.001733,6.922814,6.692801,Concept,Y,
电缆断路,10,0.0,6.731502,6.67315,Concept,Y,
电缆断路短路,10,0.0,6.731502,6.67315,Concept,Y,
全部,10,0.001733,6.723743,6.672894,Concept,Y,
腐蚀,9,0.00156,12.681259,6.668594,Concept,Y,
燃油泵继电器,10,0.0,6.57174,6.657174,Concept,Y,
踩下制动,10,0.0,6.165935,6.616593,Concept,Y,
为例一般,11,0.0,0.0,6.6,Concept,Y,
元件名称标准,11,0.0,0.0,6.6,Concept,Y,
元件名称标准参数,11,0.0,0.0,6.6,Parameter,Y,
冷却液过高,11,0.0,0.0,6.6,Concept,Y,
准备开始,11,0.0,0.0,6.6,Concept,Y,
准备开始开始,11,0.0,0.0,6.6,Concept,Y,
准备开始开始停止,11,0.0,0.0,6.6,Concept,Y,
功用原理,11,0.0,0.0,6.6,Concept,Y,
功用原理功用,11,0.0,0.0,6.6,Concept,Y,
原理功用,11,0.0,0.0,6.6,Concept,Y,
发动机行驶车主,11,0.0,0.0,6.6,Concept,Y,
名称标准,11,0.0,0.0,6.6,Concept,Y,
名称标准参数,11,0.0,0.0,6.6,Parameter,Y,
实例发动机,11,0.0,0.0,6.6,Concept,Y,
开关点火,11,0.0,0.0,6.6,Concept,Y,
开始停止,11,0.0,0.0,6.6,Concept,Y,
开始开始,11,0.0,0.0,6.6,Concept,Y,
开始开始停止,11,0.0,0.0,6.6,Concept,Y,
强制驱动检查,11,0.0,0.0,6.6,Mechanism,Y,
强制驱动检查条件,11,0.0,0.0,6.6,Mechanism,Y,
必要修理,11,0.0,0.0,6.6,Concept,Y,
怠速运转显示屏,11,0.0,0.0,6.6,Concept,Y,
怠速运转显示屏显示,11,0.0,0.0,6.6,Concept,Y,
接地发动机,11,0.0,0.0,6.6,Concept,Y,
故障清除,11,0.0,0.0,6.6,Concept,Y,
检查强制,11,0.0,0.0,6.6,Concept,Y,
检查强制驱动,11,0.0,0.0,6.6,Mechanism,Y,
检查强制驱动检查,11,0.0,0.0,6.6,Mechanism,Y,
检查条件点火,11,0.0,0.0,6.6,Concept,Y,
检查条件点火开关,11,0.0,0.0,6.6,Concept,Y,
电源点火,11,0.0,0.0,6.6,Concept,Y,
电源点火开关,11,0.0,0.0,6.6,Concept,Y,
起动困难一辆,11,0.0,0.0,6.6,Concept,Y,
运转显示屏,11,0.0,0.0,6.6,Concept,Y,
运转显示屏显示,11,0.0,0.0,6.6,Concept,Y,
运转显示屏显示规定值,11,0.0,0.0,6.6,Concept,Y,
配置发动机行驶车主,11,0.0,0.0,6.6,Concept,Y,
驱动检查条件,11,0.0,0.0,6.6,Mechanism,Y,
驱动检查条件点火,11,0.0,0.0,6.6,Mechanism,Y,
测试仪,10,0.001733,5.940551,6.594575,Concept,Y,
欧姆,9,0.00156,11.87718,6.588186,Concept,Y,
符号,10,0.001733,5.801997,6.58072,Concept,Y,
工作正常,10,0.0,5.748834,6.574883,Concept,Y,
正常工作,10,0.0,5.748834,6.574883,Concept,Y,
衬垫,9,0.00156,11.716025,6.572071,Concept,Y,
气门间隙,10,0.0,5.626822,6.562682,Concept,Y,
风扇工作,10,0.000693,5.53733,6.553941,Concept,Y,
传感器输出电压,10,0.0,5.507047,6.550705,Concept,Y,
发动机起动困难,10,0.0,5.374438,6.537444,Concept,Y,
空调开关,10,0.0,5.360298,6.53603,Concept,Y,
空档,10,0.001733,5.330005,6.533521,Concept,Y,
取出,10,0.001733,5.30912,6.531432,Concept,Y,
捷达,9,0.00156,11.292217,6.52969,Concept,Y,
上止,10,0.001733,5.262443,6.526764,Concept,Y,
机油压力传感器,10,0.0,5.16601,6.516601,Concept,Y,
正常值,10,0.001733,4.986445,6.499165,Concept,Y,
无力,10,0.001733,4.875377,6.488058,Concept,Y,
参考,9,0.00156,10.870637,6.487532,Concept,Y,
传感器主要,10,0.0,4.846897,6.48469,Concept,Y,
有所,10,0.001733,4.787071,6.479227,Concept,Y,
位置传感器信号,10,0.0,4.707664,6.470766,Concept,Y,
旋钮,9,0.00156,10.529256,6.453394,Concept,Y,
炭罐,9,0.00156,10.458867,6.446355,Concept,Y,
废气再循环,9,0.0,10.401151,6.440115,Concept,Y,
拔掉,9,0.00156,10.366985,6.437167,Concept,Y,
键时,10,0.001733,4.328007,6.433321,Concept,Y,
偏心,9,0.00156,10.088684,6.409336,Concept,Y,
漏油,10,0.001733,3.981811,6.398701,Concept,Y,
供给,9,0.00156,9.965052,6.396973,Concept,Y,
本书,9,0.00156,9.834111,6.383879,Concept,Y,
再循环,9,0.00156,9.824859,6.382954,Concept,Y,
食指,9,0.00156,9.80679,6.381147,Concept,Y,
完全踩下加速踏板,9,0.0,9.760694,6.376069,Concept,Y,
已经,9,0.00156,9.655724,6.36604,Concept,Y,
弯曲,9,0.00156,9.526682,6.353136,Concept,Y,
并且发动机,10,0.0,3.4659,6.34659,Concept,Y,
码为,10,0.001733,3.259856,6.326506,Concept,Y,
检查气门,10,0.0,3.223594,6.322359,Concept,Y,
零部件,9,0.00156,9.10523,6.310991,Concept,Y,
清洁干净,9,0.0,8.864123,6.286412,Concept,Y,
其余,9,0.00156,8.856023,6.28607,Concept,Y,
热风枪,9,0.00156,8.825649,6.283033,Concept,Y,
一段时间,9,0.00156,8.359331,6.236401,Concept,Y,
黄色,9,0.00156,8.12375,6.212843,Concept,Y,
仔细检查,9,0.00156,8.031309,6.203599,Concept,Y,
良好,9,0.00156,8.018294,6.202297,Concept,Y,
检测发动机,10,0.0,1.965726,6.196573,Concept,Y,
加速踏板完全,9,0.0,7.957233,6.195723,Concept,Y,
太高,9,0.00156,7.764479,6.176916,Concept,Y,
燃油管路,9,0.0,7.766148,6.176615,Concept,Y,
机后,10,0.001733,1.561012,6.156621,Concept,Y,
完整,9,0.00156,7.508792,6.151347,Concept,Y,
完全踩下加速,9,0.0,7.496148,6.149615,Concept,Y,
为例说明检测,9,0.0,7.453968,6.145397,Concept,Y,
踏板完全,9,0.0,7.425219,6.142522,Concept,Y,
压力过低,9,0.0,7.422525,6.142253,Concept,Y,
直尺,9,0.00156,7.417748,6.142243,Concept,Y,
故障检测仪检测,9,0.0,7.410019,6.141002,Concept,Y,
右手,9,0.00156,7.109396,6.111408,Concept,Y,
端子信息,9,0.0,7.056768,6.105677,Concept,Y,
试车故障排除,9,0.0,7.045671,6.104567,Concept,Y,
各个,9,0.00156,6.995574,6.100025,Concept,Y,
逐渐,8,0.001387,12.986114,6.099027,Concept,Y,
装复,9,0.00156,6.954536,6.095922,Concept,Y,
方式,9,0.00156,6.929428,6.093411,Concept,Y,
插孔,9,0.00156,6.880599,6.088528,Concept,Y,
气门导管,9,0.0,6.873904,6.08739,Concept,Y,
电子节气门,9,0.0,6.731502,6.07315,Concept,Y,
电路不良,9,0.0,6.731502,6.07315,Concept,Y,
开关起动,10,0.0,0.676771,6.067677,Concept,Y,
及其,9,0.00156,6.63857,6.064325,Concept,Y,
变矩器,9,0.00156,6.57174,6.057642,Concept,Y,
发动机为例说明检测,9,0.0,6.506571,6.050657,Concept,Y,
将会,9,0.00156,6.42571,6.043039,Concept,Y,
修复,9,0.00156,6.37201,6.037669,Concept,Y,
经过,9,0.00156,6.360763,6.036544,Concept,Y,
两端,9,0.00156,6.351718,6.03564,Concept,Y,
更换水泵,9,0.0,6.337809,6.033781,Concept,Y,
不得,9,0.00156,6.319989,6.032467,Concept,Y,
不能起动,9,0.0,6.165935,6.016593,Concept,Y,
冷车起动,9,0.0,6.165935,6.016593,Concept,Y,
电烙铁,9,0.00156,6.094072,6.009875,Concept,Y,
暖机,9,0.00156,6.070873,6.007555,Concept,Y,
通风,9,0.00156,6.067812,6.007249,Concept,Y,
长度,9,0.00156,6.003083,6.000776,Concept,Y,
下面本田,10,0.0,0.0,6.0,Concept,Y,
下面本田发动机,10,0.0,0.0,6.0,Concept,Y,
下面本田发动机为例,10,0.0,0.0,6.0,Concept,Y,
中文含义英文,10,0.0,0.0,6.0,Concept,Y,
中文含义英文含义,10,0.0,0.0,6.0,Concept,Y,
之间电压应为,10,0.0,0.0,6.0,Concept,Y,
了解该车,10,0.0,0.0,6.0,Concept,Y,
传感器打开,10,0.0,0.0,6.0,Concept,Y,
位置感器,10,0.0,0.0,6.0,Concept,Y,
信号导线颜色,10,0.0,0.0,6.0,Concept,Y,
信号导线颜色标准,10,0.0,0.0,6.0,Concept,Y,
元件信号导线,10,0.0,0.0,6.0,Concept,Y,
元件信号导线颜色,10,0.0,0.0,6.0,Concept,Y,
发动机转速发动机,10,0.0,0.0,6.0,Concept,Y,
含义英文,10,0.0,0.0,6.0,Concept,Y,
含义英文含义,10,0.0,0.0,6.0,Concept,Y,
喷油器喷油器,10,0.0,0.0,6.0,Concept,Y,
导线颜色标准,10,0.0,0.0,6.0,Concept,Y,
导线颜色标准参数,10,0.0,0.0,6.0,Parameter,Y,
开关点火开关,10,0.0,0.0,6.0,Concept,Y,
当怠速脉冲,10,0.0,0.0,6.0,Concept,Y,
当怠速脉冲信号,10,0.0,0.0,6.0,Concept,Y,
接地发动机怠速,10,0.0,0.0,6.0,Concept,Y,
故障发动机,10,0.0,0.0,6.0,Concept,Y,
断路损坏,10,0.0,0.0,6.0,Concept,Y,
条件点火开关发动机,10,0.0,0.0,6.0,Concept,Y,
状态准备,10,0.0,0.0,6.0,Concept,Y,
状态准备开始,10,0.0,0.0,6.0,Concept,Y,
状态准备开始开始,10,0.0,0.0,6.0,Concept,Y,
状态发动机,10,0.0,0.0,6.0,Concept,Y,
电路短路断路损坏,10,0.0,0.0,6.0,Concept,Y,
短路断路损坏,10,0.0,0.0,6.0,Concept,Y,
符号端子,10,0.0,0.0,6.0,Concept,Y,
符号端子编号,10,0.0,0.0,6.0,Concept,Y,
符号端子编号元件,10,0.0,0.0,6.0,Concept,Y,
第一节发动机,10,0.0,0.0,6.0,Concept,Y,
第二节发动机,10,0.0,0.0,6.0,Concept,Y,
编号元件信号导线,10,0.0,0.0,6.0,Concept,Y,
设定转速设定,10,0.0,0.0,6.0,Concept,Y,
设定转速设定转速,10,0.0,0.0,6.0,Concept,Y,
询问车主了解该车,10,0.0,0.0,6.0,Concept,Y,
车主了解该车,10,0.0,0.0,6.0,Concept,Y,
转速设定,10,0.0,0.0,6.0,Concept,Y,
转速设定转速,10,0.0,0.0,6.0,Concept,Y,
颜色标准,10,0.0,0.0,6.0,Concept,Y,
颜色标准参数,10,0.0,0.0,6.0,Parameter,Y,
接地线,9,0.00156,5.971091,5.997577,Concept,Y,
踏板时为,9,0.0,5.923988,5.992399,Concept,Y,
边缘,8,0.001387,11.918759,5.992292,Concept,Y,
凹槽,8,0.001387,11.913705,5.991787,Concept,Y,
铰刀,8,0.001387,11.913705,5.991787,Concept,Y,
部分,9,0.00156,5.870896,5.987558,Concept,Y,
焊锡,8,0.001387,11.80679,5.981095,Concept,Y,
信号不良,9,0.0,5.771795,5.977179,Concept,Y,
缓慢,8,0.001387,11.751649,5.975581,Concept,Y,
放在,9,0.00156,5.636865,5.964155,Concept,Y,
说明检测,9,0.0,5.54068,5.954068,Concept,Y,
然后起动,9,0.0,5.471187,5.947119,Concept,Y,
安装位置,9,0.0,5.401201,5.94012,Concept,Y,
曾经,8,0.001387,11.240687,5.924485,Concept,Y,
点火开关打开,9,0.0,5.238535,5.923854,Concept,Y,
更换空气,9,0.0,4.988802,5.89888,Concept,Y,
卡箍,8,0.001387,10.970289,5.897445,Concept,Y,
量程,9,0.00156,4.892701,5.889738,Concept,Y,
发动机异响,9,0.0,4.894173,5.889417,Concept,Y,
更换机油,9,0.0,4.744434,5.874443,Concept,Y,
发动机冷却液温度传感器,9,0.0,4.732892,5.873289,Concept,Y,
冷却液温度表,9,0.0,4.636721,5.863672,Concept,Y,
数值,9,0.00156,4.580062,5.858474,Concept,Y,
喷油量,9,0.00156,4.524969,5.852965,Concept,Y,
冲印标记,8,0.0,10.528612,5.852861,Concept,Y,
气缸燃油,9,0.0,4.419836,5.841984,Concept,Y,
发动机缸体,9,0.0,4.324807,5.832481,Concept,Y,
高于,9,0.00156,4.235226,5.823991,Concept,Y,
匹配,8,0.001387,10.178759,5.818292,Concept,Y,
随着,8,0.001387,10.131062,5.813522,Concept,Y,
慢慢,8,0.001387,10.073577,5.807774,Concept,Y,
温度表,9,0.00156,3.885297,5.788998,Concept,Y,
存储,8,0.001387,9.851184,5.785534,Concept,Y,
紧固螺栓,8,0.0,9.781255,5.778126,Concept,Y,
连杆轴承,8,0.0,9.664186,5.766419,Concept,Y,
为了,9,0.00156,3.644606,5.764929,Concept,Y,
冲印,8,0.001387,9.528612,5.753277,Concept,Y,
销孔,8,0.001387,9.458867,5.746303,Concept,Y,
推片,8,0.001387,9.401151,5.740531,Concept,Y,
大众,8,0.001387,9.247028,5.725119,Concept,Y,
各种,8,0.001387,9.240687,5.724485,Concept,Y,
指令,8,0.001387,9.221828,5.722599,Concept,Y,
锁紧,8,0.001387,9.210165,5.721433,Concept,Y,
说明发动机,9,0.0,3.198115,5.719812,Concept,Y,
安全阀,8,0.001387,9.182553,5.718671,Concept,Y,
清洗机,9,0.00156,3.15888,5.716356,Concept,Y,
负荷工况,8,0.0,9.090583,5.709058,Concept,Y,
检查点火,9,0.0,2.954494,5.695449,Concept,Y,
恢复正常,8,0.001387,8.803281,5.680744,Concept,Y,
丰田发动机为例说明,8,0.0,8.767971,5.676797,Concept,Y,
加速无力,8,0.0,8.597843,5.659784,Concept,Y,
数字式万用表,8,0.0,8.585737,5.658574,Concept,Y,
组合仪表,8,0.0,8.585737,5.658574,Concept,Y,
应用,9,0.00156,2.45962,5.64643,Concept,Y,
接触面,8,0.001387,8.407353,5.641151,Concept,Y,
空气质量流量,8,0.0,8.387465,5.638747,Concept,Y,
变速杆,8,0.001387,8.366218,5.637038,Concept,Y,
显示故障,9,0.0,2.337294,5.633729,Concept,Y,
主要用于,8,0.0,8.330005,5.633,Concept,Y,
变速器档位,8,0.0,8.272677,5.627268,Concept,Y,
转速大约,8,0.0,8.231226,5.623123,Concept,Y,
可能存在,8,0.0,8.221828,5.622183,Concept,Y,
节气门开度,8,0.0,8.102608,5.610261,Concept,Y,
燃油切断,8,0.0,8.096297,5.60963,Concept,Y,
初步判断,8,0.001387,8.008834,5.601299,Concept,Y,
替换,8,0.001387,7.954636,5.59588,Concept,Y,
突然熄火,8,0.0,7.928919,5.592892,Concept,Y,
继续,8,0.001387,7.920658,5.592482,Concept,Y,
常见,8,0.001387,7.893312,5.589747,Concept,Y,
霍尔,7,0.001213,13.751649,5.575529,Concept,Y,
车身接地,8,0.0,7.751649,5.575165,Concept,Y,
最小,8,0.001387,7.697353,5.570151,Concept,Y,
查找,8,0.001387,7.452441,5.54566,Concept,Y,
太低,8,0.001387,7.407131,5.541129,Concept,Y,
测试笔接,8,0.0,7.408241,5.540824,Concept,Y,
接地之间,8,0.0,7.397399,5.53974,Concept,Y,
点火开关起动,9,0.0,1.374113,5.537411,Concept,Y,
转动曲轴,8,0.0,7.338142,5.533814,Concept,Y,
相同,8,0.001387,7.2835,5.528766,Concept,Y,
保持压力,8,0.0,7.2526,5.52526,Concept,Y,
发动机气门,9,0.0,1.220633,5.522063,Concept,Y,
根据维修,8,0.0,7.19208,5.519208,Concept,Y,
恒速,8,0.001387,7.17422,5.517838,Concept,Y,
见表,8,0.001387,7.090972,5.509513,Concept,Y,
分解,8,0.001387,7.073049,5.507721,Concept,Y,
监测,8,0.001387,6.984789,5.498895,Concept,Y,
工作不良,8,0.0,6.952367,5.495237,Concept,Y,
而且,8,0.001387,6.886225,5.489039,Concept,Y,
涂抹,7,0.001213,12.858564,5.48622,Concept,Y,
状况,8,0.001387,6.795127,5.479929,Concept,Y,
试车故障彻底排除,8,0.0,6.756164,5.475616,Concept,Y,
塑料,7,0.001213,12.751649,5.475529,Concept,Y,
运转时约,8,0.0,6.735815,5.473582,Concept,Y,
学习,7,0.001213,12.681259,5.46849,Concept,Y,
电池,8,0.001387,6.654881,5.465904,Concept,Y,
参数显示,8,0.0,6.616652,5.461665,Parameter,Y,
笔接,8,0.001387,6.600886,5.460505,Concept,Y,
自动张紧器,8,0.0,6.57174,5.457174,Concept,Y,
是否损坏,8,0.0,6.558863,5.455886,Concept,Y,
发动机机械故障,8,0.0,6.506571,5.450657,Concept,Y,
发动机转速大约,8,0.0,6.506571,5.450657,Concept,Y,
张紧器,8,0.001387,6.411275,5.441544,Concept,Y,
然后起动发动机,8,0.0,6.346507,5.434651,Concept,Y,
风扇电动机,8,0.0,6.346507,5.434651,Concept,Y,
形成,8,0.001387,6.341409,5.434557,Concept,Y,
圆跳动,8,0.001387,6.165935,5.41701,Concept,Y,
传感器功用,9,0.0,0.0,5.4,Concept,Y,
传感器功用原理,9,0.0,0.0,5.4,Concept,Y,
传感器功用原理功用,9,0.0,0.0,5.4,Concept,Y,
传感器打开点火,9,0.0,0.0,5.4,Concept,Y,
传感器打开点火开关,9,0.0,0.0,5.4,Concept,Y,
传感器检测下面,9,0.0,0.0,5.4,Concept,Y,
低于传感器,9,0.0,0.0,5.4,Concept,Y,
信号喷油器,9,0.0,0.0,5.4,Concept,Y,
停止检查键时检查,9,0.0,0.0,5.4,Concept,Y,
冷却液传感器,9,0.0,0.0,5.4,Concept,Y,
分开完整,9,0.0,0.0,5.4,Concept,Y,
分开完整帮助,9,0.0,0.0,5.4,Concept,Y,
发动机状态怠速,9,0.0,0.0,5.4,Concept,Y,
发动机状态怠速运转,9,0.0,0.0,5.4,Concept,Y,
固定分开,9,0.0,0.0,5.4,Concept,Y,
固定分开完整,9,0.0,0.0,5.4,Concept,Y,
固定分开完整帮助,9,0.0,0.0,5.4,Concept,Y,
完整帮助,9,0.0,0.0,5.4,Concept,Y,
必要修理更换,9,0.0,0.0,5.4,Concept,Y,
插头然后,9,0.0,0.0,5.4,Concept,Y,
插头端子之间,9,0.0,0.0,5.4,Concept,Y,
无故障显示,9,0.0,0.0,5.4,Concept,Y,
检查键时检查,9,0.0,0.0,5.4,Concept,Y,
检查键时检查强制,9,0.0,0.0,5.4,Concept,Y,
检测下面,9,0.0,0.0,5.4,Concept,Y,
气缸喷射,9,0.0,0.0,5.4,Concept,Y,
状态怠速运转,9,0.0,0.0,5.4,Concept,Y,
状态怠速运转显示屏,9,0.0,0.0,5.4,Concept,Y,
现象故障,9,0.0,0.0,5.4,Concept,Y,
电磁阀发动机,9,0.0,0.0,5.4,Concept,Y,
行驶里程车主,9,0.0,0.0,5.4,Concept,Y,
转速设定转速设定,9,0.0,0.0,5.4,Concept,Y,
里程车主,9,0.0,0.0,5.4,Concept,Y,
键时检查,9,0.0,0.0,5.4,Concept,Y,
键时检查强制,9,0.0,0.0,5.4,Concept,Y,
键时检查强制驱动,9,0.0,0.0,5.4,Mechanism,Y,
驱动选择,9,0.0,0.0,5.4,Mechanism,Y,
驱动选择停止,9,0.0,0.0,5.4,Mechanism,Y,
驱动选择停止检查,9,0.0,0.0,5.4,Mechanism,Y,
组件,8,0.001387,5.989267,5.399343,Concept,Y,
发动机称为,8,0.0,5.955285,5.395528,Concept,Y,
电控系统故障,8,0.0,5.91702,5.391702,Concept,Y,
机械故障,8,0.001387,5.900013,5.390417,Concept,Y,
端子之间电压,8,0.0,5.867478,5.386748,Concept,Y,
转动开关,8,0.0,5.732266,5.373227,Concept,Y,
故障指示灯,8,0.0,5.703616,5.370362,Concept,Y,
噪声,7,0.001213,11.581724,5.358536,Concept,Y,
锈蚀,7,0.001213,11.581724,5.358536,Concept,Y,
电源开关,8,0.001387,5.360298,5.336446,Concept,Y,
电源电压,8,0.0,5.314937,5.331494,Concept,Y,
中指,8,0.001387,5.269356,5.327352,Concept,Y,
顺时针,7,0.001213,11.166686,5.317033,Concept,Y,
更换散热器,8,0.0,5.110003,5.311,Concept,Y,
添加发动机,8,0.0,4.955285,5.295528,Concept,Y,
占空比,7,0.001213,10.903652,5.290729,Concept,Y,
奇瑞发动机,8,0.0,4.894173,5.289417,Concept,Y,
检查是否,8,0.0,4.88,5.288,Concept,Y,
选择开关,8,0.001387,4.834836,5.2839,Concept,Y,
更换凸轮轴,8,0.0,4.838503,5.28385,Concept,Y,
精密,7,0.001213,10.804116,5.280776,Concept,Y,
供油,8,0.001387,4.798099,5.280226,Concept,Y,
车型发动机,8,0.0,4.748834,5.274883,Concept,Y,
锉刀,7,0.001213,10.666613,5.267025,Concept,Y,
等待,7,0.001213,10.652113,5.265575,Concept,Y,
螺塞,8,0.001387,4.640122,5.264428,Concept,Y,
开口,8,0.001387,4.500462,5.250462,Concept,Y,
程度,8,0.001387,4.493672,5.249783,Concept,Y,
根据维修经验,7,0.0,10.458867,5.245887,Concept,Y,
功能旋钮,7,0.0,10.44422,5.244422,Concept,Y,
热线,8,0.001387,4.404987,5.240915,Concept,Y,
紧器,8,0.001387,4.319352,5.232351,Concept,Y,
黑烟,7,0.001213,10.318689,5.232233,Concept,Y,
混合,7,0.001213,10.051209,5.205485,Concept,Y,
进气管,8,0.001387,4.030763,5.203492,Concept,Y,
异物,7,0.001213,9.990667,5.199431,Concept,Y,
锁片,7,0.001213,9.684944,5.168858,Concept,Y,
活性炭,7,0.001213,9.672697,5.167634,Concept,Y,
功能旋钮选择开关旋至,7,0.0,9.664186,5.166419,Concept,Y,
旋钮选择开关旋至,7,0.0,9.664186,5.166419,Concept,Y,
选择开关旋至,7,0.0,9.664186,5.166419,Concept,Y,
使用故障,8,0.0,3.566112,5.156611,Concept,Y,
检查燃油,8,0.0,3.561824,5.156182,Concept,Y,
比较即可,7,0.0,9.557877,5.155788,Concept,Y,
活塞销孔,7,0.0,9.503721,5.150372,Concept,Y,
严重磨损,7,0.0,9.463079,5.146308,Concept,Y,
灰色,7,0.001213,9.312976,5.131662,Concept,Y,
出现发动机,8,0.0,3.263407,5.126341,Concept,Y,
按照规定,7,0.0,9.247028,5.124703,Concept,Y,
带动,8,0.001387,3.235198,5.123936,Concept,Y,
异常情况,7,0.001213,9.166686,5.117033,Concept,Y,
故障码为,8,0.0,3.140612,5.114061,Concept,Y,
散热,7,0.001213,9.100509,5.110415,Concept,Y,
点火信号,8,0.0,3.016214,5.101621,Concept,Y,
大于最大值,7,0.0,9.011981,5.101198,Concept,Y,
间歇性,7,0.001213,8.949455,5.09531,Concept,Y,
减小,7,0.001213,8.947979,5.095162,Concept,Y,
提供,7,0.001213,8.931105,5.093475,Concept,Y,
链张,7,0.001213,8.883752,5.088739,Concept,Y,
作为,8,0.001387,2.882961,5.088712,Concept,Y,
拆卸相反,7,0.0,8.816189,5.081619,Concept,Y,
显示数据流,8,0.0,2.800364,5.080036,Concept,Y,
轴颈,7,0.001213,8.61087,5.061451,Concept,Y,
车后,8,0.001387,2.525581,5.052974,Concept,Y,
指针式,7,0.001213,8.478986,5.048263,Concept,Y,
集成电路,7,0.001213,8.458867,5.046251,Concept,Y,
安装不当,7,0.0,8.440582,5.044058,Concept,Y,
分类,7,0.001213,8.413836,5.041748,Concept,Y,
提前,7,0.001213,8.410273,5.041391,Concept,Y,
燃油供给,7,0.0,8.389079,5.038908,Concept,Y,
錾子,7,0.001213,8.295969,5.029961,Concept,Y,
燃烧室,7,0.001213,8.269907,5.027355,Concept,Y,
位于其他档位,7,0.0,8.272677,5.027268,Concept,Y,
其他档位,7,0.0,8.272677,5.027268,Concept,Y,
富康,6,0.00104,14.266222,5.026934,Concept,Y,
室盖,7,0.001213,8.253079,5.025672,Concept,Y,
前侧,7,0.001213,8.251575,5.025522,Concept,Y,
质量,7,0.001213,8.203041,5.020668,Concept,Y,
速度,8,0.001387,2.192367,5.019653,Parameter,Y,
位时,8,0.001387,2.178159,5.018232,Concept,Y,
即可判断,7,0.0,8.178759,5.017876,Concept,Y,
比较即可判断,7,0.0,8.178759,5.017876,Concept,Y,
点火提前,7,0.0,8.17271,5.017271,Concept,Y,
加速踏板完全踩下,7,0.0,8.169695,5.016969,Concept,Y,
螺纹,7,0.001213,8.147916,5.015156,Concept,Y,
跨接,7,0.001213,8.086313,5.008995,Concept,Y,
位于其他,7,0.0,8.080032,5.008003,Concept,Y,
功能旋钮选择开关,7,0.0,8.070762,5.007076,Concept,Y,
变速器档位开关,7,0.0,8.070762,5.007076,Concept,Y,
旋钮选择开关,7,0.0,8.070762,5.007076,Concept,Y,
踏板完全踩下,7,0.0,7.872678,4.987268,Concept,Y,
塞尺测量,7,0.0,7.782406,4.978241,Concept,Y,
装复试车,7,0.0,7.751649,4.975165,Concept,Y,
车型发动机电控,7,0.0,7.751649,4.975165,Concept,Y,
诊断仪读取,7,0.0,7.702051,4.970205,Concept,Y,
净化,7,0.001213,7.653917,4.965756,Concept,Y,
使用故障检测仪,7,0.0,7.57601,4.957601,Concept,Y,
以免,7,0.001213,7.551976,4.955562,Concept,Y,
冷却液液位,7,0.0,7.545123,4.954512,Concept,Y,
壳体,7,0.001213,7.52283,4.952647,Concept,Y,
负极,7,0.001213,7.506888,4.951053,Concept,Y,
迅速,7,0.001213,7.496148,4.949979,Concept,Y,
不同发动机转速,7,0.0,7.496148,4.949615,Concept,Y,
痕迹,6,0.00104,13.488614,4.949173,Concept,Y,
有时,8,0.001387,1.475979,4.948014,Concept,Y,
示波器检测,7,0.0,7.470215,4.947022,Concept,Y,
车型发动机电控系统故障,7,0.0,7.424321,4.942432,Concept,Y,
正极电压,7,0.0,7.411799,4.94118,Concept,Y,
重新安装,7,0.001213,7.391585,4.939523,Concept,Y,
橡胶,6,0.00104,13.373137,4.937626,Concept,Y,
检查发动机飞轮,7,0.0,7.281716,4.928172,Concept,Y,
万用表检修,7,0.0,7.243854,4.924385,Concept,Y,
依然,7,0.001213,7.215152,4.921879,Concept,Y,
离合器压力,7,0.0,7.200133,4.920013,Concept,Y,
人员,6,0.00104,13.073577,4.90767,Concept,Y,
好坏,7,0.001213,6.937867,4.894151,Concept,Y,
时为脉冲,7,0.0,6.879523,4.887952,Concept,Y,
时为脉冲信号,7,0.0,6.879523,4.887952,Concept,Y,
气门油封,7,0.0,6.873904,4.88739,Concept,Y,
燃油喷射,7,0.0,6.853026,4.885303,Concept,Y,
红色,7,0.001213,6.835769,4.883941,Concept,Y,
升高,7,0.001213,6.773878,4.877752,Concept,Y,
左手,7,0.001213,6.771917,4.877556,Concept,Y,
电磁阀不良,7,0.0,6.731502,4.87315,Concept,Y,
解体,7,0.001213,6.648361,4.8652,Concept,Y,
油耗,7,0.001213,6.637163,4.86408,Concept,Y,
连续,7,0.001213,6.619792,4.862343,Concept,Y,
电路断路,7,0.0,6.619277,4.861928,Concept,Y,
空气质量流量传感器,7,0.0,6.57174,4.857174,Concept,Y,
查询故障,7,0.0,6.566112,4.856611,Concept,Y,
所致,7,0.001213,6.54136,4.8545,Concept,Y,
错位,7,0.001213,6.495069,4.849871,Concept,Y,
自动变速器,7,0.0,6.379094,4.837909,Concept,Y,
被测,7,0.001213,6.318212,4.832185,Concept,Y,
常见故障,7,0.00104,6.218189,4.822131,Concept,Y,
制冷剂压力传感器,7,0.0,6.191545,4.819155,Concept,Y,
发动机不能起动,7,0.0,6.165935,4.816593,Concept,Y,
径向圆跳动,7,0.0,6.165935,4.816593,Concept,Y,
松开制动,7,0.0,6.165935,4.816593,Concept,Y,
发动机电控系统故障,7,0.0,6.078011,4.807801,Concept,Y,
诊断仪检测,7,0.0,6.057078,4.805708,Concept,Y,
时机,8,0.001387,-0.654901,4.800416,Concept,Y,
电气,8,0.001387,-0.298245,4.800416,Concept,Y,
一辆雪佛兰,8,0.0,0.0,4.8,Concept,Y,
任何低于,8,0.0,0.0,4.8,Concept,Y,
传感器信号传感器,8,0.0,0.0,4.8,Concept,Y,
传感器怠速,8,0.0,0.0,4.8,Concept,Y,
传感器节气门,8,0.0,0.0,4.8,Concept,Y,
位置应为,8,0.0,0.0,4.8,Concept,Y,
信号传感器点火,8,0.0,0.0,4.8,Concept,Y,
信号传感器点火开关,8,0.0,0.0,4.8,Concept,Y,
加速踏板传感器,8,0.0,0.0,4.8,Concept,Y,
发动机行驶车主反映,8,0.0,0.0,4.8,Concept,Y,
发动机行驶里程车主,8,0.0,0.0,4.8,Concept,Y,
喷油器喷油器喷油器,8,0.0,0.0,4.8,Concept,Y,
工况规定值,8,0.0,0.0,4.8,Concept,Y,
排除实例,8,0.0,0.0,4.8,Concept,Y,
排除实例发动机,8,0.0,0.0,4.8,Concept,Y,
故障清除故障,8,0.0,0.0,4.8,Concept,Y,
故障点亮,8,0.0,0.0,4.8,Concept,Y,
故障现象故障,8,0.0,0.0,4.8,Concept,Y,
故障现象故障原因,8,0.0,0.0,4.8,Concept,Y,
时约传感器,8,0.0,0.0,4.8,Concept,Y,
点火线圈火花塞,8,0.0,0.0,4.8,Concept,Y,
熄火一辆,8,0.0,0.0,4.8,Concept,Y,
现象故障原因,8,0.0,0.0,4.8,Concept,Y,
电压打开,8,0.0,0.0,4.8,Concept,Y,
电压打开点火,8,0.0,0.0,4.8,Concept,Y,
电压打开点火开关,8,0.0,0.0,4.8,Concept,Y,
端子端子,8,0.0,0.0,4.8,Concept,Y,
第三节发动机,8,0.0,0.0,4.8,Concept,Y,
线圈火花塞,8,0.0,0.0,4.8,Concept,Y,
继电器点火,8,0.0,0.0,4.8,Concept,Y,
继电器点火开关,8,0.0,0.0,4.8,Concept,Y,
行驶发动机,8,0.0,0.0,4.8,Concept,Y,
读取故障显示,8,0.0,0.0,4.8,Concept,Y,
负荷工况规定值,8,0.0,0.0,4.8,Concept,Y,
起动发动机发动机,8,0.0,0.0,4.8,Concept,Y,
踏板传感器,8,0.0,0.0,4.8,Concept,Y,
步进,7,0.001213,5.996294,4.799993,Concept,Y,
使用万用表,7,0.0,5.949825,4.794982,Concept,Y,
提示,7,0.001213,5.801822,4.780546,Concept,Y,
福特,6,0.00104,11.800558,4.780368,Concept,Y,
分配,7,0.001213,5.766945,4.777059,Concept,Y,
进气歧管压力,7,0.0,5.75956,4.775956,Concept,Y,
直至,7,0.001213,5.690181,4.769382,Concept,Y,
零位,7,0.001213,5.55647,4.756011,Concept,Y,
发动机冷却系统故障,7,0.0,5.533691,4.753369,Concept,Y,
自然,7,0.001213,5.463079,4.746672,Concept,Y,
拆下正时,7,0.0,5.459327,4.745933,Concept,Y,
歧管压力,7,0.0,5.422525,4.742253,Concept,Y,
拨片,6,0.00104,11.401151,4.740427,Concept,Y,
排气歧管,7,0.0,5.397767,4.739777,Concept,Y,
冷却系统故障,7,0.0,5.311299,4.73113,Concept,Y,
状态显示,7,0.0,5.128987,4.712899,Concept,Y,
平衡,6,0.00104,11.123264,4.712638,Concept,Y,
赛欧,6,0.00104,11.122292,4.712541,Concept,Y,
记忆,6,0.00104,11.11938,4.71225,Concept,Y,
使用故障诊断,7,0.0,5.110887,4.711089,Concept,Y,
密封不严,6,0.0,11.043829,4.704383,Concept,Y,
精密直尺,6,0.0,11.029183,4.702918,Concept,Y,
体上,7,0.001213,5.024579,4.702822,Concept,Y,
通信,7,0.001213,4.936644,4.694028,Concept,Y,
不同发动机,7,0.0,4.848369,4.684837,Concept,Y,
均匀,6,0.00104,10.844758,4.684788,Concept,Y,
此车,7,0.001213,4.831083,4.683472,Concept,Y,
然后使用,7,0.0,4.832785,4.683279,Concept,Y,
进口,7,0.001213,4.816905,4.682055,Concept,Y,
指定,7,0.001213,4.787597,4.679124,Concept,Y,
始终,6,0.00104,10.74138,4.67445,Concept,Y,
型号,7,0.001213,4.659618,4.666326,Concept,Y,
更换正时,7,0.0,4.611732,4.661173,Concept,Y,
梅花,6,0.00104,10.473664,4.647678,Concept,Y,
踏板信号,7,0.0,4.39665,4.639665,Concept,Y,
一直,7,0.001213,4.385326,4.638897,Concept,Y,
集电极,6,0.00104,10.359331,4.636245,Concept,Y,
流量传感器故障,7,0.0,4.336245,4.633624,Concept,Y,
静止状态,6,0.0,10.228087,4.622809,Concept,Y,
发动机不能,7,0.0,4.163871,4.616387,Concept,Y,
更换燃油,7,0.0,4.116251,4.611625,Concept,Y,
拨片换档,6,0.0,10.084892,4.608489,Concept,Y,
该车曾经,6,0.0,9.986114,4.598611,Concept,Y,
对齐,6,0.00104,9.965052,4.596817,Concept,Y,
奇瑞东方,6,0.0,9.965052,4.596505,Concept,Y,
歧管绝对,6,0.0,9.965052,4.596505,Concept,Y,
触发,7,0.001213,3.956374,4.596001,Concept,Y,
催化,6,0.00104,9.934025,4.593715,Concept,Y,
老化,6,0.00104,9.934025,4.593715,Concept,Y,
转化,7,0.001213,3.89903,4.590267,Concept,Y,
乐风,6,0.00104,9.854408,4.585753,Concept,Y,
雪佛兰乐风,6,0.0,9.854408,4.585441,Concept,Y,
扭力扳手,6,0.0,9.797452,4.579745,Concept,Y,
静止,6,0.00104,9.760694,4.576381,Concept,Y,
马自达发动机,7,0.0,3.760906,4.576091,Concept,Y,
完全松开加速踏板,6,0.0,9.760694,4.576069,Concept,Y,
通用,7,0.001213,3.730474,4.573411,Concept,Y,
发动机熄火,7,0.0,3.732892,4.573289,Concept,Y,
任何条件下均,6,0.0,9.729281,4.572928,Concept,Y,
效率,6,0.00104,9.678808,4.568193,Performance,Y,
主要包括,6,0.0,9.630633,4.563063,Concept,Y,
抖动严重,6,0.0,9.581724,4.558172,Concept,Y,
运转时为脉冲,6,0.0,9.581724,4.558172,Concept,Y,
紫色,6,0.00104,9.550015,4.555314,Concept,Y,
更换喷油器,7,0.0,3.552314,4.555231,Concept,Y,
下部,7,0.001213,3.534106,4.553775,Concept,Y,
条件下均,6,0.0,9.52283,4.552283,Concept,Y,
雾化,6,0.00104,9.518988,4.552211,Concept,Y,
很快,6,0.00104,9.515156,4.551828,Concept,Y,
进入发动机,7,0.0,3.469858,4.546986,Concept,Y,
显示正常,7,0.0,3.400433,4.540043,Concept,Y,
火花塞检查,7,0.0,3.391899,4.53919,Concept,Y,
故障码后,7,0.0,3.363693,4.536369,Concept,Y,
发动机机油压力,7,0.0,3.337407,4.533741,Concept,Y,
更换节气门,7,0.0,3.315208,4.531521,Concept,Y,
分册,6,0.00104,9.269446,4.527257,Concept,Y,
相反顺序,6,0.0,9.259796,4.52598,Concept,Y,
差异,6,0.00104,9.220787,4.522391,Concept,Y,
码后,7,0.001213,3.161008,4.516465,Concept,Y,
集成,6,0.00104,9.133772,4.513689,Concept,Y,
东方之子,6,0.0,9.073577,4.507358,Concept,Y,
奇瑞东方之子,6,0.0,9.073577,4.507358,Concept,Y,
相关部件,6,0.0,8.999435,4.499944,Concept,Y,
常见故障排除,6,0.0,8.98082,4.498082,Concept,Y,
绝对,6,0.00104,8.965052,4.496817,Concept,Y,
施加,6,0.00104,8.87882,4.488194,Concept,Y,
自学,6,0.00104,8.851184,4.48543,Concept,Y,
东方,6,0.00104,8.849575,4.48527,Concept,Y,
松开制动踏板,6,0.0,8.839957,4.483996,Concept,Y,
运用,7,0.001213,2.832573,4.483621,Concept,Y,
使用精密,6,0.0,8.835172,4.483517,Concept,Y,
使用精密直尺,6,0.0,8.835172,4.483517,Concept,Y,
蓄电池正极,6,0.0,8.816189,4.481619,Concept,Y,
接上,7,0.001213,2.810454,4.481409,Concept,Y,
二极管,6,0.00104,8.778956,4.478208,Concept,Y,
真空软管,6,0.0,8.778956,4.477896,Concept,Y,
扫描,5,0.000867,14.751649,4.475425,Concept,Y,
东风,6,0.00104,8.738931,4.474205,Concept,Y,
清理干净,6,0.0,8.601089,4.460109,Concept,Y,
歧管绝对压力,6,0.0,8.597843,4.459784,Concept,Y,
绝对压力,6,0.0,8.597843,4.459784,Concept,Y,
号气,7,0.001213,2.589873,4.459351,Concept,Y,
堵住,6,0.00104,8.549362,4.455248,Concept,Y,
拨片换档装置,6,0.0,8.538301,4.45383,Concept,Y,
程序,6,0.00104,8.534418,4.453754,Concept,Y,
任何条件下均低于,6,0.0,8.49993,4.449993,Concept,Y,
条件下均低于,6,0.0,8.49993,4.449993,Concept,Y,
伴有,6,0.00104,8.477387,4.448051,Concept,Y,
卡簧,6,0.00104,8.450915,4.445404,Concept,Y,
恰当,6,0.00104,8.440582,4.44437,Concept,Y,
接触不良,6,0.00104,8.408241,4.441136,Concept,Y,
导线插接,6,0.0,8.408241,4.440824,Concept,Y,
测量端子,7,0.0,2.380308,4.438031,Concept,Y,
换档装置,6,0.0,8.369673,4.436967,Concept,Y,
熔化,6,0.00104,8.349063,4.435218,Concept,Y,
罩盖,6,0.00104,8.31258,4.43157,Concept,Y,
低速行驶,6,0.0,8.308042,4.430804,Concept,Y,
常用,7,0.001213,2.291003,4.429464,Concept,Y,
模式,6,0.00104,8.275452,4.427857,Concept,Y,
一下,7,0.001213,2.262804,4.426644,Concept,Y,
测试传感器,7,0.0,2.261934,4.426193,Concept,Y,
空档位置,6,0.0,8.19706,4.419706,Concept,Y,
滤清器扳手,6,0.0,8.175731,4.417573,Concept,Y,
并且踩下,6,0.0,8.169695,4.416969,Concept,Y,
开关信号,7,0.0,2.147304,4.41473,Concept,Y,
运转时为脉冲信号,6,0.0,8.034658,4.403466,Concept,Y,
接通点火开关,6,0.0,7.986556,4.398656,Concept,Y,
火花塞电极,6,0.0,7.928919,4.392892,Concept,Y,
长时间,6,0.00104,7.795902,4.379902,Concept,Y,
测量传感器,7,0.0,1.778119,4.377812,Concept,Y,
车型不同,6,0.0,7.751649,4.375165,Concept,Y,
扭力,6,0.00104,7.723374,4.372649,Concept,Y,
摩擦,5,0.000867,13.681259,4.368386,Concept,Y,
建议,5,0.000867,13.640617,4.364322,Concept,Y,
以便,6,0.00104,7.634438,4.363756,Concept,Y,
燃油泵总成,6,0.0,7.581724,4.358172,Concept,Y,
完全松开加速,6,0.0,7.496148,4.349615,Concept,Y,
燃烧,6,0.00104,7.462552,4.346567,Concept,Y,
曲轴箱,6,0.00104,7.430623,4.343374,Concept,Y,
水平,6,0.00104,7.360763,4.336388,Concept,Y,
接通点火,6,0.0,7.350769,4.335077,Concept,Y,
曲轴轴承,6,0.0,7.345231,4.334523,Concept,Y,
开口间隙,6,0.0,7.300438,4.330044,Concept,Y,
动作,7,0.001213,1.231823,4.323546,Concept,Y,
交流电压,6,0.0,7.121321,4.312132,Concept,Y,
伺服,5,0.000867,13.110103,4.31127,Concept,Y,
支撑,5,0.000867,13.073577,4.307618,Concept,Y,
一级,6,0.00104,7.037403,4.304052,Concept,Y,
宝马轿车,6,0.0,6.98082,4.298082,Concept,Y,
供电电压,6,0.0,6.951396,4.29514,Concept,Y,
下均低于,6,0.0,6.947302,4.29473,Concept,Y,
跳火,6,0.00104,6.928919,4.293204,Concept,Y,
冷却风扇工作,6,0.0,6.881284,4.288128,Concept,Y,
气门室盖,6,0.0,6.873904,4.28739,Concept,Y,
时候,6,0.00104,6.849776,4.28529,Concept,Y,
长安,6,0.00104,6.795902,4.279902,Concept,Y,
资料,5,0.000867,12.751649,4.275425,Concept,Y,
手套,6,0.00104,6.70999,4.271311,Concept,Y,
蓄电,6,0.00104,6.691974,4.269509,Concept,Y,
转速保持,6,0.0,6.684483,4.268448,Concept,Y,
所有显示,6,0.0,6.648361,4.264836,Concept,Y,
输出电压信号,6,0.0,6.646264,4.264626,Concept,Y,
说明存在,6,0.0,6.609542,4.260954,Concept,Y,
听诊器,6,0.00104,6.57174,4.257486,Concept,Y,
专用仪器,6,0.0,6.57174,4.257174,Concept,Y,
歧管压力传感器,6,0.0,6.57174,4.257174,Concept,Y,
进气歧管压力传感器,6,0.0,6.57174,4.257174,Concept,Y,
风扇继电器,6,0.0,6.57174,4.257174,Concept,Y,
电脑端子,6,0.0,6.566443,4.256644,Concept,Y,
几乎,5,0.000867,12.562615,4.256522,Concept,Y,
口盖,6,0.00104,6.538139,4.254126,Concept,Y,
抹布,5,0.000867,12.52514,4.252774,Concept,Y,
消除,6,0.00104,6.521388,4.252451,Concept,Y,
发生变化,6,0.000867,6.506571,4.250917,Concept,Y,
发动机冷却液液位,6,0.0,6.506571,4.250657,Concept,Y,
发动机静止,6,0.0,6.506571,4.250657,Concept,Y,
发动机静止状态,6,0.0,6.506571,4.250657,Concept,Y,
高速运转,6,0.000867,6.501445,4.250405,Concept,Y,
主编,6,0.00104,6.460708,4.246383,Concept,Y,
较大,6,0.00104,6.410527,4.241365,Concept,Y,
操作诊断,6,0.0,6.401151,4.240115,Concept,Y,
链张紧器,6,0.0,6.349347,4.234935,Concept,Y,
机油泵安全阀,6,0.0,6.346507,4.234651,Concept,Y,
尾气,6,0.00104,6.288942,4.229206,Concept,Y,
连接诊断仪,6,0.0,6.284369,4.228437,Concept,Y,
清洗喷油器,6,0.0,6.267564,4.226756,Concept,Y,
发动机零部件,6,0.0,6.263407,4.226341,Concept,Y,
软件,6,0.00104,6.258727,4.226185,Concept,Y,
过多,6,0.00104,6.187227,4.219035,Concept,Y,
发动机暖机,6,0.0,6.185404,4.21854,Concept,Y,
燃油压力表检查,6,0.0,6.169507,4.216951,Concept,Y,
节气,6,0.00104,6.158965,4.216209,Concept,Y,
熔丝,5,0.000867,12.138117,4.214072,Concept,Y,
散热器风扇,6,0.0,6.138412,4.213841,Concept,Y,
气缸缺火率,6,0.0,6.136939,4.213694,Concept,Y,
启辰,5,0.000867,12.11938,4.212198,Concept,Y,
气门摇臂,6,0.0,6.10599,4.210599,Concept,Y,
更换机油泵,6,0.0,6.083236,4.208324,Concept,Y,
福特蒙迪欧,5,0.0,12.029183,4.202918,Concept,Y,
不良恒速,7,0.0,0.0,4.2,Concept,Y,
传感器故障更换,7,0.0,0.0,4.2,Concept,Y,
位于位时,7,0.0,0.0,4.2,Concept,Y,
位于位时位于,7,0.0,0.0,4.2,Concept,Y,
位于位时位于其他,7,0.0,0.0,4.2,Concept,Y,
位时位于,7,0.0,0.0,4.2,Concept,Y,
位时位于其他,7,0.0,0.0,4.2,Concept,Y,
位时位于其他档位,7,0.0,0.0,4.2,Concept,Y,
使用故障检测仪不同,7,0.0,0.0,4.2,Concept,Y,
信号点火线圈,7,0.0,0.0,4.2,Concept,Y,
冷却液发动机,7,0.0,0.0,4.2,Concept,Y,
参数直流电,7,0.0,0.0,4.2,Parameter,Y,
发动机该车行驶出现,7,0.0,0.0,4.2,Concept,Y,
发动机转速发动机负荷,7,0.0,0.0,4.2,Concept,Y,
名称标准参数直流电,7,0.0,0.0,4.2,Parameter,Y,
喷射持续时间气缸喷射,7,0.0,0.0,4.2,Concept,Y,
大于最大值更换,7,0.0,0.0,4.2,Concept,Y,
奇瑞轿车,7,0.0,0.0,4.2,Concept,Y,
导线颜色元件,7,0.0,0.0,4.2,Concept,Y,
导线颜色元件名称,7,0.0,0.0,4.2,Concept,Y,
开关完全,7,0.0,0.0,4.2,Concept,Y,
开关完全松开,7,0.0,0.0,4.2,Concept,Y,
开关并且,7,0.0,0.0,4.2,Concept,Y,
开关打开起动,7,0.0,0.0,4.2,Concept,Y,
开关时约发动机,7,0.0,0.0,4.2,Concept,Y,
开关踩下,7,0.0,0.0,4.2,Concept,Y,
开关转至位置应为,7,0.0,0.0,4.2,Concept,Y,
怠速发动机,7,0.0,0.0,4.2,Concept,Y,
怠速脉冲,7,0.0,0.0,4.2,Concept,Y,
怠速脉冲信号,7,0.0,0.0,4.2,Concept,Y,
打开起动,7,0.0,0.0,4.2,Concept,Y,
持续时间气缸喷射,7,0.0,0.0,4.2,Concept,Y,
持续时间气缸喷射持续时间,7,0.0,0.0,4.2,Concept,Y,
插头符号,7,0.0,0.0,4.2,Concept,Y,
插头符号端子,7,0.0,0.0,4.2,Concept,Y,
插头符号端子编号,7,0.0,0.0,4.2,Concept,Y,
故障检测仪不同,7,0.0,0.0,4.2,Concept,Y,
故障检测仪不同发动机,7,0.0,0.0,4.2,Concept,Y,
故障检测仪检测使用,7,0.0,0.0,4.2,Concept,Y,
故障诊断读取,7,0.0,0.0,4.2,Concept,Y,
时约发动机,7,0.0,0.0,4.2,Concept,Y,
是否裂纹,7,0.0,0.0,4.2,Concept,Y,
显示中文,7,0.0,0.0,4.2,Concept,Y,
显示中文含义,7,0.0,0.0,4.2,Concept,Y,
显示中文含义英文,7,0.0,0.0,4.2,Concept,Y,
显示屏显示中文,7,0.0,0.0,4.2,Concept,Y,
显示屏显示中文含义,7,0.0,0.0,4.2,Concept,Y,
最大值更换,7,0.0,0.0,4.2,Concept,Y,
标准值比较即可,7,0.0,0.0,4.2,Concept,Y,
标准值比较即可判断,7,0.0,0.0,4.2,Concept,Y,
标准参数直流电,7,0.0,0.0,4.2,Parameter,Y,
检测仪不同,7,0.0,0.0,4.2,Concept,Y,
检测仪不同发动机,7,0.0,0.0,4.2,Concept,Y,
检测仪不同发动机转速,7,0.0,0.0,4.2,Concept,Y,
检测仪检测使用,7,0.0,0.0,4.2,Concept,Y,
检测仪检测使用故障,7,0.0,0.0,4.2,Concept,Y,
检测使用,7,0.0,0.0,4.2,Concept,Y,
检测使用故障,7,0.0,0.0,4.2,Concept,Y,
检测使用故障检测仪,7,0.0,0.0,4.2,Concept,Y,
正常故障,7,0.0,0.0,4.2,Concept,Y,
正常检查,7,0.0,0.0,4.2,Concept,Y,
气缸喷射持续时间,7,0.0,0.0,4.2,Concept,Y,
气缸喷射持续时间气缸,7,0.0,0.0,4.2,Concept,Y,
泄漏更换,7,0.0,0.0,4.2,Concept,Y,
测量功能,7,0.0,0.0,4.2,Concept,Y,
测量功能旋钮,7,0.0,0.0,4.2,Concept,Y,
测量功能旋钮选择开关,7,0.0,0.0,4.2,Concept,Y,
点火开关并且,7,0.0,0.0,4.2,Concept,Y,
点火开关打开起动,7,0.0,0.0,4.2,Concept,Y,
点火开关时约发动机,7,0.0,0.0,4.2,Concept,Y,
点火线圈点火,7,0.0,0.0,4.2,Concept,Y,
熄火故障诊断,7,0.0,0.0,4.2,Concept,Y,
熄火故障诊断排除,7,0.0,0.0,4.2,Concept,Y,
电压正常,7,0.0,0.0,4.2,Concept,Y,
电压点火,7,0.0,0.0,4.2,Concept,Y,
电压点火开关,7,0.0,0.0,4.2,Concept,Y,
电源点火开关处于,7,0.0,0.0,4.2,Concept,Y,
端子之间电压应为,7,0.0,0.0,4.2,Concept,Y,
线圈点火,7,0.0,0.0,4.2,Concept,Y,
组成发动机,7,0.0,0.0,4.2,Concept,Y,
编号导线颜色元件,7,0.0,0.0,4.2,Concept,Y,
脉冲信号点火,7,0.0,0.0,4.2,Concept,Y,
脉冲信号点火线圈,7,0.0,0.0,4.2,Concept,Y,
行驶出现,7,0.0,0.0,4.2,Concept,Y,
行驶车主反映该车,7,0.0,0.0,4.2,Concept,Y,
行驶里程车主反映,7,0.0,0.0,4.2,Concept,Y,
该车行驶出现,7,0.0,0.0,4.2,Concept,Y,
该车行驶车主,7,0.0,0.0,4.2,Concept,Y,
起动故障诊断,7,0.0,0.0,4.2,Concept,Y,
起动故障诊断排除,7,0.0,0.0,4.2,Concept,Y,
转至位置应为,7,0.0,0.0,4.2,Concept,Y,
转速发动机负荷,7,0.0,0.0,4.2,Concept,Y,
转速观察,7,0.0,0.0,4.2,Concept,Y,
辅助传感器电压,7,0.0,0.0,4.2,Concept,Y,
进气传感器,7,0.0,0.0,4.2,Concept,Y,
释义发动机转速发动机,7,0.0,0.0,4.2,Concept,Y,
里程车主反映,7,0.0,0.0,4.2,Concept,Y,
颜色元件,7,0.0,0.0,4.2,Concept,Y,
颜色元件名称,7,0.0,0.0,4.2,Concept,Y,
颜色元件名称标准,7,0.0,0.0,4.2,Concept,Y,
相对,6,0.00104,5.965052,4.196817,Concept,Y,
蒸发,6,0.00104,5.921609,4.192473,Concept,Y,
活塞直径,6,0.0,5.918759,4.191876,Concept,Y,
偏转,6,0.00104,5.909298,4.191242,Concept,Y,
东风日产,5,0.0,11.864123,4.186412,Concept,Y,
本田雅阁发动机,6,0.0,5.848369,4.184837,Concept,Y,
是否正常,6,0.0,5.821897,4.18219,Concept,Y,
敲击,5,0.000867,11.804116,4.180672,Concept,Y,
故障消失,6,0.0,5.777617,4.177762,Concept,Y,
主要检测,6,0.0,5.775896,4.17759,Concept,Y,
间隙调整,6,0.0,5.775228,4.177523,Concept,Y,
运转状态,6,0.0,5.752494,4.175249,Concept,Y,
飞轮轮毂,5,0.0,11.751649,4.175165,Concept,Y,
实现,6,0.00104,5.746398,4.174952,Concept,Y,
输出信号,6,0.0,5.728726,4.172873,Concept,Y,
步骤,5,0.000867,11.716025,4.171862,Concept,Y,
更换空气流量传感器,6,0.0,5.698211,4.169821,Concept,Y,
发动机控制系统故障,6,0.0,5.685694,4.168569,ControlMethod,Y,
回火,6,0.00104,5.6559,4.165902,Concept,Y,
金属,5,0.000867,11.652113,4.165471,Concept,Y,
更换气门弹簧,6,0.0,5.647137,4.164714,Concept,Y,
掌握,5,0.000867,11.58815,4.159075,Concept,Y,
支架,5,0.000867,11.58815,4.159075,Concept,Y,
平衡器,6,0.00104,5.57174,4.157486,Concept,Y,
附近,5,0.000867,11.52514,4.152774,Concept,Y,
压力表检查,6,0.0,5.474361,4.147436,Concept,Y,
可能存在故障,6,0.0,5.440582,4.144058,Concept,Y,
更换空气流量,6,0.0,5.384103,4.13841,Concept,Y,
化油器,6,0.00104,5.379437,4.138256,Concept,Y,
冻结,5,0.000867,11.373137,4.137574,Concept,Y,
发动机运转时为脉冲,6,0.0,5.263407,4.126341,Concept,Y,
接到,6,0.00104,5.231363,4.123448,Concept,Y,
符合要求,5,0.000867,11.22558,4.122818,Concept,Y,
次数,6,0.00104,5.204947,4.120807,Concept,Y,
空气流量传感器信号,6,0.0,5.191698,4.11917,Concept,Y,
恢复,5,0.000867,11.142839,4.114544,Concept,Y,
导致气门,6,0.0,5.132957,4.113296,Concept,Y,
手指,6,0.00104,5.115628,4.111875,Concept,Y,
根据以往,5,0.0,11.051209,4.105121,Concept,Y,
后侧,6,0.00104,5.040154,4.104327,Concept,Y,
千分尺,5,0.000867,11.029183,4.103178,Concept,Y,
顺畅,5,0.000867,11.029183,4.103178,Concept,Y,
游标卡尺,5,0.000693,11.029183,4.103126,Concept,Y,
刻度盘,5,0.000867,10.986114,4.098871,Concept,Y,
流量传感器信号,6,0.0,4.974887,4.097489,Concept,Y,
减少,5,0.000867,10.965052,4.096765,Concept,Y,
振动,6,0.00104,4.943543,4.094666,Concept,Y,
发动机保养,6,0.0,4.941479,4.094148,Concept,Y,
研磨机,6,0.00104,4.93147,4.093459,Concept,Y,
装配,6,0.00104,4.874978,4.08781,Concept,Y,
安装活塞,6,0.0,4.859865,4.085986,Concept,Y,
任何故障,6,0.0,4.703616,4.070362,Concept,Y,
顺序相反,5,0.0,10.681259,4.068126,Concept,Y,
传感器线束插头,6,0.0,4.676972,4.067697,Concept,Y,
之子,6,0.00104,4.647312,4.065043,Concept,Y,
数据流发现,6,0.0,4.563802,4.05638,Concept,Y,
下均,6,0.00104,4.525839,4.052896,Concept,Y,
屏幕,5,0.000867,10.473664,4.047626,Concept,Y,
压力传感器故障,6,0.0,4.470955,4.047096,Concept,Y,
万用表检查,6,0.0,4.412077,4.041208,Concept,Y,
前侧辅助,5,0.0,10.351111,4.035111,Concept,Y,
空气流量传感器故障,6,0.0,4.231128,4.023113,Concept,Y,
焊脚,5,0.000867,10.150745,4.015334,Concept,Y,
清洗节气门,6,0.0,4.123568,4.012357,Concept,Y,
滴漏,5,0.000867,10.096297,4.00989,Concept,Y,
氧化锆,5,0.000867,10.084892,4.008749,Concept,Y,
起动发动机怠速,6,0.0,4.016008,4.001601,Concept,Y,
节气门电动机,6,0.0,3.926531,3.992653,Concept,Y,
放油,6,0.00104,3.914697,3.991782,Concept,Y,
机油压力表,6,0.0,3.913548,3.991355,Concept,Y,
专用工具,5,0.000867,9.893668,3.989627,Concept,Y,
否则将会,5,0.0,9.893668,3.989367,Concept,Y,
油压表,6,0.00104,3.885297,3.988842,Concept,Y,
范围之内,5,0.0,9.835172,3.983517,Concept,Y,
滤清器滤芯,5,0.0,9.833262,3.983326,Concept,Y,
驾驶,5,0.000867,9.816189,3.981879,Concept,Y,
发抖,6,0.00104,3.806132,3.980925,Concept,Y,
信号电路,6,0.0,3.8072,3.98072,Concept,Y,
过热,6,0.00104,3.775801,3.977892,Concept,Y,
电压测试,6,0.0,3.774369,3.977437,Concept,Y,
转时,6,0.00104,3.721671,3.972479,Concept,Y,
禁止,5,0.000867,9.667584,3.967018,Concept,Y,
路试,6,0.00104,3.651512,3.965463,Concept,Y,
检查空气,6,0.0,3.642961,3.964296,Concept,Y,
检查活塞,6,0.0,3.635825,3.963582,Concept,Y,
挺杆,5,0.000867,9.614145,3.961675,Concept,Y,
电平,6,0.00104,3.588544,3.959166,Concept,Y,
轻轻,5,0.000867,9.569751,3.957235,Concept,Y,
催化转化,5,0.0,9.571455,3.957146,Concept,Y,
链轮冲印,5,0.0,9.550015,3.955001,Concept,Y,
链轮冲印标记,5,0.0,9.550015,3.955001,Concept,Y,
梅花扳手,5,0.0,9.534418,3.953442,Concept,Y,
出现故障,6,0.0,3.533691,3.953369,Concept,Y,
氧化锆元件,5,0.0,9.48112,3.948112,Concept,Y,
驱动机构,5,0.0,9.340222,3.934022,Mechanism,Y,
轮毂,5,0.000867,9.305392,3.930799,Concept,Y,
小心不要,5,0.0,9.292217,3.929222,Concept,Y,
设备,5,0.000867,9.214353,3.921695,Concept,Y,
系统故障诊断,6,0.0,3.170009,3.917001,Concept,Y,
溢出,5,0.000867,9.136939,3.913954,Concept,Y,
维修人员,5,0.0,9.128718,3.912872,Concept,Y,
调整气门,6,0.0,3.086091,3.908609,Concept,Y,
奔驰,4,0.000693,15.073577,3.907566,Concept,Y,
修正,6,0.00104,3.015035,3.901816,Concept,Y,
打开点火开关起动,6,0.0,3.005806,3.900581,Concept,Y,
空气滤清器滤芯,5,0.0,8.996761,3.899676,Concept,Y,
无穷大,5,0.000867,8.983994,3.898659,Concept,Y,
自学汽车维修,5,0.0,8.98082,3.898082,Concept,Y,
车上,6,0.00104,2.93147,3.893459,Concept,Y,
轴承间隙过大,5,0.0,8.873904,3.88739,Concept,Y,
环槽,5,0.000867,8.870637,3.887324,Concept,Y,
按照显示屏,5,0.0,8.868028,3.886803,Concept,Y,
清晰,5,0.000867,8.864123,3.886672,Concept,Y,
涡轮,5,0.000867,8.819966,3.882257,Concept,Y,
时为传感器,6,0.0,2.818991,3.881899,Concept,Y,
拆卸顺序相反,5,0.0,8.816189,3.881619,Concept,Y,
怠速开关,6,0.0,2.814729,3.881473,Concept,Y,
通电,6,0.00104,2.792903,3.879602,Concept,Y,
能够,5,0.000867,8.788175,3.879077,Concept,Y,
起亚,5,0.000867,8.766148,3.876875,Concept,Y,
吹入,5,0.000867,8.75526,3.875786,Concept,Y,
节奏,5,0.000867,8.729281,3.873188,Concept,Y,
即可清除,5,0.0,8.72308,3.872308,Concept,Y,
检查怠速,6,0.0,2.708827,3.870883,Concept,Y,
曲轴带轮,5,0.0,8.61825,3.861825,Concept,Y,
选择进气歧管压力,5,0.0,8.597843,3.859784,Concept,Y,
水道,5,0.000867,8.565122,3.856772,Concept,Y,
配气,6,0.00104,2.564049,3.856717,Concept,Y,
正极短路,5,0.0,8.52283,3.852283,Concept,Y,
翘曲大于,5,0.0,8.49993,3.849993,Concept,Y,
后应,6,0.00104,2.46813,3.847125,Concept,Y,
检测冷却液,6,0.0,2.469835,3.846983,Concept,Y,
调整螺钉,5,0.0,8.450793,3.845079,Concept,Y,
运转平稳,5,0.0,8.441793,3.844179,Concept,Y,
燃油分配,5,0.0,8.418225,3.841822,Concept,Y,
两种,5,0.000867,8.39269,3.839529,Concept,Y,
轴向间隙,5,0.0,8.388478,3.838848,Concept,Y,
一级菜单,5,0.0,8.359331,3.835933,Concept,Y,
读取发动机数据流,5,0.0,8.305392,3.830539,Concept,Y,
试车故障依旧,5,0.0,8.276996,3.8277,Concept,Y,
力矩拧紧,5,0.0,8.275915,3.827592,Concept,Y,
尖嘴,4,0.000693,14.266222,3.82683,Concept,Y,
冷车起动困难,5,0.0,8.239896,3.82399,Concept,Y,
不能超过,5,0.0,8.237526,3.823753,Concept,Y,
专用诊断仪,5,0.0,8.233743,3.823374,Concept,Y,
指针偏转,5,0.0,8.231226,3.823123,Concept,Y,
依然存在,5,0.0,8.221828,3.822183,Concept,Y,
拆卸顺序,5,0.0,8.21249,3.821249,Concept,Y,
每次,5,0.000867,8.197674,3.820027,Concept,Y,
该车发动机,6,0.0,2.175944,3.817594,Concept,Y,
不断,6,0.00104,2.150064,3.815318,Concept,Y,
仔细检查发现,5,0.0,8.148764,3.814876,Concept,Y,
轴承间隙,5,0.0,8.107071,3.810707,Concept,Y,
上述,5,0.000867,8.083473,3.808607,Concept,Y,
重复调整,5,0.0,8.076397,3.80764,Concept,Y,
李昌凤,4,0.000693,14.073577,3.807566,Concept,Y,
索纳塔,4,0.000693,14.073577,3.807566,Concept,Y,
当怠速时低于,5,0.0,8.065709,3.806571,Concept,Y,
牌号,5,0.000867,8.034658,3.803726,Concept,Y,
进一步,5,0.000867,8.031918,3.803452,Concept,Y,
查看数据流,5,0.0,7.996761,3.799676,Concept,Y,
液压,6,0.00104,1.971574,3.797469,Concept,Y,
散热器总成,5,0.0,7.965575,3.796558,Concept,Y,
显示屏提示,5,0.0,7.965052,3.796505,Concept,Y,
高速行驶,5,0.000867,7.9581,3.79607,Concept,Y,
自动熄火,5,0.0,7.928919,3.792892,Concept,Y,
存在泄漏,5,0.0,7.875132,3.787513,Concept,Y,
烙铁头,5,0.000867,7.85344,3.785604,Concept,Y,
高压线,5,0.000867,7.804918,3.780752,Concept,Y,
摇杆,5,0.000867,7.766148,3.776875,Concept,Y,
通道,5,0.000867,7.763418,3.776602,Concept,Y,
以往,5,0.000867,7.758427,3.776103,Concept,Y,
自学汽车,5,0.0,7.751649,3.775165,Concept,Y,
不要损坏,5,0.0,7.655724,3.765572,Concept,Y,
踩下制动踏板时为,5,0.0,7.624428,3.762443,Concept,Y,
系统控制模块,5,0.0,7.573731,3.757373,ControlMethod,Y,
端子电压,6,0.0,1.564915,3.756492,Concept,Y,
更换点火,6,0.0,1.563369,3.756337,Concept,Y,
感觉,5,0.000867,7.538301,3.75409,Concept,Y,
每个,5,0.000867,7.537524,3.754012,Concept,Y,
加热型氧传,5,0.0,7.536358,3.753636,Concept,Y,
流量传感器信号电压,5,0.0,7.536358,3.753636,Concept,Y,
并且松开,5,0.0,7.52283,3.752283,Concept,Y,
开关旋至,5,0.0,7.52283,3.752283,Concept,Y,
为例说明传感器检测,5,0.0,7.510857,3.751086,Concept,Y,
说明传感器检测,5,0.0,7.510857,3.751086,Concept,Y,
测量电容,5,0.0,7.502298,3.75023,Concept,Y,
四个,5,0.000867,7.488614,3.749121,Concept,Y,
机体,6,0.00104,1.480259,3.748338,Concept,Y,
气量,6,0.00104,1.4773,3.748042,Concept,Y,
位置传感器线束,5,0.0,7.44149,3.744149,Concept,Y,
该车冷车,5,0.0,7.429721,3.742972,Concept,Y,
合适,5,0.000867,7.418941,3.742154,Concept,Y,
事故,5,0.000867,7.410019,3.741262,Concept,Y,
东风日产启辰,4,0.0,13.373137,3.737314,Concept,Y,
效果,5,0.000867,7.301757,3.730436,Concept,Y,
日产启辰,4,0.0,13.292217,3.729222,Concept,Y,
处理,5,0.000867,7.239303,3.72419,Concept,Y,
主要部件检查,5,0.0,7.239896,3.72399,Concept,Y,
点火开关旋至,5,0.0,7.203212,3.720321,Concept,Y,
命令,4,0.000693,13.166686,3.716877,Concept,Y,
脱落,4,0.000693,13.166686,3.716877,Concept,Y,
赛弗,4,0.000693,13.166686,3.716877,Concept,Y,
功能选择,5,0.0,7.097729,3.709773,Concept,Y,
传感器主要检测,5,0.0,7.092009,3.709201,Concept,Y,
制动踏板时为,5,0.0,7.039466,3.703947,Concept,Y,
选择进气歧管,5,0.0,6.992759,3.699276,Concept,Y,
雪佛兰新景,4,0.0,12.986114,3.698611,Concept,Y,
节气门完全,5,0.0,6.896157,3.689616,Concept,Y,
可变进气,5,0.0,6.873904,3.68739,Concept,Y,
气缸燃油切断,5,0.0,6.873904,3.68739,Concept,Y,
气缸盖顶部,5,0.0,6.873904,3.68739,Concept,Y,
执行器测试,5,0.0,6.871943,3.687194,Concept,Y,
偏低,5,0.000867,6.866562,3.686916,Concept,Y,
或者,5,0.000867,6.852473,3.685507,Concept,Y,
前氧,5,0.000867,6.847853,3.685045,Concept,Y,
少量,5,0.000867,6.828975,3.683158,Concept,Y,
无泄漏,5,0.000867,6.796522,3.679912,Concept,Y,
型氧传,5,0.000867,6.751005,3.67536,Concept,Y,
压力不足,5,0.0,6.744453,3.674445,Concept,Y,
诊断仪读取故障,5,0.0,6.740142,3.674014,Concept,Y,
电压太高,5,0.0,6.731502,3.67315,Concept,Y,
电路编号,5,0.0,6.731502,3.67315,Concept,Y,
中心,5,0.000867,6.703253,3.670585,Concept,Y,
诊断仪进入,5,0.0,6.654319,3.665432,Concept,Y,
之前,5,0.000867,6.602918,3.660552,Concept,Y,
否则说明,5,0.0,6.598046,3.659805,Concept,Y,
可变气门,5,0.0,6.597843,3.659784,Concept,Y,
知识,4,0.000693,12.571076,3.657316,Concept,Y,
使用听诊器,5,0.0,6.57174,3.657174,Concept,Y,
前氧传感器,5,0.0,6.57174,3.657174,Concept,Y,
汽车示波器,5,0.0,6.57174,3.657174,Concept,Y,
烫伤,4,0.000693,12.565782,3.656786,Concept,Y,
接近,5,0.000867,6.560244,3.656284,Concept,Y,
首先连接,5,0.0,6.543756,3.654376,Concept,Y,
发动机分册,5,0.0,6.506571,3.650657,Concept,Y,
发动机机械系统,5,0.0,6.506571,3.650657,Concept,Y,
发动机运转状态,5,0.0,6.506571,3.650657,Concept,Y,
传感器端子,6,0.0,0.467519,3.646752,Concept,Y,
花形,5,0.000867,6.455742,3.645834,Concept,Y,
挺柱,4,0.000693,12.429721,3.64318,Concept,Y,
电路存在,5,0.0,6.420732,3.642073,Concept,Y,
时为蓄电,5,0.0,6.388642,3.638864,Concept,Y,
导通,5,0.000867,6.369201,3.63718,Concept,Y,
加速不良,5,0.0,6.351111,3.635111,Concept,Y,
伺服电动机,5,0.0,6.346507,3.634651,Concept,Y,
超出,5,0.000867,6.26247,3.626507,Concept,Y,
发动机抖动严重,5,0.0,6.263407,3.626341,Concept,Y,
发动机转速保持,5,0.0,6.263407,3.626341,Concept,Y,
帕萨特,4,0.000693,12.215596,3.621768,Concept,Y,
特殊,4,0.000693,12.215596,3.621768,Concept,Y,
测得,5,0.000867,6.204754,3.620735,Concept,Y,
顺序安装,5,0.0,6.200902,3.62009,Concept,Y,
动力系统控制,5,0.0,6.165935,3.616593,ControlMethod,Y,
动力系统控制模块,5,0.0,6.165935,3.616593,ControlMethod,Y,
热车起动,5,0.0,6.165935,3.616593,Concept,Y,
奇瑞风云,4,0.0,12.11938,3.611938,Concept,Y,
速时低于,5,0.0,6.117636,3.611764,Concept,Y,
工作情况,5,0.0,6.089871,3.608987,Concept,Y,
具体,5,0.000867,6.086313,3.608891,Concept,Y,
状态并且,5,0.0,6.04245,3.604245,Concept,Y,
发现异常,5,0.000867,6.021145,3.602374,Concept,Y,
然后打开点火,5,0.0,6.011261,3.601126,Concept,Y,
然后打开点火开关,5,0.0,6.011261,3.601126,Concept,Y,
一辆奇瑞轿车,6,0.0,0.0,3.6,Concept,Y,
一辆奇瑞轿车配置,6,0.0,0.0,3.6,Concept,Y,
一辆本田雅阁,6,0.0,0.0,3.6,Concept,Y,
一辆本田雅阁轿车,6,0.0,0.0,3.6,Concept,Y,
一辆本田雅阁轿车配置,6,0.0,0.0,3.6,Concept,Y,
下面丰田,6,0.0,0.0,3.6,Concept,Y,
不同发动机转速观察,6,0.0,0.0,3.6,Concept,Y,
之间电阻,6,0.0,0.0,3.6,Concept,Y,
传感器任何条件,6,0.0,0.0,3.6,Concept,Y,
传感器电压打开,6,0.0,0.0,3.6,Concept,Y,
传感器电压打开点火,6,0.0,0.0,3.6,Concept,Y,
传感器进气,6,0.0,0.0,3.6,Concept,Y,
位置传感器发动机,6,0.0,0.0,3.6,Concept,Y,
使用精密直尺塞尺,6,0.0,0.0,3.6,Concept,Y,
使用黑色,6,0.0,0.0,3.6,Concept,Y,
信号打开,6,0.0,0.0,3.6,Concept,Y,
信号打开点火,6,0.0,0.0,3.6,Concept,Y,
信号打开点火开关,6,0.0,0.0,3.6,Concept,Y,
信息端子,6,0.0,0.0,3.6,Concept,Y,
信息端子编号,6,0.0,0.0,3.6,Concept,Y,
修理更换气门,6,0.0,0.0,3.6,Concept,Y,
区域恰当,6,0.0,0.0,3.6,Concept,Y,
区域恰当量程,6,0.0,0.0,3.6,Concept,Y,
压力燃油,6,0.0,0.0,3.6,Concept,Y,
发动机故障点亮,6,0.0,0.0,3.6,Concept,Y,
发动机机后,6,0.0,0.0,3.6,Concept,Y,
发动机模块,6,0.0,0.0,3.6,Concept,Y,
发动机状态行驶,6,0.0,0.0,3.6,Concept,Y,
发动机电控系统故障诊断,6,0.0,0.0,3.6,Concept,Y,
发动机该车行驶发动机,6,0.0,0.0,3.6,Concept,Y,
发动机转速观察,6,0.0,0.0,3.6,Concept,Y,
发动机静止状态准备,6,0.0,0.0,3.6,Concept,Y,
喷油器喷油器喷油器喷油器,6,0.0,0.0,3.6,Concept,Y,
奇瑞轿车配置,6,0.0,0.0,3.6,Concept,Y,
奇瑞轿车配置发动机,6,0.0,0.0,3.6,Concept,Y,
工作发动机,6,0.0,0.0,3.6,Concept,Y,
应为否则,6,0.0,0.0,3.6,Concept,Y,
开关位于,6,0.0,0.0,3.6,Concept,Y,
开关位于位时,6,0.0,0.0,3.6,Concept,Y,
开关位于位时位于,6,0.0,0.0,3.6,Concept,Y,
开关位置,6,0.0,0.0,3.6,Concept,Y,
开关发动机静止,6,0.0,0.0,3.6,Concept,Y,
开关发动机静止状态,6,0.0,0.0,3.6,Concept,Y,
开关打开起动发动机,6,0.0,0.0,3.6,Concept,Y,
开关时为当怠速,6,0.0,0.0,3.6,Concept,Y,
开关时为当怠速脉冲,6,0.0,0.0,3.6,Concept,Y,
开关时约发动机运转,6,0.0,0.0,3.6,Concept,Y,
开关松开,6,0.0,0.0,3.6,Concept,Y,
必要更换曲轴,6,0.0,0.0,3.6,Concept,Y,
恰当量程,6,0.0,0.0,3.6,Concept,Y,
感器发动机,6,0.0,0.0,3.6,Concept,Y,
打开起动发动机,6,0.0,0.0,3.6,Concept,Y,
拆卸相反顺序,6,0.0,0.0,3.6,Concept,Y,
损坏电缆,6,0.0,0.0,3.6,Concept,Y,
损坏电缆断路,6,0.0,0.0,3.6,Concept,Y,
损坏电缆断路短路,6,0.0,0.0,3.6,Concept,Y,
损坏电路,6,0.0,0.0,3.6,Concept,Y,
排除诊断仪,6,0.0,0.0,3.6,Concept,Y,
排除连接,6,0.0,0.0,3.6,Concept,Y,
插接插头,6,0.0,0.0,3.6,Concept,Y,
故障传感器,6,0.0,0.0,3.6,Concept,Y,
故障测试,6,0.0,0.0,3.6,Concept,Y,
故障诊断排除诊断仪,6,0.0,0.0,3.6,Concept,Y,
故障诊断排除连接,6,0.0,0.0,3.6,Concept,Y,
旋至区域,6,0.0,0.0,3.6,Concept,Y,
旋至区域恰当,6,0.0,0.0,3.6,Concept,Y,
旋至区域恰当量程,6,0.0,0.0,3.6,Concept,Y,
旋钮选择开关旋至区域,6,0.0,0.0,3.6,Concept,Y,
时为当怠速,6,0.0,0.0,3.6,Concept,Y,
时为当怠速脉冲,6,0.0,0.0,3.6,Concept,Y,
时为当怠速脉冲信号,6,0.0,0.0,3.6,Concept,Y,
时约发动机运转,6,0.0,0.0,3.6,Concept,Y,
时约发动机运转时为,6,0.0,0.0,3.6,Concept,Y,
时约变速器,6,0.0,0.0,3.6,Concept,Y,
本田发动机为例一般,6,0.0,0.0,3.6,Concept,Y,
本田雅阁轿车,6,0.0,0.0,3.6,Concept,Y,
本田雅阁轿车配置,6,0.0,0.0,3.6,Concept,Y,
本田雅阁轿车配置发动机,6,0.0,0.0,3.6,Concept,Y,
检测万用表,6,0.0,0.0,3.6,Concept,Y,
检测点火,6,0.0,0.0,3.6,Concept,Y,
检测维修发动机,6,0.0,0.0,3.6,Concept,Y,
汽车诊断系统,6,0.0,0.0,3.6,Concept,Y,
点火反馈,6,0.0,0.0,3.6,Concept,Y,
点火开关发动机静止,6,0.0,0.0,3.6,Concept,Y,
点火开关时为当怠速,6,0.0,0.0,3.6,Concept,Y,
点火开关松开,6,0.0,0.0,3.6,Concept,Y,
点火开关点火,6,0.0,0.0,3.6,Concept,Y,
状态行驶,6,0.0,0.0,3.6,Concept,Y,
现象故障诊断,6,0.0,0.0,3.6,Concept,Y,
现象故障诊断排除,6,0.0,0.0,3.6,Concept,Y,
电压传感器点火,6,0.0,0.0,3.6,Concept,Y,
电压传感器点火开关,6,0.0,0.0,3.6,Concept,Y,
电控系统故障诊断,6,0.0,0.0,3.6,Concept,Y,
直尺塞尺,6,0.0,0.0,3.6,Concept,Y,
短路损坏,6,0.0,0.0,3.6,Concept,Y,
端子信息端子,6,0.0,0.0,3.6,Concept,Y,
端子信息端子编号,6,0.0,0.0,3.6,Concept,Y,
精密直尺塞尺,6,0.0,0.0,3.6,Concept,Y,
蒙迪欧轿车,6,0.0,0.0,3.6,Concept,Y,
蒙迪欧轿车配置,6,0.0,0.0,3.6,Concept,Y,
蒙迪欧轿车配置发动机,6,0.0,0.0,3.6,Concept,Y,
蓄电池电压发动机,6,0.0,0.0,3.6,Concept,Y,
蓄电电压,6,0.0,0.0,3.6,Concept,Y,
行程发动机,6,0.0,0.0,3.6,Concept,Y,
行驶反映,6,0.0,0.0,3.6,Concept,Y,
计数发动机,6,0.0,0.0,3.6,Concept,Y,
诊断发动机,6,0.0,-1.321556,3.6,Concept,Y,
试车发动机,6,0.0,0.0,3.6,Concept,Y,
该车行驶发动机,6,0.0,0.0,3.6,Concept,Y,
该车行驶车主反映,6,0.0,0.0,3.6,Concept,Y,
转速怠速,6,0.0,0.0,3.6,Concept,Y,
运转发动机,6,0.0,-0.046448,3.6,Concept,Y,
选择开关旋至区域,6,0.0,0.0,3.6,Concept,Y,
选择开关旋至区域恰当,6,0.0,0.0,3.6,Concept,Y,
静止状态准备,6,0.0,0.0,3.6,Concept,Y,
静止状态准备开始,6,0.0,0.0,3.6,Concept,Y,
黑色白色,6,0.0,0.0,3.6,Concept,Y,
顶部边缘,4,0.0,11.986114,3.598611,Concept,Y,
清除故障码后,5,0.0,5.969764,3.596976,Concept,Y,
空调工作,5,0.0,5.952367,3.595237,Concept,Y,
防盗,4,0.000693,11.896988,3.589907,Concept,Y,
机械系统,5,0.000867,5.895659,3.589826,Concept,Y,
返回,4,0.000693,11.893668,3.589575,Concept,Y,
说明燃油泵,5,0.0,5.878358,3.587836,Concept,Y,
代表,5,0.000867,5.820202,3.58228,Concept,Y,
节气门关闭,5,0.0,5.753199,3.57532,Concept,Y,
准确,5,0.000867,5.729281,3.573188,Concept,Y,
触摸,4,0.000693,11.716025,3.57181,Concept,Y,
位置传感器接地,5,0.0,5.698266,3.569827,Concept,Y,
更换气缸盖,5,0.0,5.698211,3.569821,Concept,Y,
电阻测试,5,0.0,5.681259,3.568126,Concept,Y,
铆钉,4,0.000693,11.664186,3.566627,Concept,Y,
燃油泵工作,5,0.0,5.621722,3.562172,Concept,Y,
检测传感器信号,5,0.0,5.576224,3.557622,Concept,Y,
基础,4,0.000693,11.488614,3.549069,Concept,Y,
发动机为例说明传感器,5,0.0,5.475338,3.547534,Concept,Y,
检查发动机机油,5,0.0,5.474361,3.547436,Concept,Y,
发动机机油压力开关,5,0.0,5.469858,3.546986,Concept,Y,
长城,4,0.000693,11.458867,3.546095,Concept,Y,
然后选择,5,0.0,5.459327,3.545933,Concept,Y,
长城赛弗,4,0.0,11.458867,3.545887,Concept,Y,
长安之星,4,0.0,11.458867,3.545887,Concept,Y,
飞度,5,0.000867,5.447868,3.545047,Concept,Y,
进气压力传感器故障,5,0.0,5.440582,3.544058,Concept,Y,
转动点火开关,5,0.0,5.429608,3.542961,Concept,Y,
重新更换,5,0.0,5.384103,3.53841,Concept,Y,
重新检查,5,0.0,5.36019,3.536019,Concept,Y,
选择进气,5,0.0,5.340491,3.534049,Concept,Y,
李昌凤主编,4,0.0,11.318689,3.531869,Concept,Y,
锁紧螺母,4,0.0,11.318689,3.531869,Concept,Y,
然后打开,5,0.0,5.317688,3.531769,Concept,Y,
检查排气,5,0.0,5.281716,3.528172,Concept,Y,
首先使用,5,0.0,5.247823,3.524782,Concept,Y,
型管,5,0.000867,5.211271,3.521387,Concept,Y,
机油泵总成,5,0.0,5.209004,3.5209,Concept,Y,
直到,5,0.000867,5.17674,3.517934,Concept,Y,
逆时针,4,0.000693,11.166686,3.516877,Concept,Y,
之内,5,0.000867,5.145873,3.514847,Concept,Y,
为例说明传感器,5,0.0,5.092009,3.509201,Concept,Y,
叶片,4,0.000693,11.079223,3.50813,Concept,Y,
检查驱动,5,0.0,5.076397,3.50764,Mechanism,Y,
型氧传感器,5,0.0,5.069181,3.506918,Concept,Y,
根据以往维修经验,4,0.0,11.051209,3.505121,Concept,Y,
下限,5,0.000867,5.032191,3.503479,Concept,Y,
导板,5,0.000867,5.027339,3.502994,Concept,Y,
加热型氧传感器,5,0.0,5.023048,3.502305,Concept,Y,
组装,5,0.000867,5.014909,3.501751,Concept,Y,
脏污,4,0.000693,10.996761,3.499884,Concept,Y,
一致,5,0.000867,4.976862,3.497946,Concept,Y,
因为,5,0.000867,4.972351,3.497495,Concept,Y,
归零,4,0.000693,10.965052,3.496713,Concept,Y,
节气门位置传感器信号,5,0.0,4.958208,3.495821,Concept,Y,
部件检查,5,0.0,4.947114,3.494711,Concept,Y,
声音,4,0.000693,10.944294,3.494637,Concept,Y,
配件,5,0.000867,4.90823,3.491083,Concept,Y,
检查发动机冷却液,5,0.0,4.906472,3.490647,Concept,Y,
积炭过多,4,0.0,10.896988,3.489699,Concept,Y,
电路图,5,0.000867,4.8072,3.48098,Concept,Y,
转动点火,5,0.0,4.793821,3.479382,Concept,Y,
初步,4,0.000693,10.777425,3.477951,Concept,Y,
于是更换,5,0.0,4.778382,3.477838,Concept,Y,
位置时约,5,0.0,4.754116,3.475412,Concept,Y,
风扇运转,5,0.0,4.719327,3.471933,Concept,Y,
典型,4,0.000693,10.698537,3.470062,Concept,Y,
浅蓝,4,0.000693,10.681259,3.468334,Concept,Y,
一根,5,0.000867,4.658892,3.466149,Concept,Y,
面上,5,0.000867,4.646067,3.464867,Concept,Y,
轴向,5,0.000867,4.641244,3.464384,Concept,Y,
熄灭,4,0.000693,10.630633,3.463271,Concept,Y,
增压,5,0.000867,4.610359,3.461296,Concept,Y,
发动机无法,5,0.0,4.585335,3.458533,Concept,Y,
放油螺栓,4,0.0,10.522061,3.452206,Concept,Y,
相互,4,0.000693,10.488614,3.449069,Concept,Y,
即可按照显示屏,4,0.0,10.473664,3.447366,Concept,Y,
花形套筒,4,0.0,10.473664,3.447366,Concept,Y,
国产,4,0.000693,10.404692,3.440677,Concept,Y,
按照规定力矩拧紧,4,0.0,10.401151,3.440115,Concept,Y,
于是检查,5,0.0,4.339432,3.433943,Concept,Y,
凸轮轴链轮冲印,4,0.0,10.33211,3.433211,Concept,Y,
凸轮轴链轮冲印标记,4,0.0,10.33211,3.433211,Concept,Y,
编写,4,0.000693,10.318689,3.432077,Concept,Y,
前后,5,0.000867,4.317688,3.432029,Concept,Y,
测量节气门,5,0.0,4.319232,3.431923,Concept,Y,
发动机运行,5,0.0,4.312316,3.431232,Concept,Y,
深绿,4,0.000693,10.302748,3.430483,Concept,Y,
时基,5,0.000867,4.294561,3.429716,Concept,Y,
按照规定力矩,4,0.0,10.266222,3.426622,Concept,Y,
绕组,4,0.000693,10.259796,3.426188,Concept,Y,
两三次,4,0.000693,10.240687,3.424277,Concept,Y,
测量燃油,5,0.0,4.227191,3.422719,Concept,Y,
液面,5,0.000867,4.22339,3.422599,Concept,Y,
发动机停止,5,0.0,4.216101,3.42161,Concept,Y,
下滑,5,0.000867,4.206221,3.420882,Concept,Y,
测量进气,5,0.0,4.163496,3.41635,Concept,Y,
加入,5,0.000867,4.145466,3.414807,Concept,Y,
边缘对准,4,0.0,10.107792,3.410779,Concept,Y,
顶部边缘对准,4,0.0,10.107792,3.410779,Concept,Y,
拧紧力矩,4,0.0,10.073577,3.407358,Concept,Y,
新景,4,0.000693,10.051209,3.405329,Concept,Y,
检查曲轴,5,0.0,4.013387,3.401339,Concept,Y,
发现冷却液,5,0.0,4.012628,3.401263,Concept,Y,
说明传感器故障,5,0.0,3.98115,3.398115,Concept,Y,
对于,5,0.000867,3.976368,3.397897,Concept,Y,
检查火花塞,5,0.0,3.976862,3.397686,Concept,Y,
化油器清洗剂,4,0.0,9.934025,3.393403,Concept,Y,
偏差,4,0.000693,9.918759,3.392084,Concept,Y,
即可按照,4,0.0,9.903652,3.390365,Concept,Y,
上方,5,0.000867,3.881839,3.388444,Concept,Y,
调整点火,5,0.0,3.861384,3.386138,Concept,Y,
润滑油,5,0.000867,3.829808,3.383241,Concept,Y,
其余手指,4,0.0,9.80679,3.380679,Concept,Y,
左手拇指,4,0.0,9.80679,3.380679,Concept,Y,
卡死,4,0.000693,9.707255,3.370933,Concept,Y,
无名指,4,0.000693,9.707255,3.370933,Concept,Y,
六角,4,0.000693,9.701023,3.37031,Concept,Y,
高压,5,0.000867,3.686693,3.368929,Concept,Y,
之间形成,4,0.0,9.664186,3.366419,Concept,Y,
长期,4,0.000693,9.651512,3.365359,Concept,Y,
裙部,4,0.000693,9.630633,3.363271,Concept,Y,
传感器不良,5,0.0,3.632578,3.363258,Concept,Y,
活塞裙部,4,0.0,9.630633,3.363063,Concept,Y,
顺利,4,0.000693,9.569751,3.357183,Concept,Y,
然后检查,5,0.0,3.51743,3.351743,Concept,Y,
减轻,4,0.000693,9.505621,3.35077,Concept,Y,
传感器数据流,5,0.0,3.507047,3.350705,Concept,Y,
变矩器螺栓,4,0.0,9.488614,3.348861,Concept,Y,
变速器驱动机构,4,0.0,9.488614,3.348861,Mechanism,Y,
地址,4,0.000693,9.458867,3.346095,Concept,Y,
流出,5,0.000867,3.419948,3.342255,Concept,Y,
活塞环开口,4,0.0,9.410612,3.341061,Concept,Y,
活塞环开口间隙,4,0.0,9.410612,3.341061,Concept,Y,
起动信号,5,0.0,3.410197,3.34102,Concept,Y,
中央,4,0.000693,9.366218,3.33683,Concept,Y,
流过,5,0.000867,3.306737,3.330934,Concept,Y,
传感器电源,5,0.0,3.21754,3.321754,Concept,Y,
气环,5,0.000867,3.201479,3.320408,Concept,Y,
多余,4,0.000693,9.181793,3.318387,Concept,Y,
浅绿色,4,0.000693,9.157697,3.315978,Concept,Y,
冷却液温度传感器故障,5,0.0,3.155179,3.315518,Concept,Y,
以往维修经验,4,0.0,9.136939,3.313694,Concept,Y,
初始化,4,0.000693,9.12667,3.312875,Concept,Y,
管子,5,0.000867,3.100884,3.310348,Concept,Y,
此类,4,0.000693,9.097729,3.309981,Concept,Y,
趋势,3,0.00052,15.073577,3.307514,Concept,Y,
鲤鱼,3,0.00052,15.073577,3.307514,Concept,Y,
侵权必究,3,0.0,15.073577,3.307358,Concept,Y,
之星,4,0.000693,9.062349,3.306443,Concept,Y,
最终,4,0.000693,9.062349,3.306443,Concept,Y,
属于正常,4,0.0,9.040154,3.304015,Concept,Y,
电路电压,5,0.0,3.028414,3.302841,Concept,Y,
检测进气,5,0.0,3.027703,3.30277,Concept,Y,
密封垫,4,0.000693,9.015585,3.301767,Concept,Y,
可用,5,0.000867,3.001371,3.300397,Concept,Y,
空调制冷剂,4,0.0,8.996761,3.299676,Concept,Y,
修理厂,4,0.000693,8.98082,3.29829,Concept,Y,
自检,5,0.000867,2.940178,3.294278,Concept,Y,
更换活塞,5,0.0,2.922772,3.292277,Concept,Y,
后部,5,0.000867,2.919138,3.292174,Concept,Y,
破损,4,0.000693,8.90867,3.291075,Concept,Y,
维修技能,4,0.0,8.881284,3.288128,Concept,Y,
维修检查,5,0.0,2.88,3.288,Concept,Y,
要求,4,0.000693,8.87718,3.287926,Concept,Y,
位置开关,5,0.0,2.850103,3.28501,Concept,Y,
系统控制,5,0.000867,2.84581,3.284841,ControlMethod,Y,
传感器损坏,5,0.0,2.844082,3.284408,Concept,Y,
检查冷却液,5,0.0,2.840725,3.284072,Concept,Y,
号线,5,0.000867,2.836388,3.283899,Concept,Y,
规定力矩拧紧,4,0.0,8.80679,3.280679,Concept,Y,
怠速状态并且,4,0.0,8.792806,3.279281,Concept,Y,
受到,4,0.000693,8.788175,3.279025,Concept,Y,
阀门,5,0.000867,2.779588,3.278219,Concept,Y,
管子扳手,4,0.0,8.778956,3.277896,Concept,Y,
万用表欧姆,4,0.0,8.753905,3.27539,Concept,Y,
危险,3,0.00052,14.751649,3.275321,Concept,Y,
逻辑,3,0.00052,14.751649,3.275321,Concept,Y,
显示区均,4,0.0,8.733727,3.273373,Concept,Y,
现代索纳塔,4,0.0,8.716025,3.271602,Concept,Y,
爆燃适应,4,0.0,8.694198,3.26942,Concept,Y,
选择相应,4,0.0,8.694198,3.26942,Concept,Y,
通信线路,4,0.000693,8.651512,3.265359,Concept,Y,
说明故障,5,0.0,2.620403,3.26204,Concept,Y,
特别,4,0.000693,8.600886,3.260297,Concept,Y,
空调制冷剂压力,4,0.0,8.597843,3.259784,Concept,Y,
诊断仪器,5,0.0,2.589887,3.258989,Concept,Y,
两边,4,0.000693,8.577722,3.25798,Concept,Y,
冷却液温度表指针,4,0.0,8.561824,3.256182,Concept,Y,
认真,4,0.000693,8.540247,3.254233,Concept,Y,
风云,4,0.000693,8.53248,3.253456,Concept,Y,
供油修正,4,0.0,8.52283,3.252283,Concept,Y,
发现气门,5,0.0,2.521028,3.252103,Concept,Y,
温度传感器故障,5,0.0,2.509844,3.250984,Concept,Y,
侵权,3,0.00052,14.488614,3.249017,Concept,Y,
以往维修,4,0.0,8.484862,3.248486,Concept,Y,
根据以往维修,4,0.0,8.484862,3.248486,Concept,Y,
系统控制模块接地,4,0.0,8.458867,3.245887,ControlMethod,Y,
调整气门间隙,4,0.0,8.424321,3.242432,Concept,Y,
接通电源,4,0.0,8.408241,3.240824,Concept,Y,
积炭导致,4,0.0,8.39146,3.239146,Concept,Y,
加注口盖,4,0.0,8.390582,3.239058,Concept,Y,
大气,5,0.000867,2.369284,3.237188,Concept,Y,
扭曲,4,0.000693,8.356757,3.235884,Concept,Y,
单向阀,4,0.000693,8.352478,3.235456,Concept,Y,
释放,4,0.000693,8.328743,3.233082,Concept,Y,
诊断软件,4,0.0,8.318689,3.231869,Concept,Y,
检查信号,5,0.0,2.304436,3.230444,Concept,Y,
并且松开加速踏板,4,0.0,8.29879,3.229879,Concept,Y,
节气门位置传感器线束,4,0.0,8.276996,3.2277,Concept,Y,
变速器驱动机构档位,4,0.0,8.272677,3.227268,Mechanism,Y,
驱动机构档位,4,0.0,8.272677,3.227268,Mechanism,Y,
火花塞故障,5,0.0,2.270657,3.227066,Concept,Y,
砂纸,3,0.00052,14.266222,3.226778,Concept,Y,
棕色,4,0.000693,8.264613,3.226669,Concept,Y,
电压检查,5,0.0,2.262616,3.226262,Concept,Y,
信号正常,5,0.0,2.246333,3.224633,Concept,Y,
示意图,4,0.000693,8.228087,3.223017,Concept,Y,
高时,5,0.000867,2.222503,3.22251,Concept,Y,
间隙大于,4,0.0,8.210165,3.221016,Concept,Y,
温度表指针,4,0.0,8.203212,3.220321,Concept,Y,
汽车发动机,5,0.0,2.185404,3.21854,Concept,Y,
折断,4,0.000693,8.178759,3.218084,Concept,Y,
并且按下,4,0.0,8.169695,3.216969,Concept,Y,
有所差异,4,0.0,8.155459,3.215546,Concept,Y,
转换,5,0.000867,2.112285,3.211489,Concept,Y,
确认进入,4,0.0,8.100119,3.210012,Concept,Y,
早上,4,0.000693,8.083473,3.208555,Concept,Y,
本身,4,0.000693,8.079223,3.20813,Concept,Y,
发动机转动,5,0.0,2.078472,3.207847,Concept,Y,
仍然,4,0.000693,8.070762,3.207284,Concept,Y,
按下电源开关,4,0.0,8.070762,3.207076,Concept,Y,
驱动机构档位开关,4,0.0,8.070762,3.207076,Mechanism,Y,
卡住,4,0.000693,8.059556,3.206164,Concept,Y,
进气歧管绝对,4,0.0,8.031918,3.203192,Concept,Y,
进气歧管绝对压力,4,0.0,8.031918,3.203192,Concept,Y,
百分表测量,4,0.0,8.004798,3.20048,Concept,Y,
密封圈,4,0.000693,7.998098,3.200018,Concept,Y,
模块接地,4,0.0,7.999435,3.199944,Concept,Y,
排放控制系统,4,0.0,7.988768,3.198877,ControlMethod,Y,
滤清器堵塞,4,0.0,7.967014,3.196701,Concept,Y,
将会导致,4,0.0,7.957233,3.195723,Concept,Y,
安装完成,4,0.0,7.937867,3.193787,Concept,Y,
容易熄火,4,0.0,7.928919,3.192892,Concept,Y,
第四节,4,0.000693,7.921926,3.192401,Concept,Y,
按照显示屏提示,4,0.0,7.906159,3.190616,Concept,Y,
盒子,4,0.000693,7.903652,3.190573,Concept,Y,
区均,4,0.000693,7.890562,3.189264,Concept,Y,
怠速控制阀插头,4,0.0,7.883135,3.188313,ControlMethod,Y,
燃油泵滤网,4,0.0,7.877589,3.187759,Concept,Y,
绿色,4,0.000693,7.849575,3.185166,Concept,Y,
断火,5,0.000867,1.841456,3.184406,Concept,Y,
系统故障实例,4,0.0,7.836765,3.183677,Concept,Y,
几个,4,0.000693,7.825649,3.182773,Concept,Y,
信号太低,4,0.0,7.816189,3.181619,Concept,Y,
屏幕显示,4,0.000693,7.800364,3.180244,Concept,Y,
否则可能,4,0.0,7.774369,3.177437,Concept,Y,
旗云,3,0.00052,13.751649,3.175321,Concept,Y,
东方之子轿车,4,0.0,7.751649,3.175165,Concept,Y,
之子轿车,4,0.0,7.751649,3.175165,Concept,Y,
奇瑞东方之子轿车,4,0.0,7.751649,3.175165,Concept,Y,
车辆识别,4,0.0,7.751649,3.175165,Concept,Y,
旋转曲轴,4,0.0,7.74378,3.174378,Concept,Y,
控制系统故障排除,4,0.0,7.733727,3.173373,ControlMethod,Y,
总结,4,0.000693,7.729281,3.173136,Concept,Y,
手动,5,0.000867,1.697165,3.169977,Concept,Y,
点火线圈脉冲,4,0.0,7.692034,3.169203,Concept,Y,
发现故障,5,0.0,1.685694,3.168569,Concept,Y,
查阅,4,0.000693,7.674833,3.167691,Concept,Y,
驱动部件,4,0.0,7.651512,3.165151,Mechanism,Y,
信号太高,4,0.0,7.646264,3.164626,Concept,Y,
厚度,4,0.000693,7.640513,3.164259,Concept,Y,
电动,5,0.000867,1.60522,3.160782,Concept,Y,
端的,5,0.000867,1.599998,3.16026,Concept,Y,
发动机维修,5,0.0,1.581583,3.158158,Concept,Y,
火花,4,0.000693,7.576933,3.157901,Concept,Y,
没有任何,4,0.0,7.542195,3.15422,Concept,Y,
传递,4,0.000693,7.536358,3.153844,Concept,Y,
压缩比,4,0.000693,7.536358,3.153844,Concept,Y,
点火正极电压,4,0.0,7.536358,3.153636,Concept,Y,
运转时为蓄电池电压,4,0.0,7.534903,3.15349,Concept,Y,
信息应用,4,0.0,7.517071,3.151707,Concept,Y,
用于拆装,4,0.0,7.517071,3.151707,Concept,Y,
并且松开加速,4,0.0,7.496148,3.149615,Concept,Y,
关闭不严,4,0.0,7.485799,3.14858,Concept,Y,
存在短路,4,0.0,7.452441,3.145244,Concept,Y,
大拇指,4,0.000693,7.439673,3.144175,Concept,Y,
运转时为蓄电池,4,0.0,7.423871,3.142387,Concept,Y,
线圈脉冲,4,0.0,7.408241,3.140824,Concept,Y,
还是,4,0.000693,7.364493,3.136657,Concept,Y,
传感器电路存在,4,0.0,7.355044,3.135504,Concept,Y,
基准,4,0.000693,7.330185,3.133227,Concept,Y,
位置传感器故障,5,0.0,1.332057,3.133206,Concept,Y,
电压测量,5,0.0,1.290553,3.129055,Concept,Y,
位置时应低于,4,0.0,7.290169,3.129017,Concept,Y,
执行元件,4,0.0,7.284858,3.128486,Concept,Y,
踏板时为蓄电池电压,4,0.0,7.273216,3.127322,Concept,Y,
悬架,3,0.00052,13.266222,3.126778,Concept,Y,
更换原厂,4,0.0,7.263809,3.126381,Concept,Y,
是否泄漏,4,0.0,7.252201,3.12522,Concept,Y,
故障记忆,4,0.0,7.218189,3.121819,Concept,Y,
加速困难,4,0.0,7.166686,3.116669,Concept,Y,
踏板时为蓄电池,4,0.0,7.162185,3.116218,Concept,Y,
更换进气软管,4,0.0,7.126305,3.112631,Concept,Y,
散热器软管,4,0.0,7.074281,3.107428,Concept,Y,
时为传感器电路,4,0.0,7.072169,3.107217,Concept,Y,
时为传感器电路存在,4,0.0,7.072169,3.107217,Concept,Y,
时为负荷,4,0.0,7.072169,3.107217,Concept,Y,
控制阀插头,4,0.0,7.001779,3.100178,ControlMethod,Y,
时用,5,0.000867,0.975094,3.097769,Concept,Y,
划伤,3,0.00052,12.9581,3.095966,Concept,Y,
传感器插头端子,4,0.0,6.940006,3.094001,Concept,Y,
基本正常,4,0.0,6.918759,3.091876,Concept,Y,
疑难杂症,3,0.00052,12.903652,3.090521,Concept,Y,
一样,4,0.000693,6.8999,3.090198,Concept,Y,
灰尘,3,0.00052,12.87718,3.087874,Concept,Y,
钢丝刷,3,0.00052,12.87718,3.087874,Concept,Y,
可燃混合气,4,0.0,6.873904,3.08739,Concept,Y,
气缸盖垫片,4,0.0,6.873904,3.08739,Concept,Y,
气门挺杆,4,0.0,6.873904,3.08739,Concept,Y,
气门间隙调整,4,0.0,6.873904,3.08739,Concept,Y,
极性,4,0.000693,6.867478,3.086956,Concept,Y,
位于其他档位时为,4,0.0,6.817073,3.081707,Concept,Y,
其他档位时为,4,0.0,6.817073,3.081707,Concept,Y,
档位时为,4,0.0,6.817073,3.081707,Concept,Y,
规定力矩,4,0.0,6.80679,3.080679,Concept,Y,
位置时应,4,0.0,6.804742,3.080474,Concept,Y,
企业,3,0.00052,12.751649,3.075321,Concept,Y,
偶尔,3,0.00052,12.751649,3.075321,Concept,Y,
反复,4,0.000693,6.750522,3.07526,Concept,Y,
是否存在,4,0.0,6.747897,3.07479,Concept,Y,
电位,5,0.000867,0.737957,3.074056,Concept,Y,
电解液,4,0.000693,6.731502,3.073358,Concept,Y,
电压比例,4,0.0,6.731502,3.07315,Concept,Y,
电控元件,4,0.0,6.731502,3.07315,Concept,Y,
电控燃油供给,4,0.0,6.731502,3.07315,Concept,Y,
蓄电池充电,4,0.0,6.731502,3.07315,Concept,Y,
技能,4,0.000693,6.711359,3.071344,Concept,Y,
连接燃油压力表检查,4,0.0,6.687355,3.068735,Concept,Y,
冷却器,5,0.000867,0.684214,3.068681,Concept,Y,
形圈,4,0.000693,6.680615,3.06827,Concept,Y,
油位,5,0.000867,0.672764,3.067536,Concept,Y,
宽度,4,0.000693,6.640513,3.064259,Concept,Y,
故障依然,4,0.0,6.633227,3.063323,Concept,Y,
属于,4,0.000693,6.593039,3.059512,Concept,Y,
只要,4,0.000693,6.591777,3.059386,Concept,Y,
使用万用表测量,4,0.0,6.587245,3.058724,Concept,Y,
电池电压,4,0.0,6.587112,3.058711,Concept,Y,
控制器,5,0.000867,0.580785,3.058338,ControlMethod,Y,
升至,4,0.000693,6.576723,3.05788,Concept,Y,
否则更换传感器,4,0.0,6.57174,3.057174,Concept,Y,
曲轴平衡器,4,0.0,6.57174,3.057174,Concept,Y,
歧管绝对压力传感器,4,0.0,6.57174,3.057174,Concept,Y,
空调制冷剂压力传感器,4,0.0,6.57174,3.057174,Concept,Y,
绝对压力传感器,4,0.0,6.57174,3.057174,Concept,Y,
起动机继电器,4,0.0,6.57174,3.057174,Concept,Y,
之间变化,4,0.0,6.555661,3.055566,Concept,Y,
压缩空气,4,0.000693,6.551976,3.055406,Concept,Y,
科学技术,3,0.00052,12.550015,3.055157,Concept,Y,
转动时为,4,0.0,6.54317,3.054317,Concept,Y,
万用,4,0.000693,6.526593,3.052867,Concept,Y,
汽车电脑,4,0.0,6.527969,3.052797,Concept,Y,
断开机油,4,0.0,6.518029,3.051803,Concept,Y,
发射极,4,0.000693,6.506571,3.050865,Concept,Y,
发动机控制系统故障排除,4,0.0,6.506571,3.050657,ControlMethod,Y,
发动机机械故障排除,4,0.0,6.506571,3.050657,Concept,Y,
发动机转动时为,4,0.0,6.506571,3.050657,Concept,Y,
发热元件,4,0.0,6.506571,3.050657,Concept,Y,
发电机输出,4,0.0,6.506571,3.050657,Concept,Y,
残余,3,0.00052,12.503721,3.050528,Concept,Y,
并且发动机冷却液,4,0.0,6.491435,3.049143,Concept,Y,
踏板松开,4,0.0,6.490808,3.049081,Concept,Y,
比例,4,0.000693,6.460708,3.046279,Concept,Y,
测量晶体管,4,0.0,6.460478,3.046048,Concept,Y,
故障实例,4,0.0,6.440582,3.044058,Concept,Y,
装备,4,0.000693,6.429946,3.043203,Concept,Y,
电磁,4,0.000693,6.405274,3.040735,Concept,Y,
损失,4,0.000693,6.394097,3.039618,Concept,Y,
很大,4,0.000693,6.389047,3.039113,Concept,Y,
形式,4,0.000693,6.376175,3.037825,Concept,Y,
刮伤,3,0.00052,12.373137,3.03747,Concept,Y,
清洁节气门,4,0.0,6.351837,3.035184,Concept,Y,
机构档位,4,0.0,6.346507,3.034651,Concept,Y,
机构档位开关,4,0.0,6.346507,3.034651,Concept,Y,
机械故障排除,4,0.0,6.346507,3.034651,Concept,Y,
机油冷却器,4,0.0,6.346507,3.034651,Concept,Y,
机油压力指示灯,4,0.0,6.346507,3.034651,Concept,Y,
空调压缩机,4,0.0,6.346507,3.034651,Concept,Y,
击穿,3,0.00052,12.318689,3.032025,Concept,Y,
点火正极,4,0.0,6.296321,3.029632,Concept,Y,
拆下火花塞,4,0.0,6.293154,3.029315,Concept,Y,
研磨气门,4,0.0,6.275915,3.027592,Concept,Y,
添加冷却液,4,0.0,6.237,3.0237,Concept,Y,
显示波形,4,0.0,6.233323,3.023332,Concept,Y,
构成,4,0.000693,6.189406,3.019149,Concept,Y,
发现任何,4,0.0,6.184643,3.018464,Concept,Y,
再次起动,4,0.0,6.165935,3.016593,Concept,Y,
动力系统控制模块接地,4,0.0,6.165935,3.016593,ControlMethod,Y,
变速器驱动,4,0.0,6.165935,3.016593,Mechanism,Y,
使用活塞环,4,0.0,6.122292,3.012229,Concept,Y,
检修电路,4,0.0,6.098804,3.00988,Concept,Y,
干扰,3,0.00052,12.073577,3.007514,Concept,Y,
信号电压应为,4,0.0,6.039466,3.003947,Concept,Y,
机油滤网,4,0.0,6.024579,3.002458,Concept,Y,
材料,3,0.00052,12.014683,3.001624,Concept,Y,
金德,3,0.00052,12.014683,3.001624,Concept,Y,
放大,4,0.000693,6.009989,3.001207,Concept,Y,
针插,4,0.000693,6.003456,3.000554,Concept,Y,
机油指示灯,4,0.0,6.003456,3.000346,Concept,Y,
一级菜单显示屏,5,0.0,0.0,3.0,Concept,Y,
一级菜单显示屏显示,5,0.0,0.0,3.0,Concept,Y,
一辆奥迪,5,0.0,0.0,3.0,Concept,Y,
丰田发动机为例一般,5,0.0,0.0,3.0,Concept,Y,
传感器信号传感器点火,5,0.0,0.0,3.0,Concept,Y,
传感器好坏,5,0.0,0.0,3.0,Concept,Y,
传感器接地传感器,5,0.0,0.0,3.0,Concept,Y,
传感器接地使用,5,0.0,0.0,3.0,Concept,Y,
传感器接地发动机,5,0.0,0.0,3.0,Concept,Y,
传感器接地发动机怠速,5,0.0,0.0,3.0,Concept,Y,
传感器电路短路,5,0.0,0.0,3.0,Concept,Y,
传感器电路短路断路,5,0.0,0.0,3.0,Concept,Y,
传感器试车,5,0.0,0.0,3.0,Concept,Y,
位置传感器点火,5,0.0,0.0,3.0,Concept,Y,
位置应为蓄电池,5,0.0,0.0,3.0,Concept,Y,
位置应为蓄电池电压,5,0.0,0.0,3.0,Concept,Y,
低于点火,5,0.0,0.0,3.0,Concept,Y,
作用发动机,5,0.0,0.0,3.0,Concept,Y,
使用黄色,5,0.0,0.0,3.0,Concept,Y,
使用黑色白色,5,0.0,0.0,3.0,Concept,Y,
信号位于,5,0.0,0.0,3.0,Concept,Y,
信号点火开关,5,0.0,0.0,3.0,Concept,Y,
信号节气门,5,0.0,0.0,3.0,Concept,Y,
信息端子编号导线,5,0.0,0.0,3.0,Concept,Y,
冷却液报警,5,0.0,0.0,3.0,Concept,Y,
冷却液正常,5,0.0,0.0,3.0,Concept,Y,
前侧辅助传感器,5,0.0,0.0,3.0,Concept,Y,
功用原理功用安装,5,0.0,0.0,3.0,Concept,Y,
功用安装,5,0.0,0.0,3.0,Concept,Y,
功用安装位置,5,0.0,0.0,3.0,Concept,Y,
压力发现,5,0.0,0.0,3.0,Concept,Y,
原理功用安装,5,0.0,0.0,3.0,Concept,Y,
原理功用安装位置,5,0.0,0.0,3.0,Concept,Y,
反馈发动机,5,0.0,0.0,3.0,Concept,Y,
发动机冷却液传感器,5,0.0,0.0,3.0,Concept,Y,
发动机怠速发动机,5,0.0,0.0,3.0,Concept,Y,
发动机检查,5,0.0,-0.078421,3.0,Concept,Y,
发动机端子,5,0.0,-0.361084,3.0,Concept,Y,
发动机该车行驶车主,5,0.0,0.0,3.0,Concept,Y,
发动机进气,5,0.0,-0.899824,3.0,Concept,Y,
变化变化,5,0.0,0.0,3.0,Concept,Y,
变速器档位开关位于,5,0.0,0.0,3.0,Concept,Y,
喷油器发动机,5,0.0,0.0,3.0,Concept,Y,
喷油器打开,5,0.0,0.0,3.0,Concept,Y,
喷油器点火,5,0.0,0.0,3.0,Concept,Y,
堵塞更换,5,0.0,0.0,3.0,Concept,Y,
奥迪轿车,5,0.0,0.0,3.0,Concept,Y,
安装拆卸,5,0.0,0.0,3.0,Concept,Y,
导线颜色电路,5,0.0,0.0,3.0,Concept,Y,
导线颜色电路编号,5,0.0,0.0,3.0,Concept,Y,
开关发动机运转,5,0.0,0.0,3.0,Concept,Y,
开关打开点火,5,0.0,0.0,3.0,Concept,Y,
开关打开点火开关,5,0.0,0.0,3.0,Concept,Y,
开关时约传感器,5,0.0,0.0,3.0,Concept,Y,
开关起动发动机,5,0.0,0.0,3.0,Concept,Y,
开关转至位置时约,5,0.0,0.0,3.0,Concept,Y,
异响一辆,5,0.0,0.0,3.0,Concept,Y,
打开点火开关松开,5,0.0,0.0,3.0,Concept,Y,
拆卸相反顺序安装,5,0.0,0.0,3.0,Concept,Y,
损坏喷油器,5,0.0,0.0,3.0,Concept,Y,
损坏电路短路,5,0.0,0.0,3.0,Concept,Y,
损坏电路短路断路,5,0.0,0.0,3.0,Concept,Y,
换档电磁阀发动机,5,0.0,0.0,3.0,Concept,Y,
排除奇瑞,5,0.0,0.0,3.0,Concept,Y,
排除蒙迪欧,5,0.0,0.0,3.0,Concept,Y,
排除雪佛兰,5,0.0,0.0,3.0,Concept,Y,
接地传感器,5,0.0,0.0,3.0,Concept,Y,
接地使用,5,0.0,0.0,3.0,Concept,Y,
提示操作,5,0.0,0.0,3.0,Concept,Y,
提示操作诊断,5,0.0,0.0,3.0,Concept,Y,
插入插孔,5,0.0,0.0,3.0,Concept,Y,
插头发动机,5,0.0,0.0,3.0,Concept,Y,
插头端子之间电压,5,0.0,0.0,3.0,Concept,Y,
故障于是,5,0.0,0.0,3.0,Concept,Y,
故障排除奇瑞,5,0.0,0.0,3.0,Concept,Y,
故障故障诊断,5,0.0,0.0,3.0,Concept,Y,
散热器散热器,5,0.0,0.0,3.0,Concept,Y,
断路损坏电路,5,0.0,0.0,3.0,Concept,Y,
断路损坏电路短路,5,0.0,0.0,3.0,Concept,Y,
时为加速,5,0.0,0.0,3.0,Concept,Y,
时为蓄电电压,5,0.0,0.0,3.0,Concept,Y,
时机压力,5,0.0,0.0,3.0,Concept,Y,
时约变速器档位,5,0.0,0.0,3.0,Concept,Y,
时约变速器档位开关,5,0.0,0.0,3.0,Concept,Y,
时约点火,5,0.0,0.0,3.0,Concept,Y,
时约点火开关,5,0.0,0.0,3.0,Concept,Y,
时约点火开关转至,5,0.0,0.0,3.0,Concept,Y,
显示屏提示操作,5,0.0,0.0,3.0,Concept,Y,
显示屏提示操作诊断,5,0.0,0.0,3.0,Concept,Y,
显示屏显示选择进气,5,0.0,0.0,3.0,Concept,Y,
显示显示,5,0.0,0.0,3.0,Concept,Y,
显示选择进气,5,0.0,0.0,3.0,Concept,Y,
显示选择进气歧管,5,0.0,0.0,3.0,Concept,Y,
曲轴凸轮轴,5,0.0,0.0,3.0,Concept,Y,
更换传感器传感器,5,0.0,0.0,3.0,Concept,Y,
松开加速踏板完全,5,0.0,0.0,3.0,Concept,Y,
极限更换,5,0.0,0.0,3.0,Concept,Y,
档位开关位于,5,0.0,0.0,3.0,Concept,Y,
档位开关位于位时,5,0.0,0.0,3.0,Concept,Y,
检修更换,5,0.0,0.0,3.0,Concept,Y,
检查调整,5,0.0,0.0,3.0,Concept,Y,
正常火花塞,5,0.0,0.0,3.0,Concept,Y,
正常说明,5,0.0,0.0,3.0,Concept,Y,
气门行程发动机,5,0.0,0.0,3.0,Concept,Y,
活塞活塞,5,0.0,0.0,3.0,Concept,Y,
活塞活塞环,5,0.0,0.0,3.0,Concept,Y,
点击进入,5,0.0,0.0,3.0,Concept,Y,
点击进入一级,5,0.0,0.0,3.0,Concept,Y,
点击进入一级菜单,5,0.0,0.0,3.0,Concept,Y,
点火反馈发动机,5,0.0,0.0,3.0,Concept,Y,
点火开关发动机运转,5,0.0,0.0,3.0,Concept,Y,
点火开关完全,5,0.0,0.0,3.0,Concept,Y,
点火开关完全松开,5,0.0,0.0,3.0,Concept,Y,
点火开关点火开关,5,0.0,0.0,3.0,Concept,Y,
燃油泵燃油,5,0.0,0.0,3.0,Concept,Y,
电压电压,5,0.0,0.0,3.0,Concept,Y,
直流电测量,5,0.0,0.0,3.0,Concept,Y,
相反顺序安装,5,0.0,0.0,3.0,Concept,Y,
短路断路损坏电路,5,0.0,0.0,3.0,Concept,Y,
福特蒙迪欧轿车,5,0.0,0.0,3.0,Concept,Y,
福特蒙迪欧轿车配置,5,0.0,0.0,3.0,Concept,Y,
端子接地之间,5,0.0,0.0,3.0,Concept,Y,
端子插头,5,0.0,0.0,3.0,Concept,Y,
维修发动机分册,5,0.0,0.0,3.0,Concept,Y,
编号导线颜色电路,5,0.0,0.0,3.0,Concept,Y,
菜单显示屏,5,0.0,0.0,3.0,Concept,Y,
菜单显示屏显示,5,0.0,0.0,3.0,Concept,Y,
螺栓然后,5,0.0,0.0,3.0,Concept,Y,
行驶该车,5,0.0,0.0,3.0,Concept,Y,
见表发动机,5,0.0,0.0,3.0,Concept,Y,
起动故障诊断排除首先,5,0.0,0.0,3.0,Concept,Y,
踏板完全踩下加速,5,0.0,0.0,3.0,Concept,Y,
踏板应为,5,0.0,0.0,3.0,Concept,Y,
转至位置时约,5,0.0,0.0,3.0,Concept,Y,
软管散热器,5,0.0,0.0,3.0,Concept,Y,
过大检查,5,0.0,0.0,3.0,Concept,Y,
运转并且,5,0.0,0.0,3.0,Concept,Y,
进入一级,5,0.0,0.0,3.0,Concept,Y,
进入一级菜单,5,0.0,0.0,3.0,Concept,Y,
进入一级菜单显示屏,5,0.0,0.0,3.0,Concept,Y,
进气漏气,5,0.0,0.0,3.0,Concept,Y,
选择显示屏,5,0.0,0.0,3.0,Concept,Y,
选择显示屏显示,5,0.0,0.0,3.0,Concept,Y,
选择显示屏显示中文,5,0.0,0.0,3.0,Concept,Y,
间隙过大检查,5,0.0,0.0,3.0,Concept,Y,
颜色电路,5,0.0,0.0,3.0,Concept,Y,
颜色电路编号,5,0.0,0.0,3.0,Concept,Y,
马自达轿车,5,0.0,0.0,3.0,Concept,Y,
马自达轿车配置,5,0.0,0.0,3.0,Concept,Y,
马自达轿车配置发动机,5,0.0,0.0,3.0,Concept,Y,
黄色黑色,5,0.0,0.0,3.0,Concept,Y,
黑色喷油器,5,0.0,0.0,3.0,Concept,Y,
处于怠速,4,0.0,5.99176,2.999176,Concept,Y,
外部,4,0.000693,5.986777,2.998886,Concept,Y,
故障代码,4,0.0,5.98115,2.998115,Concept,Y,
故障记录,4,0.0,5.98115,2.998115,Concept,Y,
标尺,4,0.000693,5.931151,2.993323,Concept,Y,
步进电动机,4,0.0,5.933066,2.993307,Concept,Y,
复试,4,0.000693,5.920447,2.992253,Concept,Y,
绝缘,3,0.00052,11.903652,2.990521,Concept,Y,
踏板时约,4,0.0,5.889166,2.988917,Concept,Y,
起动发动机怠速运转,4,0.0,5.886225,2.988622,Concept,Y,
到达,4,0.000693,5.881284,2.988336,Concept,Y,
发电量,4,0.000693,5.869617,2.98717,Concept,Y,
气门关闭,4,0.0,5.869923,2.986992,Concept,Y,
星期,3,0.00052,11.851184,2.985274,Concept,Y,
试灯,4,0.000693,5.846683,2.984876,Concept,Y,
动态数据流,4,0.0,5.844007,2.984401,Concept,Y,
模拟,3,0.00052,11.825649,2.982721,Concept,Y,
回转中心,3,0.0,11.825649,2.982565,Concept,Y,
隔开,4,0.000693,5.82239,2.982447,Concept,Y,
系统故障排除,4,0.0,5.818843,2.981884,Concept,Y,
位置正确,4,0.0,5.804742,2.980474,Concept,Y,
凸轮轴凸轮,4,0.0,5.791067,2.979107,Concept,Y,
测量燃油压力,4,0.0,5.782406,2.978241,Concept,Y,
印刷,3,0.00052,11.766148,2.976771,Concept,Y,
解码器,4,0.000693,5.764385,2.976646,Concept,Y,
混合比太,3,0.0,11.766148,2.976615,Concept,Y,
传感器加热,4,0.0,5.762702,2.97627,Concept,Y,
丢失,3,0.00052,11.751649,2.975321,Concept,Y,
拉索,3,0.00052,11.751649,2.975321,Concept,Y,
补充,3,0.00052,11.751649,2.975321,Concept,Y,
动态数据,4,0.000347,5.750897,2.975194,Concept,Y,
规定范围,4,0.0,5.719327,2.971933,Concept,Y,
防抱死,3,0.00052,11.704343,2.97059,Concept,Y,
底板,4,0.000693,5.694605,2.969668,Concept,Y,
曲轴链轮,4,0.0,5.67965,2.967965,Concept,Y,
解体发动机,4,0.0,5.625977,2.962598,Concept,Y,
导致冷却液,4,0.0,5.624557,2.962456,Concept,Y,
切勿,3,0.00052,11.614145,2.961571,Concept,Y,
大多,4,0.000693,5.603172,2.960525,Concept,Y,
正常情况,4,0.0,5.596831,2.959683,Concept,Y,
加速踏板时为,4,0.0,5.591105,2.95911,Concept,Y,
电控燃油,4,0.0,5.581724,2.958172,Concept,Y,
工作状态,4,0.0,5.570496,2.95705,Concept,Y,
底部,4,0.000693,5.564544,2.956662,Concept,Y,
机油加注,4,0.0,5.539152,2.953915,Concept,Y,
捏住,3,0.00052,11.518988,2.952055,Concept,Y,
混合气过稀,3,0.0,11.488614,2.948861,Concept,Y,
试车发现,4,0.0,5.460708,2.946071,Concept,Y,
装复试车故障,4,0.0,5.440582,2.944058,Concept,Y,
说明存在故障,4,0.0,5.440582,2.944058,Concept,Y,
一般维修,4,0.0,5.414473,2.941447,Concept,Y,
锁紧机构,3,0.0,11.410612,2.941061,Concept,Y,
发动机无法起动,4,0.0,5.388938,2.938894,Concept,Y,
前端,4,0.000693,5.385326,2.938741,Concept,Y,
奇瑞旗云,3,0.0,11.382415,2.938241,Concept,Y,
撬动,4,0.000693,5.35858,2.936066,Concept,Y,
触发电平,3,0.0,11.345656,2.934566,Concept,Y,
转矩,4,0.000693,5.324336,2.932642,Concept,Y,
讲解,3,0.00052,11.292217,2.929378,Concept,Y,
超声波,3,0.00052,11.266222,2.926778,Concept,Y,
压力传感器信号,4,0.0,5.2616,2.92616,Concept,Y,
检测爆燃,4,0.0,5.252334,2.925233,Concept,Y,
清洗散热器,4,0.0,5.240291,2.924029,Concept,Y,
扫描工具,3,0.0,11.215596,2.92156,Concept,Y,
配合,4,0.000693,5.156391,2.915847,Concept,Y,
转速低于,4,0.0,5.153969,2.915397,Concept,Y,
故障诊断插头,4,0.0,5.142378,2.914238,Concept,Y,
触点,4,0.000693,5.137086,2.913917,Concept,Y,
检查连杆,4,0.0,5.135559,2.913556,Concept,Y,
发送,4,0.000693,5.12806,2.913014,Concept,Y,
发动机怠速不稳,4,0.0,5.111404,2.91114,Concept,Y,
套管,4,0.000693,5.106531,2.910861,Concept,Y,
电压输出,4,0.0,5.101943,2.910194,Concept,Y,
压力指示灯,4,0.0,5.100597,2.91006,Concept,Y,
相连,4,0.000693,5.079223,2.90813,Concept,Y,
更换线束,4,0.0,5.062175,2.906217,Concept,Y,
节气门体上,4,0.0,5.053725,2.905373,Concept,Y,
出来,4,0.000693,5.049476,2.905156,Concept,Y,
拆解,4,0.000693,5.034829,2.903691,Concept,Y,
放炮,3,0.00052,11.029183,2.903074,Concept,Y,
机油压力过低,4,0.0,5.024579,2.902458,Concept,Y,
检测仪读取,4,0.0,5.021009,2.902101,Concept,Y,
检测传感器插头,4,0.0,5.021009,2.902101,Concept,Y,
浅绿,3,0.00052,11.010567,2.901213,Concept,Y,
沉积,3,0.00052,10.986114,2.898767,Concept,Y,
位置传感器主要,4,0.0,4.965052,2.896505,Concept,Y,
传感器内部,4,0.0,4.940006,2.894001,Concept,Y,
取下,4,0.000693,4.926838,2.892892,Concept,Y,
连接插头,4,0.0,4.90867,2.890867,Concept,Y,
检查水泵,4,0.0,4.898859,2.889886,Concept,Y,
松开锁紧螺母,3,0.0,10.883752,2.888375,Concept,Y,
吸气,4,0.000693,4.873904,2.887598,Concept,Y,
温度传感器电压,4,0.0,4.843631,2.884363,Concept,Y,
电阻检测,4,0.0,4.798616,2.879862,Concept,Y,
水中,4,0.000693,4.796362,2.879844,Concept,Y,
发动机润滑系统故障,4,0.0,4.796725,2.879673,Concept,Y,
电磁阀电路,4,0.0,4.788464,2.878846,Concept,Y,
发动机动力,4,0.0,4.760906,2.876091,Mission,Y,
诊断功能,4,0.0,4.760694,2.876069,Concept,Y,
检查燃油压力,4,0.0,4.754469,2.875447,Concept,Y,
关闭节气门,4,0.0,4.753199,2.87532,Concept,Y,
任何时候,3,0.0,10.751649,2.875165,Concept,Y,
别克,3,0.00052,10.721901,2.872346,Concept,Y,
破裂,3,0.00052,10.721901,2.872346,Concept,Y,
耦合方式,3,0.0,10.716025,2.871602,Concept,Y,
解决,3,0.00052,10.707255,2.870881,Concept,Y,
发现喷油器,4,0.0,4.700304,2.87003,Concept,Y,
喷油器插头,4,0.0,4.682602,2.86826,Concept,Y,
严重锈蚀,3,0.0,10.681259,2.868126,Concept,Y,
塑料塞尺,3,0.0,10.681259,2.868126,Concept,Y,
检测无故障,4,0.0,4.667372,2.866737,Concept,Y,
测量活塞,4,0.0,4.663762,2.866376,Concept,Y,
传给,4,0.000693,4.629468,2.863155,Concept,Y,
接地端子,4,0.0,4.597337,2.859734,Concept,Y,
冷却液异常,4,0.0,4.545123,2.854512,Concept,Y,
超声波清洗,3,0.0,10.503721,2.850372,Concept,Y,
放置,4,0.000693,4.493907,2.849599,Concept,Y,
歧管密封垫,3,0.0,10.488614,2.848861,Concept,Y,
电容器,4,0.000693,4.484277,2.848636,Concept,Y,
主轴,4,0.000693,4.430961,2.843304,Concept,Y,
全关,4,0.000693,4.426906,2.842899,Concept,Y,
电脑读取,4,0.0,4.422749,2.842275,Concept,Y,
高转速,4,0.000693,4.41978,2.842186,Concept,Y,
必究,3,0.00052,10.410612,2.841217,Concept,Y,
开裂,4,0.000693,4.393547,2.839563,Concept,Y,
数据流显示,4,0.0,4.385326,2.838533,Concept,Y,
太稀,3,0.00052,10.351111,2.835267,Concept,Y,
发动机低速,4,0.0,4.345869,2.834587,Concept,Y,
可调,4,0.000693,4.34194,2.834402,Concept,Y,
最佳,3,0.00052,10.325384,2.832694,Concept,Y,
最后一次,3,0.0,10.318689,2.831869,Concept,Y,
水泵检查,4,0.0,4.313897,2.83139,Concept,Y,
不好,4,0.000693,4.260246,2.826233,Concept,Y,
好转,4,0.000693,4.253946,2.825603,Concept,Y,
甚至无法,3,0.0,10.253398,2.82534,Concept,Y,
发动机数据,4,0.0,4.252519,2.825252,Concept,Y,
喷入,4,0.000693,4.236935,2.823901,Concept,Y,
松开锁紧,3,0.0,10.232274,2.823227,Concept,Y,
处于怠速状态,3,0.0,10.228087,2.822809,Concept,Y,
头部,4,0.000693,4.217852,2.821993,Concept,Y,
信息故障,4,0.0,4.218189,2.821819,Concept,Y,
案例,3,0.00052,10.215596,2.821716,Concept,Y,
万用表电压,4,0.0,4.209584,2.820958,Concept,Y,
更换发动机冷却液,4,0.0,4.193419,2.819342,Concept,Y,
润滑系统故障,4,0.0,4.192654,2.819265,Concept,Y,
更换连杆,4,0.0,4.159472,2.815947,Concept,Y,
处在,4,0.000693,4.155739,2.815782,Concept,Y,
集成模块,3,0.0,10.150745,2.815074,Concept,Y,
锤击,3,0.00052,10.096297,2.809786,Concept,Y,
查看发动机,4,0.0,4.093482,2.809348,Concept,Y,
两个管脚,3,0.0,10.088684,2.808868,Concept,Y,
流程,4,0.000693,4.080461,2.808254,Concept,Y,
连接端子,4,0.0,4.056768,2.805677,Concept,Y,
耦合,3,0.00052,10.051209,2.805277,Concept,Y,
背面,3,0.00052,10.051209,2.805277,Concept,Y,
初始化屏面,3,0.0,10.051209,2.805121,Concept,Y,
有无,4,0.000693,4.017955,2.802004,Concept,Y,
导致气门关闭不严,3,0.0,10.018294,2.801829,Concept,Y,
压力测试,4,0.0,4.007488,2.800749,Concept,Y,
检查凸轮轴,4,0.0,4.007235,2.800724,Concept,Y,
转向,4,0.000693,3.998566,2.800065,Concept,Y,
发现进气,4,0.0,3.985534,2.798553,Concept,Y,
怠速空气,4,0.0,3.979788,2.797979,Concept,Y,
深蓝色,3,0.00052,9.965052,2.796661,Concept,Y,
褐色,3,0.00052,9.965052,2.796661,Concept,Y,
周围,3,0.00052,9.95118,2.795274,Concept,Y,
旋转手柄,3,0.0,9.95118,2.795118,Concept,Y,
连接电路,4,0.0,3.935305,2.79353,Concept,Y,
灯不亮,3,0.00052,9.917072,2.791863,Concept,Y,
对应,4,0.000693,3.907602,2.790968,Concept,Y,
右手握住,3,0.0,9.893668,2.789367,Concept,Y,
完后,4,0.000693,3.890407,2.789249,Concept,Y,
容器,4,0.000693,3.8713,2.787338,Concept,Y,
强制通风,3,0.0,9.854408,2.785441,Concept,Y,
指定加注,3,0.0,9.80679,2.780679,Concept,Y,
指示灯不亮,3,0.0,9.80679,2.780679,Concept,Y,
初始,3,0.00052,9.802781,2.780434,Concept,Y,
油器,4,0.000693,3.78945,2.779153,Concept,Y,
弹簧断裂,3,0.0,9.788175,2.778817,Concept,Y,
否则将会导致,3,0.0,9.760694,2.776069,Concept,Y,
更换损坏,4,0.0,3.752847,2.775285,Concept,Y,
更换进气歧管,4,0.0,3.752847,2.775285,Concept,Y,
没有发现任何,3,0.0,9.751649,2.775165,Concept,Y,
仔细观察,3,0.00052,9.748646,2.775021,Concept,Y,
传感器断路,4,0.0,3.746235,2.774623,Concept,Y,
电路测试,4,0.0,3.74266,2.774266,Concept,Y,
风枪,3,0.00052,9.738931,2.774049,Concept,Y,
理论,3,0.00052,9.72043,2.772199,Concept,Y,
凸轮轴凸轮磨损,3,0.0,9.716025,2.771602,Concept,Y,
燃油压力正常,4,0.0,3.696366,2.769637,Concept,Y,
电子气门,4,0.0,3.690953,2.769095,Concept,Y,
起动发动机检查,4,0.0,3.679181,2.767918,Concept,Y,
超过维修极限,3,0.0,9.672697,2.76727,Concept,Y,
电压变化,4,0.0,3.665844,2.766584,Concept,Y,
应该,4,0.000693,3.649804,2.765188,Concept,Y,
上面,4,0.000693,3.646067,2.764815,Concept,Y,
对话,3,0.00052,9.643124,2.764468,Concept,Y,
负载,3,0.00052,9.636171,2.763773,Concept,Y,
建议车主,3,0.0,9.630633,2.763063,Concept,Y,
拇指根部,3,0.0,9.630633,2.763063,Concept,Y,
曲轴回转中心,3,0.0,9.61825,2.761825,Concept,Y,
加速踏板信号,4,0.0,3.606736,2.760674,Concept,Y,
保证,3,0.00052,9.584398,2.758596,Concept,Y,
轿车行驶,4,0.0,3.565782,2.756578,Concept,Y,
堵死,3,0.00052,9.518988,2.752055,Concept,Y,
元器件,3,0.00052,9.48112,2.748268,Concept,Y,
连杆组件,3,0.0,9.48112,2.748112,Concept,Y,
检查蓄电池,4,0.0,3.474361,2.747436,Concept,Y,
端子电阻,4,0.0,3.471806,2.747181,Concept,Y,
开关插头,4,0.0,3.462177,2.746218,Concept,Y,
异响消失,3,0.0,9.456415,2.745642,Concept,Y,
位于发动机,4,0.0,3.456052,2.745605,Concept,Y,
忽高忽低,3,0.00052,9.451525,2.745309,Concept,Y,
下止,4,0.000693,3.441774,2.744385,Concept,Y,
之间信号,4,0.0,3.406798,2.74068,Concept,Y,
元件位置图,3,0.0,9.401151,2.740115,Concept,Y,
最大翘曲,3,0.0,9.401151,2.740115,Concept,Y,
保护,3,0.00052,9.391753,2.739331,Concept,Y,
地址代码,3,0.0,9.387076,2.738708,Concept,Y,
起动正常,4,0.0,3.360763,2.736076,Concept,Y,
三元催化转化,3,0.0,9.349063,2.734906,Concept,Y,
快速接头,3,0.0,9.338867,2.733887,Concept,Y,
压缩器,4,0.000693,3.323812,2.732589,Concept,Y,
棘轮,3,0.00052,9.305392,2.730695,Concept,Y,
水泵带轮,3,0.0,9.305392,2.730539,Concept,Y,
一端,4,0.000693,3.300438,2.730252,Concept,Y,
油环,4,0.000693,3.286665,2.728875,Concept,Y,
水垢,3,0.00052,9.281329,2.728289,Concept,Y,
冻结数据,3,0.0,9.281329,2.728133,Concept,Y,
所测,4,0.000693,3.268001,2.727008,Concept,Y,
没有按照规定,3,0.0,9.247028,2.724703,Concept,Y,
拔下怠速控制阀,3,0.0,9.240687,2.724069,ControlMethod,Y,
逐渐加热,3,0.0,9.240687,2.724069,Concept,Y,
没有故障,4,0.0,3.231128,2.723113,Concept,Y,
右手拇指,3,0.0,9.215596,2.72156,Concept,Y,
主要部件拆装,3,0.0,9.184834,2.718483,Concept,Y,
该车油耗,3,0.0,9.178759,2.717876,Concept,Y,
造成发动机,4,0.0,3.14793,2.714793,Concept,Y,
发动机怠速时,4,0.0,3.125903,2.71259,Concept,Y,
再循环电磁阀,3,0.0,9.11938,2.711938,Concept,Y,
废气再循环电磁阀,3,0.0,9.11938,2.711938,Concept,Y,
安装位置正确,3,0.0,9.107792,2.710779,Concept,Y,
排气检测,4,0.0,3.103471,2.710347,Concept,Y,
镊子,3,0.00052,9.073577,2.707514,Concept,Y,
紧固螺母,3,0.0,9.070762,2.707076,Concept,Y,
下方,4,0.000693,3.06117,2.706325,Concept,Y,
更换点火线圈,4,0.0,3.062175,2.706217,Concept,Y,
离合器压力时约,3,0.0,9.045671,2.704567,Concept,Y,
发动机驱动,4,0.0,3.041014,2.704101,Mechanism,Y,
常见车型,3,0.0,9.040154,2.704015,Concept,Y,
没有发现异常,3,0.0,9.040154,2.704015,Concept,Y,
导致气门关闭,3,0.0,9.023728,2.702373,Concept,Y,
最后经过,3,0.0,9.023728,2.702373,Concept,Y,
磁阀,3,0.00052,8.982528,2.698409,Concept,Y,
数据传输,3,0.00052,8.959835,2.696139,Concept,Y,
循环次数,3,0.0,8.959835,2.695983,Concept,Y,
数据流一切正常,3,0.0,8.959835,2.695983,Concept,Y,
最后一次计数,3,0.0,8.959835,2.695983,Concept,Y,
途中,3,0.00052,8.95118,2.695274,Concept,Y,
间歇,3,0.00052,8.949455,2.695102,Concept,Y,
可燃,4,0.000693,2.946852,2.694893,Concept,Y,
安装燃油,4,0.0,2.937867,2.693787,Concept,Y,
液压挺柱,3,0.0,8.92383,2.692383,Concept,Y,
数据显示,4,0.0,2.915007,2.691501,Concept,Y,
为止,4,0.000693,2.896508,2.689859,Concept,Y,
带罩,3,0.00052,8.894912,2.689647,Concept,Y,
蜗轮,3,0.00052,8.890355,2.689192,Concept,Y,
空间,4,0.000693,2.87264,2.687472,Concept,Y,
顺时针旋转曲轴,3,0.0,8.873904,2.68739,Concept,Y,
清洗机指定,3,0.0,8.864123,2.686412,Concept,Y,
清洗机指定加注,3,0.0,8.864123,2.686412,Concept,Y,
清除故障记忆,3,0.0,8.864123,2.686412,Concept,Y,
热量,4,0.000693,2.844082,2.684616,Concept,Y,
从而导致,3,0.0,8.843156,2.684316,Concept,Y,
诊断流程,3,0.0,8.839957,2.683996,Concept,Y,
排放螺塞,3,0.0,8.835172,2.683517,Concept,Y,
排气管堵塞,3,0.0,8.835172,2.683517,Concept,Y,
空气吹入,3,0.0,8.832785,2.683279,Concept,Y,
检查进气,4,0.0,2.813631,2.681363,Concept,Y,
维修基础,3,0.0,8.80679,2.680679,Concept,Y,
所有积炭,3,0.0,8.797452,2.679745,Concept,Y,
故障存在,4,0.0,2.796725,2.679673,Concept,Y,
测量气门,4,0.0,2.792099,2.67921,Concept,Y,
驱动齿轮,3,0.0,8.763721,2.676372,Mechanism,Y,
支座,3,0.00052,8.727802,2.672936,Concept,Y,
白金,3,0.00052,8.721901,2.672346,Concept,Y,
包住,3,0.00052,8.711633,2.671319,Concept,Y,
检测气缸,4,0.0,2.707118,2.670712,Concept,Y,
关闭发动机,4,0.0,2.705411,2.670541,Concept,Y,
规格,3,0.00052,8.675546,2.667711,Concept,Y,
其他档位时约,3,0.0,8.651512,2.665151,Concept,Y,
常规电路,3,0.0,8.651512,2.665151,Concept,Y,
径向间隙,3,0.0,8.643124,2.664312,Concept,Y,
漏气现象,3,0.0,8.641731,2.664173,Concept,Y,
炭罐电磁阀,3,0.0,8.61688,2.661688,Concept,Y,
内六角,3,0.00052,8.61278,2.661434,Concept,Y,
内陷,3,0.00052,8.61278,2.661434,Concept,Y,
过度磨损,3,0.0,8.608691,2.660869,Concept,Y,
指针式万用表,3,0.0,8.585737,2.658574,Concept,Y,
翘曲情况,3,0.0,8.581724,2.658172,Concept,Y,
烫手,3,0.00052,8.57506,2.657662,Concept,Y,
到位,4,0.000693,2.572237,2.657432,Concept,Y,
标记对准,3,0.0,8.540247,2.654025,Concept,Y,
常见车型发动机电控,3,0.0,8.538301,2.65383,Concept,Y,
蓄电池测试仪,3,0.0,8.526682,2.652668,Concept,Y,
发动机出现,4,0.0,2.526441,2.652644,Concept,Y,
正时标记,3,0.0,8.52283,2.652283,Concept,Y,
正时罩盖,3,0.0,8.52283,2.652283,Concept,Y,
正时链室,3,0.0,8.52283,2.652283,Concept,Y,
正时链张,3,0.0,8.52283,2.652283,Concept,Y,
第二,3,0.00052,8.519686,2.652125,Concept,Y,
假定,3,0.00052,8.510063,2.651162,Concept,Y,
底盘,3,0.00052,8.504987,2.650655,Concept,Y,
任何条件下应低于,3,0.0,8.49993,2.649993,Concept,Y,
条件下应低于,3,0.0,8.49993,2.649993,Concept,Y,
版权所有,3,0.00052,8.477387,2.647895,Concept,Y,
电压检测,4,0.0,2.476688,2.647669,Concept,Y,
燃烧室容积,3,0.0,8.462552,2.646255,Concept,Y,
顶住,3,0.00052,8.460094,2.646165,Concept,Y,
更换冷却液,4,0.0,2.4496,2.64496,Concept,Y,
操作不当,3,0.0,8.440582,2.644058,Concept,Y,
调整不当,3,0.0,8.440582,2.644058,Concept,Y,
制动踏板时为蓄电池,3,0.0,8.411799,2.64118,Concept,Y,
冷却液温度传感器导线插接,3,0.0,8.408241,2.640824,Concept,Y,
温度传感器导线插接,3,0.0,8.408241,2.640824,Concept,Y,
按钮,3,0.00052,8.401151,2.640271,Concept,Y,
过度,4,0.000693,2.398019,2.64001,Concept,Y,
却液,3,0.00052,8.375278,2.637684,Concept,Y,
一般维修极限,3,0.0,8.359331,2.635933,Concept,Y,
行驶冷却液,4,0.0,2.352478,2.635248,Concept,Y,
测试起动,4,0.0,2.345656,2.634566,Concept,Y,
及时,4,0.000693,2.317281,2.631936,Concept,Y,
刻度尺,3,0.00052,8.292217,2.629378,Concept,Y,
没有按照,3,0.0,8.279161,2.627916,Concept,Y,
位于其他档位时约,3,0.0,8.272677,2.627268,Concept,Y,
可能性,3,0.00052,8.259796,2.626136,Concept,Y,
查询故障记录,3,0.0,8.259796,2.62598,Concept,Y,
经过仔细检查,3,0.0,8.259796,2.62598,Concept,Y,
不同程度,3,0.0,8.237526,2.623753,Concept,Y,
不得超过,3,0.0,8.237526,2.623753,Concept,Y,
翘曲大于最大值,3,0.0,8.234373,2.623437,Concept,Y,
电器,4,0.000693,2.229665,2.623175,Concept,Y,
曲轴回转,3,0.0,8.231226,2.623123,Concept,Y,
有所好转,3,0.0,8.231226,2.623123,Concept,Y,
转向机构,3,0.0,8.231226,2.623123,Concept,Y,
转速下滑,3,0.0,8.231226,2.623123,Concept,Y,
转速升高,3,0.0,8.231226,2.623123,Concept,Y,
顺时针旋转,3,0.0,8.231226,2.623123,Concept,Y,
风扇高速运转,3,0.0,8.231226,2.623123,Concept,Y,
行驶一段时间,3,0.0,8.193994,2.619399,Concept,Y,
行驶发冲,3,0.0,8.193994,2.619399,Concept,Y,
水泵故障,4,0.0,2.192654,2.619265,Concept,Y,
比太,3,0.00052,8.181186,2.618275,Concept,Y,
水泵总成,3,0.0,8.181793,2.618179,Concept,Y,
冷却系统故障快速诊断,3,0.0,8.178759,2.617876,Concept,Y,
控制系统快速诊断,3,0.0,8.178759,2.617876,ControlMethod,Y,
断油功能,3,0.0,8.178759,2.617876,Concept,Y,
轻微踩下,3,0.0,8.169695,2.616969,Concept,Y,
选择以下,3,0.0,8.169695,2.616969,Concept,Y,
系统故障快速诊断,3,0.0,8.158693,2.615869,Concept,Y,
很多,3,0.00052,8.156702,2.615826,Concept,Y,
认真检查,3,0.0,8.146787,2.614679,Concept,Y,
可靠,3,0.00052,8.142839,2.61444,Concept,Y,
发冲,4,0.000693,2.131532,2.613361,Concept,Y,
螺柱,3,0.00052,8.127158,2.612872,Concept,Y,
各正时标记,3,0.0,8.12521,2.612521,Concept,Y,
工作容积,3,0.0,8.122292,2.612229,Concept,Y,
声响,3,0.00052,8.102991,2.610455,Concept,Y,
扳动,4,0.000693,2.099846,2.610193,Concept,Y,
千万,3,0.00052,8.098206,2.609977,Concept,Y,
清洗发动机,4,0.0,2.07578,2.607578,Concept,Y,
减速开关,3,0.0,8.070762,2.607076,Concept,Y,
冷却液温度传感器导线,3,0.0,8.051209,2.605121,Concept,Y,
识别之后,3,0.0,8.040154,2.604015,Concept,Y,
维修检查信号,3,0.0,8.034658,2.603466,Concept,Y,
进气歧管衬垫,3,0.0,8.031918,2.603192,Concept,Y,
两列,3,0.00052,8.018294,2.601985,Concept,Y,
原因主要,3,0.0,8.014683,2.601468,Concept,Y,
踏板时应低于,3,0.0,8.010182,2.601018,Concept,Y,
各个气缸,3,0.0,8.004798,2.60048,Concept,Y,
液位是否,3,0.0,7.999435,2.599944,Concept,Y,
仪器读取,3,0.0,7.983464,2.598346,Concept,Y,
呈现,3,0.00052,7.979059,2.598062,Concept,Y,
火花塞跳火,3,0.0,7.928919,2.592892,Concept,Y,
甚至熄火,3,0.0,7.928919,2.592892,Concept,Y,
读者,3,0.00052,7.913705,2.591527,Concept,Y,
时要,4,0.000693,1.875771,2.587785,Concept,Y,
参照,3,0.00052,7.870637,2.58722,Concept,Y,
散热器加注,3,0.0,7.860878,2.586088,Concept,Y,
积炭导致气门,3,0.0,7.860878,2.586088,Concept,Y,
更换机油泵总成,3,0.0,7.848771,2.584877,Concept,Y,
主要监测,3,0.0,7.832785,2.583279,Concept,Y,
使用示波器检测,3,0.0,7.832785,2.583279,Concept,Y,
尾气检测,3,0.0,7.832785,2.583279,Concept,Y,
歧管压力传感器检测,3,0.0,7.832785,2.583279,Concept,Y,
测得阻值,3,0.0,7.832785,2.583279,Concept,Y,
测试仪连接,3,0.0,7.832785,2.583279,Concept,Y,
