source,relation,target,doc_id,sentence_id,evidence
可重复使用,part_of,飞船,DOC001,32,可重复使用新型航天器是现代卫星和载人飞船技术、运载火箭技术和航空技术有机整合发展中的产物。
航天器,part_of,飞船,DOC001,32,可重复使用新型航天器是现代卫星和载人飞船技术、运载火箭技术和航空技术有机整合发展中的产物。
航天器,part_of,结构设计,DOC001,41,新型航天器结构系统是十分重要的分系统，结构设计专业是一门主要学科，它所涵盖的知识面很宽，涉及系统工程、力学、材料、工艺等，是一门多学科交叉融合和工程性很强的学科。
航天飞机,has_component,飞行器,DOC001,163,可重复使用新型航天飞机将重复使用的功能延续到大气层内，且由此在处于地球表面与大气层之间飞行器将具备重新着陆能力。
航天飞机,has_component,飞行器,DOC001,178,可重复使用新型航天飞机结构包括飞行器的机体、推进系统、控制系统以及其他辅助系统，具有较高的综合性能和适应性。
航天飞机,has_component,控制系统,DOC001,178,可重复使用新型航天飞机结构包括飞行器的机体、推进系统、控制系统以及其他辅助系统，具有较高的综合性能和适应性。
航天飞机,has_component,翼面,DOC001,179,根据任务需求，可重复使用新型航天飞机结构通常包括航天飞机主体、翼面结构、热防护系统、推进与燃料系统、着陆与回收系统等组成部分。
这些,part_of,发动机,DOC001,196,这些计划的开展始终围绕两条主线——是以火箭发动机为动力的可重复使用轻型舱段，或进一步改进的再入式型段号等；
计划,part_of,发动机,DOC001,196,这些计划的开展始终围绕两条主线——是以火箭发动机为动力的可重复使用轻型舱段，或进一步改进的再入式型段号等；
航天飞机,has_component,飞行器,DOC001,198,以航天飞机为参考，设计出了包括X-15、X-20、航天飞行器、X-33、X-34、X-37、DC-X/ XA、OSP、RASCAL和HLV等；
发动机,has_component,飞行器,DOC001,199,另一条主线是以吸气式发动机为动力的航天运载器，主要包括X-30/NASP、X-43A等超音速技术验证机和FALCON计划下的高超音速巡航飞行器（HCV）等。
飞行器,is_a,快速,DOC001,208,空间作战飞行器（SOV）是一种能够快速发射并可重复使用的飞行器，可将上面级送入低轨道或低轨道，是采用航天飞行器（MSP）系列中的主要飞行器，是集发射、操作、侦察与作战于一体的平台。
飞行器,is_a,发射,DOC001,208,空间作战飞行器（SOV）是一种能够快速发射并可重复使用的飞行器，可将上面级送入低轨道或低轨道，是采用航天飞行器（MSP）系列中的主要飞行器，是集发射、操作、侦察与作战于一体的平台。
飞行器,is_a,可重复使用,DOC001,208,空间作战飞行器（SOV）是一种能够快速发射并可重复使用的飞行器，可将上面级送入低轨道或低轨道，是采用航天飞行器（MSP）系列中的主要飞行器，是集发射、操作、侦察与作战于一体的平台。
飞行器,is_a,可将,DOC001,208,空间作战飞行器（SOV）是一种能够快速发射并可重复使用的飞行器，可将上面级送入低轨道或低轨道，是采用航天飞行器（MSP）系列中的主要飞行器，是集发射、操作、侦察与作战于一体的平台。
飞行器,is_a,轨道,DOC001,208,空间作战飞行器（SOV）是一种能够快速发射并可重复使用的飞行器，可将上面级送入低轨道或低轨道，是采用航天飞行器（MSP）系列中的主要飞行器，是集发射、操作、侦察与作战于一体的平台。
飞行器,is_a,航天,DOC001,208,空间作战飞行器（SOV）是一种能够快速发射并可重复使用的飞行器，可将上面级送入低轨道或低轨道，是采用航天飞行器（MSP）系列中的主要飞行器，是集发射、操作、侦察与作战于一体的平台。
飞行器,is_a,中的,DOC001,208,空间作战飞行器（SOV）是一种能够快速发射并可重复使用的飞行器，可将上面级送入低轨道或低轨道，是采用航天飞行器（MSP）系列中的主要飞行器，是集发射、操作、侦察与作战于一体的平台。
飞行器,is_a,操作,DOC001,208,空间作战飞行器（SOV）是一种能够快速发射并可重复使用的飞行器，可将上面级送入低轨道或低轨道，是采用航天飞行器（MSP）系列中的主要飞行器，是集发射、操作、侦察与作战于一体的平台。
飞行器,is_a,风洞,DOC001,219,在飞行器设计领域，未知的技术障碍与难度比比皆是，即便是通过风洞、模拟器和计算机也只能构建出一个理想状态下的模型而已，所以必须研制出专门的试验机去探索那些未知领域。
飞行器,is_a,状态,DOC001,219,在飞行器设计领域，未知的技术障碍与难度比比皆是，即便是通过风洞、模拟器和计算机也只能构建出一个理想状态下的模型而已，所以必须研制出专门的试验机去探索那些未知领域。
飞行器,is_a,试验,DOC001,219,在飞行器设计领域，未知的技术障碍与难度比比皆是，即便是通过风洞、模拟器和计算机也只能构建出一个理想状态下的模型而已，所以必须研制出专门的试验机去探索那些未知领域。
目标,part_of,飞行器,DOC001,249,1-3）的目标是在2017—2018年完成除飞行器构件的 X飞行器提交飞行验证，并借鉴美国空军研发出
试验,part_of,发动机,DOC001,272,俄罗斯联在目前使用用运载器的研制和试验上是基本围绕以靠发发动机为动力和以吸气式发动机为动力的两条主线展开的。
试验,part_of,展开,DOC001,272,俄罗斯联在目前使用用运载器的研制和试验上是基本围绕以靠发发动机为动力和以吸气式发动机为动力的两条主线展开的。
可重复使用,is_a,组合,DOC001,327,可重复使用新型航天飞行器关键技术主要有4种类型，即减热型组合循环发动机（TBCC）、火箭基组合循环发动机（RBCC）、空气涡轮冲压发动机（ATR）和组合动力循环的吸气式火箭发动机（SABRE）。
可重复使用,is_a,循环,DOC001,327,可重复使用新型航天飞行器关键技术主要有4种类型，即减热型组合循环发动机（TBCC）、火箭基组合循环发动机（RBCC）、空气涡轮冲压发动机（ATR）和组合动力循环的吸气式火箭发动机（SABRE）。
可重复使用,is_a,发动机,DOC001,327,可重复使用新型航天飞行器关键技术主要有4种类型，即减热型组合循环发动机（TBCC）、火箭基组合循环发动机（RBCC）、空气涡轮冲压发动机（ATR）和组合动力循环的吸气式火箭发动机（SABRE）。
可重复使用,is_a,动力,DOC001,327,可重复使用新型航天飞行器关键技术主要有4种类型，即减热型组合循环发动机（TBCC）、火箭基组合循环发动机（RBCC）、空气涡轮冲压发动机（ATR）和组合动力循环的吸气式火箭发动机（SABRE）。
航天,is_a,组合,DOC001,327,可重复使用新型航天飞行器关键技术主要有4种类型，即减热型组合循环发动机（TBCC）、火箭基组合循环发动机（RBCC）、空气涡轮冲压发动机（ATR）和组合动力循环的吸气式火箭发动机（SABRE）。
航天,is_a,循环,DOC001,327,可重复使用新型航天飞行器关键技术主要有4种类型，即减热型组合循环发动机（TBCC）、火箭基组合循环发动机（RBCC）、空气涡轮冲压发动机（ATR）和组合动力循环的吸气式火箭发动机（SABRE）。
航天,is_a,发动机,DOC001,327,可重复使用新型航天飞行器关键技术主要有4种类型，即减热型组合循环发动机（TBCC）、火箭基组合循环发动机（RBCC）、空气涡轮冲压发动机（ATR）和组合动力循环的吸气式火箭发动机（SABRE）。
航天,is_a,动力,DOC001,327,可重复使用新型航天飞行器关键技术主要有4种类型，即减热型组合循环发动机（TBCC）、火箭基组合循环发动机（RBCC）、空气涡轮冲压发动机（ATR）和组合动力循环的吸气式火箭发动机（SABRE）。
飞行器,is_a,组合,DOC001,327,可重复使用新型航天飞行器关键技术主要有4种类型，即减热型组合循环发动机（TBCC）、火箭基组合循环发动机（RBCC）、空气涡轮冲压发动机（ATR）和组合动力循环的吸气式火箭发动机（SABRE）。
飞行器,is_a,循环,DOC001,327,可重复使用新型航天飞行器关键技术主要有4种类型，即减热型组合循环发动机（TBCC）、火箭基组合循环发动机（RBCC）、空气涡轮冲压发动机（ATR）和组合动力循环的吸气式火箭发动机（SABRE）。
飞行器,is_a,发动机,DOC001,327,可重复使用新型航天飞行器关键技术主要有4种类型，即减热型组合循环发动机（TBCC）、火箭基组合循环发动机（RBCC）、空气涡轮冲压发动机（ATR）和组合动力循环的吸气式火箭发动机（SABRE）。
飞行器,is_a,动力,DOC001,327,可重复使用新型航天飞行器关键技术主要有4种类型，即减热型组合循环发动机（TBCC）、火箭基组合循环发动机（RBCC）、空气涡轮冲压发动机（ATR）和组合动力循环的吸气式火箭发动机（SABRE）。
关键技术,is_a,组合,DOC001,327,可重复使用新型航天飞行器关键技术主要有4种类型，即减热型组合循环发动机（TBCC）、火箭基组合循环发动机（RBCC）、空气涡轮冲压发动机（ATR）和组合动力循环的吸气式火箭发动机（SABRE）。
关键技术,is_a,循环,DOC001,327,可重复使用新型航天飞行器关键技术主要有4种类型，即减热型组合循环发动机（TBCC）、火箭基组合循环发动机（RBCC）、空气涡轮冲压发动机（ATR）和组合动力循环的吸气式火箭发动机（SABRE）。
关键技术,is_a,发动机,DOC001,327,可重复使用新型航天飞行器关键技术主要有4种类型，即减热型组合循环发动机（TBCC）、火箭基组合循环发动机（RBCC）、空气涡轮冲压发动机（ATR）和组合动力循环的吸气式火箭发动机（SABRE）。
关键技术,is_a,动力,DOC001,327,可重复使用新型航天飞行器关键技术主要有4种类型，即减热型组合循环发动机（TBCC）、火箭基组合循环发动机（RBCC）、空气涡轮冲压发动机（ATR）和组合动力循环的吸气式火箭发动机（SABRE）。
可重复使用,is_a,作用,DOC001,368,可重复使用新型航天飞行器结构的主要功能是承受载荷，即承受作用在飞行器上的各
航天,is_a,作用,DOC001,368,可重复使用新型航天飞行器结构的主要功能是承受载荷，即承受作用在飞行器上的各
飞行器,is_a,作用,DOC001,368,可重复使用新型航天飞行器结构的主要功能是承受载荷，即承受作用在飞行器上的各
载荷,is_a,作用,DOC001,368,可重复使用新型航天飞行器结构的主要功能是承受载荷，即承受作用在飞行器上的各
飞行器,has_component,展开,DOC001,404,3）为整个飞行器提供各种接口关系和连接形式，包括飞行器与运载火箭的连接、飞行器本体与展开部件的连接，以及飞行器与地面操作设备的连接等。
飞行器,has_component,飞行器结构设计,DOC001,410,飞行器结构研制程序由飞行器结构研制计划和飞行器结构设计两个阶段组成，主要经历设计（包括分析）、制造和试验三个阶段，其中设计阶段还包括构型设计，制造阶段还包括试制和装配，试验阶段包括试验方案编制、试验实施以及试验数据整理等方面。
飞行器,has_component,装配,DOC001,410,飞行器结构研制程序由飞行器结构研制计划和飞行器结构设计两个阶段组成，主要经历设计（包括分析）、制造和试验三个阶段，其中设计阶段还包括构型设计，制造阶段还包括试制和装配，试验阶段包括试验方案编制、试验实施以及试验数据整理等方面。
飞行器结构设计,has_component,装配,DOC001,410,飞行器结构研制程序由飞行器结构研制计划和飞行器结构设计两个阶段组成，主要经历设计（包括分析）、制造和试验三个阶段，其中设计阶段还包括构型设计，制造阶段还包括试制和装配，试验阶段包括试验方案编制、试验实施以及试验数据整理等方面。
飞行器结构设计,has_component,数据,DOC001,410,飞行器结构研制程序由飞行器结构研制计划和飞行器结构设计两个阶段组成，主要经历设计（包括分析）、制造和试验三个阶段，其中设计阶段还包括构型设计，制造阶段还包括试制和装配，试验阶段包括试验方案编制、试验实施以及试验数据整理等方面。
装配,has_component,数据,DOC001,410,飞行器结构研制程序由飞行器结构研制计划和飞行器结构设计两个阶段组成，主要经历设计（包括分析）、制造和试验三个阶段，其中设计阶段还包括构型设计，制造阶段还包括试制和装配，试验阶段包括试验方案编制、试验实施以及试验数据整理等方面。
概念设计阶段,part_of,飞行器,DOC001,437,概念设计阶段是飞行器结构正式研制工作的开始阶段。
飞行器,part_of,结构设计,DOC001,440,由于飞行器系统方案是制定结构设计要求的重要依据，尤其是系统的型号方案对结构方案的影响较大，且许多系统指标需通过结构的指标来实现，因此进行飞行器系统设计是开启结构方案设计的较好方式。
方案,part_of,结构设计,DOC001,440,由于飞行器系统方案是制定结构设计要求的重要依据，尤其是系统的型号方案对结构方案的影响较大，且许多系统指标需通过结构的指标来实现，因此进行飞行器系统设计是开启结构方案设计的较好方式。
方案设计,part_of,飞行器,DOC001,441,方案设计的主要目标是明确和优化系统对结构的要求，并依托任务要求和实际条件提出和筛选各个结构方案，最终确定较理想的飞行器结构方案。
目标,part_of,飞行器,DOC001,441,方案设计的主要目标是明确和优化系统对结构的要求，并依托任务要求和实际条件提出和筛选各个结构方案，最终确定较理想的飞行器结构方案。
方案设计,part_of,飞行器,DOC001,444,方案设计是整个飞行器研制过程中的基础，方案的好坏将直接影响飞行器结构的性能和质量，因此它是研制过程中最重要的环节。
阶段,is_a,试验,DOC001,468,进人样机研制阶段的飞行器结构的研制即进入了工程实施阶段，也就是通过飞行器结构实物的生产和试验来验证设计。
阶段,is_a,验证,DOC001,468,进人样机研制阶段的飞行器结构的研制即进入了工程实施阶段，也就是通过飞行器结构实物的生产和试验来验证设计。
飞行器,is_a,试验,DOC001,468,进人样机研制阶段的飞行器结构的研制即进入了工程实施阶段，也就是通过飞行器结构实物的生产和试验来验证设计。
飞行器,is_a,验证,DOC001,468,进人样机研制阶段的飞行器结构的研制即进入了工程实施阶段，也就是通过飞行器结构实物的生产和试验来验证设计。
航天飞机,has_component,机身,DOC001,509,航天飞机结构由前机身、中机身、后机身、机翼、机臂、体俯翼和垂直尾翼等部分组成，如图2-1所示。
航天飞机,has_component,机翼,DOC001,509,航天飞机结构由前机身、中机身、后机身、机翼、机臂、体俯翼和垂直尾翼等部分组成，如图2-1所示。
航天飞机,has_component,垂直尾翼,DOC001,509,航天飞机结构由前机身、中机身、后机身、机翼、机臂、体俯翼和垂直尾翼等部分组成，如图2-1所示。
机身,uses_method,控制系统,DOC001,512,在前机身内部设置有乘员舱，在乘员舱前方的前机身上部设置上使用控制系统（RCS）的舱段。
机身,has_component,铝合金,DOC001,517,机身采用单半碳壳结构，如图2-2所示，由上、下两部分壳体构成，其中2024-T81（2A12）铝合金外罩板、框架和舱壁组成铝壳，结构由镁合金蒙皮、蒙皮由蒙皮与拱条组成，蒙皮与拱条、壁板与结构框架均采用铆接连接，拱条跨度为76.2~127 mm，结构框跨度为762~914.4 mm。
机身,has_component,蒙皮,DOC001,517,机身采用单半碳壳结构，如图2-2所示，由上、下两部分壳体构成，其中2024-T81（2A12）铝合金外罩板、框架和舱壁组成铝壳，结构由镁合金蒙皮、蒙皮由蒙皮与拱条组成，蒙皮与拱条、壁板与结构框架均采用铆接连接，拱条跨度为76.2~127 mm，结构框跨度为762~914.4 mm。
铝合金,has_component,蒙皮,DOC001,517,机身采用单半碳壳结构，如图2-2所示，由上、下两部分壳体构成，其中2024-T81（2A12）铝合金外罩板、框架和舱壁组成铝壳，结构由镁合金蒙皮、蒙皮由蒙皮与拱条组成，蒙皮与拱条、壁板与结构框架均采用铆接连接，拱条跨度为76.2~127 mm，结构框跨度为762~914.4 mm。
蒙皮,has_component,铝合金,DOC001,533,蒙皮由2219（2A16）铝合金板加工而成，舱体为焊接成型。
机身,has_component,装配,DOC001,598,（X01307的径相）合金架结构由中机长安装板上机身由导管主承的，其中主要由中机身装配上的机身固定于纵向安装板上安装。
环氧树脂,has_component,厚度,DOC001,608,有效载荷舱门主要采用复合材料半蜂窝结构/框架结构，其面板由石墨/环氧树脂带和纤维方向为0°/±45°/0°的石塑环氧结构组织组成，舱段厚度为0.406 mm，蜂窝夹芯采用铝合结构在0.06层，蜂窝高度为15.2 mm，外蒙皮由这搭有200 mm×200 mm的铝蜂垫翼网，见图2-9。
环氧树脂,has_component,高度,DOC001,608,有效载荷舱门主要采用复合材料半蜂窝结构/框架结构，其面板由石墨/环氧树脂带和纤维方向为0°/±45°/0°的石塑环氧结构组织组成，舱段厚度为0.406 mm，蜂窝夹芯采用铝合结构在0.06层，蜂窝高度为15.2 mm，外蒙皮由这搭有200 mm×200 mm的铝蜂垫翼网，见图2-9。
环氧树脂,has_component,蒙皮,DOC001,608,有效载荷舱门主要采用复合材料半蜂窝结构/框架结构，其面板由石墨/环氧树脂带和纤维方向为0°/±45°/0°的石塑环氧结构组织组成，舱段厚度为0.406 mm，蜂窝夹芯采用铝合结构在0.06层，蜂窝高度为15.2 mm，外蒙皮由这搭有200 mm×200 mm的铝蜂垫翼网，见图2-9。
因素,part_of,机身,DOC001,617,2 个舱门各安装在 13 个因素顶 718 材料的外铰链上（其中 5 个是剪切式铰链，8 个是活动铰链），铰链下半部分连接在中机身段上端罩上。
材料,part_of,机身,DOC001,617,2 个舱门各安装在 13 个因素顶 718 材料的外铰链上（其中 5 个是剪切式铰链，8 个是活动铰链），铰链下半部分连接在中机身段上端罩上。
铰链,part_of,机身,DOC001,617,2 个舱门各安装在 13 个因素顶 718 材料的外铰链上（其中 5 个是剪切式铰链，8 个是活动铰链），铰链下半部分连接在中机身段上端罩上。
机身,has_component,推力,DOC001,625,后机身由外壳、推力传递结构和内部辅助结构组成，长为 5.48 m，宽为 6.7 m，高为 6.09 m。
机身,has_component,铝合金,DOC001,656,后机身外壳主要由整体机加铝合金梁皮和框架组件由，除了轨道机构系统整体外均外覆有防热材料。
机身,has_component,载荷,DOC001,657,后机身前端板是由中通箱和有效载荷舱门的对接面，由机加焊焊的铝合金薄板组成，其上部为重直尾翼的前翼梁连接。
机身,has_component,铝合金,DOC001,657,后机身前端板是由中通箱和有效载荷舱门的对接面，由机加焊焊的铝合金薄板组成，其上部为重直尾翼的前翼梁连接。
机身,has_component,尾翼,DOC001,657,后机身前端板是由中通箱和有效载荷舱门的对接面，由机加焊焊的铝合金薄板组成，其上部为重直尾翼的前翼梁连接。
铝合金,has_component,尾翼,DOC001,657,后机身前端板是由中通箱和有效载荷舱门的对接面，由机加焊焊的铝合金薄板组成，其上部为重直尾翼的前翼梁连接。
机身,has_component,铝合金,DOC001,661,后机身腹部还设有2个部件轮舱门，舱门由铝合金制造，有热屏障保护，舱门关闭后的裸露区域由防热材料覆盖。
控制系统,has_component,铝合金,DOC001,668,尼部推进系统支撑结构由铝推轨动系统框架和反作用控制系统框体部件分组成，其结构材料中铝合金和石墨/环氧树脂复合材料；
控制系统,has_component,环氧树脂复合材料,DOC001,668,尼部推进系统支撑结构由铝推轨动系统框架和反作用控制系统框体部件分组成，其结构材料中铝合金和石墨/环氧树脂复合材料；
飞行器,has_component,升降副翼,DOC001,674,机覆为发动天力面，为航行飞行器提供升力和控制力，由前覆盖、中段机覆（包括主起落架舱、抛出舱、前部翼架、机覆/升降副翼对支板、升降副翼盖板、升降副翼舱盖和机覆舱组成。
组合,part_of,前缘,DOC001,691,前梁为组合金蜂窝结构，是碳/碳翼前缘组件的连接面；
机翼,has_component,铰链,DOC001,693,机翼尾部连接2块升降副翼，该副翼为铰合金多片/梁/蜂窝皮结构，2块副翼各由3个铰链连接，全部旋转力作用在这些点上，升降副翼可向上转动40°，向下转动25°。
机翼,has_component,40°,DOC001,693,机翼尾部连接2块升降副翼，该副翼为铰合金多片/梁/蜂窝皮结构，2块副翼各由3个铰链连接，全部旋转力作用在这些点上，升降副翼可向上转动40°，向下转动25°。
机翼,has_component,25°,DOC001,693,机翼尾部连接2块升降副翼，该副翼为铰合金多片/梁/蜂窝皮结构，2块副翼各由3个铰链连接，全部旋转力作用在这些点上，升降副翼可向上转动40°，向下转动25°。
升降副翼,has_component,铰链,DOC001,693,机翼尾部连接2块升降副翼，该副翼为铰合金多片/梁/蜂窝皮结构，2块副翼各由3个铰链连接，全部旋转力作用在这些点上，升降副翼可向上转动40°，向下转动25°。
升降副翼,has_component,40°,DOC001,693,机翼尾部连接2块升降副翼，该副翼为铰合金多片/梁/蜂窝皮结构，2块副翼各由3个铰链连接，全部旋转力作用在这些点上，升降副翼可向上转动40°，向下转动25°。
升降副翼,has_component,25°,DOC001,693,机翼尾部连接2块升降副翼，该副翼为铰合金多片/梁/蜂窝皮结构，2块副翼各由3个铰链连接，全部旋转力作用在这些点上，升降副翼可向上转动40°，向下转动25°。
副翼,has_component,铰链,DOC001,693,机翼尾部连接2块升降副翼，该副翼为铰合金多片/梁/蜂窝皮结构，2块副翼各由3个铰链连接，全部旋转力作用在这些点上，升降副翼可向上转动40°，向下转动25°。
副翼,has_component,40°,DOC001,693,机翼尾部连接2块升降副翼，该副翼为铰合金多片/梁/蜂窝皮结构，2块副翼各由3个铰链连接，全部旋转力作用在这些点上，升降副翼可向上转动40°，向下转动25°。
副翼,has_component,25°,DOC001,693,机翼尾部连接2块升降副翼，该副翼为铰合金多片/梁/蜂窝皮结构，2块副翼各由3个铰链连接，全部旋转力作用在这些点上，升降副翼可向上转动40°，向下转动25°。
机翼,uses_method,分离,DOC001,817,机翼结构采用复合材料共用化整体成型结构，在机身侧壁前端区分为上下平奏结构，因此可以认为机身无工艺分离面（机身与机翼有工艺分离面）。
结构设计,is_a,飞行器,DOC001,823,X-37B机体结构设计采用了整体结构（Integrated Structure）的概念，即飞行器大量采用复合材料整体成型结构，各零部件大量采用胶接设计，大幅减少零件数量的同时也大大减小了整体的重量，在对整体承载能力及结构强度的情况下，大大降低了飞行器在大气层中工作的振动和噪声。
结构设计,is_a,复合材料,DOC001,823,X-37B机体结构设计采用了整体结构（Integrated Structure）的概念，即飞行器大量采用复合材料整体成型结构，各零部件大量采用胶接设计，大幅减少零件数量的同时也大大减小了整体的重量，在对整体承载能力及结构强度的情况下，大大降低了飞行器在大气层中工作的振动和噪声。
结构设计,is_a,部件,DOC001,823,X-37B机体结构设计采用了整体结构（Integrated Structure）的概念，即飞行器大量采用复合材料整体成型结构，各零部件大量采用胶接设计，大幅减少零件数量的同时也大大减小了整体的重量，在对整体承载能力及结构强度的情况下，大大降低了飞行器在大气层中工作的振动和噪声。
结构设计,is_a,胶接,DOC001,823,X-37B机体结构设计采用了整体结构（Integrated Structure）的概念，即飞行器大量采用复合材料整体成型结构，各零部件大量采用胶接设计，大幅减少零件数量的同时也大大减小了整体的重量，在对整体承载能力及结构强度的情况下，大大降低了飞行器在大气层中工作的振动和噪声。
结构设计,is_a,数量,DOC001,823,X-37B机体结构设计采用了整体结构（Integrated Structure）的概念，即飞行器大量采用复合材料整体成型结构，各零部件大量采用胶接设计，大幅减少零件数量的同时也大大减小了整体的重量，在对整体承载能力及结构强度的情况下，大大降低了飞行器在大气层中工作的振动和噪声。
结构设计,is_a,减小,DOC001,823,X-37B机体结构设计采用了整体结构（Integrated Structure）的概念，即飞行器大量采用复合材料整体成型结构，各零部件大量采用胶接设计，大幅减少零件数量的同时也大大减小了整体的重量，在对整体承载能力及结构强度的情况下，大大降低了飞行器在大气层中工作的振动和噪声。
整体结构,is_a,飞行器,DOC001,823,X-37B机体结构设计采用了整体结构（Integrated Structure）的概念，即飞行器大量采用复合材料整体成型结构，各零部件大量采用胶接设计，大幅减少零件数量的同时也大大减小了整体的重量，在对整体承载能力及结构强度的情况下，大大降低了飞行器在大气层中工作的振动和噪声。
整体结构,is_a,复合材料,DOC001,823,X-37B机体结构设计采用了整体结构（Integrated Structure）的概念，即飞行器大量采用复合材料整体成型结构，各零部件大量采用胶接设计，大幅减少零件数量的同时也大大减小了整体的重量，在对整体承载能力及结构强度的情况下，大大降低了飞行器在大气层中工作的振动和噪声。
整体结构,is_a,部件,DOC001,823,X-37B机体结构设计采用了整体结构（Integrated Structure）的概念，即飞行器大量采用复合材料整体成型结构，各零部件大量采用胶接设计，大幅减少零件数量的同时也大大减小了整体的重量，在对整体承载能力及结构强度的情况下，大大降低了飞行器在大气层中工作的振动和噪声。
整体结构,is_a,胶接,DOC001,823,X-37B机体结构设计采用了整体结构（Integrated Structure）的概念，即飞行器大量采用复合材料整体成型结构，各零部件大量采用胶接设计，大幅减少零件数量的同时也大大减小了整体的重量，在对整体承载能力及结构强度的情况下，大大降低了飞行器在大气层中工作的振动和噪声。
整体结构,is_a,数量,DOC001,823,X-37B机体结构设计采用了整体结构（Integrated Structure）的概念，即飞行器大量采用复合材料整体成型结构，各零部件大量采用胶接设计，大幅减少零件数量的同时也大大减小了整体的重量，在对整体承载能力及结构强度的情况下，大大降低了飞行器在大气层中工作的振动和噪声。
整体结构,is_a,减小,DOC001,823,X-37B机体结构设计采用了整体结构（Integrated Structure）的概念，即飞行器大量采用复合材料整体成型结构，各零部件大量采用胶接设计，大幅减少零件数量的同时也大大减小了整体的重量，在对整体承载能力及结构强度的情况下，大大降低了飞行器在大气层中工作的振动和噪声。
整体结构,is_a,重量,DOC001,823,X-37B机体结构设计采用了整体结构（Integrated Structure）的概念，即飞行器大量采用复合材料整体成型结构，各零部件大量采用胶接设计，大幅减少零件数量的同时也大大减小了整体的重量，在对整体承载能力及结构强度的情况下，大大降低了飞行器在大气层中工作的振动和噪声。
机翼,has_component,装配,DOC001,890,X-37B机翼由六层腹壁蜂窝夹层翼体结构，装配时左右机翼呈采用机翼主梁插入机身，在机身对称面内通过试合金箔盒完成对接。
机翼,has_component,机身,DOC001,890,X-37B机翼由六层腹壁蜂窝夹层翼体结构，装配时左右机翼呈采用机翼主梁插入机身，在机身对称面内通过试合金箔盒完成对接。
飞行器,has_component,发动机,DOC001,907,SKYLON 飞行器是由英国喷气发动机公司（Reaction Engines Limited）主导设计的可水平起降、单级入轨的可重复使用运载器（如图2-26 所示）。
机身,has_component,气动,DOC001,949,SKYLON 机身由多层结构组成，包括气动外壳、隔热系统、主承力结构和质箱等，如图2-29所示。
机身,has_component,隔热层,DOC001,973,SKYLON机身隔热系统由联合涂层隔热隔板（TPI）、空气隔和靠拢材料构成三层隔热层如图2-29)。
飞行器,has_component,状态,DOC001,976,整个再入期间，飞行器内 部气压非常低（小于2 Pa），导致介于平 均且由在相对较长下的工程相对较长（大于20 mm），从而使得气体 换热率超过了真实绝热状态。
飞行器,has_component,载荷,DOC001,1041,IXV飞行器系统主要包括试验飞行器及有效载荷系统。
飞行器,has_component,机身,DOC001,1043,IXV飞行器总体包括机身结构（不包含舱面照相结构），法向高度为1 540 mm，侧向宽度为2 237 mm，全文飞行器质量约为1 800 kg（按近运输火箭的运载能力）。
飞行器,has_component,高度,DOC001,1043,IXV飞行器总体包括机身结构（不包含舱面照相结构），法向高度为1 540 mm，侧向宽度为2 237 mm，全文飞行器质量约为1 800 kg（按近运输火箭的运载能力）。
机身,has_component,高度,DOC001,1043,IXV飞行器总体包括机身结构（不包含舱面照相结构），法向高度为1 540 mm，侧向宽度为2 237 mm，全文飞行器质量约为1 800 kg（按近运输火箭的运载能力）。
飞行器,has_mechanism,分离,DOC001,1047,据公开报道，ESA首次计划于2014年11月18日IXV飞行器中女实现（Vega）火箭（图2-33）搭载入美国的遭气发射场所开始发射，并通过320 km 的高度对与Vega火箭分离，继续爬升至412 km时开始再入，在120 km高度时飞行器速度将达到7.7 km/s，经过约100 min的飞行后，最后降落于太平洋（图2-34）。
不同,part_of,转轴,DOC001,1090,与X-37B不同的是，2个体积翼垂直转轴由转轴方向与飞行器全机坐标系X、Y、Z轴均不重合，而是与坐标轴皇一定的倾角关系。
转轴,has_component,方向,DOC001,1090,与X-37B不同的是，2个体积翼垂直转轴由转轴方向与飞行器全机坐标系X、Y、Z轴均不重合，而是与坐标轴皇一定的倾角关系。
转轴,has_component,飞行器,DOC001,1090,与X-37B不同的是，2个体积翼垂直转轴由转轴方向与飞行器全机坐标系X、Y、Z轴均不重合，而是与坐标轴皇一定的倾角关系。
转轴,has_component,坐标系,DOC001,1090,与X-37B不同的是，2个体积翼垂直转轴由转轴方向与飞行器全机坐标系X、Y、Z轴均不重合，而是与坐标轴皇一定的倾角关系。
转轴,has_component,坐标,DOC001,1090,与X-37B不同的是，2个体积翼垂直转轴由转轴方向与飞行器全机坐标系X、Y、Z轴均不重合，而是与坐标轴皇一定的倾角关系。
这种,is_a,简单,DOC001,1104,采用这种方案的原因或许是由于于体前翼船面轴线位置已经出飞行下表面，增加连接过渡杆即可防止为简单、连接牢靠更可靠。
这种,is_a,可靠,DOC001,1104,采用这种方案的原因或许是由于于体前翼船面轴线位置已经出飞行下表面，增加连接过渡杆即可防止为简单、连接牢靠更可靠。
方案,is_a,简单,DOC001,1104,采用这种方案的原因或许是由于于体前翼船面轴线位置已经出飞行下表面，增加连接过渡杆即可防止为简单、连接牢靠更可靠。
方案,is_a,可靠,DOC001,1104,采用这种方案的原因或许是由于于体前翼船面轴线位置已经出飞行下表面，增加连接过渡杆即可防止为简单、连接牢靠更可靠。
前翼,is_a,简单,DOC001,1104,采用这种方案的原因或许是由于于体前翼船面轴线位置已经出飞行下表面，增加连接过渡杆即可防止为简单、连接牢靠更可靠。
前翼,is_a,可靠,DOC001,1104,采用这种方案的原因或许是由于于体前翼船面轴线位置已经出飞行下表面，增加连接过渡杆即可防止为简单、连接牢靠更可靠。
位置,is_a,简单,DOC001,1104,采用这种方案的原因或许是由于于体前翼船面轴线位置已经出飞行下表面，增加连接过渡杆即可防止为简单、连接牢靠更可靠。
位置,is_a,可靠,DOC001,1104,采用这种方案的原因或许是由于于体前翼船面轴线位置已经出飞行下表面，增加连接过渡杆即可防止为简单、连接牢靠更可靠。
飞行,is_a,简单,DOC001,1104,采用这种方案的原因或许是由于于体前翼船面轴线位置已经出飞行下表面，增加连接过渡杆即可防止为简单、连接牢靠更可靠。
飞行,is_a,可靠,DOC001,1104,采用这种方案的原因或许是由于于体前翼船面轴线位置已经出飞行下表面，增加连接过渡杆即可防止为简单、连接牢靠更可靠。
下表面,is_a,简单,DOC001,1104,采用这种方案的原因或许是由于于体前翼船面轴线位置已经出飞行下表面，增加连接过渡杆即可防止为简单、连接牢靠更可靠。
下表面,is_a,可靠,DOC001,1104,采用这种方案的原因或许是由于于体前翼船面轴线位置已经出飞行下表面，增加连接过渡杆即可防止为简单、连接牢靠更可靠。
增加,is_a,简单,DOC001,1104,采用这种方案的原因或许是由于于体前翼船面轴线位置已经出飞行下表面，增加连接过渡杆即可防止为简单、连接牢靠更可靠。
增加,is_a,可靠,DOC001,1104,采用这种方案的原因或许是由于于体前翼船面轴线位置已经出飞行下表面，增加连接过渡杆即可防止为简单、连接牢靠更可靠。
连接,is_a,简单,DOC001,1104,采用这种方案的原因或许是由于于体前翼船面轴线位置已经出飞行下表面，增加连接过渡杆即可防止为简单、连接牢靠更可靠。
连接,is_a,可靠,DOC001,1104,采用这种方案的原因或许是由于于体前翼船面轴线位置已经出飞行下表面，增加连接过渡杆即可防止为简单、连接牢靠更可靠。
飞行器,has_component,翼梁,DOC001,1197,（人员和离席等）传送到加固的通道区域，同时4条大梁柔能减小飞行器的阻由，翼肋和翼梁相能够将机翼结构增强到机身。
飞行器,has_component,机翼,DOC001,1197,（人员和离席等）传送到加固的通道区域，同时4条大梁柔能减小飞行器的阻由，翼肋和翼梁相能够将机翼结构增强到机身。
飞行器,has_component,机身,DOC001,1197,（人员和离席等）传送到加固的通道区域，同时4条大梁柔能减小飞行器的阻由，翼肋和翼梁相能够将机翼结构增强到机身。
升阻比,supports_mission,发射,DOC001,1251,1）采用翼身融合、高升阻比气动模型，可支持大部分不带舱顶在发射时，具有较强的任务适应性，且在机动性、安全周期间和再入环境等方面与航天飞机相比具有明显的优势。
升阻比,supports_mission,任务,DOC001,1251,1）采用翼身融合、高升阻比气动模型，可支持大部分不带舱顶在发射时，具有较强的任务适应性，且在机动性、安全周期间和再入环境等方面与航天飞机相比具有明显的优势。
升阻比,supports_mission,机动,DOC001,1251,1）采用翼身融合、高升阻比气动模型，可支持大部分不带舱顶在发射时，具有较强的任务适应性，且在机动性、安全周期间和再入环境等方面与航天飞机相比具有明显的优势。
升阻比,supports_mission,再入,DOC001,1251,1）采用翼身融合、高升阻比气动模型，可支持大部分不带舱顶在发射时，具有较强的任务适应性，且在机动性、安全周期间和再入环境等方面与航天飞机相比具有明显的优势。
气动,supports_mission,发射,DOC001,1251,1）采用翼身融合、高升阻比气动模型，可支持大部分不带舱顶在发射时，具有较强的任务适应性，且在机动性、安全周期间和再入环境等方面与航天飞机相比具有明显的优势。
气动,supports_mission,任务,DOC001,1251,1）采用翼身融合、高升阻比气动模型，可支持大部分不带舱顶在发射时，具有较强的任务适应性，且在机动性、安全周期间和再入环境等方面与航天飞机相比具有明显的优势。
气动,supports_mission,机动,DOC001,1251,1）采用翼身融合、高升阻比气动模型，可支持大部分不带舱顶在发射时，具有较强的任务适应性，且在机动性、安全周期间和再入环境等方面与航天飞机相比具有明显的优势。
气动,supports_mission,再入,DOC001,1251,1）采用翼身融合、高升阻比气动模型，可支持大部分不带舱顶在发射时，具有较强的任务适应性，且在机动性、安全周期间和再入环境等方面与航天飞机相比具有明显的优势。
结构设计,has_component,飞行器,DOC001,1267,结构设计要目的是影响大，而且由于性能、风险和费用等，一些其他的备用需求（如任务约束），或者飞行器布及其结构和工作状态等因素，使得我们不能确切地知道或想是强束实现这些目标。
结构设计,has_component,状态,DOC001,1267,结构设计要目的是影响大，而且由于性能、风险和费用等，一些其他的备用需求（如任务约束），或者飞行器布及其结构和工作状态等因素，使得我们不能确切地知道或想是强束实现这些目标。
结构设计,has_component,载荷,DOC001,1270,考虑到结构质量对飞行器性能的重要影响，与设计压力容器时不同，结构设计应仅考虑飞行器固建、起飞阶段，以及包括可重复使用工作环境的积累效应为基础出于主要目的的多虑，应采用力灭设计理念，降低飞行器以外的载荷由地面设备承担，而不是由飞行器设备和结构承担；
飞行器,uses_method,变形,DOC001,1307,飞行器结构在其整个使用寿命内应具有良好的发展和刚度，以承受飞用或使用压力而发生直线变形；
发射,part_of,飞行器,DOC001,1320,发射是指通常火箭将飞行器通过发射，并在发射过程中在某种环境条件下运行。
飞行器,has_component,结构设计,DOC001,1326,虽然发射环境是可重复使用新型航天飞行器结构所需要考虑的最关键的环境条件，但地面环境将会影响由其结构设计所达到的地面环境都情况下要求，包括地面、运输、操作和试验环境。
飞行器,has_component,变形,DOC001,1364,另外，由于飞行器结构件一般是薄壁结构，在加工时应注意由于重力引起的变形对加工的精确性的影响；
现象,part_of,铝合金,DOC001,1367,氢脆现象是金属（如铝合金、高强度合金钢）在热加工时原子氢扩散到金属中造成的，其使金属发生脆性断裂，造成零部件的损坏。
操作,part_of,飞行器,DOC001,1375,最高见的翻转操作是往复量特性测试时中飞行器从垂直状态转到水平状态。
飞行器,has_component,振动,DOC001,1393,飞行器运输的载荷环境主要是由一些噪声事件引起的，如果落在飞行中的 院风以及由坑空引起的随机振动。
试验,part_of,飞行器,DOC001,1396,地面试验是在模拟飞行器结构的实际环境或载荷条件下，通过试验检验结构的性能是否满足要求。
发动机,has_component,推力,DOC001,1403,发射火箭通 常由上级发动机组成，每一级的推力和变化规律在发射开始前已经确定，通常发射火箭每 分离前会在一定时间内产生的推力。
发动机,has_component,变化,DOC001,1403,发射火箭通 常由上级发动机组成，每一级的推力和变化规律在发射开始前已经确定，通常发射火箭每 分离前会在一定时间内产生的推力。
发动机,has_component,分离,DOC001,1403,发射火箭通 常由上级发动机组成，每一级的推力和变化规律在发射开始前已经确定，通常发射火箭每 分离前会在一定时间内产生的推力。
以上,part_of,飞行器,DOC001,1429,除了以上一些动态飞行事件外，发射过程中中的大部分时间是整个飞行器前和飞行器组
飞行,part_of,飞行器,DOC001,1429,除了以上一些动态飞行事件外，发射过程中中的大部分时间是整个飞行器前和飞行器组
发射,part_of,飞行器,DOC001,1429,除了以上一些动态飞行事件外，发射过程中中的大部分时间是整个飞行器前和飞行器组
过程中,part_of,飞行器,DOC001,1429,除了以上一些动态飞行事件外，发射过程中中的大部分时间是整个飞行器前和飞行器组
中的,part_of,飞行器,DOC001,1429,除了以上一些动态飞行事件外，发射过程中中的大部分时间是整个飞行器前和飞行器组
部分,part_of,飞行器,DOC001,1429,除了以上一些动态飞行事件外，发射过程中中的大部分时间是整个飞行器前和飞行器组
飞行器,has_component,状态,DOC001,1458,上述外热源对飞行器结构会产生不均匀的加热，并且由于飞行器在太阳的辐射区域和地球的阴影区域交替，使得飞行器结构热失怔状态温差大。
空中,part_of,飞行器,DOC001,1468,在太空中原子氧实际上是带正的，当轨道飞行器以高速撞击其时就会发生熔蚀现象。
实际上,part_of,飞行器,DOC001,1468,在太空中原子氧实际上是带正的，当轨道飞行器以高速撞击其时就会发生熔蚀现象。
再入,part_of,飞行器,DOC001,1481,再入环境是指飞行器返回大气层后遇到的环境条件，主要包括以下环境条件。
环境,part_of,飞行器,DOC001,1481,再入环境是指飞行器返回大气层后遇到的环境条件，主要包括以下环境条件。
飞行器,has_component,气动,DOC001,1488,飞行器从真空的轨道环境进入稠密大气层后，由于飞行器对空气的压缩以及周围空气的微观摩擦，其表面各处将受到高速气流产生的气动载荷和气动加热。
飞行器,has_component,载荷,DOC001,1488,飞行器从真空的轨道环境进入稠密大气层后，由于飞行器对空气的压缩以及周围空气的微观摩擦，其表面各处将受到高速气流产生的气动载荷和气动加热。
飞行器,has_component,航天飞机,DOC001,1492,载荷对航天飞行器结构（包括机体）的影响最大，因为航天飞机器结构最基本的功能就是承受载荷，使飞行器结构本身及其所支撑的设备不发生破坏或失效。
对接,part_of,飞行器,DOC001,1496,无论在对接状态还是在非对接状态中，均应按照设计情况确定飞行器的使用载荷。
状态,part_of,飞行器,DOC001,1496,无论在对接状态还是在非对接状态中，均应按照设计情况确定飞行器的使用载荷。
飞行器,has_component,载荷,DOC001,1500,2）飞行器的质量分布、刚度和阻尼，包括由载荷等引发及其环境引起的特性变化和弹性变形引起的载荷再分布；
飞行器,has_component,变化,DOC001,1500,2）飞行器的质量分布、刚度和阻尼，包括由载荷等引发及其环境引起的特性变化和弹性变形引起的载荷再分布；
飞行器,has_component,变形,DOC001,1500,2）飞行器的质量分布、刚度和阻尼，包括由载荷等引发及其环境引起的特性变化和弹性变形引起的载荷再分布；
航天,part_of,飞行器,DOC001,1506,中外航天的载荷状况也可以理解为一组在不同时间/压力/气流条件下的飞行工况信息，载荷是飞行器在不同工况下承受的载荷集。
载荷,part_of,飞行器,DOC001,1506,中外航天的载荷状况也可以理解为一组在不同时间/压力/气流条件下的飞行工况信息，载荷是飞行器在不同工况下承受的载荷集。
解为,part_of,飞行器,DOC001,1506,中外航天的载荷状况也可以理解为一组在不同时间/压力/气流条件下的飞行工况信息，载荷是飞行器在不同工况下承受的载荷集。
不同,part_of,飞行器,DOC001,1506,中外航天的载荷状况也可以理解为一组在不同时间/压力/气流条件下的飞行工况信息，载荷是飞行器在不同工况下承受的载荷集。
压力,part_of,飞行器,DOC001,1506,中外航天的载荷状况也可以理解为一组在不同时间/压力/气流条件下的飞行工况信息，载荷是飞行器在不同工况下承受的载荷集。
条件,part_of,飞行器,DOC001,1506,中外航天的载荷状况也可以理解为一组在不同时间/压力/气流条件下的飞行工况信息，载荷是飞行器在不同工况下承受的载荷集。
飞行,part_of,飞行器,DOC001,1506,中外航天的载荷状况也可以理解为一组在不同时间/压力/气流条件下的飞行工况信息，载荷是飞行器在不同工况下承受的载荷集。
给出,part_of,整体结构,DOC001,1539,本文给出的概率值均是单一载荷的页项，而非整体结构的失效概率。
飞行器,has_mechanism,变形,DOC001,1615,飞行器结构应具有足够的刚度，使得静气动弹性变形不致引起结构失效，或使结构稳 定和倾斜难以降低到规定水平以下。
结构设计,has_component,变形,DOC001,1663,进行频确防护 的壁板结构设计时， 应以下列参数为基准载：壁板刚度， 边界约束， 壁板约束的，壁板应力由大，块环应力及板面温度， 中间面应力，如中面凹变形，且应力为0余数，区部的湿热效应， 压差（包括适温影响）及流体流向。
热流,is_a,系数,DOC001,1715,对于所有地面操作情况及飞行情况，采用抗扰热源和热流的热防护系统应能保持飞行器结构和元件在设计限定的温度以内，应利用包括热源和热流的瞬态分析，预测热防护系统的性能（即将满足结构限定在给定温度下，此时该系统所需的系数单位质量）及系统和结构的温度。
热防护系统,is_a,系数,DOC001,1715,对于所有地面操作情况及飞行情况，采用抗扰热源和热流的热防护系统应能保持飞行器结构和元件在设计限定的温度以内，应利用包括热源和热流的瞬态分析，预测热防护系统的性能（即将满足结构限定在给定温度下，此时该系统所需的系数单位质量）及系统和结构的温度。
热防护系统,is_a,单位,DOC001,1715,对于所有地面操作情况及飞行情况，采用抗扰热源和热流的热防护系统应能保持飞行器结构和元件在设计限定的温度以内，应利用包括热源和热流的瞬态分析，预测热防护系统的性能（即将满足结构限定在给定温度下，此时该系统所需的系数单位质量）及系统和结构的温度。
热防护系统,is_a,质量,DOC001,1715,对于所有地面操作情况及飞行情况，采用抗扰热源和热流的热防护系统应能保持飞行器结构和元件在设计限定的温度以内，应利用包括热源和热流的瞬态分析，预测热防护系统的性能（即将满足结构限定在给定温度下，此时该系统所需的系数单位质量）及系统和结构的温度。
飞行器,is_a,系数,DOC001,1715,对于所有地面操作情况及飞行情况，采用抗扰热源和热流的热防护系统应能保持飞行器结构和元件在设计限定的温度以内，应利用包括热源和热流的瞬态分析，预测热防护系统的性能（即将满足结构限定在给定温度下，此时该系统所需的系数单位质量）及系统和结构的温度。
飞行器,is_a,单位,DOC001,1715,对于所有地面操作情况及飞行情况，采用抗扰热源和热流的热防护系统应能保持飞行器结构和元件在设计限定的温度以内，应利用包括热源和热流的瞬态分析，预测热防护系统的性能（即将满足结构限定在给定温度下，此时该系统所需的系数单位质量）及系统和结构的温度。
飞行器,is_a,质量,DOC001,1715,对于所有地面操作情况及飞行情况，采用抗扰热源和热流的热防护系统应能保持飞行器结构和元件在设计限定的温度以内，应利用包括热源和热流的瞬态分析，预测热防护系统的性能（即将满足结构限定在给定温度下，此时该系统所需的系数单位质量）及系统和结构的温度。
以内,is_a,系数,DOC001,1715,对于所有地面操作情况及飞行情况，采用抗扰热源和热流的热防护系统应能保持飞行器结构和元件在设计限定的温度以内，应利用包括热源和热流的瞬态分析，预测热防护系统的性能（即将满足结构限定在给定温度下，此时该系统所需的系数单位质量）及系统和结构的温度。
以内,is_a,单位,DOC001,1715,对于所有地面操作情况及飞行情况，采用抗扰热源和热流的热防护系统应能保持飞行器结构和元件在设计限定的温度以内，应利用包括热源和热流的瞬态分析，预测热防护系统的性能（即将满足结构限定在给定温度下，此时该系统所需的系数单位质量）及系统和结构的温度。
以内,is_a,质量,DOC001,1715,对于所有地面操作情况及飞行情况，采用抗扰热源和热流的热防护系统应能保持飞行器结构和元件在设计限定的温度以内，应利用包括热源和热流的瞬态分析，预测热防护系统的性能（即将满足结构限定在给定温度下，此时该系统所需的系数单位质量）及系统和结构的温度。
外形,part_of,前缘,DOC001,1723,4） 关键之处的外形尺寸稳定性，尤其是前缘、机头部位及操作面外形；
尺寸,part_of,前缘,DOC001,1723,4） 关键之处的外形尺寸稳定性，尤其是前缘、机头部位及操作面外形；
稳定,part_of,前缘,DOC001,1723,4） 关键之处的外形尺寸稳定性，尤其是前缘、机头部位及操作面外形；
飞行器,has_component,飞机,DOC001,1758,复合材料在飞行器中应用的案例包括：B787飞机的复合材料用量高度达50%以上。
飞行器,has_component,高度,DOC001,1758,复合材料在飞行器中应用的案例包括：B787飞机的复合材料用量高度达50%以上。
胶接,has_component,飞行器,DOC001,1798,对任何胶接接口，由于其会引起飞行器损伤性的破坏，必须采用下列方法之一来证明其承受使用载荷的能力。
胶接,has_component,载荷,DOC001,1798,对任何胶接接口，由于其会引起飞行器损伤性的破坏，必须采用下列方法之一来证明其承受使用载荷的能力。
验证,is_a,胶接,DOC001,1800,2）必须对每个制件进行验证试验，即要对每一个关键胶接实施加最大最重的设计使用载荷；
验证,is_a,最大,DOC001,1800,2）必须对每个制件进行验证试验，即要对每一个关键胶接实施加最大最重的设计使用载荷；
验证,is_a,载荷,DOC001,1800,2）必须对每个制件进行验证试验，即要对每一个关键胶接实施加最大最重的设计使用载荷；
试验,is_a,胶接,DOC001,1800,2）必须对每个制件进行验证试验，即要对每一个关键胶接实施加最大最重的设计使用载荷；
试验,is_a,最大,DOC001,1800,2）必须对每个制件进行验证试验，即要对每一个关键胶接实施加最大最重的设计使用载荷；
试验,is_a,载荷,DOC001,1800,2）必须对每个制件进行验证试验，即要对每一个关键胶接实施加最大最重的设计使用载荷；
切割,is_a,最小,DOC001,1868,td=扭取可切割或金属开备的平均厚度 的即为最小厚度值的N倍
厚度,is_a,最小,DOC001,1868,td=扭取可切割或金属开备的平均厚度 的即为最小厚度值的N倍
飞行器,uses_method,变化,DOC001,1978,应在定义载荷谱以便用分析方法描述在飞行器使用寿命期间内，所有主要结构单元中预期出现的累积载荷、动载荷及环境载荷和变化形式。
能力,part_of,铝合金,DOC001,2161,对氢蚀致脆的金属的特殊承载能力（特别是钢和铝合金）应通过在实验室进行试验证实。
飞行器,has_component,载荷,DOC001,2315,应在发射台上测量飞行器由地面风引起的载荷和运动，用以证实风调或分析的有效性。
飞行器结构设计,part_of,飞行器,DOC001,2493,飞行器结构设计是飞行器结构研制过程中的一个重要环节，也是本书的重点内容之一。
航天,part_of,航天器,DOC001,2503,航天飞行器结构材料是指航天器结构所采用的各种原材料。
飞行器,part_of,航天器,DOC001,2503,航天飞行器结构材料是指航天器结构所采用的各种原材料。
材料,part_of,航天器,DOC001,2503,航天飞行器结构材料是指航天器结构所采用的各种原材料。
航天,is_a,不同,DOC001,2507,由于航天飞行器的飞行环境（受叶挤打和太空环境），对于航天飞行器结构材料的要求与常规机械产品材料的要求有很大区别，即使与航空结构材料也有不同。
飞行器,is_a,不同,DOC001,2507,由于航天飞行器的飞行环境（受叶挤打和太空环境），对于航天飞行器结构材料的要求与常规机械产品材料的要求有很大区别，即使与航空结构材料也有不同。
飞行,is_a,不同,DOC001,2507,由于航天飞行器的飞行环境（受叶挤打和太空环境），对于航天飞行器结构材料的要求与常规机械产品材料的要求有很大区别，即使与航空结构材料也有不同。
环境,is_a,不同,DOC001,2507,由于航天飞行器的飞行环境（受叶挤打和太空环境），对于航天飞行器结构材料的要求与常规机械产品材料的要求有很大区别，即使与航空结构材料也有不同。
对于,is_a,不同,DOC001,2507,由于航天飞行器的飞行环境（受叶挤打和太空环境），对于航天飞行器结构材料的要求与常规机械产品材料的要求有很大区别，即使与航空结构材料也有不同。
材料,is_a,不同,DOC001,2507,由于航天飞行器的飞行环境（受叶挤打和太空环境），对于航天飞行器结构材料的要求与常规机械产品材料的要求有很大区别，即使与航空结构材料也有不同。
的要求,is_a,不同,DOC001,2507,由于航天飞行器的飞行环境（受叶挤打和太空环境），对于航天飞行器结构材料的要求与常规机械产品材料的要求有很大区别，即使与航空结构材料也有不同。
材料,is_a,密度,DOC001,2514,因此必须采用轻型材料，即采用密度尽量低的材料。
铝合金,part_of,发动机,DOC001,2572,铝合金结构材料的主要缺点是其发动机质量不易通过提高承载能力、良好的热稳定性（线膨胀系数小和纵向线膨胀系数为负值）、热导率低、良好的疲劳强度、振动阻尼性能、抗腐蚀性和耐磨性。
材料,part_of,发动机,DOC001,2572,铝合金结构材料的主要缺点是其发动机质量不易通过提高承载能力、良好的热稳定性（线膨胀系数小和纵向线膨胀系数为负值）、热导率低、良好的疲劳强度、振动阻尼性能、抗腐蚀性和耐磨性。
缺点,part_of,发动机,DOC001,2572,铝合金结构材料的主要缺点是其发动机质量不易通过提高承载能力、良好的热稳定性（线膨胀系数小和纵向线膨胀系数为负值）、热导率低、良好的疲劳强度、振动阻尼性能、抗腐蚀性和耐磨性。
变形,is_a,未来,DOC001,2722,和结构的驱动器， 可变形装皮和适应结构等都能即可变形技术是未来载本运行发展关
变形,is_a,运行,DOC001,2722,和结构的驱动器， 可变形装皮和适应结构等都能即可变形技术是未来载本运行发展关
变形,is_a,发展,DOC001,2722,和结构的驱动器， 可变形装皮和适应结构等都能即可变形技术是未来载本运行发展关
航天器,part_of,航天器结构设计,DOC001,2725,航天器结构材料的选择是航天器结构设计中首先要进行的工作，只有在选定结构材
材料,part_of,航天器结构设计,DOC001,2725,航天器结构材料的选择是航天器结构设计中首先要进行的工作，只有在选定结构材
选择,part_of,航天器结构设计,DOC001,2725,航天器结构材料的选择是航天器结构设计中首先要进行的工作，只有在选定结构材
材料,part_of,结构设计,DOC001,2727,因此，材料选择是结构设计中一个最基本
选择,part_of,结构设计,DOC001,2727,因此，材料选择是结构设计中一个最基本
设备,part_of,飞行器,DOC001,2872,结构和设备一体化是飞行器结构轻量化的重要途径，能有效降低结构质量。
一体化,part_of,飞行器,DOC001,2872,结构和设备一体化是飞行器结构轻量化的重要途径，能有效降低结构质量。
设备,part_of,飞行器,DOC001,2877,将模块化和设备一体化设计是将飞行器结构功能和设备的电气功能有效结合，达到结构轻量化的目的。
一体化,part_of,飞行器,DOC001,2877,将模块化和设备一体化设计是将飞行器结构功能和设备的电气功能有效结合，达到结构轻量化的目的。
强度,part_of,飞行器结构设计,DOC001,2895,静强度是新型航天飞行器结构设计中首先要解决的最基本的要求。
飞行器,has_component,安全系数,DOC001,2897,现代飞行器结构由于在设计中考虑了安全系数，因此在实际使用中用中静强度而导致的破坏是极少见的。
飞行器,part_of,结构设计,DOC001,2902,飞行器的气动布局和外形数据确定之后，首要是解决的结构设计问题是载力。
气动,part_of,结构设计,DOC001,2902,飞行器的气动布局和外形数据确定之后，首要是解决的结构设计问题是载力。
布局,part_of,结构设计,DOC001,2902,飞行器的气动布局和外形数据确定之后，首要是解决的结构设计问题是载力。
外形,part_of,结构设计,DOC001,2902,飞行器的气动布局和外形数据确定之后，首要是解决的结构设计问题是载力。
数据,part_of,结构设计,DOC001,2902,飞行器的气动布局和外形数据确定之后，首要是解决的结构设计问题是载力。
确定,part_of,结构设计,DOC001,2902,飞行器的气动布局和外形数据确定之后，首要是解决的结构设计问题是载力。
之后,part_of,结构设计,DOC001,2902,飞行器的气动布局和外形数据确定之后，首要是解决的结构设计问题是载力。
夹层结构,has_component,蒙皮,DOC001,2945,由实心承压结构构件，夹层结构由承压蒙皮和骨架组成，适用于承载环境较复杂的结构。
隔框,has_component,载荷,DOC001,2957,该结构由较厚度皮和隔框组成，没有纹向结构，由黏皮承受全部载荷，隔框只起笼形和各能段之间连接作用，以传递能段间的集中载荷。
装配,affects,可靠性,DOC001,2989,机体结构的装配难度大幅增加，传统依靠多零部件通过机械连接装配对结构的损伤以及结构质量的增加也制约了飞行器的高可靠性和有效载荷承载能力。
装配,affects,载荷,DOC001,2989,机体结构的装配难度大幅增加，传统依靠多零部件通过机械连接装配对结构的损伤以及结构质量的增加也制约了飞行器的高可靠性和有效载荷承载能力。
蒙皮,part_of,机翼,DOC001,3002,2）蒙皮类整体结构，主要是指相对于单块或面蒙皮结构而言的左在一体化水平安装，面蒙皮、左在一体化机翼美面蒙皮及机身融合整体蒙皮等，如图4-4所示。
蒙皮,part_of,机身,DOC001,3002,2）蒙皮类整体结构，主要是指相对于单块或面蒙皮结构而言的左在一体化水平安装，面蒙皮、左在一体化机翼美面蒙皮及机身融合整体蒙皮等，如图4-4所示。
整体结构,part_of,机翼,DOC001,3002,2）蒙皮类整体结构，主要是指相对于单块或面蒙皮结构而言的左在一体化水平安装，面蒙皮、左在一体化机翼美面蒙皮及机身融合整体蒙皮等，如图4-4所示。
整体结构,part_of,机身,DOC001,3002,2）蒙皮类整体结构，主要是指相对于单块或面蒙皮结构而言的左在一体化水平安装，面蒙皮、左在一体化机翼美面蒙皮及机身融合整体蒙皮等，如图4-4所示。
复合材料结构设计,has_component,结构设计,DOC001,3007,因此对于复合材料结构设计，主要考虑包括了整体化和结构设计两个方面。
固化,part_of,装配,DOC001,3042,基于大部段复合材料整体结构的可行性，其主要采用了共固化和二次固化技术，如图4-11所示，整个飞行器下半壳、机翼和前、后上半壳都是整体成型结构，大量的复合材料整体式结构减少了结构的装配工作，也将飞行器的结构质量优化到最低。
飞行器,part_of,装配,DOC001,3042,基于大部段复合材料整体结构的可行性，其主要采用了共固化和二次固化技术，如图4-11所示，整个飞行器下半壳、机翼和前、后上半壳都是整体成型结构，大量的复合材料整体式结构减少了结构的装配工作，也将飞行器的结构质量优化到最低。
机翼,part_of,装配,DOC001,3042,基于大部段复合材料整体结构的可行性，其主要采用了共固化和二次固化技术，如图4-11所示，整个飞行器下半壳、机翼和前、后上半壳都是整体成型结构，大量的复合材料整体式结构减少了结构的装配工作，也将飞行器的结构质量优化到最低。
复合材料,is_a,降低,DOC001,3049,问题主要体现在复合材料整体结构件的制造成本高及维修困难等方面，即如何减少对昂贵的热压罐的依赖以降低制造成本，如何有效减少采用整体结构后给维修带来的不便，从而控制维修成本，提高维修效率。
复合材料,is_a,从而,DOC001,3049,问题主要体现在复合材料整体结构件的制造成本高及维修困难等方面，即如何减少对昂贵的热压罐的依赖以降低制造成本，如何有效减少采用整体结构后给维修带来的不便，从而控制维修成本，提高维修效率。
复合材料,is_a,提高,DOC001,3049,问题主要体现在复合材料整体结构件的制造成本高及维修困难等方面，即如何减少对昂贵的热压罐的依赖以降低制造成本，如何有效减少采用整体结构后给维修带来的不便，从而控制维修成本，提高维修效率。
整体结构,is_a,降低,DOC001,3049,问题主要体现在复合材料整体结构件的制造成本高及维修困难等方面，即如何减少对昂贵的热压罐的依赖以降低制造成本，如何有效减少采用整体结构后给维修带来的不便，从而控制维修成本，提高维修效率。
整体结构,is_a,从而,DOC001,3049,问题主要体现在复合材料整体结构件的制造成本高及维修困难等方面，即如何减少对昂贵的热压罐的依赖以降低制造成本，如何有效减少采用整体结构后给维修带来的不便，从而控制维修成本，提高维修效率。
整体结构,is_a,提高,DOC001,3049,问题主要体现在复合材料整体结构件的制造成本高及维修困难等方面，即如何减少对昂贵的热压罐的依赖以降低制造成本，如何有效减少采用整体结构后给维修带来的不便，从而控制维修成本，提高维修效率。
制造,is_a,降低,DOC001,3049,问题主要体现在复合材料整体结构件的制造成本高及维修困难等方面，即如何减少对昂贵的热压罐的依赖以降低制造成本，如何有效减少采用整体结构后给维修带来的不便，从而控制维修成本，提高维修效率。
制造,is_a,从而,DOC001,3049,问题主要体现在复合材料整体结构件的制造成本高及维修困难等方面，即如何减少对昂贵的热压罐的依赖以降低制造成本，如何有效减少采用整体结构后给维修带来的不便，从而控制维修成本，提高维修效率。
制造,is_a,提高,DOC001,3049,问题主要体现在复合材料整体结构件的制造成本高及维修困难等方面，即如何减少对昂贵的热压罐的依赖以降低制造成本，如何有效减少采用整体结构后给维修带来的不便，从而控制维修成本，提高维修效率。
方面,is_a,降低,DOC001,3049,问题主要体现在复合材料整体结构件的制造成本高及维修困难等方面，即如何减少对昂贵的热压罐的依赖以降低制造成本，如何有效减少采用整体结构后给维修带来的不便，从而控制维修成本，提高维修效率。
方面,is_a,从而,DOC001,3049,问题主要体现在复合材料整体结构件的制造成本高及维修困难等方面，即如何减少对昂贵的热压罐的依赖以降低制造成本，如何有效减少采用整体结构后给维修带来的不便，从而控制维修成本，提高维修效率。
方面,is_a,提高,DOC001,3049,问题主要体现在复合材料整体结构件的制造成本高及维修困难等方面，即如何减少对昂贵的热压罐的依赖以降低制造成本，如何有效减少采用整体结构后给维修带来的不便，从而控制维修成本，提高维修效率。
整体结构,part_of,装配,DOC001,3071,采用整体结构部件作为前体的制作制造方法，是指先形成整体结构，再进行局部加工和装配。
部件,part_of,装配,DOC001,3071,采用整体结构部件作为前体的制作制造方法，是指先形成整体结构，再进行局部加工和装配。
制造,part_of,装配,DOC001,3071,采用整体结构部件作为前体的制作制造方法，是指先形成整体结构，再进行局部加工和装配。
虽然,is_a,组合,DOC001,3105,虽然飞行器结构中包含的零件形状和尺寸不同，但其可分解出标准元件模板，即在不 同结构组合中和部件中仍要大量或就可以重复所适用的构件。
虽然,is_a,部件,DOC001,3105,虽然飞行器结构中包含的零件形状和尺寸不同，但其可分解出标准元件模板，即在不 同结构组合中和部件中仍要大量或就可以重复所适用的构件。
虽然,is_a,重复,DOC001,3105,虽然飞行器结构中包含的零件形状和尺寸不同，但其可分解出标准元件模板，即在不 同结构组合中和部件中仍要大量或就可以重复所适用的构件。
飞行器,has_component,尺寸,DOC001,3105,虽然飞行器结构中包含的零件形状和尺寸不同，但其可分解出标准元件模板，即在不 同结构组合中和部件中仍要大量或就可以重复所适用的构件。
飞行器,is_a,组合,DOC001,3105,虽然飞行器结构中包含的零件形状和尺寸不同，但其可分解出标准元件模板，即在不 同结构组合中和部件中仍要大量或就可以重复所适用的构件。
飞行器,is_a,部件,DOC001,3105,虽然飞行器结构中包含的零件形状和尺寸不同，但其可分解出标准元件模板，即在不 同结构组合中和部件中仍要大量或就可以重复所适用的构件。
飞行器,is_a,重复,DOC001,3105,虽然飞行器结构中包含的零件形状和尺寸不同，但其可分解出标准元件模板，即在不 同结构组合中和部件中仍要大量或就可以重复所适用的构件。
形状,is_a,组合,DOC001,3105,虽然飞行器结构中包含的零件形状和尺寸不同，但其可分解出标准元件模板，即在不 同结构组合中和部件中仍要大量或就可以重复所适用的构件。
形状,is_a,部件,DOC001,3105,虽然飞行器结构中包含的零件形状和尺寸不同，但其可分解出标准元件模板，即在不 同结构组合中和部件中仍要大量或就可以重复所适用的构件。
形状,is_a,重复,DOC001,3105,虽然飞行器结构中包含的零件形状和尺寸不同，但其可分解出标准元件模板，即在不 同结构组合中和部件中仍要大量或就可以重复所适用的构件。
尺寸,is_a,组合,DOC001,3105,虽然飞行器结构中包含的零件形状和尺寸不同，但其可分解出标准元件模板，即在不 同结构组合中和部件中仍要大量或就可以重复所适用的构件。
尺寸,is_a,部件,DOC001,3105,虽然飞行器结构中包含的零件形状和尺寸不同，但其可分解出标准元件模板，即在不 同结构组合中和部件中仍要大量或就可以重复所适用的构件。
尺寸,is_a,重复,DOC001,3105,虽然飞行器结构中包含的零件形状和尺寸不同，但其可分解出标准元件模板，即在不 同结构组合中和部件中仍要大量或就可以重复所适用的构件。
不同,is_a,组合,DOC001,3105,虽然飞行器结构中包含的零件形状和尺寸不同，但其可分解出标准元件模板，即在不 同结构组合中和部件中仍要大量或就可以重复所适用的构件。
不同,is_a,部件,DOC001,3105,虽然飞行器结构中包含的零件形状和尺寸不同，但其可分解出标准元件模板，即在不 同结构组合中和部件中仍要大量或就可以重复所适用的构件。
不同,is_a,重复,DOC001,3105,虽然飞行器结构中包含的零件形状和尺寸不同，但其可分解出标准元件模板，即在不 同结构组合中和部件中仍要大量或就可以重复所适用的构件。
质量,part_of,整体结构,DOC001,3118,在一种复杂的结构均可表示为某些串联环节的组合，由串联环节组成的结构质量随其环节的减小而减小，这种串联环节数目越少则其极限状态就是整体结构。
减小,part_of,整体结构,DOC001,3118,在一种复杂的结构均可表示为某些串联环节的组合，由串联环节组成的结构质量随其环节的减小而减小，这种串联环节数目越少则其极限状态就是整体结构。
这种,part_of,整体结构,DOC001,3118,在一种复杂的结构均可表示为某些串联环节的组合，由串联环节组成的结构质量随其环节的减小而减小，这种串联环节数目越少则其极限状态就是整体结构。
状态,part_of,整体结构,DOC001,3118,在一种复杂的结构均可表示为某些串联环节的组合，由串联环节组成的结构质量随其环节的减小而减小，这种串联环节数目越少则其极限状态就是整体结构。
公式,is_a,应力,DOC001,3327,该近似公式是在假设条纹截面受力均匀的情况下得到的（图4-25），即不使用应力图4-25（a）而采用应力图4-25（b）。
假设,is_a,应力,DOC001,3327,该近似公式是在假设条纹截面受力均匀的情况下得到的（图4-25），即不使用应力图4-25（a）而采用应力图4-25（b）。
的情况下,is_a,应力,DOC001,3327,该近似公式是在假设条纹截面受力均匀的情况下得到的（图4-25），即不使用应力图4-25（a）而采用应力图4-25（b）。
机翼,has_component,尾翼,DOC001,3510,机翼（包括尾翼）机身壁板在横向元件（翼肋和隔框）处的连接见图4-39。
机翼,has_component,机身,DOC001,3510,机翼（包括尾翼）机身壁板在横向元件（翼肋和隔框）处的连接见图4-39。
机翼,has_component,隔框,DOC001,3510,机翼（包括尾翼）机身壁板在横向元件（翼肋和隔框）处的连接见图4-39。
机翼,has_component,尾翼,DOC001,3519,图4-39 机翼（包括尾翼）机身壁板在横向元件（翼肋、隔框）处的连接
机翼,has_component,机身,DOC001,3519,图4-39 机翼（包括尾翼）机身壁板在横向元件（翼肋、隔框）处的连接
机翼,has_component,隔框,DOC001,3519,图4-39 机翼（包括尾翼）机身壁板在横向元件（翼肋、隔框）处的连接
有关,is_a,减小,DOC001,3535,"质有关，即当\(\sigma_{mp}\)和\(\sigma_{ch}\)换大时，\(\,j\)便减小。"
的表达式,is_a,条件,DOC001,3574,3）如果垫板材料的单位强度等于纤条材料的单位强度 σ_mp/ρ_mp = σ_ch/ρ_ch，则式（4-37）括号中的表达式等于零，则垫板的质量表达式为 Bθ/σ_ch = m/q_mp 确定，即在满足其余条件下（4-32）时与 ρ_mp 无关。
的表达式,is_a,无关,DOC001,3574,3）如果垫板材料的单位强度等于纤条材料的单位强度 σ_mp/ρ_mp = σ_ch/ρ_ch，则式（4-37）括号中的表达式等于零，则垫板的质量表达式为 Bθ/σ_ch = m/q_mp 确定，即在满足其余条件下（4-32）时与 ρ_mp 无关。
质量,is_a,条件,DOC001,3574,3）如果垫板材料的单位强度等于纤条材料的单位强度 σ_mp/ρ_mp = σ_ch/ρ_ch，则式（4-37）括号中的表达式等于零，则垫板的质量表达式为 Bθ/σ_ch = m/q_mp 确定，即在满足其余条件下（4-32）时与 ρ_mp 无关。
质量,is_a,无关,DOC001,3574,3）如果垫板材料的单位强度等于纤条材料的单位强度 σ_mp/ρ_mp = σ_ch/ρ_ch，则式（4-37）括号中的表达式等于零，则垫板的质量表达式为 Bθ/σ_ch = m/q_mp 确定，即在满足其余条件下（4-32）时与 ρ_mp 无关。
确定,is_a,条件,DOC001,3574,3）如果垫板材料的单位强度等于纤条材料的单位强度 σ_mp/ρ_mp = σ_ch/ρ_ch，则式（4-37）括号中的表达式等于零，则垫板的质量表达式为 Bθ/σ_ch = m/q_mp 确定，即在满足其余条件下（4-32）时与 ρ_mp 无关。
确定,is_a,无关,DOC001,3574,3）如果垫板材料的单位强度等于纤条材料的单位强度 σ_mp/ρ_mp = σ_ch/ρ_ch，则式（4-37）括号中的表达式等于零，则垫板的质量表达式为 Bθ/σ_ch = m/q_mp 确定，即在满足其余条件下（4-32）时与 ρ_mp 无关。
应力,is_a,状态,DOC001,3584,如果剪应力不超过临界值 t_ln，即不超过该垫受剪失稳的应力值，则垫板在纯剪状态
强度,part_of,装配,DOC001,3630,采用高强度棉条梁架是增强或轻装配式壁板结构的另一种方法。
夹层结构,is_a,翼助,DOC001,3647,1）夹层结构抗压和抗剪的稳定性提高，设计时不需要加强型材的受力构件，即使在翼助或屏框那圆很大的情况下；
夹层结构,is_a,的情况下,DOC001,3647,1）夹层结构抗压和抗剪的稳定性提高，设计时不需要加强型材的受力构件，即使在翼助或屏框那圆很大的情况下；
稳定,is_a,翼助,DOC001,3647,1）夹层结构抗压和抗剪的稳定性提高，设计时不需要加强型材的受力构件，即使在翼助或屏框那圆很大的情况下；
稳定,is_a,的情况下,DOC001,3647,1）夹层结构抗压和抗剪的稳定性提高，设计时不需要加强型材的受力构件，即使在翼助或屏框那圆很大的情况下；
提高,is_a,翼助,DOC001,3647,1）夹层结构抗压和抗剪的稳定性提高，设计时不需要加强型材的受力构件，即使在翼助或屏框那圆很大的情况下；
提高,is_a,的情况下,DOC001,3647,1）夹层结构抗压和抗剪的稳定性提高，设计时不需要加强型材的受力构件，即使在翼助或屏框那圆很大的情况下；
需要,is_a,翼助,DOC001,3647,1）夹层结构抗压和抗剪的稳定性提高，设计时不需要加强型材的受力构件，即使在翼助或屏框那圆很大的情况下；
需要,is_a,的情况下,DOC001,3647,1）夹层结构抗压和抗剪的稳定性提高，设计时不需要加强型材的受力构件，即使在翼助或屏框那圆很大的情况下；
质量,part_of,飞行器,DOC001,3831,无论是从结构质量还是从所占用的几何空间来看，推进剂低温贮箱在航天飞行器系统中部占据着极大的比例。
推进,is_a,部分,DOC001,3832,目前使用的一次性运载火箭，由于运载推进剂贮箱及其他泵分系统大量采用金属材料，导致贮箱i重占比“主要的”约为30%～50%，即使是在部分可重复使用的贮箱上也采用了贴到i纤材料；
推进,is_a,可重复使用,DOC001,3832,目前使用的一次性运载火箭，由于运载推进剂贮箱及其他泵分系统大量采用金属材料，导致贮箱i重占比“主要的”约为30%～50%，即使是在部分可重复使用的贮箱上也采用了贴到i纤材料；
其他,is_a,部分,DOC001,3832,目前使用的一次性运载火箭，由于运载推进剂贮箱及其他泵分系统大量采用金属材料，导致贮箱i重占比“主要的”约为30%～50%，即使是在部分可重复使用的贮箱上也采用了贴到i纤材料；
其他,is_a,可重复使用,DOC001,3832,目前使用的一次性运载火箭，由于运载推进剂贮箱及其他泵分系统大量采用金属材料，导致贮箱i重占比“主要的”约为30%～50%，即使是在部分可重复使用的贮箱上也采用了贴到i纤材料；
材料,is_a,部分,DOC001,3832,目前使用的一次性运载火箭，由于运载推进剂贮箱及其他泵分系统大量采用金属材料，导致贮箱i重占比“主要的”约为30%～50%，即使是在部分可重复使用的贮箱上也采用了贴到i纤材料；
材料,is_a,可重复使用,DOC001,3832,目前使用的一次性运载火箭，由于运载推进剂贮箱及其他泵分系统大量采用金属材料，导致贮箱i重占比“主要的”约为30%～50%，即使是在部分可重复使用的贮箱上也采用了贴到i纤材料；
约为,is_a,部分,DOC001,3832,目前使用的一次性运载火箭，由于运载推进剂贮箱及其他泵分系统大量采用金属材料，导致贮箱i重占比“主要的”约为30%～50%，即使是在部分可重复使用的贮箱上也采用了贴到i纤材料；
约为,is_a,可重复使用,DOC001,3832,目前使用的一次性运载火箭，由于运载推进剂贮箱及其他泵分系统大量采用金属材料，导致贮箱i重占比“主要的”约为30%～50%，即使是在部分可重复使用的贮箱上也采用了贴到i纤材料；
可重复使用,part_of,翼展,DOC001,3844,X-33是无人驾驶单级入轨可重复使用航运器贮器隆罐属于1/2比例的原型机（如图4-90所示），机长为20.29 m，机高为5.88 m，翼展为22.06 m。
目标,part_of,航天飞机,DOC001,3850,X-34项目的目标就是将机载在航天飞机中位10000美元/磅的运载成本降至1 0000美元/磅左右。
铝合金,has_component,夹层结构,DOC001,3991,Maven 太空船推进器由中班阵准准而铝合金蜂窝结构芯子组成的夹层结构，主要用于
应用,part_of,环氧树脂,DOC001,4100,目前应用较多的是环氧树脂，在市低温胶粘剂和低温结构材料的研究中，环氧树脂体材料是最优选择之一。
因素,is_a,复合材料,DOC001,4166,低渗透性在两个因素要考虑：一是渗透性，即流体分子通过复合材料层板扩散；
变形,has_component,载荷,DOC001,4201,罗伊·S（Samit Roy）和奈尔·A（A Bialish Nair）等人将基于第一阶段层板变形理论的裂纹分层响应（CDOD）应用到渗漏的预测上，提出了包含温度、流体及载荷等因素的渗漏模型，该模型可以用来计算分层失效后的层合板的渗漏（包括热载荷）的层合板的渗漏性。
复合材料,is_a,设备,DOC001,4347,复合材料低温贮箱的已具试验等环境影响，其有效向即用设备是否在试验中使用来模拟真实的使用状态。
复合材料,is_a,状态,DOC001,4347,复合材料低温贮箱的已具试验等环境影响，其有效向即用设备是否在试验中使用来模拟真实的使用状态。
试验,is_a,设备,DOC001,4347,复合材料低温贮箱的已具试验等环境影响，其有效向即用设备是否在试验中使用来模拟真实的使用状态。
试验,is_a,状态,DOC001,4347,复合材料低温贮箱的已具试验等环境影响，其有效向即用设备是否在试验中使用来模拟真实的使用状态。
环境,is_a,设备,DOC001,4347,复合材料低温贮箱的已具试验等环境影响，其有效向即用设备是否在试验中使用来模拟真实的使用状态。
环境,is_a,状态,DOC001,4347,复合材料低温贮箱的已具试验等环境影响，其有效向即用设备是否在试验中使用来模拟真实的使用状态。
假设,part_of,展开,DOC001,4422,该原理假设在2条承力的拉杆（图4-106），因为两个链的各节的截面面积恒是一致的（在力相同情况下），而展开并连节链b长度比链a的短度，因此单位长度的链b比单位长度的链a轻。
拉杆,part_of,展开,DOC001,4422,该原理假设在2条承力的拉杆（图4-106），因为两个链的各节的截面面积恒是一致的（在力相同情况下），而展开并连节链b长度比链a的短度，因此单位长度的链b比单位长度的链a轻。
因为,part_of,展开,DOC001,4422,该原理假设在2条承力的拉杆（图4-106），因为两个链的各节的截面面积恒是一致的（在力相同情况下），而展开并连节链b长度比链a的短度，因此单位长度的链b比单位长度的链a轻。
面积,part_of,展开,DOC001,4422,该原理假设在2条承力的拉杆（图4-106），因为两个链的各节的截面面积恒是一致的（在力相同情况下），而展开并连节链b长度比链a的短度，因此单位长度的链b比单位长度的链a轻。
工作,is_a,过程,DOC001,4548,例如，为减少小钻孔剩接的工作量，铆钉的设计应尽量考虑工艺性要求，即铆钉和铆钉过程尽可能实现机械化，为此需要将铆钉加工程序线段设置，保持铆钉间距不变。
工作,is_a,实现,DOC001,4548,例如，为减少小钻孔剩接的工作量，铆钉的设计应尽量考虑工艺性要求，即铆钉和铆钉过程尽可能实现机械化，为此需要将铆钉加工程序线段设置，保持铆钉间距不变。
工作,is_a,需要,DOC001,4548,例如，为减少小钻孔剩接的工作量，铆钉的设计应尽量考虑工艺性要求，即铆钉和铆钉过程尽可能实现机械化，为此需要将铆钉加工程序线段设置，保持铆钉间距不变。
工作,is_a,不变,DOC001,4548,例如，为减少小钻孔剩接的工作量，铆钉的设计应尽量考虑工艺性要求，即铆钉和铆钉过程尽可能实现机械化，为此需要将铆钉加工程序线段设置，保持铆钉间距不变。
工艺,is_a,过程,DOC001,4548,例如，为减少小钻孔剩接的工作量，铆钉的设计应尽量考虑工艺性要求，即铆钉和铆钉过程尽可能实现机械化，为此需要将铆钉加工程序线段设置，保持铆钉间距不变。
工艺,is_a,实现,DOC001,4548,例如，为减少小钻孔剩接的工作量，铆钉的设计应尽量考虑工艺性要求，即铆钉和铆钉过程尽可能实现机械化，为此需要将铆钉加工程序线段设置，保持铆钉间距不变。
工艺,is_a,需要,DOC001,4548,例如，为减少小钻孔剩接的工作量，铆钉的设计应尽量考虑工艺性要求，即铆钉和铆钉过程尽可能实现机械化，为此需要将铆钉加工程序线段设置，保持铆钉间距不变。
工艺,is_a,不变,DOC001,4548,例如，为减少小钻孔剩接的工作量，铆钉的设计应尽量考虑工艺性要求，即铆钉和铆钉过程尽可能实现机械化，为此需要将铆钉加工程序线段设置，保持铆钉间距不变。
要求,is_a,过程,DOC001,4548,例如，为减少小钻孔剩接的工作量，铆钉的设计应尽量考虑工艺性要求，即铆钉和铆钉过程尽可能实现机械化，为此需要将铆钉加工程序线段设置，保持铆钉间距不变。
要求,is_a,实现,DOC001,4548,例如，为减少小钻孔剩接的工作量，铆钉的设计应尽量考虑工艺性要求，即铆钉和铆钉过程尽可能实现机械化，为此需要将铆钉加工程序线段设置，保持铆钉间距不变。
要求,is_a,需要,DOC001,4548,例如，为减少小钻孔剩接的工作量，铆钉的设计应尽量考虑工艺性要求，即铆钉和铆钉过程尽可能实现机械化，为此需要将铆钉加工程序线段设置，保持铆钉间距不变。
要求,is_a,不变,DOC001,4548,例如，为减少小钻孔剩接的工作量，铆钉的设计应尽量考虑工艺性要求，即铆钉和铆钉过程尽可能实现机械化，为此需要将铆钉加工程序线段设置，保持铆钉间距不变。
因而,part_of,胶接,DOC001,4705,因而，对于于是受循环加载的结构，最适合的层度焊和胶接。
对于,part_of,胶接,DOC001,4705,因而，对于于是受循环加载的结构，最适合的层度焊和胶接。
相对,part_of,螺钉,DOC001,4742,胶联接接在生产中相对简单且经济，制造大型的胶接板和低稠板结构的工作量是生产内壁结构时的铝联接板的工作量的1/3.7，与密封表面密封的工作量之比为1/2.5，此外密封对铝螺钉或铝焊板为0.8，胶联接所制成的成品是由密封对接的胶接板和铝联接焊板的工作量是生产内壁结构时的1/3.7。
简单,part_of,螺钉,DOC001,4742,胶联接接在生产中相对简单且经济，制造大型的胶接板和低稠板结构的工作量是生产内壁结构时的铝联接板的工作量的1/3.7，与密封表面密封的工作量之比为1/2.5，此外密封对铝螺钉或铝焊板为0.8，胶联接所制成的成品是由密封对接的胶接板和铝联接焊板的工作量是生产内壁结构时的1/3.7。
制造,part_of,螺钉,DOC001,4742,胶联接接在生产中相对简单且经济，制造大型的胶接板和低稠板结构的工作量是生产内壁结构时的铝联接板的工作量的1/3.7，与密封表面密封的工作量之比为1/2.5，此外密封对铝螺钉或铝焊板为0.8，胶联接所制成的成品是由密封对接的胶接板和铝联接焊板的工作量是生产内壁结构时的1/3.7。
胶接,part_of,螺钉,DOC001,4742,胶联接接在生产中相对简单且经济，制造大型的胶接板和低稠板结构的工作量是生产内壁结构时的铝联接板的工作量的1/3.7，与密封表面密封的工作量之比为1/2.5，此外密封对铝螺钉或铝焊板为0.8，胶联接所制成的成品是由密封对接的胶接板和铝联接焊板的工作量是生产内壁结构时的1/3.7。
工作,part_of,螺钉,DOC001,4742,胶联接接在生产中相对简单且经济，制造大型的胶接板和低稠板结构的工作量是生产内壁结构时的铝联接板的工作量的1/3.7，与密封表面密封的工作量之比为1/2.5，此外密封对铝螺钉或铝焊板为0.8，胶联接所制成的成品是由密封对接的胶接板和铝联接焊板的工作量是生产内壁结构时的1/3.7。
为了,part_of,胶接,DOC001,4746,为了充分发挥先进复合材料在轻质航天飞行器结构上的潜力，无论是胶接还是机槭连接都应保证不剐结构的性能。
复合材料,part_of,胶接,DOC001,4746,为了充分发挥先进复合材料在轻质航天飞行器结构上的潜力，无论是胶接还是机槭连接都应保证不剐结构的性能。
航天,part_of,胶接,DOC001,4746,为了充分发挥先进复合材料在轻质航天飞行器结构上的潜力，无论是胶接还是机槭连接都应保证不剐结构的性能。
飞行器,part_of,胶接,DOC001,4746,为了充分发挥先进复合材料在轻质航天飞行器结构上的潜力，无论是胶接还是机槭连接都应保证不剐结构的性能。
一般而言,part_of,变化,DOC001,4768,一般而言，楔形阻塞托梁是最密致最高的复合材料托梁，在这两种接头内的载荷传递路径变化相对最小，其次是双拱接和单拱接，其效率相对更低一些。
胶接,has_component,载荷,DOC001,4862,被胶接件厚度t通常由需传送的载荷P来确定。
要求,is_a,因而,DOC001,4865,胶层薄则要求被胶接件即可合度高，因而胶层也不宜过薄，一般以0.10～0.25 mm为宜。
胶接,is_a,因而,DOC001,4865,胶层薄则要求被胶接件即可合度高，因而胶层也不宜过薄，一般以0.10～0.25 mm为宜。
飞行器,has_component,控制系统,DOC001,4900,空间机构主要由可重复使用新型航天飞行器本体上用于在轨执行机构作的部件，包括运动机构及其间服控制系统等。
飞行器,has_component,载荷,DOC001,4901,可重复使用新型航天飞行器上的空间机构一般包括有效载荷间机构、太阳电池阵附机构和可供收放载荷等。
方面,part_of,变形,DOC001,4969,传动机构的刚度要求主要是基于两个方面的考虑：一是在外载荷的作用下，传动机构各部件会产生弹性变形，导致活动后面物面偏差误差；
铰链,part_of,舵面,DOC001,5005,铰链力矩是作用在舱面上的气动力相对于舱面铰链轴的力矩 M，，其值取决于舱面的类型与几何形状、马楝数、仰角或偏角以及舵面的偏转量，其中以舵面偏转所产生的铰链力矩为主。
力矩,part_of,舵面,DOC001,5005,铰链力矩是作用在舱面上的气动力相对于舱面铰链轴的力矩 M，，其值取决于舱面的类型与几何形状、马楝数、仰角或偏角以及舵面的偏转量，其中以舵面偏转所产生的铰链力矩为主。
可知,is_a,系数,DOC001,5015,由于（5-1）可知，在舵面类型与几何形状一定的情况下，相同舵偏角所产生的铰链力矩随飞行状态改变：动压 Q 越大，铰链力矩也越大，而舵铰的方位（即系数 Mj 的符号）也随之改变。
可知,is_a,符号,DOC001,5015,由于（5-1）可知，在舵面类型与几何形状一定的情况下，相同舵偏角所产生的铰链力矩随飞行状态改变：动压 Q 越大，铰链力矩也越大，而舵铰的方位（即系数 Mj 的符号）也随之改变。
舵面,is_a,系数,DOC001,5015,由于（5-1）可知，在舵面类型与几何形状一定的情况下，相同舵偏角所产生的铰链力矩随飞行状态改变：动压 Q 越大，铰链力矩也越大，而舵铰的方位（即系数 Mj 的符号）也随之改变。
舵面,is_a,符号,DOC001,5015,由于（5-1）可知，在舵面类型与几何形状一定的情况下，相同舵偏角所产生的铰链力矩随飞行状态改变：动压 Q 越大，铰链力矩也越大，而舵铰的方位（即系数 Mj 的符号）也随之改变。
形状,is_a,系数,DOC001,5015,由于（5-1）可知，在舵面类型与几何形状一定的情况下，相同舵偏角所产生的铰链力矩随飞行状态改变：动压 Q 越大，铰链力矩也越大，而舵铰的方位（即系数 Mj 的符号）也随之改变。
形状,is_a,符号,DOC001,5015,由于（5-1）可知，在舵面类型与几何形状一定的情况下，相同舵偏角所产生的铰链力矩随飞行状态改变：动压 Q 越大，铰链力矩也越大，而舵铰的方位（即系数 Mj 的符号）也随之改变。
的情况下,is_a,系数,DOC001,5015,由于（5-1）可知，在舵面类型与几何形状一定的情况下，相同舵偏角所产生的铰链力矩随飞行状态改变：动压 Q 越大，铰链力矩也越大，而舵铰的方位（即系数 Mj 的符号）也随之改变。
的情况下,is_a,符号,DOC001,5015,由于（5-1）可知，在舵面类型与几何形状一定的情况下，相同舵偏角所产生的铰链力矩随飞行状态改变：动压 Q 越大，铰链力矩也越大，而舵铰的方位（即系数 Mj 的符号）也随之改变。
相同,is_a,系数,DOC001,5015,由于（5-1）可知，在舵面类型与几何形状一定的情况下，相同舵偏角所产生的铰链力矩随飞行状态改变：动压 Q 越大，铰链力矩也越大，而舵铰的方位（即系数 Mj 的符号）也随之改变。
相同,is_a,符号,DOC001,5015,由于（5-1）可知，在舵面类型与几何形状一定的情况下，相同舵偏角所产生的铰链力矩随飞行状态改变：动压 Q 越大，铰链力矩也越大，而舵铰的方位（即系数 Mj 的符号）也随之改变。
产生,is_a,系数,DOC001,5015,由于（5-1）可知，在舵面类型与几何形状一定的情况下，相同舵偏角所产生的铰链力矩随飞行状态改变：动压 Q 越大，铰链力矩也越大，而舵铰的方位（即系数 Mj 的符号）也随之改变。
产生,is_a,符号,DOC001,5015,由于（5-1）可知，在舵面类型与几何形状一定的情况下，相同舵偏角所产生的铰链力矩随飞行状态改变：动压 Q 越大，铰链力矩也越大，而舵铰的方位（即系数 Mj 的符号）也随之改变。
铰链,is_a,系数,DOC001,5015,由于（5-1）可知，在舵面类型与几何形状一定的情况下，相同舵偏角所产生的铰链力矩随飞行状态改变：动压 Q 越大，铰链力矩也越大，而舵铰的方位（即系数 Mj 的符号）也随之改变。
铰链,is_a,符号,DOC001,5015,由于（5-1）可知，在舵面类型与几何形状一定的情况下，相同舵偏角所产生的铰链力矩随飞行状态改变：动压 Q 越大，铰链力矩也越大，而舵铰的方位（即系数 Mj 的符号）也随之改变。
力矩,is_a,系数,DOC001,5015,由于（5-1）可知，在舵面类型与几何形状一定的情况下，相同舵偏角所产生的铰链力矩随飞行状态改变：动压 Q 越大，铰链力矩也越大，而舵铰的方位（即系数 Mj 的符号）也随之改变。
力矩,is_a,符号,DOC001,5015,由于（5-1）可知，在舵面类型与几何形状一定的情况下，相同舵偏角所产生的铰链力矩随飞行状态改变：动压 Q 越大，铰链力矩也越大，而舵铰的方位（即系数 Mj 的符号）也随之改变。
飞行,is_a,系数,DOC001,5015,由于（5-1）可知，在舵面类型与几何形状一定的情况下，相同舵偏角所产生的铰链力矩随飞行状态改变：动压 Q 越大，铰链力矩也越大，而舵铰的方位（即系数 Mj 的符号）也随之改变。
飞行,is_a,符号,DOC001,5015,由于（5-1）可知，在舵面类型与几何形状一定的情况下，相同舵偏角所产生的铰链力矩随飞行状态改变：动压 Q 越大，铰链力矩也越大，而舵铰的方位（即系数 Mj 的符号）也随之改变。
状态,is_a,系数,DOC001,5015,由于（5-1）可知，在舵面类型与几何形状一定的情况下，相同舵偏角所产生的铰链力矩随飞行状态改变：动压 Q 越大，铰链力矩也越大，而舵铰的方位（即系数 Mj 的符号）也随之改变。
状态,is_a,符号,DOC001,5015,由于（5-1）可知，在舵面类型与几何形状一定的情况下，相同舵偏角所产生的铰链力矩随飞行状态改变：动压 Q 越大，铰链力矩也越大，而舵铰的方位（即系数 Mj 的符号）也随之改变。
越大,is_a,系数,DOC001,5015,由于（5-1）可知，在舵面类型与几何形状一定的情况下，相同舵偏角所产生的铰链力矩随飞行状态改变：动压 Q 越大，铰链力矩也越大，而舵铰的方位（即系数 Mj 的符号）也随之改变。
越大,is_a,符号,DOC001,5015,由于（5-1）可知，在舵面类型与几何形状一定的情况下，相同舵偏角所产生的铰链力矩随飞行状态改变：动压 Q 越大，铰链力矩也越大，而舵铰的方位（即系数 Mj 的符号）也随之改变。
通常,is_a,在图中,DOC001,5018,通常舵面轴输出轴位置是在压力中心的前面，即在图中 M' > 0。
舵面,is_a,在图中,DOC001,5018,通常舵面轴输出轴位置是在压力中心的前面，即在图中 M' > 0。
输出,is_a,在图中,DOC001,5018,通常舵面轴输出轴位置是在压力中心的前面，即在图中 M' > 0。
位置,is_a,在图中,DOC001,5018,通常舵面轴输出轴位置是在压力中心的前面，即在图中 M' > 0。
压力中心,is_a,在图中,DOC001,5018,通常舵面轴输出轴位置是在压力中心的前面，即在图中 M' > 0。
对于可重复使用新型航天飞行器而言,part_of,铰链,DOC001,5022,对于可重复使用新型航天飞行器而言，在再入返回阶段是超声速飞行，因此，为了减小铰链力矩，在舵面转动轴的位置设置在舵力中心变化范围中的中。
对于可重复使用新型航天飞行器而言,part_of,舵面,DOC001,5022,对于可重复使用新型航天飞行器而言，在再入返回阶段是超声速飞行，因此，为了减小铰链力矩，在舵面转动轴的位置设置在舵力中心变化范围中的中。
对于可重复使用新型航天飞行器而言,part_of,变化,DOC001,5022,对于可重复使用新型航天飞行器而言，在再入返回阶段是超声速飞行，因此，为了减小铰链力矩，在舵面转动轴的位置设置在舵力中心变化范围中的中。
再入,part_of,铰链,DOC001,5022,对于可重复使用新型航天飞行器而言，在再入返回阶段是超声速飞行，因此，为了减小铰链力矩，在舵面转动轴的位置设置在舵力中心变化范围中的中。
再入,part_of,舵面,DOC001,5022,对于可重复使用新型航天飞行器而言，在再入返回阶段是超声速飞行，因此，为了减小铰链力矩，在舵面转动轴的位置设置在舵力中心变化范围中的中。
再入,part_of,变化,DOC001,5022,对于可重复使用新型航天飞行器而言，在再入返回阶段是超声速飞行，因此，为了减小铰链力矩，在舵面转动轴的位置设置在舵力中心变化范围中的中。
阶段,part_of,铰链,DOC001,5022,对于可重复使用新型航天飞行器而言，在再入返回阶段是超声速飞行，因此，为了减小铰链力矩，在舵面转动轴的位置设置在舵力中心变化范围中的中。
阶段,part_of,舵面,DOC001,5022,对于可重复使用新型航天飞行器而言，在再入返回阶段是超声速飞行，因此，为了减小铰链力矩，在舵面转动轴的位置设置在舵力中心变化范围中的中。
阶段,part_of,变化,DOC001,5022,对于可重复使用新型航天飞行器而言，在再入返回阶段是超声速飞行，因此，为了减小铰链力矩，在舵面转动轴的位置设置在舵力中心变化范围中的中。
材料,is_a,系数,DOC001,5119,4）自润滑材料是一种摩擦系数很低的材料，可直接作为相对运动表面的零件进行润滑，如散性的聚四氟乙烯；
材料,is_a,相对,DOC001,5119,4）自润滑材料是一种摩擦系数很低的材料，可直接作为相对运动表面的零件进行润滑，如散性的聚四氟乙烯；
材料,is_a,运动,DOC001,5119,4）自润滑材料是一种摩擦系数很低的材料，可直接作为相对运动表面的零件进行润滑，如散性的聚四氟乙烯；
机身,has_component,刚度要求,DOC001,5143,传动机构与机身结构连接采用基座形式，基座主要采用的设计原则包括基本这设计要求、刚度要求、强度要求及切板布置原则等。
的作用,part_of,变形,DOC001,5164,肪板的作用主要是提高基座的强度、刚度，减小质量，减小截面变形，合理降低抗振动性能。
描述,part_of,装配,DOC001,5185,沿启沿差描述的是结构参数的误差，主要与装配的偏差有关。
发射,part_of,飞行器,DOC001,5197,其在发射和返回时关闭、在飞行开门，是飞行器上各种任务设备和有效载荷对外工作的窗口。
飞行,part_of,飞行器,DOC001,5197,其在发射和返回时关闭、在飞行开门，是飞行器上各种任务设备和有效载荷对外工作的窗口。
支架,has_component,展开,DOC001,5260,每舱封闭由5级铰、除4个干孔外，舱门由后支架—2段，除每级由圆周肋板连接，前部9.15 m的舱门内大梁有可展开的隔离器，舱剪板后窗在舱门内表面上的。
太阳,part_of,飞行器,DOC001,5369,太阳电池阵帘是航天飞行器的发电装置，由太阳电池阵帘和太阳电池阵帘机构两部分组成。
发射,uses_method,折叠,DOC001,5372,以卫星和空间站的为电源使用的太阳电池阵帘主要由单次发射时放开用，要求在轨使用不便于折叠回收。
方式,part_of,飞行器,DOC001,5425,可重复使用收太阳电池阵的压紧释放装置采用液动限位的方式，具体是在飞行器结构两侧的主梁上安装限位块，每侧各4个。
事实上,is_a,循环,DOC001,5467,事实上，这是对一定的应力状况（即一定的平均应力 Sm 或一定的循环特征 R）而言的。
这是,is_a,循环,DOC001,5467,事实上，这是对一定的应力状况（即一定的平均应力 Sm 或一定的循环特征 R）而言的。
应力,is_a,循环,DOC001,5467,事实上，这是对一定的应力状况（即一定的平均应力 Sm 或一定的循环特征 R）而言的。
变化,has_component,局部应力,DOC001,5535,在这些形状变化处，不同种类地要应力应变集中，而应力集中的总效应是由局部应力集中与应变集中加一起所致。
飞行器,has_component,气动,DOC001,5631,在可重复使用新型航天飞行器结构中，由于气动加热及发动机升开在和停等车原 自，结构体内存在高温、低温的循环等，从而热应力也在结构体中反复产生，这是因为材料的 热胀冷缩所导致的。
飞行器,has_component,发动机,DOC001,5631,在可重复使用新型航天飞行器结构中，由于气动加热及发动机升开在和停等车原 自，结构体内存在高温、低温的循环等，从而热应力也在结构体中反复产生，这是因为材料的 热胀冷缩所导致的。
应变,is_a,相对,DOC001,5638,弹性应变与疲劳强度成正比，即相对应力密切有关；
应变,is_a,应力,DOC001,5638,弹性应变与疲劳强度成正比，即相对应力密切有关；
应变,is_a,有关,DOC001,5638,弹性应变与疲劳强度成正比，即相对应力密切有关；
强度,is_a,相对,DOC001,5638,弹性应变与疲劳强度成正比，即相对应力密切有关；
强度,is_a,应力,DOC001,5638,弹性应变与疲劳强度成正比，即相对应力密切有关；
强度,is_a,有关,DOC001,5638,弹性应变与疲劳强度成正比，即相对应力密切有关；
局部应力,part_of,变化,DOC001,5660,减缓局部应力的一般原则是：防止截面有急剧的变化，当这种变化不能避免时，应保证在变化区有足够的圆角半径。
之后,is_a,扩展,DOC001,5664,一旦超过临界界裂纹长度之后，裂纹即以高速瞬时扩展结构。
局部应力,is_a,根据,DOC001,5816,此外，还可以采用局部应力法，即根据结构局部应力状态进行寿命估算。
局部应力,is_a,状态,DOC001,5816,此外，还可以采用局部应力法，即根据结构局部应力状态进行寿命估算。
对于,is_a,已知,DOC001,5821,对于一些具有良好设计传统的设计和制造单位，也可采用类似估计，即利用已知寿命的品种、通过这些原理确定在某周期下的寿命，但这需要原有经验和资料数据的积累。
对于,is_a,这些,DOC001,5821,对于一些具有良好设计传统的设计和制造单位，也可采用类似估计，即利用已知寿命的品种、通过这些原理确定在某周期下的寿命，但这需要原有经验和资料数据的积累。
对于,is_a,确定,DOC001,5821,对于一些具有良好设计传统的设计和制造单位，也可采用类似估计，即利用已知寿命的品种、通过这些原理确定在某周期下的寿命，但这需要原有经验和资料数据的积累。
对于,is_a,需要,DOC001,5821,对于一些具有良好设计传统的设计和制造单位，也可采用类似估计，即利用已知寿命的品种、通过这些原理确定在某周期下的寿命，但这需要原有经验和资料数据的积累。
对于,is_a,数据,DOC001,5821,对于一些具有良好设计传统的设计和制造单位，也可采用类似估计，即利用已知寿命的品种、通过这些原理确定在某周期下的寿命，但这需要原有经验和资料数据的积累。
制造,is_a,已知,DOC001,5821,对于一些具有良好设计传统的设计和制造单位，也可采用类似估计，即利用已知寿命的品种、通过这些原理确定在某周期下的寿命，但这需要原有经验和资料数据的积累。
制造,is_a,这些,DOC001,5821,对于一些具有良好设计传统的设计和制造单位，也可采用类似估计，即利用已知寿命的品种、通过这些原理确定在某周期下的寿命，但这需要原有经验和资料数据的积累。
制造,is_a,确定,DOC001,5821,对于一些具有良好设计传统的设计和制造单位，也可采用类似估计，即利用已知寿命的品种、通过这些原理确定在某周期下的寿命，但这需要原有经验和资料数据的积累。
制造,is_a,需要,DOC001,5821,对于一些具有良好设计传统的设计和制造单位，也可采用类似估计，即利用已知寿命的品种、通过这些原理确定在某周期下的寿命，但这需要原有经验和资料数据的积累。
制造,is_a,数据,DOC001,5821,对于一些具有良好设计传统的设计和制造单位，也可采用类似估计，即利用已知寿命的品种、通过这些原理确定在某周期下的寿命，但这需要原有经验和资料数据的积累。
单位,is_a,已知,DOC001,5821,对于一些具有良好设计传统的设计和制造单位，也可采用类似估计，即利用已知寿命的品种、通过这些原理确定在某周期下的寿命，但这需要原有经验和资料数据的积累。
单位,is_a,这些,DOC001,5821,对于一些具有良好设计传统的设计和制造单位，也可采用类似估计，即利用已知寿命的品种、通过这些原理确定在某周期下的寿命，但这需要原有经验和资料数据的积累。
单位,is_a,确定,DOC001,5821,对于一些具有良好设计传统的设计和制造单位，也可采用类似估计，即利用已知寿命的品种、通过这些原理确定在某周期下的寿命，但这需要原有经验和资料数据的积累。
单位,is_a,需要,DOC001,5821,对于一些具有良好设计传统的设计和制造单位，也可采用类似估计，即利用已知寿命的品种、通过这些原理确定在某周期下的寿命，但这需要原有经验和资料数据的积累。
单位,is_a,数据,DOC001,5821,对于一些具有良好设计传统的设计和制造单位，也可采用类似估计，即利用已知寿命的品种、通过这些原理确定在某周期下的寿命，但这需要原有经验和资料数据的积累。
系数,is_a,应力,DOC001,5878,严重系数法本质上也是一种名义应力方法。
稳定,is_a,应力,DOC001,5941,故稳定进循环线与式（6-24）描述的双曲线的交点，即为名义应力S上的局部真实应
循环,is_a,应力,DOC001,5941,故稳定进循环线与式（6-24）描述的双曲线的交点，即为名义应力S上的局部真实应
与式,is_a,应力,DOC001,5941,故稳定进循环线与式（6-24）描述的双曲线的交点，即为名义应力S上的局部真实应
描述,is_a,应力,DOC001,5941,故稳定进循环线与式（6-24）描述的双曲线的交点，即为名义应力S上的局部真实应
曲线,is_a,应力,DOC001,5941,故稳定进循环线与式（6-24）描述的双曲线的交点，即为名义应力S上的局部真实应
所谓,is_a,变形,DOC001,5982,所谓材料的迭代效应，是指在某等的加载-卸载过程中，加载时应力-应变曲线由O点到A点（图6-15），即载时由于弹性变形的存在，并不是A-O曲线，而是相当于将1段曲线180°。
所谓,is_a,180°,DOC001,5982,所谓材料的迭代效应，是指在某等的加载-卸载过程中，加载时应力-应变曲线由O点到A点（图6-15），即载时由于弹性变形的存在，并不是A-O曲线，而是相当于将1段曲线180°。
材料,is_a,变形,DOC001,5982,所谓材料的迭代效应，是指在某等的加载-卸载过程中，加载时应力-应变曲线由O点到A点（图6-15），即载时由于弹性变形的存在，并不是A-O曲线，而是相当于将1段曲线180°。
材料,is_a,180°,DOC001,5982,所谓材料的迭代效应，是指在某等的加载-卸载过程中，加载时应力-应变曲线由O点到A点（图6-15），即载时由于弹性变形的存在，并不是A-O曲线，而是相当于将1段曲线180°。
过程中,is_a,变形,DOC001,5982,所谓材料的迭代效应，是指在某等的加载-卸载过程中，加载时应力-应变曲线由O点到A点（图6-15），即载时由于弹性变形的存在，并不是A-O曲线，而是相当于将1段曲线180°。
过程中,is_a,180°,DOC001,5982,所谓材料的迭代效应，是指在某等的加载-卸载过程中，加载时应力-应变曲线由O点到A点（图6-15），即载时由于弹性变形的存在，并不是A-O曲线，而是相当于将1段曲线180°。
应力,is_a,变形,DOC001,5982,所谓材料的迭代效应，是指在某等的加载-卸载过程中，加载时应力-应变曲线由O点到A点（图6-15），即载时由于弹性变形的存在，并不是A-O曲线，而是相当于将1段曲线180°。
应力,is_a,180°,DOC001,5982,所谓材料的迭代效应，是指在某等的加载-卸载过程中，加载时应力-应变曲线由O点到A点（图6-15），即载时由于弹性变形的存在，并不是A-O曲线，而是相当于将1段曲线180°。
应变,is_a,变形,DOC001,5982,所谓材料的迭代效应，是指在某等的加载-卸载过程中，加载时应力-应变曲线由O点到A点（图6-15），即载时由于弹性变形的存在，并不是A-O曲线，而是相当于将1段曲线180°。
应变,is_a,180°,DOC001,5982,所谓材料的迭代效应，是指在某等的加载-卸载过程中，加载时应力-应变曲线由O点到A点（图6-15），即载时由于弹性变形的存在，并不是A-O曲线，而是相当于将1段曲线180°。
曲线,is_a,变形,DOC001,5982,所谓材料的迭代效应，是指在某等的加载-卸载过程中，加载时应力-应变曲线由O点到A点（图6-15），即载时由于弹性变形的存在，并不是A-O曲线，而是相当于将1段曲线180°。
曲线,is_a,180°,DOC001,5982,所谓材料的迭代效应，是指在某等的加载-卸载过程中，加载时应力-应变曲线由O点到A点（图6-15），即载时由于弹性变形的存在，并不是A-O曲线，而是相当于将1段曲线180°。
部件,is_a,载荷,DOC001,6061,当未知寿命部件和已知寿命部件具有相对比（即结构型式、载荷性质、加工顺序以及材料类型等特征基本相同）时，有
部件,is_a,材料,DOC001,6061,当未知寿命部件和已知寿命部件具有相对比（即结构型式、载荷性质、加工顺序以及材料类型等特征基本相同）时，有
部件,is_a,相同,DOC001,6061,当未知寿命部件和已知寿命部件具有相对比（即结构型式、载荷性质、加工顺序以及材料类型等特征基本相同）时，有
已知,is_a,载荷,DOC001,6061,当未知寿命部件和已知寿命部件具有相对比（即结构型式、载荷性质、加工顺序以及材料类型等特征基本相同）时，有
已知,is_a,材料,DOC001,6061,当未知寿命部件和已知寿命部件具有相对比（即结构型式、载荷性质、加工顺序以及材料类型等特征基本相同）时，有
已知,is_a,相同,DOC001,6061,当未知寿命部件和已知寿命部件具有相对比（即结构型式、载荷性质、加工顺序以及材料类型等特征基本相同）时，有
相对,is_a,载荷,DOC001,6061,当未知寿命部件和已知寿命部件具有相对比（即结构型式、载荷性质、加工顺序以及材料类型等特征基本相同）时，有
相对,is_a,材料,DOC001,6061,当未知寿命部件和已知寿命部件具有相对比（即结构型式、载荷性质、加工顺序以及材料类型等特征基本相同）时，有
相对,is_a,相同,DOC001,6061,当未知寿命部件和已知寿命部件具有相对比（即结构型式、载荷性质、加工顺序以及材料类型等特征基本相同）时，有
简单,part_of,飞行器,DOC001,6103,简单说，就是指飞行器结构中初始缺陷及其在使用中缺陷发展的允许程度。
飞行器,uses_method,变化,DOC001,6111,故该损伤限设计所追求的目标就是通过设计、分析、试验与监测维修等各种手段，保证飞行器在使用期限内所处的环境条件中仍能可靠地工作，并能在发生损伤时具有相应的作用，不发生结构的破坏或过分变化，并提供保证安全性所要求的检查水平。
安全寿命,part_of,飞行器,DOC001,6134,总的安全寿命设计思想是可看出，安全寿命设计概念认为飞行器在使用期内结构是完好无损的，而在使用寿命期内也不应出现可靠次数；
事实上,is_a,确定,DOC001,6161,事实上，在实践中形成了一种安全寿命/按揭佯限设计思想，即用按揭佯限设计方法确定在行群的安全寿命，用损伤按揭佯限计算法确定结构损伤的检验间隔，以进一步保证它行群的安全。
事实上,is_a,损伤,DOC001,6161,事实上，在实践中形成了一种安全寿命/按揭佯限设计思想，即用按揭佯限设计方法确定在行群的安全寿命，用损伤按揭佯限计算法确定结构损伤的检验间隔，以进一步保证它行群的安全。
事实上,is_a,算法,DOC001,6161,事实上，在实践中形成了一种安全寿命/按揭佯限设计思想，即用按揭佯限设计方法确定在行群的安全寿命，用损伤按揭佯限计算法确定结构损伤的检验间隔，以进一步保证它行群的安全。
事实上,is_a,进一步,DOC001,6161,事实上，在实践中形成了一种安全寿命/按揭佯限设计思想，即用按揭佯限设计方法确定在行群的安全寿命，用损伤按揭佯限计算法确定结构损伤的检验间隔，以进一步保证它行群的安全。
形成,is_a,确定,DOC001,6161,事实上，在实践中形成了一种安全寿命/按揭佯限设计思想，即用按揭佯限设计方法确定在行群的安全寿命，用损伤按揭佯限计算法确定结构损伤的检验间隔，以进一步保证它行群的安全。
形成,is_a,损伤,DOC001,6161,事实上，在实践中形成了一种安全寿命/按揭佯限设计思想，即用按揭佯限设计方法确定在行群的安全寿命，用损伤按揭佯限计算法确定结构损伤的检验间隔，以进一步保证它行群的安全。
形成,is_a,算法,DOC001,6161,事实上，在实践中形成了一种安全寿命/按揭佯限设计思想，即用按揭佯限设计方法确定在行群的安全寿命，用损伤按揭佯限计算法确定结构损伤的检验间隔，以进一步保证它行群的安全。
形成,is_a,进一步,DOC001,6161,事实上，在实践中形成了一种安全寿命/按揭佯限设计思想，即用按揭佯限设计方法确定在行群的安全寿命，用损伤按揭佯限计算法确定结构损伤的检验间隔，以进一步保证它行群的安全。
安全寿命,is_a,确定,DOC001,6161,事实上，在实践中形成了一种安全寿命/按揭佯限设计思想，即用按揭佯限设计方法确定在行群的安全寿命，用损伤按揭佯限计算法确定结构损伤的检验间隔，以进一步保证它行群的安全。
安全寿命,is_a,损伤,DOC001,6161,事实上，在实践中形成了一种安全寿命/按揭佯限设计思想，即用按揭佯限设计方法确定在行群的安全寿命，用损伤按揭佯限计算法确定结构损伤的检验间隔，以进一步保证它行群的安全。
安全寿命,is_a,算法,DOC001,6161,事实上，在实践中形成了一种安全寿命/按揭佯限设计思想，即用按揭佯限设计方法确定在行群的安全寿命，用损伤按揭佯限计算法确定结构损伤的检验间隔，以进一步保证它行群的安全。
安全寿命,is_a,进一步,DOC001,6161,事实上，在实践中形成了一种安全寿命/按揭佯限设计思想，即用按揭佯限设计方法确定在行群的安全寿命，用损伤按揭佯限计算法确定结构损伤的检验间隔，以进一步保证它行群的安全。
工作,is_a,尺寸,DOC001,6174,2）在预期的工作载荷下，能够容许多大的裂纹，即即裂纹尺寸是多少；
载荷,is_a,尺寸,DOC001,6174,2）在预期的工作载荷下，能够容许多大的裂纹，即即裂纹尺寸是多少；
损伤,part_of,飞行器,DOC001,6221,损伤容限设计的目的是保证飞行器的安全性，为此损伤容限设计工作必须从总体设计阶段开始。
损伤,is_a,过程,DOC001,6256,在损伤容限设计中一般要求使用反映载荷的“飞一缠一飞”谱，即低载荷到高载荷的过程或载荷水平变化较大的过程。
损伤,is_a,水平,DOC001,6256,在损伤容限设计中一般要求使用反映载荷的“飞一缠一飞”谱，即低载荷到高载荷的过程或载荷水平变化较大的过程。
损伤,is_a,变化,DOC001,6256,在损伤容限设计中一般要求使用反映载荷的“飞一缠一飞”谱，即低载荷到高载荷的过程或载荷水平变化较大的过程。
要求,is_a,过程,DOC001,6256,在损伤容限设计中一般要求使用反映载荷的“飞一缠一飞”谱，即低载荷到高载荷的过程或载荷水平变化较大的过程。
要求,is_a,水平,DOC001,6256,在损伤容限设计中一般要求使用反映载荷的“飞一缠一飞”谱，即低载荷到高载荷的过程或载荷水平变化较大的过程。
要求,is_a,变化,DOC001,6256,在损伤容限设计中一般要求使用反映载荷的“飞一缠一飞”谱，即低载荷到高载荷的过程或载荷水平变化较大的过程。
载荷,is_a,过程,DOC001,6256,在损伤容限设计中一般要求使用反映载荷的“飞一缠一飞”谱，即低载荷到高载荷的过程或载荷水平变化较大的过程。
载荷,is_a,水平,DOC001,6256,在损伤容限设计中一般要求使用反映载荷的“飞一缠一飞”谱，即低载荷到高载荷的过程或载荷水平变化较大的过程。
载荷,is_a,变化,DOC001,6256,在损伤容限设计中一般要求使用反映载荷的“飞一缠一飞”谱，即低载荷到高载荷的过程或载荷水平变化较大的过程。
循环,is_a,根据,DOC001,6275,"载循环不能够独步应力上规定,而是采用等损伤法来将循环次数减负,即根据低应力循环"
应力,is_a,根据,DOC001,6275,"载循环不能够独步应力上规定,而是采用等损伤法来将循环次数减负,即根据低应力循环"
损伤,is_a,根据,DOC001,6275,"载循环不能够独步应力上规定,而是采用等损伤法来将循环次数减负,即根据低应力循环"
飞机,has_component,航天飞机,DOC001,6333,若航飞机装载的载荷满足确定要求，则航飞机装载的由代表航天飞机飞行器的基本载荷系数的超越概率基准的考虑。
飞机,has_component,飞行器,DOC001,6333,若航飞机装载的载荷满足确定要求，则航飞机装载的由代表航天飞机飞行器的基本载荷系数的超越概率基准的考虑。
飞机,has_component,系数,DOC001,6333,若航飞机装载的载荷满足确定要求，则航飞机装载的由代表航天飞机飞行器的基本载荷系数的超越概率基准的考虑。
应力,is_a,材料,DOC001,6350,采用线弹性断裂力学的应力强度因子判据，即构件的裂纹尖端应力强度因子 K 值达到该结构材料的断裂初度 K1c 时，裂纹便发生不稳定扩展，造成结构突然断裂。
应力,is_a,稳定,DOC001,6350,采用线弹性断裂力学的应力强度因子判据，即构件的裂纹尖端应力强度因子 K 值达到该结构材料的断裂初度 K1c 时，裂纹便发生不稳定扩展，造成结构突然断裂。
应力,is_a,扩展,DOC001,6350,采用线弹性断裂力学的应力强度因子判据，即构件的裂纹尖端应力强度因子 K 值达到该结构材料的断裂初度 K1c 时，裂纹便发生不稳定扩展，造成结构突然断裂。
强度,is_a,材料,DOC001,6350,采用线弹性断裂力学的应力强度因子判据，即构件的裂纹尖端应力强度因子 K 值达到该结构材料的断裂初度 K1c 时，裂纹便发生不稳定扩展，造成结构突然断裂。
强度,is_a,稳定,DOC001,6350,采用线弹性断裂力学的应力强度因子判据，即构件的裂纹尖端应力强度因子 K 值达到该结构材料的断裂初度 K1c 时，裂纹便发生不稳定扩展，造成结构突然断裂。
强度,is_a,扩展,DOC001,6350,采用线弹性断裂力学的应力强度因子判据，即构件的裂纹尖端应力强度因子 K 值达到该结构材料的断裂初度 K1c 时，裂纹便发生不稳定扩展，造成结构突然断裂。
因子,is_a,材料,DOC001,6350,采用线弹性断裂力学的应力强度因子判据，即构件的裂纹尖端应力强度因子 K 值达到该结构材料的断裂初度 K1c 时，裂纹便发生不稳定扩展，造成结构突然断裂。
因子,is_a,稳定,DOC001,6350,采用线弹性断裂力学的应力强度因子判据，即构件的裂纹尖端应力强度因子 K 值达到该结构材料的断裂初度 K1c 时，裂纹便发生不稳定扩展，造成结构突然断裂。
因子,is_a,扩展,DOC001,6350,采用线弹性断裂力学的应力强度因子判据，即构件的裂纹尖端应力强度因子 K 值达到该结构材料的断裂初度 K1c 时，裂纹便发生不稳定扩展，造成结构突然断裂。
对于,is_a,产生,DOC001,6369,对于薄板或刚性较好材料，当裂纹开裂后并不立即产生不稳定扩展，而是随着荷载加，裂纹经过一段稳定扩展阶段后再快速扩展量（如图 6-23 所示）。
对于,is_a,稳定,DOC001,6369,对于薄板或刚性较好材料，当裂纹开裂后并不立即产生不稳定扩展，而是随着荷载加，裂纹经过一段稳定扩展阶段后再快速扩展量（如图 6-23 所示）。
对于,is_a,扩展,DOC001,6369,对于薄板或刚性较好材料，当裂纹开裂后并不立即产生不稳定扩展，而是随着荷载加，裂纹经过一段稳定扩展阶段后再快速扩展量（如图 6-23 所示）。
对于,is_a,随着,DOC001,6369,对于薄板或刚性较好材料，当裂纹开裂后并不立即产生不稳定扩展，而是随着荷载加，裂纹经过一段稳定扩展阶段后再快速扩展量（如图 6-23 所示）。
对于,is_a,阶段,DOC001,6369,对于薄板或刚性较好材料，当裂纹开裂后并不立即产生不稳定扩展，而是随着荷载加，裂纹经过一段稳定扩展阶段后再快速扩展量（如图 6-23 所示）。
对于,is_a,快速,DOC001,6369,对于薄板或刚性较好材料，当裂纹开裂后并不立即产生不稳定扩展，而是随着荷载加，裂纹经过一段稳定扩展阶段后再快速扩展量（如图 6-23 所示）。
较好,is_a,产生,DOC001,6369,对于薄板或刚性较好材料，当裂纹开裂后并不立即产生不稳定扩展，而是随着荷载加，裂纹经过一段稳定扩展阶段后再快速扩展量（如图 6-23 所示）。
较好,is_a,稳定,DOC001,6369,对于薄板或刚性较好材料，当裂纹开裂后并不立即产生不稳定扩展，而是随着荷载加，裂纹经过一段稳定扩展阶段后再快速扩展量（如图 6-23 所示）。
较好,is_a,扩展,DOC001,6369,对于薄板或刚性较好材料，当裂纹开裂后并不立即产生不稳定扩展，而是随着荷载加，裂纹经过一段稳定扩展阶段后再快速扩展量（如图 6-23 所示）。
较好,is_a,随着,DOC001,6369,对于薄板或刚性较好材料，当裂纹开裂后并不立即产生不稳定扩展，而是随着荷载加，裂纹经过一段稳定扩展阶段后再快速扩展量（如图 6-23 所示）。
较好,is_a,阶段,DOC001,6369,对于薄板或刚性较好材料，当裂纹开裂后并不立即产生不稳定扩展，而是随着荷载加，裂纹经过一段稳定扩展阶段后再快速扩展量（如图 6-23 所示）。
较好,is_a,快速,DOC001,6369,对于薄板或刚性较好材料，当裂纹开裂后并不立即产生不稳定扩展，而是随着荷载加，裂纹经过一段稳定扩展阶段后再快速扩展量（如图 6-23 所示）。
材料,is_a,产生,DOC001,6369,对于薄板或刚性较好材料，当裂纹开裂后并不立即产生不稳定扩展，而是随着荷载加，裂纹经过一段稳定扩展阶段后再快速扩展量（如图 6-23 所示）。
材料,is_a,稳定,DOC001,6369,对于薄板或刚性较好材料，当裂纹开裂后并不立即产生不稳定扩展，而是随着荷载加，裂纹经过一段稳定扩展阶段后再快速扩展量（如图 6-23 所示）。
材料,is_a,扩展,DOC001,6369,对于薄板或刚性较好材料，当裂纹开裂后并不立即产生不稳定扩展，而是随着荷载加，裂纹经过一段稳定扩展阶段后再快速扩展量（如图 6-23 所示）。
材料,is_a,随着,DOC001,6369,对于薄板或刚性较好材料，当裂纹开裂后并不立即产生不稳定扩展，而是随着荷载加，裂纹经过一段稳定扩展阶段后再快速扩展量（如图 6-23 所示）。
材料,is_a,阶段,DOC001,6369,对于薄板或刚性较好材料，当裂纹开裂后并不立即产生不稳定扩展，而是随着荷载加，裂纹经过一段稳定扩展阶段后再快速扩展量（如图 6-23 所示）。
材料,is_a,快速,DOC001,6369,对于薄板或刚性较好材料，当裂纹开裂后并不立即产生不稳定扩展，而是随着荷载加，裂纹经过一段稳定扩展阶段后再快速扩展量（如图 6-23 所示）。
扩展,is_a,变化,DOC001,6391,该准则认为在破坏时用于扩展裂纹的能量等于或超过材料的裂纹扩展阻力，即能量释放率 G 等于或大于限相H J R， 同时能量释放率 G 随裂纹长度 a 变化曲线的斜率等于裂纹扩展阻力 R 随裂纹长度 a 变化曲线的斜率，即可
扩展,is_a,曲线,DOC001,6391,该准则认为在破坏时用于扩展裂纹的能量等于或超过材料的裂纹扩展阻力，即能量释放率 G 等于或大于限相H J R， 同时能量释放率 G 随裂纹长度 a 变化曲线的斜率等于裂纹扩展阻力 R 随裂纹长度 a 变化曲线的斜率，即可
材料,is_a,变化,DOC001,6391,该准则认为在破坏时用于扩展裂纹的能量等于或超过材料的裂纹扩展阻力，即能量释放率 G 等于或大于限相H J R， 同时能量释放率 G 随裂纹长度 a 变化曲线的斜率等于裂纹扩展阻力 R 随裂纹长度 a 变化曲线的斜率，即可
材料,is_a,曲线,DOC001,6391,该准则认为在破坏时用于扩展裂纹的能量等于或超过材料的裂纹扩展阻力，即能量释放率 G 等于或大于限相H J R， 同时能量释放率 G 随裂纹长度 a 变化曲线的斜率等于裂纹扩展阻力 R 随裂纹长度 a 变化曲线的斜率，即可
阻力,is_a,变化,DOC001,6391,该准则认为在破坏时用于扩展裂纹的能量等于或超过材料的裂纹扩展阻力，即能量释放率 G 等于或大于限相H J R， 同时能量释放率 G 随裂纹长度 a 变化曲线的斜率等于裂纹扩展阻力 R 随裂纹长度 a 变化曲线的斜率，即可
阻力,is_a,曲线,DOC001,6391,该准则认为在破坏时用于扩展裂纹的能量等于或超过材料的裂纹扩展阻力，即能量释放率 G 等于或大于限相H J R， 同时能量释放率 G 随裂纹长度 a 变化曲线的斜率等于裂纹扩展阻力 R 随裂纹长度 a 变化曲线的斜率，即可
阻力,is_a,即可,DOC001,6391,该准则认为在破坏时用于扩展裂纹的能量等于或超过材料的裂纹扩展阻力，即能量释放率 G 等于或大于限相H J R， 同时能量释放率 G 随裂纹长度 a 变化曲线的斜率等于裂纹扩展阻力 R 随裂纹长度 a 变化曲线的斜率，即可
飞行器,part_of,铝合金,DOC001,6425,目前用于飞行器结构的主要是纤维增强胶粘复合材料层合板或层压层结构，这类复合材料的损伤、断裂和疲劳性能与金属材料（主要指铝合金）有很大差别。
试验,is_a,损伤,DOC001,6480,试验结果表明，一般很难观察到到其在疲劳下的扩展，即使出现损伤扩展，往往是在寿命后期，并且很难确定其扩展规律。
试验,is_a,并且,DOC001,6480,试验结果表明，一般很难观察到到其在疲劳下的扩展，即使出现损伤扩展，往往是在寿命后期，并且很难确定其扩展规律。
试验,is_a,确定,DOC001,6480,试验结果表明，一般很难观察到到其在疲劳下的扩展，即使出现损伤扩展，往往是在寿命后期，并且很难确定其扩展规律。
结果表明,is_a,损伤,DOC001,6480,试验结果表明，一般很难观察到到其在疲劳下的扩展，即使出现损伤扩展，往往是在寿命后期，并且很难确定其扩展规律。
结果表明,is_a,并且,DOC001,6480,试验结果表明，一般很难观察到到其在疲劳下的扩展，即使出现损伤扩展，往往是在寿命后期，并且很难确定其扩展规律。
结果表明,is_a,确定,DOC001,6480,试验结果表明，一般很难观察到到其在疲劳下的扩展，即使出现损伤扩展，往往是在寿命后期，并且很难确定其扩展规律。
扩展,is_a,损伤,DOC001,6480,试验结果表明，一般很难观察到到其在疲劳下的扩展，即使出现损伤扩展，往往是在寿命后期，并且很难确定其扩展规律。
扩展,is_a,并且,DOC001,6480,试验结果表明，一般很难观察到到其在疲劳下的扩展，即使出现损伤扩展，往往是在寿命后期，并且很难确定其扩展规律。
扩展,is_a,确定,DOC001,6480,试验结果表明，一般很难观察到到其在疲劳下的扩展，即使出现损伤扩展，往往是在寿命后期，并且很难确定其扩展规律。
验证,is_a,制造,DOC001,6520,应选用验证过本用于的尺寸来自证据缺陷，即对尺寸与制造和使用缺陷/损伤的检验过程有关，并由其建立了所缺陷。
验证,is_a,损伤,DOC001,6520,应选用验证过本用于的尺寸来自证据缺陷，即对尺寸与制造和使用缺陷/损伤的检验过程有关，并由其建立了所缺陷。
验证,is_a,过程,DOC001,6520,应选用验证过本用于的尺寸来自证据缺陷，即对尺寸与制造和使用缺陷/损伤的检验过程有关，并由其建立了所缺陷。
验证,is_a,有关,DOC001,6520,应选用验证过本用于的尺寸来自证据缺陷，即对尺寸与制造和使用缺陷/损伤的检验过程有关，并由其建立了所缺陷。
尺寸,is_a,制造,DOC001,6520,应选用验证过本用于的尺寸来自证据缺陷，即对尺寸与制造和使用缺陷/损伤的检验过程有关，并由其建立了所缺陷。
尺寸,is_a,损伤,DOC001,6520,应选用验证过本用于的尺寸来自证据缺陷，即对尺寸与制造和使用缺陷/损伤的检验过程有关，并由其建立了所缺陷。
尺寸,is_a,过程,DOC001,6520,应选用验证过本用于的尺寸来自证据缺陷，即对尺寸与制造和使用缺陷/损伤的检验过程有关，并由其建立了所缺陷。
尺寸,is_a,有关,DOC001,6520,应选用验证过本用于的尺寸来自证据缺陷，即对尺寸与制造和使用缺陷/损伤的检验过程有关，并由其建立了所缺陷。
缺陷,is_a,制造,DOC001,6520,应选用验证过本用于的尺寸来自证据缺陷，即对尺寸与制造和使用缺陷/损伤的检验过程有关，并由其建立了所缺陷。
缺陷,is_a,损伤,DOC001,6520,应选用验证过本用于的尺寸来自证据缺陷，即对尺寸与制造和使用缺陷/损伤的检验过程有关，并由其建立了所缺陷。
缺陷,is_a,过程,DOC001,6520,应选用验证过本用于的尺寸来自证据缺陷，即对尺寸与制造和使用缺陷/损伤的检验过程有关，并由其建立了所缺陷。
缺陷,is_a,有关,DOC001,6520,应选用验证过本用于的尺寸来自证据缺陷，即对尺寸与制造和使用缺陷/损伤的检验过程有关，并由其建立了所缺陷。
任务,is_a,选择,DOC001,6563,其包含两项任务，即关键件的选择以及对关键件进行质量承控，就复合材料结构和金属结构而言其原理是相同的，只是针对复合材料结构的薄点和特点有一些问题需要特别注意。
任务,is_a,质量,DOC001,6563,其包含两项任务，即关键件的选择以及对关键件进行质量承控，就复合材料结构和金属结构而言其原理是相同的，只是针对复合材料结构的薄点和特点有一些问题需要特别注意。
任务,is_a,复合材料,DOC001,6563,其包含两项任务，即关键件的选择以及对关键件进行质量承控，就复合材料结构和金属结构而言其原理是相同的，只是针对复合材料结构的薄点和特点有一些问题需要特别注意。
任务,is_a,相同,DOC001,6563,其包含两项任务，即关键件的选择以及对关键件进行质量承控，就复合材料结构和金属结构而言其原理是相同的，只是针对复合材料结构的薄点和特点有一些问题需要特别注意。
任务,is_a,特点,DOC001,6563,其包含两项任务，即关键件的选择以及对关键件进行质量承控，就复合材料结构和金属结构而言其原理是相同的，只是针对复合材料结构的薄点和特点有一些问题需要特别注意。
任务,is_a,需要,DOC001,6563,其包含两项任务，即关键件的选择以及对关键件进行质量承控，就复合材料结构和金属结构而言其原理是相同的，只是针对复合材料结构的薄点和特点有一些问题需要特别注意。
通常,is_a,损伤,DOC001,6571,通常复合材料结构均为缓慢裂纹扩展而链结构，对比可采用两种设计概念，即损伤无扩展概念和损伤扩展概念。
复合材料,is_a,损伤,DOC001,6571,通常复合材料结构均为缓慢裂纹扩展而链结构，对比可采用两种设计概念，即损伤无扩展概念和损伤扩展概念。
均为,is_a,损伤,DOC001,6571,通常复合材料结构均为缓慢裂纹扩展而链结构，对比可采用两种设计概念，即损伤无扩展概念和损伤扩展概念。
扩展,is_a,损伤,DOC001,6571,通常复合材料结构均为缓慢裂纹扩展而链结构，对比可采用两种设计概念，即损伤无扩展概念和损伤扩展概念。
损伤,part_of,结构设计,DOC001,6577,由于损伤无扩展概念的主要设计措施是结构设计使用应，当前—般对无扩展概念（400—5000）e，用于应事故少。
扩展,part_of,结构设计,DOC001,6577,由于损伤无扩展概念的主要设计措施是结构设计使用应，当前—般对无扩展概念（400—5000）e，用于应事故少。
提高,is_a,复合材料,DOC001,6637,2）提高结构包容损伤的能力，即提高复合材料结构在受损后的剩余强度和残余挠度/疲劳寿命。
提高,is_a,强度,DOC001,6637,2）提高结构包容损伤的能力，即提高复合材料结构在受损后的剩余强度和残余挠度/疲劳寿命。
损伤,is_a,复合材料,DOC001,6637,2）提高结构包容损伤的能力，即提高复合材料结构在受损后的剩余强度和残余挠度/疲劳寿命。
损伤,is_a,强度,DOC001,6637,2）提高结构包容损伤的能力，即提高复合材料结构在受损后的剩余强度和残余挠度/疲劳寿命。
的能力,is_a,复合材料,DOC001,6637,2）提高结构包容损伤的能力，即提高复合材料结构在受损后的剩余强度和残余挠度/疲劳寿命。
的能力,is_a,强度,DOC001,6637,2）提高结构包容损伤的能力，即提高复合材料结构在受损后的剩余强度和残余挠度/疲劳寿命。
复合材料,part_of,飞行器,DOC001,6672,复合材料整结构设计是世界航天航天领域的研制难点，在通常国内外先选设计经验的基础上，结合新型再研飞行器项目特点和生产制造单位的研制水平，基于 FiberSIM/VPM 系统，搭建了基于设计制造一体化的复合材料结构数字化设计平台，如图7-1所示。
结构设计,part_of,飞行器,DOC001,6672,复合材料整结构设计是世界航天航天领域的研制难点，在通常国内外先选设计经验的基础上，结合新型再研飞行器项目特点和生产制造单位的研制水平，基于 FiberSIM/VPM 系统，搭建了基于设计制造一体化的复合材料结构数字化设计平台，如图7-1所示。
定义,part_of,装配,DOC001,6747,以往采用的基于模型定义（MBD）设计技术是以三维数字化零件为基础的，虽然其集成了三维空间内容对全套材料的结构形态的系统性信息，但对于装配体没有提供足够的信息。
装配,has_component,数据,DOC001,6767,国内多数企业数字化装配技术实现于起步阶段，设计部门建立全机数字样机的工作已开展现开展的成果，在装配环节中实现由三维数据向装配过程的集成。
螺钉,has_component,飞行器,DOC001,6798,紧固件库由螺柱、螺母、螺钉、铆钉、销钉和垫片等组成，主要用于飞行器结构的传
飞行器,has_component,装配,DOC001,6822,飞行器结构的类型主要包括框体和装配件，两者的定义内容和方式虽有所区别，但其基本在于 MBD 的三维模型模型定义方式本身。
变化,is_a,研制单位,DOC001,6835,数模的版本变化将直接引发数据工艺、数据检验的版本变化，需以部件作为对象，建立产品设计数据、工艺数据和检验数据与 BOM 结构树的关联关系，即开展单厂研制单位数据管理技术。
数据,is_a,研制单位,DOC001,6835,数模的版本变化将直接引发数据工艺、数据检验的版本变化，需以部件作为对象，建立产品设计数据、工艺数据和检验数据与 BOM 结构树的关联关系，即开展单厂研制单位数据管理技术。
工艺,is_a,研制单位,DOC001,6835,数模的版本变化将直接引发数据工艺、数据检验的版本变化，需以部件作为对象，建立产品设计数据、工艺数据和检验数据与 BOM 结构树的关联关系，即开展单厂研制单位数据管理技术。
部件,is_a,研制单位,DOC001,6835,数模的版本变化将直接引发数据工艺、数据检验的版本变化，需以部件作为对象，建立产品设计数据、工艺数据和检验数据与 BOM 结构树的关联关系，即开展单厂研制单位数据管理技术。
关系,is_a,研制单位,DOC001,6835,数模的版本变化将直接引发数据工艺、数据检验的版本变化，需以部件作为对象，建立产品设计数据、工艺数据和检验数据与 BOM 结构树的关联关系，即开展单厂研制单位数据管理技术。
复合材料,part_of,结构简单,DOC001,6945,该机中复合材料比铝合金轻20%，但更重要的优点是结构简单，首相1号的铺放机由3 000多 个部件组成，而且在两合部分组成。
铝合金,part_of,结构简单,DOC001,6945,该机中复合材料比铝合金轻20%，但更重要的优点是结构简单，首相1号的铺放机由3 000多 个部件组成，而且在两合部分组成。
优点,part_of,结构简单,DOC001,6945,该机中复合材料比铝合金轻20%，但更重要的优点是结构简单，首相1号的铺放机由3 000多 个部件组成，而且在两合部分组成。
需要,is_a,不同,DOC001,7007,接着将不需要立即使用的层压件做皱处理并冷冻入库，需要立即使用的层压件装入模具进行成型，所有不同类型的布料均使用同一台成型机进行加工；
需要,is_a,型机,DOC001,7007,接着将不需要立即使用的层压件做皱处理并冷冻入库，需要立即使用的层压件装入模具进行成型，所有不同类型的布料均使用同一台成型机进行加工；
面板,is_a,缺陷,DOC001,7048,通过波束的自动扫描，面板测量以及做断面的切取即可对缺陷进行探测，并确定其尺寸。
面板,is_a,确定,DOC001,7048,通过波束的自动扫描，面板测量以及做断面的切取即可对缺陷进行探测，并确定其尺寸。
面板,is_a,尺寸,DOC001,7048,通过波束的自动扫描，面板测量以及做断面的切取即可对缺陷进行探测，并确定其尺寸。
测量,is_a,缺陷,DOC001,7048,通过波束的自动扫描，面板测量以及做断面的切取即可对缺陷进行探测，并确定其尺寸。
测量,is_a,确定,DOC001,7048,通过波束的自动扫描，面板测量以及做断面的切取即可对缺陷进行探测，并确定其尺寸。
测量,is_a,尺寸,DOC001,7048,通过波束的自动扫描，面板测量以及做断面的切取即可对缺陷进行探测，并确定其尺寸。
工艺,is_a,纤维,DOC001,7107,RFI 工艺是一种树脂膜熔融和纤维预制体相结合的一种树脂浸渍技术，其成型过程是将树脂制成预成树脂膜状或片状，将其安放于模具的底部，并在真空上层覆盖三维编制等后制成的纤维预制体；
工艺,is_a,过程,DOC001,7107,RFI 工艺是一种树脂膜熔融和纤维预制体相结合的一种树脂浸渍技术，其成型过程是将树脂制成预成树脂膜状或片状，将其安放于模具的底部，并在真空上层覆盖三维编制等后制成的纤维预制体；
工艺,is_a,真空,DOC001,7107,RFI 工艺是一种树脂膜熔融和纤维预制体相结合的一种树脂浸渍技术，其成型过程是将树脂制成预成树脂膜状或片状，将其安放于模具的底部，并在真空上层覆盖三维编制等后制成的纤维预制体；
然后,is_a,固化,DOC001,7108,然后依据真空成型工艺的要求将胎具安装，在板环境下采用真空热压将树脂由上收吸收，树脂膜熔融或黏性后，沿着预制体结构流动进入下向，由而填满整个预制体空间，随即低温固化工艺，制成复合材料制品。
真空,is_a,固化,DOC001,7108,然后依据真空成型工艺的要求将胎具安装，在板环境下采用真空热压将树脂由上收吸收，树脂膜熔融或黏性后，沿着预制体结构流动进入下向，由而填满整个预制体空间，随即低温固化工艺，制成复合材料制品。
真空,is_a,复合材料,DOC001,7108,然后依据真空成型工艺的要求将胎具安装，在板环境下采用真空热压将树脂由上收吸收，树脂膜熔融或黏性后，沿着预制体结构流动进入下向，由而填满整个预制体空间，随即低温固化工艺，制成复合材料制品。
工艺,is_a,固化,DOC001,7108,然后依据真空成型工艺的要求将胎具安装，在板环境下采用真空热压将树脂由上收吸收，树脂膜熔融或黏性后，沿着预制体结构流动进入下向，由而填满整个预制体空间，随即低温固化工艺，制成复合材料制品。
工艺,is_a,复合材料,DOC001,7108,然后依据真空成型工艺的要求将胎具安装，在板环境下采用真空热压将树脂由上收吸收，树脂膜熔融或黏性后，沿着预制体结构流动进入下向，由而填满整个预制体空间，随即低温固化工艺，制成复合材料制品。
的要求,is_a,固化,DOC001,7108,然后依据真空成型工艺的要求将胎具安装，在板环境下采用真空热压将树脂由上收吸收，树脂膜熔融或黏性后，沿着预制体结构流动进入下向，由而填满整个预制体空间，随即低温固化工艺，制成复合材料制品。
的要求,is_a,复合材料,DOC001,7108,然后依据真空成型工艺的要求将胎具安装，在板环境下采用真空热压将树脂由上收吸收，树脂膜熔融或黏性后，沿着预制体结构流动进入下向，由而填满整个预制体空间，随即低温固化工艺，制成复合材料制品。
环境,is_a,固化,DOC001,7108,然后依据真空成型工艺的要求将胎具安装，在板环境下采用真空热压将树脂由上收吸收，树脂膜熔融或黏性后，沿着预制体结构流动进入下向，由而填满整个预制体空间，随即低温固化工艺，制成复合材料制品。
环境,is_a,复合材料,DOC001,7108,然后依据真空成型工艺的要求将胎具安装，在板环境下采用真空热压将树脂由上收吸收，树脂膜熔融或黏性后，沿着预制体结构流动进入下向，由而填满整个预制体空间，随即低温固化工艺，制成复合材料制品。
流动,is_a,固化,DOC001,7108,然后依据真空成型工艺的要求将胎具安装，在板环境下采用真空热压将树脂由上收吸收，树脂膜熔融或黏性后，沿着预制体结构流动进入下向，由而填满整个预制体空间，随即低温固化工艺，制成复合材料制品。
流动,is_a,复合材料,DOC001,7108,然后依据真空成型工艺的要求将胎具安装，在板环境下采用真空热压将树脂由上收吸收，树脂膜熔融或黏性后，沿着预制体结构流动进入下向，由而填满整个预制体空间，随即低温固化工艺，制成复合材料制品。
定义,is_a,制造,DOC001,7156,其用一个集成的三维实体模型可完整地表达产品定义信息，即将制造信息或设计信息（=三维标注、各种制造信息和产品结构信息）共同定义在当前的三维数字化模型中，从而使三维工程模型、保证了设计数据的唯一性。
定义,is_a,当前,DOC001,7156,其用一个集成的三维实体模型可完整地表达产品定义信息，即将制造信息或设计信息（=三维标注、各种制造信息和产品结构信息）共同定义在当前的三维数字化模型中，从而使三维工程模型、保证了设计数据的唯一性。
定义,is_a,从而,DOC001,7156,其用一个集成的三维实体模型可完整地表达产品定义信息，即将制造信息或设计信息（=三维标注、各种制造信息和产品结构信息）共同定义在当前的三维数字化模型中，从而使三维工程模型、保证了设计数据的唯一性。
定义,is_a,数据,DOC001,7156,其用一个集成的三维实体模型可完整地表达产品定义信息，即将制造信息或设计信息（=三维标注、各种制造信息和产品结构信息）共同定义在当前的三维数字化模型中，从而使三维工程模型、保证了设计数据的唯一性。
尺寸,is_a,需要,DOC001,7159,MBD模型中包含了产品的几何属性（尺寸、公差等）、制造属性（材料定额等）和管理属性（产品结构、零件等），即需要通过MBD模型对产品的结构、工程制造、外观等进行管理协同工作。
尺寸,is_a,工作,DOC001,7159,MBD模型中包含了产品的几何属性（尺寸、公差等）、制造属性（材料定额等）和管理属性（产品结构、零件等），即需要通过MBD模型对产品的结构、工程制造、外观等进行管理协同工作。
制造,is_a,需要,DOC001,7159,MBD模型中包含了产品的几何属性（尺寸、公差等）、制造属性（材料定额等）和管理属性（产品结构、零件等），即需要通过MBD模型对产品的结构、工程制造、外观等进行管理协同工作。
制造,is_a,工作,DOC001,7159,MBD模型中包含了产品的几何属性（尺寸、公差等）、制造属性（材料定额等）和管理属性（产品结构、零件等），即需要通过MBD模型对产品的结构、工程制造、外观等进行管理协同工作。
材料,is_a,需要,DOC001,7159,MBD模型中包含了产品的几何属性（尺寸、公差等）、制造属性（材料定额等）和管理属性（产品结构、零件等），即需要通过MBD模型对产品的结构、工程制造、外观等进行管理协同工作。
材料,is_a,工作,DOC001,7159,MBD模型中包含了产品的几何属性（尺寸、公差等）、制造属性（材料定额等）和管理属性（产品结构、零件等），即需要通过MBD模型对产品的结构、工程制造、外观等进行管理协同工作。
所谓,part_of,装配,DOC001,7168,所谓EBOM是指设计部门发放的产品结构，而MBOM是制造部门从加工和装配角度搭建的产品结构，MBOM去除EBOM的虚拟件后转化成实体件，并增加了工装等工艺资源。
工艺,is_a,部件,DOC001,7169,3）进行工艺路线规划，即构建基本的工艺路线卡，进行对每道工序进行详细设计，例如对每一道工序需加工的零部件数据、表面特征、工装夹具、刀具等均进行精确描述，最终生成所需的NC程序，并输出实际制造数据，完成工艺路线与设计的闭环。
工艺,is_a,数据,DOC001,7169,3）进行工艺路线规划，即构建基本的工艺路线卡，进行对每道工序进行详细设计，例如对每一道工序需加工的零部件数据、表面特征、工装夹具、刀具等均进行精确描述，最终生成所需的NC程序，并输出实际制造数据，完成工艺路线与设计的闭环。
工艺,is_a,描述,DOC001,7169,3）进行工艺路线规划，即构建基本的工艺路线卡，进行对每道工序进行详细设计，例如对每一道工序需加工的零部件数据、表面特征、工装夹具、刀具等均进行精确描述，最终生成所需的NC程序，并输出实际制造数据，完成工艺路线与设计的闭环。
工艺,is_a,最终,DOC001,7169,3）进行工艺路线规划，即构建基本的工艺路线卡，进行对每道工序进行详细设计，例如对每一道工序需加工的零部件数据、表面特征、工装夹具、刀具等均进行精确描述，最终生成所需的NC程序，并输出实际制造数据，完成工艺路线与设计的闭环。
第7,is_a,一体化,DOC001,7303,第7章 可重复使用新型舰天线零部件设计即建评—一体化 · 293 ·
可重复使用,is_a,一体化,DOC001,7303,第7章 可重复使用新型舰天线零部件设计即建评—一体化 · 293 ·
部件,is_a,一体化,DOC001,7303,第7章 可重复使用新型舰天线零部件设计即建评—一体化 · 293 ·
装配,has_mechanism,折叠,DOC001,7370,浙江大学CAD&CG国家重点实验室在车体虚拟装配研究中提出通过“用户引导的折叠”进行折叠过程仿真，得到了零部件的折叠顺序和折印路径，从而确定了产品的装配序列。
装配,has_component,算法,DOC001,7373,在WAS中，装配规划由直设地通人远线装配评价算法进行，并实现了装配虚拟装配系统的实用性和有效性。
世纪,part_of,飞机,DOC002,106,20世纪初建立的环量和力理论是低速飞机构设计基础；
气动设计,part_of,航天飞机,DOC002,118,气动设计是研发航天飞机的先行技术，是提出新概念、设计新
第1,part_of,飞机,DOC002,153,第10章航天飞机气动性能布局设计正是回答了上述问题，希望广大航天科研人员在此基础上，继续开展这方面的研究，创建各类航宇飞机飞行器布局体设计模型，探讨布局设计方法，以适应21世纪我国航空航天技术创新的需求。
第1,part_of,飞行器,DOC002,153,第10章航天飞机气动性能布局设计正是回答了上述问题，希望广大航天科研人员在此基础上，继续开展这方面的研究，创建各类航宇飞机飞行器布局体设计模型，探讨布局设计方法，以适应21世纪我国航空航天技术创新的需求。
航天飞机,part_of,飞机,DOC002,153,第10章航天飞机气动性能布局设计正是回答了上述问题，希望广大航天科研人员在此基础上，继续开展这方面的研究，创建各类航宇飞机飞行器布局体设计模型，探讨布局设计方法，以适应21世纪我国航空航天技术创新的需求。
航天飞机,part_of,飞行器,DOC002,153,第10章航天飞机气动性能布局设计正是回答了上述问题，希望广大航天科研人员在此基础上，继续开展这方面的研究，创建各类航宇飞机飞行器布局体设计模型，探讨布局设计方法，以适应21世纪我国航空航天技术创新的需求。
气动,part_of,飞机,DOC002,153,第10章航天飞机气动性能布局设计正是回答了上述问题，希望广大航天科研人员在此基础上，继续开展这方面的研究，创建各类航宇飞机飞行器布局体设计模型，探讨布局设计方法，以适应21世纪我国航空航天技术创新的需求。
气动,part_of,飞行器,DOC002,153,第10章航天飞机气动性能布局设计正是回答了上述问题，希望广大航天科研人员在此基础上，继续开展这方面的研究，创建各类航宇飞机飞行器布局体设计模型，探讨布局设计方法，以适应21世纪我国航空航天技术创新的需求。
布局,part_of,飞机,DOC002,153,第10章航天飞机气动性能布局设计正是回答了上述问题，希望广大航天科研人员在此基础上，继续开展这方面的研究，创建各类航宇飞机飞行器布局体设计模型，探讨布局设计方法，以适应21世纪我国航空航天技术创新的需求。
布局,part_of,飞行器,DOC002,153,第10章航天飞机气动性能布局设计正是回答了上述问题，希望广大航天科研人员在此基础上，继续开展这方面的研究，创建各类航宇飞机飞行器布局体设计模型，探讨布局设计方法，以适应21世纪我国航空航天技术创新的需求。
可重复使用,part_of,飞机,DOC002,324,航天飞机作为第一种可重复使用的天地往返运载器，是再人技术与飞机构技术巧妙结合的佳作，也是航天运输系统中“一次性使用”向“可重复使用”跨越的一个重要里程碑。
航天飞机,uses_method,展开,DOC002,325,因此，本书主要针对航天飞机重复使用的轨道器展开深入讨论与研究，在某些情况下，航天飞机还是重复使用航天运载器的代名词。
轨道,part_of,航天飞机,DOC002,333,（1）轨道器是航天飞机系统的核心部分。
轨道,part_of,航天飞机,DOC002,335,所以轨道器是航天飞机系统中真正执行空间运输任务的部件。
助推器,is_a,推进,DOC002,341,（3）助推器主要由5部分钟组成，即固体推进剂（装药）、燃烧室、喷管、挡药板和点火器，该系统主要为航天飞机升空提供足够的推力。
助推器,is_a,航天飞机,DOC002,341,（3）助推器主要由5部分钟组成，即固体推进剂（装药）、燃烧室、喷管、挡药板和点火器，该系统主要为航天飞机升空提供足够的推力。
助推器,is_a,推力,DOC002,341,（3）助推器主要由5部分钟组成，即固体推进剂（装药）、燃烧室、喷管、挡药板和点火器，该系统主要为航天飞机升空提供足够的推力。
分钟,is_a,推进,DOC002,341,（3）助推器主要由5部分钟组成，即固体推进剂（装药）、燃烧室、喷管、挡药板和点火器，该系统主要为航天飞机升空提供足够的推力。
分钟,is_a,航天飞机,DOC002,341,（3）助推器主要由5部分钟组成，即固体推进剂（装药）、燃烧室、喷管、挡药板和点火器，该系统主要为航天飞机升空提供足够的推力。
分钟,is_a,推力,DOC002,341,（3）助推器主要由5部分钟组成，即固体推进剂（装药）、燃烧室、喷管、挡药板和点火器，该系统主要为航天飞机升空提供足够的推力。
航天飞机,has_component,推力,DOC002,397,"当年 3 月确定了航天飞机的总体方案:载人返回型助推器改为弹道回收的并联助推器,轨道器缩小,主发动机由 2 台大推力发发动机改为 3 台小推力发动机,贮箱移到机体外,姿态控制和机动发动机改用可储存推进剂。"
发动机,has_component,推力,DOC002,397,"当年 3 月确定了航天飞机的总体方案:载人返回型助推器改为弹道回收的并联助推器,轨道器缩小,主发动机由 2 台大推力发发动机改为 3 台小推力发动机,贮箱移到机体外,姿态控制和机动发动机改用可储存推进剂。"
航天飞机,has_component,策略,DOC002,439,航天飞机确实由 于技术和策略问题难以从根本上克服其成本高、发射周期长等系 列问题，但谁也无法否认第一代航天飞机是目前最适宜的、运载能 力最大的航天飞行器，是 20 世纪人类最佳伟大的发明。
航天飞机,has_component,飞行器,DOC002,439,航天飞机确实由 于技术和策略问题难以从根本上克服其成本高、发射周期长等系 列问题，但谁也无法否认第一代航天飞机是目前最适宜的、运载能 力最大的航天飞行器，是 20 世纪人类最佳伟大的发明。
策略,part_of,飞行器,DOC002,439,航天飞机确实由 于技术和策略问题难以从根本上克服其成本高、发射周期长等系 列问题，但谁也无法否认第一代航天飞机是目前最适宜的、运载能 力最大的航天飞行器，是 20 世纪人类最佳伟大的发明。
发射,part_of,飞行器,DOC002,439,航天飞机确实由 于技术和策略问题难以从根本上克服其成本高、发射周期长等系 列问题，但谁也无法否认第一代航天飞机是目前最适宜的、运载能 力最大的航天飞行器，是 20 世纪人类最佳伟大的发明。
第一,part_of,飞行器,DOC002,439,航天飞机确实由 于技术和策略问题难以从根本上克服其成本高、发射周期长等系 列问题，但谁也无法否认第一代航天飞机是目前最适宜的、运载能 力最大的航天飞行器，是 20 世纪人类最佳伟大的发明。
计划,is_a,空天飞机,DOC002,458,NASP计划，即美国国家空天飞机计划，最早源于1982年开始的Cooper Canyon项目论证工作，目的是发展—种水平起降的吸气式联合循环推进单级人机空天飞机，这也是NASP计划的第一阶段。
计划,is_a,工作,DOC002,458,NASP计划，即美国国家空天飞机计划，最早源于1982年开始的Cooper Canyon项目论证工作，目的是发展—种水平起降的吸气式联合循环推进单级人机空天飞机，这也是NASP计划的第一阶段。
计划,is_a,发展,DOC002,458,NASP计划，即美国国家空天飞机计划，最早源于1982年开始的Cooper Canyon项目论证工作，目的是发展—种水平起降的吸气式联合循环推进单级人机空天飞机，这也是NASP计划的第一阶段。
计划,is_a,水平,DOC002,458,NASP计划，即美国国家空天飞机计划，最早源于1982年开始的Cooper Canyon项目论证工作，目的是发展—种水平起降的吸气式联合循环推进单级人机空天飞机，这也是NASP计划的第一阶段。
计划,is_a,循环,DOC002,458,NASP计划，即美国国家空天飞机计划，最早源于1982年开始的Cooper Canyon项目论证工作，目的是发展—种水平起降的吸气式联合循环推进单级人机空天飞机，这也是NASP计划的第一阶段。
计划,is_a,推进,DOC002,458,NASP计划，即美国国家空天飞机计划，最早源于1982年开始的Cooper Canyon项目论证工作，目的是发展—种水平起降的吸气式联合循环推进单级人机空天飞机，这也是NASP计划的第一阶段。
空气动力学,part_of,航天飞机,DOC002,636,"空气动力学,尤其是高超声速空气动力学已成为航天飞机研究的重夔关键技术之一,其进展程度、研究水平直接影响着航天飞机研究的进程与质量。"
航天飞机,uses_method,方向舵,DOC002,645,航天飞机采用单立尾构型，立尾高度8m，面积为38.4m²，方向舵展长5m，面积为9.1m²，方向颤副同时打开时可作减速板使用。
飞行,part_of,飞行器,DOC002,660,计算结果与飞行数据非常贴近，只是时滞流区计算所需的法向力系数和俯仰力矩系数偏高，飞行器压心前移了2.5m左右，但这种差异仍然由于RCS的有效控制范围之内。
数据,part_of,飞行器,DOC002,660,计算结果与飞行数据非常贴近，只是时滞流区计算所需的法向力系数和俯仰力矩系数偏高，飞行器压心前移了2.5m左右，但这种差异仍然由于RCS的有效控制范围之内。
飞行器气动设计,is_a,机身,DOC002,713,飞行器气动设计中发掘，随着本模型偏角和攻角的增加，俯仰力矩系数出现了上仰、体横翼效率下降，CFD计算结果提供的流场结构解除了这一现象，即机身弓形激波与体横翼激波相交产生膨胀周面打在了体横翼端部，造成体横翼表面压力系数降低，影响了体横翼效率，也改变了表面热参数分布（图1－8）。
飞行器气动设计,is_a,激波,DOC002,713,飞行器气动设计中发掘，随着本模型偏角和攻角的增加，俯仰力矩系数出现了上仰、体横翼效率下降，CFD计算结果提供的流场结构解除了这一现象，即机身弓形激波与体横翼激波相交产生膨胀周面打在了体横翼端部，造成体横翼表面压力系数降低，影响了体横翼效率，也改变了表面热参数分布（图1－8）。
飞行器气动设计,is_a,产生,DOC002,713,飞行器气动设计中发掘，随着本模型偏角和攻角的增加，俯仰力矩系数出现了上仰、体横翼效率下降，CFD计算结果提供的流场结构解除了这一现象，即机身弓形激波与体横翼激波相交产生膨胀周面打在了体横翼端部，造成体横翼表面压力系数降低，影响了体横翼效率，也改变了表面热参数分布（图1－8）。
随着,is_a,机身,DOC002,713,飞行器气动设计中发掘，随着本模型偏角和攻角的增加，俯仰力矩系数出现了上仰、体横翼效率下降，CFD计算结果提供的流场结构解除了这一现象，即机身弓形激波与体横翼激波相交产生膨胀周面打在了体横翼端部，造成体横翼表面压力系数降低，影响了体横翼效率，也改变了表面热参数分布（图1－8）。
随着,is_a,激波,DOC002,713,飞行器气动设计中发掘，随着本模型偏角和攻角的增加，俯仰力矩系数出现了上仰、体横翼效率下降，CFD计算结果提供的流场结构解除了这一现象，即机身弓形激波与体横翼激波相交产生膨胀周面打在了体横翼端部，造成体横翼表面压力系数降低，影响了体横翼效率，也改变了表面热参数分布（图1－8）。
随着,is_a,产生,DOC002,713,飞行器气动设计中发掘，随着本模型偏角和攻角的增加，俯仰力矩系数出现了上仰、体横翼效率下降，CFD计算结果提供的流场结构解除了这一现象，即机身弓形激波与体横翼激波相交产生膨胀周面打在了体横翼端部，造成体横翼表面压力系数降低，影响了体横翼效率，也改变了表面热参数分布（图1－8）。
攻角,is_a,机身,DOC002,713,飞行器气动设计中发掘，随着本模型偏角和攻角的增加，俯仰力矩系数出现了上仰、体横翼效率下降，CFD计算结果提供的流场结构解除了这一现象，即机身弓形激波与体横翼激波相交产生膨胀周面打在了体横翼端部，造成体横翼表面压力系数降低，影响了体横翼效率，也改变了表面热参数分布（图1－8）。
攻角,is_a,激波,DOC002,713,飞行器气动设计中发掘，随着本模型偏角和攻角的增加，俯仰力矩系数出现了上仰、体横翼效率下降，CFD计算结果提供的流场结构解除了这一现象，即机身弓形激波与体横翼激波相交产生膨胀周面打在了体横翼端部，造成体横翼表面压力系数降低，影响了体横翼效率，也改变了表面热参数分布（图1－8）。
攻角,is_a,产生,DOC002,713,飞行器气动设计中发掘，随着本模型偏角和攻角的增加，俯仰力矩系数出现了上仰、体横翼效率下降，CFD计算结果提供的流场结构解除了这一现象，即机身弓形激波与体横翼激波相交产生膨胀周面打在了体横翼端部，造成体横翼表面压力系数降低，影响了体横翼效率，也改变了表面热参数分布（图1－8）。
的增加,is_a,机身,DOC002,713,飞行器气动设计中发掘，随着本模型偏角和攻角的增加，俯仰力矩系数出现了上仰、体横翼效率下降，CFD计算结果提供的流场结构解除了这一现象，即机身弓形激波与体横翼激波相交产生膨胀周面打在了体横翼端部，造成体横翼表面压力系数降低，影响了体横翼效率，也改变了表面热参数分布（图1－8）。
的增加,is_a,激波,DOC002,713,飞行器气动设计中发掘，随着本模型偏角和攻角的增加，俯仰力矩系数出现了上仰、体横翼效率下降，CFD计算结果提供的流场结构解除了这一现象，即机身弓形激波与体横翼激波相交产生膨胀周面打在了体横翼端部，造成体横翼表面压力系数降低，影响了体横翼效率，也改变了表面热参数分布（图1－8）。
的增加,is_a,产生,DOC002,713,飞行器气动设计中发掘，随着本模型偏角和攻角的增加，俯仰力矩系数出现了上仰、体横翼效率下降，CFD计算结果提供的流场结构解除了这一现象，即机身弓形激波与体横翼激波相交产生膨胀周面打在了体横翼端部，造成体横翼表面压力系数降低，影响了体横翼效率，也改变了表面热参数分布（图1－8）。
的增加,is_a,压力系数,DOC002,713,飞行器气动设计中发掘，随着本模型偏角和攻角的增加，俯仰力矩系数出现了上仰、体横翼效率下降，CFD计算结果提供的流场结构解除了这一现象，即机身弓形激波与体横翼激波相交产生膨胀周面打在了体横翼端部，造成体横翼表面压力系数降低，影响了体横翼效率，也改变了表面热参数分布（图1－8）。
俯仰力矩系数,is_a,机身,DOC002,713,飞行器气动设计中发掘，随着本模型偏角和攻角的增加，俯仰力矩系数出现了上仰、体横翼效率下降，CFD计算结果提供的流场结构解除了这一现象，即机身弓形激波与体横翼激波相交产生膨胀周面打在了体横翼端部，造成体横翼表面压力系数降低，影响了体横翼效率，也改变了表面热参数分布（图1－8）。
俯仰力矩系数,is_a,激波,DOC002,713,飞行器气动设计中发掘，随着本模型偏角和攻角的增加，俯仰力矩系数出现了上仰、体横翼效率下降，CFD计算结果提供的流场结构解除了这一现象，即机身弓形激波与体横翼激波相交产生膨胀周面打在了体横翼端部，造成体横翼表面压力系数降低，影响了体横翼效率，也改变了表面热参数分布（图1－8）。
俯仰力矩系数,is_a,产生,DOC002,713,飞行器气动设计中发掘，随着本模型偏角和攻角的增加，俯仰力矩系数出现了上仰、体横翼效率下降，CFD计算结果提供的流场结构解除了这一现象，即机身弓形激波与体横翼激波相交产生膨胀周面打在了体横翼端部，造成体横翼表面压力系数降低，影响了体横翼效率，也改变了表面热参数分布（图1－8）。
俯仰力矩系数,is_a,压力系数,DOC002,713,飞行器气动设计中发掘，随着本模型偏角和攻角的增加，俯仰力矩系数出现了上仰、体横翼效率下降，CFD计算结果提供的流场结构解除了这一现象，即机身弓形激波与体横翼激波相交产生膨胀周面打在了体横翼端部，造成体横翼表面压力系数降低，影响了体横翼效率，也改变了表面热参数分布（图1－8）。
俯仰力矩系数,is_a,降低,DOC002,713,飞行器气动设计中发掘，随着本模型偏角和攻角的增加，俯仰力矩系数出现了上仰、体横翼效率下降，CFD计算结果提供的流场结构解除了这一现象，即机身弓形激波与体横翼激波相交产生膨胀周面打在了体横翼端部，造成体横翼表面压力系数降低，影响了体横翼效率，也改变了表面热参数分布（图1－8）。
下降,is_a,机身,DOC002,713,飞行器气动设计中发掘，随着本模型偏角和攻角的增加，俯仰力矩系数出现了上仰、体横翼效率下降，CFD计算结果提供的流场结构解除了这一现象，即机身弓形激波与体横翼激波相交产生膨胀周面打在了体横翼端部，造成体横翼表面压力系数降低，影响了体横翼效率，也改变了表面热参数分布（图1－8）。
下降,is_a,激波,DOC002,713,飞行器气动设计中发掘，随着本模型偏角和攻角的增加，俯仰力矩系数出现了上仰、体横翼效率下降，CFD计算结果提供的流场结构解除了这一现象，即机身弓形激波与体横翼激波相交产生膨胀周面打在了体横翼端部，造成体横翼表面压力系数降低，影响了体横翼效率，也改变了表面热参数分布（图1－8）。
下降,is_a,产生,DOC002,713,飞行器气动设计中发掘，随着本模型偏角和攻角的增加，俯仰力矩系数出现了上仰、体横翼效率下降，CFD计算结果提供的流场结构解除了这一现象，即机身弓形激波与体横翼激波相交产生膨胀周面打在了体横翼端部，造成体横翼表面压力系数降低，影响了体横翼效率，也改变了表面热参数分布（图1－8）。
下降,is_a,压力系数,DOC002,713,飞行器气动设计中发掘，随着本模型偏角和攻角的增加，俯仰力矩系数出现了上仰、体横翼效率下降，CFD计算结果提供的流场结构解除了这一现象，即机身弓形激波与体横翼激波相交产生膨胀周面打在了体横翼端部，造成体横翼表面压力系数降低，影响了体横翼效率，也改变了表面热参数分布（图1－8）。
下降,is_a,降低,DOC002,713,飞行器气动设计中发掘，随着本模型偏角和攻角的增加，俯仰力矩系数出现了上仰、体横翼效率下降，CFD计算结果提供的流场结构解除了这一现象，即机身弓形激波与体横翼激波相交产生膨胀周面打在了体横翼端部，造成体横翼表面压力系数降低，影响了体横翼效率，也改变了表面热参数分布（图1－8）。
现象,is_a,机身,DOC002,713,飞行器气动设计中发掘，随着本模型偏角和攻角的增加，俯仰力矩系数出现了上仰、体横翼效率下降，CFD计算结果提供的流场结构解除了这一现象，即机身弓形激波与体横翼激波相交产生膨胀周面打在了体横翼端部，造成体横翼表面压力系数降低，影响了体横翼效率，也改变了表面热参数分布（图1－8）。
现象,is_a,激波,DOC002,713,飞行器气动设计中发掘，随着本模型偏角和攻角的增加，俯仰力矩系数出现了上仰、体横翼效率下降，CFD计算结果提供的流场结构解除了这一现象，即机身弓形激波与体横翼激波相交产生膨胀周面打在了体横翼端部，造成体横翼表面压力系数降低，影响了体横翼效率，也改变了表面热参数分布（图1－8）。
现象,is_a,产生,DOC002,713,飞行器气动设计中发掘，随着本模型偏角和攻角的增加，俯仰力矩系数出现了上仰、体横翼效率下降，CFD计算结果提供的流场结构解除了这一现象，即机身弓形激波与体横翼激波相交产生膨胀周面打在了体横翼端部，造成体横翼表面压力系数降低，影响了体横翼效率，也改变了表面热参数分布（图1－8）。
现象,is_a,压力系数,DOC002,713,飞行器气动设计中发掘，随着本模型偏角和攻角的增加，俯仰力矩系数出现了上仰、体横翼效率下降，CFD计算结果提供的流场结构解除了这一现象，即机身弓形激波与体横翼激波相交产生膨胀周面打在了体横翼端部，造成体横翼表面压力系数降低，影响了体横翼效率，也改变了表面热参数分布（图1－8）。
现象,is_a,降低,DOC002,713,飞行器气动设计中发掘，随着本模型偏角和攻角的增加，俯仰力矩系数出现了上仰、体横翼效率下降，CFD计算结果提供的流场结构解除了这一现象，即机身弓形激波与体横翼激波相交产生膨胀周面打在了体横翼端部，造成体横翼表面压力系数降低，影响了体横翼效率，也改变了表面热参数分布（图1－8）。
现象,is_a,参数,DOC002,713,飞行器气动设计中发掘，随着本模型偏角和攻角的增加，俯仰力矩系数出现了上仰、体横翼效率下降，CFD计算结果提供的流场结构解除了这一现象，即机身弓形激波与体横翼激波相交产生膨胀周面打在了体横翼端部，造成体横翼表面压力系数降低，影响了体横翼效率，也改变了表面热参数分布（图1－8）。
现象,is_a,分布,DOC002,713,飞行器气动设计中发掘，随着本模型偏角和攻角的增加，俯仰力矩系数出现了上仰、体横翼效率下降，CFD计算结果提供的流场结构解除了这一现象，即机身弓形激波与体横翼激波相交产生膨胀周面打在了体横翼端部，造成体横翼表面压力系数降低，影响了体横翼效率，也改变了表面热参数分布（图1－8）。
机身,affects,参数,DOC002,713,飞行器气动设计中发掘，随着本模型偏角和攻角的增加，俯仰力矩系数出现了上仰、体横翼效率下降，CFD计算结果提供的流场结构解除了这一现象，即机身弓形激波与体横翼激波相交产生膨胀周面打在了体横翼端部，造成体横翼表面压力系数降低，影响了体横翼效率，也改变了表面热参数分布（图1－8）。
飞行器,has_component,机身,DOC002,719,X－34演示验证飞行器（简称X－34飞行器）将由美国洛克希德公司研制的三发宽机身中远程运输机“三星”（L－1011）作为载机空中投放，而后飞行器启动火箭发动机将高加速进入亚轨道，完成任务后无动力再入，最后恢复靠飞机一端返场着陆。
飞行器,has_component,发动机,DOC002,719,X－34演示验证飞行器（简称X－34飞行器）将由美国洛克希德公司研制的三发宽机身中远程运输机“三星”（L－1011）作为载机空中投放，而后飞行器启动火箭发动机将高加速进入亚轨道，完成任务后无动力再入，最后恢复靠飞机一端返场着陆。
这些,part_of,飞行器,DOC002,754,从某种程度上讲，这些试验并不是为获得飞行器再入全程详细的气动热参数而进行的，更大的意义在于为气动 CFD 计算工作提供数据依据。
试验,part_of,飞行器,DOC002,754,从某种程度上讲，这些试验并不是为获得飞行器再入全程详细的气动热参数而进行的，更大的意义在于为气动 CFD 计算工作提供数据依据。
这些,part_of,空天飞机,DOC002,883,这些运输系统的起（飞）降（落）方式虽然各有差异，但其轨道运行方式与再入情况基本相似，飞船与航天飞机都是垂直发射，飞船着陆为降，航天飞机为水平着陆，未来的空天飞机像普通飞机那样水平起飞，水平着陆。
运输,part_of,空天飞机,DOC002,883,这些运输系统的起（飞）降（落）方式虽然各有差异，但其轨道运行方式与再入情况基本相似，飞船与航天飞机都是垂直发射，飞船着陆为降，航天飞机为水平着陆，未来的空天飞机像普通飞机那样水平起飞，水平着陆。
运输,part_of,飞机,DOC002,883,这些运输系统的起（飞）降（落）方式虽然各有差异，但其轨道运行方式与再入情况基本相似，飞船与航天飞机都是垂直发射，飞船着陆为降，航天飞机为水平着陆，未来的空天飞机像普通飞机那样水平起飞，水平着陆。
方式,part_of,空天飞机,DOC002,883,这些运输系统的起（飞）降（落）方式虽然各有差异，但其轨道运行方式与再入情况基本相似，飞船与航天飞机都是垂直发射，飞船着陆为降，航天飞机为水平着陆，未来的空天飞机像普通飞机那样水平起飞，水平着陆。
方式,part_of,飞机,DOC002,883,这些运输系统的起（飞）降（落）方式虽然各有差异，但其轨道运行方式与再入情况基本相似，飞船与航天飞机都是垂直发射，飞船着陆为降，航天飞机为水平着陆，未来的空天飞机像普通飞机那样水平起飞，水平着陆。
虽然,part_of,空天飞机,DOC002,883,这些运输系统的起（飞）降（落）方式虽然各有差异，但其轨道运行方式与再入情况基本相似，飞船与航天飞机都是垂直发射，飞船着陆为降，航天飞机为水平着陆，未来的空天飞机像普通飞机那样水平起飞，水平着陆。
虽然,part_of,飞机,DOC002,883,这些运输系统的起（飞）降（落）方式虽然各有差异，但其轨道运行方式与再入情况基本相似，飞船与航天飞机都是垂直发射，飞船着陆为降，航天飞机为水平着陆，未来的空天飞机像普通飞机那样水平起飞，水平着陆。
轨道,part_of,空天飞机,DOC002,883,这些运输系统的起（飞）降（落）方式虽然各有差异，但其轨道运行方式与再入情况基本相似，飞船与航天飞机都是垂直发射，飞船着陆为降，航天飞机为水平着陆，未来的空天飞机像普通飞机那样水平起飞，水平着陆。
轨道,part_of,飞机,DOC002,883,这些运输系统的起（飞）降（落）方式虽然各有差异，但其轨道运行方式与再入情况基本相似，飞船与航天飞机都是垂直发射，飞船着陆为降，航天飞机为水平着陆，未来的空天飞机像普通飞机那样水平起飞，水平着陆。
运行,part_of,空天飞机,DOC002,883,这些运输系统的起（飞）降（落）方式虽然各有差异，但其轨道运行方式与再入情况基本相似，飞船与航天飞机都是垂直发射，飞船着陆为降，航天飞机为水平着陆，未来的空天飞机像普通飞机那样水平起飞，水平着陆。
运行,part_of,飞机,DOC002,883,这些运输系统的起（飞）降（落）方式虽然各有差异，但其轨道运行方式与再入情况基本相似，飞船与航天飞机都是垂直发射，飞船着陆为降，航天飞机为水平着陆，未来的空天飞机像普通飞机那样水平起飞，水平着陆。
再入,part_of,空天飞机,DOC002,883,这些运输系统的起（飞）降（落）方式虽然各有差异，但其轨道运行方式与再入情况基本相似，飞船与航天飞机都是垂直发射，飞船着陆为降，航天飞机为水平着陆，未来的空天飞机像普通飞机那样水平起飞，水平着陆。
再入,part_of,飞机,DOC002,883,这些运输系统的起（飞）降（落）方式虽然各有差异，但其轨道运行方式与再入情况基本相似，飞船与航天飞机都是垂直发射，飞船着陆为降，航天飞机为水平着陆，未来的空天飞机像普通飞机那样水平起飞，水平着陆。
情况,part_of,空天飞机,DOC002,883,这些运输系统的起（飞）降（落）方式虽然各有差异，但其轨道运行方式与再入情况基本相似，飞船与航天飞机都是垂直发射，飞船着陆为降，航天飞机为水平着陆，未来的空天飞机像普通飞机那样水平起飞，水平着陆。
情况,part_of,飞机,DOC002,883,这些运输系统的起（飞）降（落）方式虽然各有差异，但其轨道运行方式与再入情况基本相似，飞船与航天飞机都是垂直发射，飞船着陆为降，航天飞机为水平着陆，未来的空天飞机像普通飞机那样水平起飞，水平着陆。
飞船,part_of,空天飞机,DOC002,883,这些运输系统的起（飞）降（落）方式虽然各有差异，但其轨道运行方式与再入情况基本相似，飞船与航天飞机都是垂直发射，飞船着陆为降，航天飞机为水平着陆，未来的空天飞机像普通飞机那样水平起飞，水平着陆。
飞船,part_of,飞机,DOC002,883,这些运输系统的起（飞）降（落）方式虽然各有差异，但其轨道运行方式与再入情况基本相似，飞船与航天飞机都是垂直发射，飞船着陆为降，航天飞机为水平着陆，未来的空天飞机像普通飞机那样水平起飞，水平着陆。
航天飞机,part_of,空天飞机,DOC002,883,这些运输系统的起（飞）降（落）方式虽然各有差异，但其轨道运行方式与再入情况基本相似，飞船与航天飞机都是垂直发射，飞船着陆为降，航天飞机为水平着陆，未来的空天飞机像普通飞机那样水平起飞，水平着陆。
航天飞机,part_of,飞机,DOC002,883,这些运输系统的起（飞）降（落）方式虽然各有差异，但其轨道运行方式与再入情况基本相似，飞船与航天飞机都是垂直发射，飞船着陆为降，航天飞机为水平着陆，未来的空天飞机像普通飞机那样水平起飞，水平着陆。
参数,affects,气动,DOC002,889,下面首先介绍航天飞机的再入飞行参数，因为飞行环境决定了飞行器的气动问题，然后合介绍航天飞机气动问题的三大技术手段。
分离,has_component,参数,DOC002,924,"(2) 分离段:由A点飞向B点,此时B点参数为:t=468s,H=112km,Ma=20,q≈0,θ=0°,n=0,这时主发动机失关。"
分离,has_component,0°,DOC002,924,"(2) 分离段:由A点飞向B点,此时B点参数为:t=468s,H=112km,Ma=20,q≈0,θ=0°,n=0,这时主发动机失关。"
分离,has_component,发动机,DOC002,924,"(2) 分离段:由A点飞向B点,此时B点参数为:t=468s,H=112km,Ma=20,q≈0,θ=0°,n=0,这时主发动机失关。"
风洞,is_a,马赫数,DOC002,1007,增压风洞，具有两个分开的试验段，即低马赫数试验段和高马赫数
风洞,is_a,高马赫数,DOC002,1007,增压风洞，具有两个分开的试验段，即低马赫数试验段和高马赫数
试验,is_a,马赫数,DOC002,1007,增压风洞，具有两个分开的试验段，即低马赫数试验段和高马赫数
试验,is_a,高马赫数,DOC002,1007,增压风洞，具有两个分开的试验段，即低马赫数试验段和高马赫数
工作,part_of,飞行器,DOC002,1045,具有代表性的工作 是中国空间动力力研究与发展中心张涵信院士为首的研究集体在航天飞行器 气动特性方面开展的创新研究，建立了自己的理论和计算体系，通过求解完全气体流动的 N－S 方程，数值模拟航天飞机的流场，取得了较好的计算结果[54]。
航天飞机,has_component,气动,DOC002,1048,（1）1982 年以来，苏联已进行了多次航天飞机的模型自由飞行试验，获取再入过 程 的全路气动数据，测试 TPS 的效能；
航天飞机,has_component,数据,DOC002,1048,（1）1982 年以来，苏联已进行了多次航天飞机的模型自由飞行试验，获取再入过 程 的全路气动数据，测试 TPS 的效能；
公司,part_of,航天飞机,DOC002,1061,该公司还考虑研究一种1/4缩尺的 Hermes模型，进行再人大气层气动力／气动热半航程试验，以验证各种气动热力学假设是否成立，而且不是模拟 Hermes 航天飞机的热防护技术。
气动力,part_of,航天飞机,DOC002,1061,该公司还考虑研究一种1/4缩尺的 Hermes模型，进行再人大气层气动力／气动热半航程试验，以验证各种气动热力学假设是否成立，而且不是模拟 Hermes 航天飞机的热防护技术。
气动热,part_of,航天飞机,DOC002,1061,该公司还考虑研究一种1/4缩尺的 Hermes模型，进行再人大气层气动力／气动热半航程试验，以验证各种气动热力学假设是否成立，而且不是模拟 Hermes 航天飞机的热防护技术。
航程,part_of,航天飞机,DOC002,1061,该公司还考虑研究一种1/4缩尺的 Hermes模型，进行再人大气层气动力／气动热半航程试验，以验证各种气动热力学假设是否成立，而且不是模拟 Hermes 航天飞机的热防护技术。
试验,part_of,航天飞机,DOC002,1061,该公司还考虑研究一种1/4缩尺的 Hermes模型，进行再人大气层气动力／气动热半航程试验，以验证各种气动热力学假设是否成立，而且不是模拟 Hermes 航天飞机的热防护技术。
验证,part_of,航天飞机,DOC002,1061,该公司还考虑研究一种1/4缩尺的 Hermes模型，进行再人大气层气动力／气动热半航程试验，以验证各种气动热力学假设是否成立，而且不是模拟 Hermes 航天飞机的热防护技术。
假设,part_of,航天飞机,DOC002,1061,该公司还考虑研究一种1/4缩尺的 Hermes模型，进行再人大气层气动力／气动热半航程试验，以验证各种气动热力学假设是否成立，而且不是模拟 Hermes 航天飞机的热防护技术。
而且,part_of,航天飞机,DOC002,1061,该公司还考虑研究一种1/4缩尺的 Hermes模型，进行再人大气层气动力／气动热半航程试验，以验证各种气动热力学假设是否成立，而且不是模拟 Hermes 航天飞机的热防护技术。
法国,is_a,提高,DOC002,1063,法国把这项试验研究计划拆之为 MAIA（蜀螺罐），他们认为在研制自己的航天飞机进 行这 这缩尺再入飞行试验可以使后续的载人飞机安全系数达到最佳，这无疑是一种提高可靠性 的有效途径（借鉴开发成熟、苏联固的成功经验，这体现了法国人的巧千与创造活力）；
法国,is_a,可靠性,DOC002,1063,法国把这项试验研究计划拆之为 MAIA（蜀螺罐），他们认为在研制自己的航天飞机进 行这 这缩尺再入飞行试验可以使后续的载人飞机安全系数达到最佳，这无疑是一种提高可靠性 的有效途径（借鉴开发成熟、苏联固的成功经验，这体现了法国人的巧千与创造活力）；
试验,is_a,提高,DOC002,1063,法国把这项试验研究计划拆之为 MAIA（蜀螺罐），他们认为在研制自己的航天飞机进 行这 这缩尺再入飞行试验可以使后续的载人飞机安全系数达到最佳，这无疑是一种提高可靠性 的有效途径（借鉴开发成熟、苏联固的成功经验，这体现了法国人的巧千与创造活力）；
试验,is_a,可靠性,DOC002,1063,法国把这项试验研究计划拆之为 MAIA（蜀螺罐），他们认为在研制自己的航天飞机进 行这 这缩尺再入飞行试验可以使后续的载人飞机安全系数达到最佳，这无疑是一种提高可靠性 的有效途径（借鉴开发成熟、苏联固的成功经验，这体现了法国人的巧千与创造活力）；
计划,is_a,提高,DOC002,1063,法国把这项试验研究计划拆之为 MAIA（蜀螺罐），他们认为在研制自己的航天飞机进 行这 这缩尺再入飞行试验可以使后续的载人飞机安全系数达到最佳，这无疑是一种提高可靠性 的有效途径（借鉴开发成熟、苏联固的成功经验，这体现了法国人的巧千与创造活力）；
计划,is_a,可靠性,DOC002,1063,法国把这项试验研究计划拆之为 MAIA（蜀螺罐），他们认为在研制自己的航天飞机进 行这 这缩尺再入飞行试验可以使后续的载人飞机安全系数达到最佳，这无疑是一种提高可靠性 的有效途径（借鉴开发成熟、苏联固的成功经验，这体现了法国人的巧千与创造活力）；
航天飞机,is_a,提高,DOC002,1063,法国把这项试验研究计划拆之为 MAIA（蜀螺罐），他们认为在研制自己的航天飞机进 行这 这缩尺再入飞行试验可以使后续的载人飞机安全系数达到最佳，这无疑是一种提高可靠性 的有效途径（借鉴开发成熟、苏联固的成功经验，这体现了法国人的巧千与创造活力）；
航天飞机,is_a,可靠性,DOC002,1063,法国把这项试验研究计划拆之为 MAIA（蜀螺罐），他们认为在研制自己的航天飞机进 行这 这缩尺再入飞行试验可以使后续的载人飞机安全系数达到最佳，这无疑是一种提高可靠性 的有效途径（借鉴开发成熟、苏联固的成功经验，这体现了法国人的巧千与创造活力）；
航天飞机,is_a,苏联,DOC002,1063,法国把这项试验研究计划拆之为 MAIA（蜀螺罐），他们认为在研制自己的航天飞机进 行这 这缩尺再入飞行试验可以使后续的载人飞机安全系数达到最佳，这无疑是一种提高可靠性 的有效途径（借鉴开发成熟、苏联固的成功经验，这体现了法国人的巧千与创造活力）；
再入,is_a,提高,DOC002,1063,法国把这项试验研究计划拆之为 MAIA（蜀螺罐），他们认为在研制自己的航天飞机进 行这 这缩尺再入飞行试验可以使后续的载人飞机安全系数达到最佳，这无疑是一种提高可靠性 的有效途径（借鉴开发成熟、苏联固的成功经验，这体现了法国人的巧千与创造活力）；
再入,is_a,可靠性,DOC002,1063,法国把这项试验研究计划拆之为 MAIA（蜀螺罐），他们认为在研制自己的航天飞机进 行这 这缩尺再入飞行试验可以使后续的载人飞机安全系数达到最佳，这无疑是一种提高可靠性 的有效途径（借鉴开发成熟、苏联固的成功经验，这体现了法国人的巧千与创造活力）；
再入,is_a,苏联,DOC002,1063,法国把这项试验研究计划拆之为 MAIA（蜀螺罐），他们认为在研制自己的航天飞机进 行这 这缩尺再入飞行试验可以使后续的载人飞机安全系数达到最佳，这无疑是一种提高可靠性 的有效途径（借鉴开发成熟、苏联固的成功经验，这体现了法国人的巧千与创造活力）；
飞行试验,is_a,提高,DOC002,1063,法国把这项试验研究计划拆之为 MAIA（蜀螺罐），他们认为在研制自己的航天飞机进 行这 这缩尺再入飞行试验可以使后续的载人飞机安全系数达到最佳，这无疑是一种提高可靠性 的有效途径（借鉴开发成熟、苏联固的成功经验，这体现了法国人的巧千与创造活力）；
飞行试验,is_a,可靠性,DOC002,1063,法国把这项试验研究计划拆之为 MAIA（蜀螺罐），他们认为在研制自己的航天飞机进 行这 这缩尺再入飞行试验可以使后续的载人飞机安全系数达到最佳，这无疑是一种提高可靠性 的有效途径（借鉴开发成熟、苏联固的成功经验，这体现了法国人的巧千与创造活力）；
飞行试验,is_a,苏联,DOC002,1063,法国把这项试验研究计划拆之为 MAIA（蜀螺罐），他们认为在研制自己的航天飞机进 行这 这缩尺再入飞行试验可以使后续的载人飞机安全系数达到最佳，这无疑是一种提高可靠性 的有效途径（借鉴开发成熟、苏联固的成功经验，这体现了法国人的巧千与创造活力）；
飞机,is_a,提高,DOC002,1063,法国把这项试验研究计划拆之为 MAIA（蜀螺罐），他们认为在研制自己的航天飞机进 行这 这缩尺再入飞行试验可以使后续的载人飞机安全系数达到最佳，这无疑是一种提高可靠性 的有效途径（借鉴开发成熟、苏联固的成功经验，这体现了法国人的巧千与创造活力）；
飞机,is_a,可靠性,DOC002,1063,法国把这项试验研究计划拆之为 MAIA（蜀螺罐），他们认为在研制自己的航天飞机进 行这 这缩尺再入飞行试验可以使后续的载人飞机安全系数达到最佳，这无疑是一种提高可靠性 的有效途径（借鉴开发成熟、苏联固的成功经验，这体现了法国人的巧千与创造活力）；
飞机,is_a,苏联,DOC002,1063,法国把这项试验研究计划拆之为 MAIA（蜀螺罐），他们认为在研制自己的航天飞机进 行这 这缩尺再入飞行试验可以使后续的载人飞机安全系数达到最佳，这无疑是一种提高可靠性 的有效途径（借鉴开发成熟、苏联固的成功经验，这体现了法国人的巧千与创造活力）；
安全系数,is_a,提高,DOC002,1063,法国把这项试验研究计划拆之为 MAIA（蜀螺罐），他们认为在研制自己的航天飞机进 行这 这缩尺再入飞行试验可以使后续的载人飞机安全系数达到最佳，这无疑是一种提高可靠性 的有效途径（借鉴开发成熟、苏联固的成功经验，这体现了法国人的巧千与创造活力）；
安全系数,is_a,可靠性,DOC002,1063,法国把这项试验研究计划拆之为 MAIA（蜀螺罐），他们认为在研制自己的航天飞机进 行这 这缩尺再入飞行试验可以使后续的载人飞机安全系数达到最佳，这无疑是一种提高可靠性 的有效途径（借鉴开发成熟、苏联固的成功经验，这体现了法国人的巧千与创造活力）；
安全系数,is_a,苏联,DOC002,1063,法国把这项试验研究计划拆之为 MAIA（蜀螺罐），他们认为在研制自己的航天飞机进 行这 这缩尺再入飞行试验可以使后续的载人飞机安全系数达到最佳，这无疑是一种提高可靠性 的有效途径（借鉴开发成熟、苏联固的成功经验，这体现了法国人的巧千与创造活力）；
航天飞机,has_component,翼展,DOC002,1066,"的MBB公司合作正在筹划 Hermes 航天飞机的1/3 缩尺高超声速无人驾驶自由飞行验证机（长5.34m,高1.12m,翼展3.36m,质量约1.7t），它能正确再现再入时温度、雷诺数和马赫数的综合效应（这在地面是无法进行试验的），估计需投资3.8亿美元。"
航天飞机,has_component,雷诺数,DOC002,1066,"的MBB公司合作正在筹划 Hermes 航天飞机的1/3 缩尺高超声速无人驾驶自由飞行验证机（长5.34m,高1.12m,翼展3.36m,质量约1.7t），它能正确再现再入时温度、雷诺数和马赫数的综合效应（这在地面是无法进行试验的），估计需投资3.8亿美元。"
航天飞机,has_component,马赫数,DOC002,1066,"的MBB公司合作正在筹划 Hermes 航天飞机的1/3 缩尺高超声速无人驾驶自由飞行验证机（长5.34m,高1.12m,翼展3.36m,质量约1.7t），它能正确再现再入时温度、雷诺数和马赫数的综合效应（这在地面是无法进行试验的），估计需投资3.8亿美元。"
不过,part_of,航天飞机,DOC002,1069,不过，有一点是肯定的，航天飞机的自由飞行验证机和飞机的自由飞行验证机一样，在其全尺寸载人飞行器进行试飞之前部都是不可少的—环，这种验证机的必要性与优点美国人已论证得十分清楚。
航天飞机,has_component,飞机,DOC002,1069,不过，有一点是肯定的，航天飞机的自由飞行验证机和飞机的自由飞行验证机一样，在其全尺寸载人飞行器进行试飞之前部都是不可少的—环，这种验证机的必要性与优点美国人已论证得十分清楚。
航天飞机,has_component,尺寸,DOC002,1069,不过，有一点是肯定的，航天飞机的自由飞行验证机和飞机的自由飞行验证机一样，在其全尺寸载人飞行器进行试飞之前部都是不可少的—环，这种验证机的必要性与优点美国人已论证得十分清楚。
航天飞机,has_component,飞行器,DOC002,1069,不过，有一点是肯定的，航天飞机的自由飞行验证机和飞机的自由飞行验证机一样，在其全尺寸载人飞行器进行试飞之前部都是不可少的—环，这种验证机的必要性与优点美国人已论证得十分清楚。
飞机,has_component,尺寸,DOC002,1069,不过，有一点是肯定的，航天飞机的自由飞行验证机和飞机的自由飞行验证机一样，在其全尺寸载人飞行器进行试飞之前部都是不可少的—环，这种验证机的必要性与优点美国人已论证得十分清楚。
飞机,has_component,飞行器,DOC002,1069,不过，有一点是肯定的，航天飞机的自由飞行验证机和飞机的自由飞行验证机一样，在其全尺寸载人飞行器进行试飞之前部都是不可少的—环，这种验证机的必要性与优点美国人已论证得十分清楚。
飞行试验,is_a,可靠,DOC002,1073,根据建立在大量自由飞行试验和全尺寸飞行试验基础上的权威性经典文献的分析，只要法国内的这个1/3缩尺试验模型能达到其再入模试验马赫数和雷诺数，这种自由飞行验证方法即可经济可可靠地获得大量设计数据。
飞行试验,is_a,获得,DOC002,1073,根据建立在大量自由飞行试验和全尺寸飞行试验基础上的权威性经典文献的分析，只要法国内的这个1/3缩尺试验模型能达到其再入模试验马赫数和雷诺数，这种自由飞行验证方法即可经济可可靠地获得大量设计数据。
尺寸,is_a,可靠,DOC002,1073,根据建立在大量自由飞行试验和全尺寸飞行试验基础上的权威性经典文献的分析，只要法国内的这个1/3缩尺试验模型能达到其再入模试验马赫数和雷诺数，这种自由飞行验证方法即可经济可可靠地获得大量设计数据。
尺寸,is_a,获得,DOC002,1073,根据建立在大量自由飞行试验和全尺寸飞行试验基础上的权威性经典文献的分析，只要法国内的这个1/3缩尺试验模型能达到其再入模试验马赫数和雷诺数，这种自由飞行验证方法即可经济可可靠地获得大量设计数据。
尺寸,is_a,数据,DOC002,1073,根据建立在大量自由飞行试验和全尺寸飞行试验基础上的权威性经典文献的分析，只要法国内的这个1/3缩尺试验模型能达到其再入模试验马赫数和雷诺数，这种自由飞行验证方法即可经济可可靠地获得大量设计数据。
基础,is_a,可靠,DOC002,1073,根据建立在大量自由飞行试验和全尺寸飞行试验基础上的权威性经典文献的分析，只要法国内的这个1/3缩尺试验模型能达到其再入模试验马赫数和雷诺数，这种自由飞行验证方法即可经济可可靠地获得大量设计数据。
基础,is_a,获得,DOC002,1073,根据建立在大量自由飞行试验和全尺寸飞行试验基础上的权威性经典文献的分析，只要法国内的这个1/3缩尺试验模型能达到其再入模试验马赫数和雷诺数，这种自由飞行验证方法即可经济可可靠地获得大量设计数据。
基础,is_a,数据,DOC002,1073,根据建立在大量自由飞行试验和全尺寸飞行试验基础上的权威性经典文献的分析，只要法国内的这个1/3缩尺试验模型能达到其再入模试验马赫数和雷诺数，这种自由飞行验证方法即可经济可可靠地获得大量设计数据。
法国,is_a,可靠,DOC002,1073,根据建立在大量自由飞行试验和全尺寸飞行试验基础上的权威性经典文献的分析，只要法国内的这个1/3缩尺试验模型能达到其再入模试验马赫数和雷诺数，这种自由飞行验证方法即可经济可可靠地获得大量设计数据。
法国,is_a,获得,DOC002,1073,根据建立在大量自由飞行试验和全尺寸飞行试验基础上的权威性经典文献的分析，只要法国内的这个1/3缩尺试验模型能达到其再入模试验马赫数和雷诺数，这种自由飞行验证方法即可经济可可靠地获得大量设计数据。
法国,is_a,数据,DOC002,1073,根据建立在大量自由飞行试验和全尺寸飞行试验基础上的权威性经典文献的分析，只要法国内的这个1/3缩尺试验模型能达到其再入模试验马赫数和雷诺数，这种自由飞行验证方法即可经济可可靠地获得大量设计数据。
试验,is_a,可靠,DOC002,1073,根据建立在大量自由飞行试验和全尺寸飞行试验基础上的权威性经典文献的分析，只要法国内的这个1/3缩尺试验模型能达到其再入模试验马赫数和雷诺数，这种自由飞行验证方法即可经济可可靠地获得大量设计数据。
试验,is_a,获得,DOC002,1073,根据建立在大量自由飞行试验和全尺寸飞行试验基础上的权威性经典文献的分析，只要法国内的这个1/3缩尺试验模型能达到其再入模试验马赫数和雷诺数，这种自由飞行验证方法即可经济可可靠地获得大量设计数据。
试验,is_a,数据,DOC002,1073,根据建立在大量自由飞行试验和全尺寸飞行试验基础上的权威性经典文献的分析，只要法国内的这个1/3缩尺试验模型能达到其再入模试验马赫数和雷诺数，这种自由飞行验证方法即可经济可可靠地获得大量设计数据。
再入,is_a,可靠,DOC002,1073,根据建立在大量自由飞行试验和全尺寸飞行试验基础上的权威性经典文献的分析，只要法国内的这个1/3缩尺试验模型能达到其再入模试验马赫数和雷诺数，这种自由飞行验证方法即可经济可可靠地获得大量设计数据。
再入,is_a,获得,DOC002,1073,根据建立在大量自由飞行试验和全尺寸飞行试验基础上的权威性经典文献的分析，只要法国内的这个1/3缩尺试验模型能达到其再入模试验马赫数和雷诺数，这种自由飞行验证方法即可经济可可靠地获得大量设计数据。
再入,is_a,数据,DOC002,1073,根据建立在大量自由飞行试验和全尺寸飞行试验基础上的权威性经典文献的分析，只要法国内的这个1/3缩尺试验模型能达到其再入模试验马赫数和雷诺数，这种自由飞行验证方法即可经济可可靠地获得大量设计数据。
马赫数,is_a,可靠,DOC002,1073,根据建立在大量自由飞行试验和全尺寸飞行试验基础上的权威性经典文献的分析，只要法国内的这个1/3缩尺试验模型能达到其再入模试验马赫数和雷诺数，这种自由飞行验证方法即可经济可可靠地获得大量设计数据。
马赫数,is_a,获得,DOC002,1073,根据建立在大量自由飞行试验和全尺寸飞行试验基础上的权威性经典文献的分析，只要法国内的这个1/3缩尺试验模型能达到其再入模试验马赫数和雷诺数，这种自由飞行验证方法即可经济可可靠地获得大量设计数据。
马赫数,is_a,数据,DOC002,1073,根据建立在大量自由飞行试验和全尺寸飞行试验基础上的权威性经典文献的分析，只要法国内的这个1/3缩尺试验模型能达到其再入模试验马赫数和雷诺数，这种自由飞行验证方法即可经济可可靠地获得大量设计数据。
雷诺数,is_a,可靠,DOC002,1073,根据建立在大量自由飞行试验和全尺寸飞行试验基础上的权威性经典文献的分析，只要法国内的这个1/3缩尺试验模型能达到其再入模试验马赫数和雷诺数，这种自由飞行验证方法即可经济可可靠地获得大量设计数据。
雷诺数,is_a,获得,DOC002,1073,根据建立在大量自由飞行试验和全尺寸飞行试验基础上的权威性经典文献的分析，只要法国内的这个1/3缩尺试验模型能达到其再入模试验马赫数和雷诺数，这种自由飞行验证方法即可经济可可靠地获得大量设计数据。
雷诺数,is_a,数据,DOC002,1073,根据建立在大量自由飞行试验和全尺寸飞行试验基础上的权威性经典文献的分析，只要法国内的这个1/3缩尺试验模型能达到其再入模试验马赫数和雷诺数，这种自由飞行验证方法即可经济可可靠地获得大量设计数据。
这种,is_a,可靠,DOC002,1073,根据建立在大量自由飞行试验和全尺寸飞行试验基础上的权威性经典文献的分析，只要法国内的这个1/3缩尺试验模型能达到其再入模试验马赫数和雷诺数，这种自由飞行验证方法即可经济可可靠地获得大量设计数据。
这种,is_a,获得,DOC002,1073,根据建立在大量自由飞行试验和全尺寸飞行试验基础上的权威性经典文献的分析，只要法国内的这个1/3缩尺试验模型能达到其再入模试验马赫数和雷诺数，这种自由飞行验证方法即可经济可可靠地获得大量设计数据。
这种,is_a,数据,DOC002,1073,根据建立在大量自由飞行试验和全尺寸飞行试验基础上的权威性经典文献的分析，只要法国内的这个1/3缩尺试验模型能达到其再入模试验马赫数和雷诺数，这种自由飞行验证方法即可经济可可靠地获得大量设计数据。
飞行,is_a,可靠,DOC002,1073,根据建立在大量自由飞行试验和全尺寸飞行试验基础上的权威性经典文献的分析，只要法国内的这个1/3缩尺试验模型能达到其再入模试验马赫数和雷诺数，这种自由飞行验证方法即可经济可可靠地获得大量设计数据。
飞行,is_a,获得,DOC002,1073,根据建立在大量自由飞行试验和全尺寸飞行试验基础上的权威性经典文献的分析，只要法国内的这个1/3缩尺试验模型能达到其再入模试验马赫数和雷诺数，这种自由飞行验证方法即可经济可可靠地获得大量设计数据。
飞行,is_a,数据,DOC002,1073,根据建立在大量自由飞行试验和全尺寸飞行试验基础上的权威性经典文献的分析，只要法国内的这个1/3缩尺试验模型能达到其再入模试验马赫数和雷诺数，这种自由飞行验证方法即可经济可可靠地获得大量设计数据。
验证,is_a,可靠,DOC002,1073,根据建立在大量自由飞行试验和全尺寸飞行试验基础上的权威性经典文献的分析，只要法国内的这个1/3缩尺试验模型能达到其再入模试验马赫数和雷诺数，这种自由飞行验证方法即可经济可可靠地获得大量设计数据。
验证,is_a,获得,DOC002,1073,根据建立在大量自由飞行试验和全尺寸飞行试验基础上的权威性经典文献的分析，只要法国内的这个1/3缩尺试验模型能达到其再入模试验马赫数和雷诺数，这种自由飞行验证方法即可经济可可靠地获得大量设计数据。
验证,is_a,数据,DOC002,1073,根据建立在大量自由飞行试验和全尺寸飞行试验基础上的权威性经典文献的分析，只要法国内的这个1/3缩尺试验模型能达到其再入模试验马赫数和雷诺数，这种自由飞行验证方法即可经济可可靠地获得大量设计数据。
否则,is_a,试验,DOC002,1113,否则，即使为美国全部试验设
教授,is_a,飞行,DOC002,1117,垂项数教授即回答道：“你们不知道他们正在了大量飞行试
航天飞机,has_component,气动特性,DOC002,1131,获取航天飞机从再入到进场/着陆整个飞行期间包括气动特性在内的飞行特性数据，以及用于人再航天飞机前部和机体下部因气动摩擦而造成的热流分布数据。
航天飞机,has_component,数据,DOC002,1131,获取航天飞机从再入到进场/着陆整个飞行期间包括气动特性在内的飞行特性数据，以及用于人再航天飞机前部和机体下部因气动摩擦而造成的热流分布数据。
航天飞机,has_component,气动,DOC002,1131,获取航天飞机从再入到进场/着陆整个飞行期间包括气动特性在内的飞行特性数据，以及用于人再航天飞机前部和机体下部因气动摩擦而造成的热流分布数据。
气动,part_of,航天飞机,DOC002,1138,（3）气动加热环境为高比热、低热流、长时间，热结构间题是航天飞机最为突出的特征，具有良好的TPS。
加热,part_of,航天飞机,DOC002,1138,（3）气动加热环境为高比热、低热流、长时间，热结构间题是航天飞机最为突出的特征，具有良好的TPS。
环境,part_of,航天飞机,DOC002,1138,（3）气动加热环境为高比热、低热流、长时间，热结构间题是航天飞机最为突出的特征，具有良好的TPS。
热流,part_of,航天飞机,DOC002,1138,（3）气动加热环境为高比热、低热流、长时间，热结构间题是航天飞机最为突出的特征，具有良好的TPS。
航天飞机,has_component,气动力,DOC002,1153,航天飞机的系统设计所涉及的内容比较多，主要包括总体技术指标、气动力/气动热、飞行轨道参数、动力系统、控制制、导航系统及电子设备配置、容积等。
航天飞机,has_component,气动热,DOC002,1153,航天飞机的系统设计所涉及的内容比较多，主要包括总体技术指标、气动力/气动热、飞行轨道参数、动力系统、控制制、导航系统及电子设备配置、容积等。
航天飞机,has_component,参数,DOC002,1153,航天飞机的系统设计所涉及的内容比较多，主要包括总体技术指标、气动力/气动热、飞行轨道参数、动力系统、控制制、导航系统及电子设备配置、容积等。
气动设计,part_of,飞行器,DOC002,1157,传统的气动设计任务是：提供气动数据，预测并确定该飞行器各部分的气动外形及其相对位置。
任务,part_of,飞行器,DOC002,1157,传统的气动设计任务是：提供气动数据，预测并确定该飞行器各部分的气动外形及其相对位置。
以美国航天飞机为例,has_component,机身,DOC002,1195,以美国航天飞机为例，可使得由风洞试验获得的机身棱翼偏角（δ配 = 7.5°）与飞行试验结果（δ = 16°）偏差高达 113%。
以美国航天飞机为例,has_component,7.5°,DOC002,1195,以美国航天飞机为例，可使得由风洞试验获得的机身棱翼偏角（δ配 = 7.5°）与飞行试验结果（δ = 16°）偏差高达 113%。
以美国航天飞机为例,has_component,16°,DOC002,1195,以美国航天飞机为例，可使得由风洞试验获得的机身棱翼偏角（δ配 = 7.5°）与飞行试验结果（δ = 16°）偏差高达 113%。
航天飞机,has_component,法向力系数,DOC002,1294,美国的航天飞机飞行试验表明：由于风洞试验时没有很好的地模型多体间的流场干扰和喷流影响，使得飞行试验结果与风洞试验值之间有很大的差别：法向力系数增加52%，俯仰力矩系数增加43%。
航天飞机,has_component,俯仰力矩系数,DOC002,1294,美国的航天飞机飞行试验表明：由于风洞试验时没有很好的地模型多体间的流场干扰和喷流影响，使得飞行试验结果与风洞试验值之间有很大的差别：法向力系数增加52%，俯仰力矩系数增加43%。
过程中,part_of,分离,DOC002,1297,"能,以及外贮箱抽拉过程中得气动力／气动热载荷都是分离阶段的"
气动力,part_of,分离,DOC002,1297,"能,以及外贮箱抽拉过程中得气动力／气动热载荷都是分离阶段的"
气动热,part_of,分离,DOC002,1297,"能,以及外贮箱抽拉过程中得气动力／气动热载荷都是分离阶段的"
载荷,part_of,分离,DOC002,1297,"能,以及外贮箱抽拉过程中得气动力／气动热载荷都是分离阶段的"
航天飞机,is_a,气动特性,DOC002,1351,由于航天飞机是无动力下滑，必须采用滑翔着陆技术，此时不仅下滑角度度很大且下滑速度也很大，因而要求很高的操纵技术，即宇航员完全借助于改变机体之气动特性来实现进场 / 着陆。
航天飞机,is_a,实现,DOC002,1351,由于航天飞机是无动力下滑，必须采用滑翔着陆技术，此时不仅下滑角度度很大且下滑速度也很大，因而要求很高的操纵技术，即宇航员完全借助于改变机体之气动特性来实现进场 / 着陆。
航天飞机,is_a,进场,DOC002,1351,由于航天飞机是无动力下滑，必须采用滑翔着陆技术，此时不仅下滑角度度很大且下滑速度也很大，因而要求很高的操纵技术，即宇航员完全借助于改变机体之气动特性来实现进场 / 着陆。
动力,is_a,气动特性,DOC002,1351,由于航天飞机是无动力下滑，必须采用滑翔着陆技术，此时不仅下滑角度度很大且下滑速度也很大，因而要求很高的操纵技术，即宇航员完全借助于改变机体之气动特性来实现进场 / 着陆。
动力,is_a,实现,DOC002,1351,由于航天飞机是无动力下滑，必须采用滑翔着陆技术，此时不仅下滑角度度很大且下滑速度也很大，因而要求很高的操纵技术，即宇航员完全借助于改变机体之气动特性来实现进场 / 着陆。
动力,is_a,进场,DOC002,1351,由于航天飞机是无动力下滑，必须采用滑翔着陆技术，此时不仅下滑角度度很大且下滑速度也很大，因而要求很高的操纵技术，即宇航员完全借助于改变机体之气动特性来实现进场 / 着陆。
滑翔,is_a,气动特性,DOC002,1351,由于航天飞机是无动力下滑，必须采用滑翔着陆技术，此时不仅下滑角度度很大且下滑速度也很大，因而要求很高的操纵技术，即宇航员完全借助于改变机体之气动特性来实现进场 / 着陆。
滑翔,is_a,实现,DOC002,1351,由于航天飞机是无动力下滑，必须采用滑翔着陆技术，此时不仅下滑角度度很大且下滑速度也很大，因而要求很高的操纵技术，即宇航员完全借助于改变机体之气动特性来实现进场 / 着陆。
滑翔,is_a,进场,DOC002,1351,由于航天飞机是无动力下滑，必须采用滑翔着陆技术，此时不仅下滑角度度很大且下滑速度也很大，因而要求很高的操纵技术，即宇航员完全借助于改变机体之气动特性来实现进场 / 着陆。
着陆,is_a,气动特性,DOC002,1351,由于航天飞机是无动力下滑，必须采用滑翔着陆技术，此时不仅下滑角度度很大且下滑速度也很大，因而要求很高的操纵技术，即宇航员完全借助于改变机体之气动特性来实现进场 / 着陆。
着陆,is_a,实现,DOC002,1351,由于航天飞机是无动力下滑，必须采用滑翔着陆技术，此时不仅下滑角度度很大且下滑速度也很大，因而要求很高的操纵技术，即宇航员完全借助于改变机体之气动特性来实现进场 / 着陆。
着陆,is_a,进场,DOC002,1351,由于航天飞机是无动力下滑，必须采用滑翔着陆技术，此时不仅下滑角度度很大且下滑速度也很大，因而要求很高的操纵技术，即宇航员完全借助于改变机体之气动特性来实现进场 / 着陆。
角度,is_a,气动特性,DOC002,1351,由于航天飞机是无动力下滑，必须采用滑翔着陆技术，此时不仅下滑角度度很大且下滑速度也很大，因而要求很高的操纵技术，即宇航员完全借助于改变机体之气动特性来实现进场 / 着陆。
角度,is_a,实现,DOC002,1351,由于航天飞机是无动力下滑，必须采用滑翔着陆技术，此时不仅下滑角度度很大且下滑速度也很大，因而要求很高的操纵技术，即宇航员完全借助于改变机体之气动特性来实现进场 / 着陆。
角度,is_a,进场,DOC002,1351,由于航天飞机是无动力下滑，必须采用滑翔着陆技术，此时不仅下滑角度度很大且下滑速度也很大，因而要求很高的操纵技术，即宇航员完全借助于改变机体之气动特性来实现进场 / 着陆。
速度,is_a,气动特性,DOC002,1351,由于航天飞机是无动力下滑，必须采用滑翔着陆技术，此时不仅下滑角度度很大且下滑速度也很大，因而要求很高的操纵技术，即宇航员完全借助于改变机体之气动特性来实现进场 / 着陆。
速度,is_a,实现,DOC002,1351,由于航天飞机是无动力下滑，必须采用滑翔着陆技术，此时不仅下滑角度度很大且下滑速度也很大，因而要求很高的操纵技术，即宇航员完全借助于改变机体之气动特性来实现进场 / 着陆。
速度,is_a,进场,DOC002,1351,由于航天飞机是无动力下滑，必须采用滑翔着陆技术，此时不仅下滑角度度很大且下滑速度也很大，因而要求很高的操纵技术，即宇航员完全借助于改变机体之气动特性来实现进场 / 着陆。
因而,is_a,气动特性,DOC002,1351,由于航天飞机是无动力下滑，必须采用滑翔着陆技术，此时不仅下滑角度度很大且下滑速度也很大，因而要求很高的操纵技术，即宇航员完全借助于改变机体之气动特性来实现进场 / 着陆。
因而,is_a,实现,DOC002,1351,由于航天飞机是无动力下滑，必须采用滑翔着陆技术，此时不仅下滑角度度很大且下滑速度也很大，因而要求很高的操纵技术，即宇航员完全借助于改变机体之气动特性来实现进场 / 着陆。
因而,is_a,进场,DOC002,1351,由于航天飞机是无动力下滑，必须采用滑翔着陆技术，此时不仅下滑角度度很大且下滑速度也很大，因而要求很高的操纵技术，即宇航员完全借助于改变机体之气动特性来实现进场 / 着陆。
要求,is_a,气动特性,DOC002,1351,由于航天飞机是无动力下滑，必须采用滑翔着陆技术，此时不仅下滑角度度很大且下滑速度也很大，因而要求很高的操纵技术，即宇航员完全借助于改变机体之气动特性来实现进场 / 着陆。
要求,is_a,实现,DOC002,1351,由于航天飞机是无动力下滑，必须采用滑翔着陆技术，此时不仅下滑角度度很大且下滑速度也很大，因而要求很高的操纵技术，即宇航员完全借助于改变机体之气动特性来实现进场 / 着陆。
要求,is_a,进场,DOC002,1351,由于航天飞机是无动力下滑，必须采用滑翔着陆技术，此时不仅下滑角度度很大且下滑速度也很大，因而要求很高的操纵技术，即宇航员完全借助于改变机体之气动特性来实现进场 / 着陆。
为了,is_a,外形,DOC002,1352,为了满足航天飞机的主要任务要求，必须首先考虑再次入飞行环境，即面其外形布局基本呈现一种模式——小展弧比三角（或双三角）翼，锥头粗机身，而且其进场/着陆前由于燃料导己耗尽，质心靠后（其变化范围可达20% 展长以上，而常规飞机通常只有百分之几），这就使得航天飞机以常规飞行那样的模式进场／着陆时遇到了较大困难。
为了,is_a,布局,DOC002,1352,为了满足航天飞机的主要任务要求，必须首先考虑再次入飞行环境，即面其外形布局基本呈现一种模式——小展弧比三角（或双三角）翼，锥头粗机身，而且其进场/着陆前由于燃料导己耗尽，质心靠后（其变化范围可达20% 展长以上，而常规飞机通常只有百分之几），这就使得航天飞机以常规飞行那样的模式进场／着陆时遇到了较大困难。
为了,is_a,机身,DOC002,1352,为了满足航天飞机的主要任务要求，必须首先考虑再次入飞行环境，即面其外形布局基本呈现一种模式——小展弧比三角（或双三角）翼，锥头粗机身，而且其进场/着陆前由于燃料导己耗尽，质心靠后（其变化范围可达20% 展长以上，而常规飞机通常只有百分之几），这就使得航天飞机以常规飞行那样的模式进场／着陆时遇到了较大困难。
为了,is_a,而且,DOC002,1352,为了满足航天飞机的主要任务要求，必须首先考虑再次入飞行环境，即面其外形布局基本呈现一种模式——小展弧比三角（或双三角）翼，锥头粗机身，而且其进场/着陆前由于燃料导己耗尽，质心靠后（其变化范围可达20% 展长以上，而常规飞机通常只有百分之几），这就使得航天飞机以常规飞行那样的模式进场／着陆时遇到了较大困难。
为了,is_a,进场,DOC002,1352,为了满足航天飞机的主要任务要求，必须首先考虑再次入飞行环境，即面其外形布局基本呈现一种模式——小展弧比三角（或双三角）翼，锥头粗机身，而且其进场/着陆前由于燃料导己耗尽，质心靠后（其变化范围可达20% 展长以上，而常规飞机通常只有百分之几），这就使得航天飞机以常规飞行那样的模式进场／着陆时遇到了较大困难。
为了,is_a,着陆,DOC002,1352,为了满足航天飞机的主要任务要求，必须首先考虑再次入飞行环境，即面其外形布局基本呈现一种模式——小展弧比三角（或双三角）翼，锥头粗机身，而且其进场/着陆前由于燃料导己耗尽，质心靠后（其变化范围可达20% 展长以上，而常规飞机通常只有百分之几），这就使得航天飞机以常规飞行那样的模式进场／着陆时遇到了较大困难。
航天飞机,is_a,外形,DOC002,1352,为了满足航天飞机的主要任务要求，必须首先考虑再次入飞行环境，即面其外形布局基本呈现一种模式——小展弧比三角（或双三角）翼，锥头粗机身，而且其进场/着陆前由于燃料导己耗尽，质心靠后（其变化范围可达20% 展长以上，而常规飞机通常只有百分之几），这就使得航天飞机以常规飞行那样的模式进场／着陆时遇到了较大困难。
航天飞机,is_a,布局,DOC002,1352,为了满足航天飞机的主要任务要求，必须首先考虑再次入飞行环境，即面其外形布局基本呈现一种模式——小展弧比三角（或双三角）翼，锥头粗机身，而且其进场/着陆前由于燃料导己耗尽，质心靠后（其变化范围可达20% 展长以上，而常规飞机通常只有百分之几），这就使得航天飞机以常规飞行那样的模式进场／着陆时遇到了较大困难。
航天飞机,is_a,机身,DOC002,1352,为了满足航天飞机的主要任务要求，必须首先考虑再次入飞行环境，即面其外形布局基本呈现一种模式——小展弧比三角（或双三角）翼，锥头粗机身，而且其进场/着陆前由于燃料导己耗尽，质心靠后（其变化范围可达20% 展长以上，而常规飞机通常只有百分之几），这就使得航天飞机以常规飞行那样的模式进场／着陆时遇到了较大困难。
航天飞机,is_a,而且,DOC002,1352,为了满足航天飞机的主要任务要求，必须首先考虑再次入飞行环境，即面其外形布局基本呈现一种模式——小展弧比三角（或双三角）翼，锥头粗机身，而且其进场/着陆前由于燃料导己耗尽，质心靠后（其变化范围可达20% 展长以上，而常规飞机通常只有百分之几），这就使得航天飞机以常规飞行那样的模式进场／着陆时遇到了较大困难。
航天飞机,is_a,进场,DOC002,1352,为了满足航天飞机的主要任务要求，必须首先考虑再次入飞行环境，即面其外形布局基本呈现一种模式——小展弧比三角（或双三角）翼，锥头粗机身，而且其进场/着陆前由于燃料导己耗尽，质心靠后（其变化范围可达20% 展长以上，而常规飞机通常只有百分之几），这就使得航天飞机以常规飞行那样的模式进场／着陆时遇到了较大困难。
航天飞机,is_a,着陆,DOC002,1352,为了满足航天飞机的主要任务要求，必须首先考虑再次入飞行环境，即面其外形布局基本呈现一种模式——小展弧比三角（或双三角）翼，锥头粗机身，而且其进场/着陆前由于燃料导己耗尽，质心靠后（其变化范围可达20% 展长以上，而常规飞机通常只有百分之几），这就使得航天飞机以常规飞行那样的模式进场／着陆时遇到了较大困难。
航天飞机,is_a,质心,DOC002,1352,为了满足航天飞机的主要任务要求，必须首先考虑再次入飞行环境，即面其外形布局基本呈现一种模式——小展弧比三角（或双三角）翼，锥头粗机身，而且其进场/着陆前由于燃料导己耗尽，质心靠后（其变化范围可达20% 展长以上，而常规飞机通常只有百分之几），这就使得航天飞机以常规飞行那样的模式进场／着陆时遇到了较大困难。
主要任务,is_a,外形,DOC002,1352,为了满足航天飞机的主要任务要求，必须首先考虑再次入飞行环境，即面其外形布局基本呈现一种模式——小展弧比三角（或双三角）翼，锥头粗机身，而且其进场/着陆前由于燃料导己耗尽，质心靠后（其变化范围可达20% 展长以上，而常规飞机通常只有百分之几），这就使得航天飞机以常规飞行那样的模式进场／着陆时遇到了较大困难。
主要任务,is_a,布局,DOC002,1352,为了满足航天飞机的主要任务要求，必须首先考虑再次入飞行环境，即面其外形布局基本呈现一种模式——小展弧比三角（或双三角）翼，锥头粗机身，而且其进场/着陆前由于燃料导己耗尽，质心靠后（其变化范围可达20% 展长以上，而常规飞机通常只有百分之几），这就使得航天飞机以常规飞行那样的模式进场／着陆时遇到了较大困难。
主要任务,is_a,机身,DOC002,1352,为了满足航天飞机的主要任务要求，必须首先考虑再次入飞行环境，即面其外形布局基本呈现一种模式——小展弧比三角（或双三角）翼，锥头粗机身，而且其进场/着陆前由于燃料导己耗尽，质心靠后（其变化范围可达20% 展长以上，而常规飞机通常只有百分之几），这就使得航天飞机以常规飞行那样的模式进场／着陆时遇到了较大困难。
主要任务,is_a,而且,DOC002,1352,为了满足航天飞机的主要任务要求，必须首先考虑再次入飞行环境，即面其外形布局基本呈现一种模式——小展弧比三角（或双三角）翼，锥头粗机身，而且其进场/着陆前由于燃料导己耗尽，质心靠后（其变化范围可达20% 展长以上，而常规飞机通常只有百分之几），这就使得航天飞机以常规飞行那样的模式进场／着陆时遇到了较大困难。
主要任务,is_a,进场,DOC002,1352,为了满足航天飞机的主要任务要求，必须首先考虑再次入飞行环境，即面其外形布局基本呈现一种模式——小展弧比三角（或双三角）翼，锥头粗机身，而且其进场/着陆前由于燃料导己耗尽，质心靠后（其变化范围可达20% 展长以上，而常规飞机通常只有百分之几），这就使得航天飞机以常规飞行那样的模式进场／着陆时遇到了较大困难。
主要任务,is_a,着陆,DOC002,1352,为了满足航天飞机的主要任务要求，必须首先考虑再次入飞行环境，即面其外形布局基本呈现一种模式——小展弧比三角（或双三角）翼，锥头粗机身，而且其进场/着陆前由于燃料导己耗尽，质心靠后（其变化范围可达20% 展长以上，而常规飞机通常只有百分之几），这就使得航天飞机以常规飞行那样的模式进场／着陆时遇到了较大困难。
主要任务,is_a,质心,DOC002,1352,为了满足航天飞机的主要任务要求，必须首先考虑再次入飞行环境，即面其外形布局基本呈现一种模式——小展弧比三角（或双三角）翼，锥头粗机身，而且其进场/着陆前由于燃料导己耗尽，质心靠后（其变化范围可达20% 展长以上，而常规飞机通常只有百分之几），这就使得航天飞机以常规飞行那样的模式进场／着陆时遇到了较大困难。
主要任务,is_a,变化,DOC002,1352,为了满足航天飞机的主要任务要求，必须首先考虑再次入飞行环境，即面其外形布局基本呈现一种模式——小展弧比三角（或双三角）翼，锥头粗机身，而且其进场/着陆前由于燃料导己耗尽，质心靠后（其变化范围可达20% 展长以上，而常规飞机通常只有百分之几），这就使得航天飞机以常规飞行那样的模式进场／着陆时遇到了较大困难。
主要任务,is_a,范围,DOC002,1352,为了满足航天飞机的主要任务要求，必须首先考虑再次入飞行环境，即面其外形布局基本呈现一种模式——小展弧比三角（或双三角）翼，锥头粗机身，而且其进场/着陆前由于燃料导己耗尽，质心靠后（其变化范围可达20% 展长以上，而常规飞机通常只有百分之几），这就使得航天飞机以常规飞行那样的模式进场／着陆时遇到了较大困难。
要求,is_a,外形,DOC002,1352,为了满足航天飞机的主要任务要求，必须首先考虑再次入飞行环境，即面其外形布局基本呈现一种模式——小展弧比三角（或双三角）翼，锥头粗机身，而且其进场/着陆前由于燃料导己耗尽，质心靠后（其变化范围可达20% 展长以上，而常规飞机通常只有百分之几），这就使得航天飞机以常规飞行那样的模式进场／着陆时遇到了较大困难。
要求,is_a,布局,DOC002,1352,为了满足航天飞机的主要任务要求，必须首先考虑再次入飞行环境，即面其外形布局基本呈现一种模式——小展弧比三角（或双三角）翼，锥头粗机身，而且其进场/着陆前由于燃料导己耗尽，质心靠后（其变化范围可达20% 展长以上，而常规飞机通常只有百分之几），这就使得航天飞机以常规飞行那样的模式进场／着陆时遇到了较大困难。
要求,is_a,机身,DOC002,1352,为了满足航天飞机的主要任务要求，必须首先考虑再次入飞行环境，即面其外形布局基本呈现一种模式——小展弧比三角（或双三角）翼，锥头粗机身，而且其进场/着陆前由于燃料导己耗尽，质心靠后（其变化范围可达20% 展长以上，而常规飞机通常只有百分之几），这就使得航天飞机以常规飞行那样的模式进场／着陆时遇到了较大困难。
要求,is_a,而且,DOC002,1352,为了满足航天飞机的主要任务要求，必须首先考虑再次入飞行环境，即面其外形布局基本呈现一种模式——小展弧比三角（或双三角）翼，锥头粗机身，而且其进场/着陆前由于燃料导己耗尽，质心靠后（其变化范围可达20% 展长以上，而常规飞机通常只有百分之几），这就使得航天飞机以常规飞行那样的模式进场／着陆时遇到了较大困难。
要求,is_a,进场,DOC002,1352,为了满足航天飞机的主要任务要求，必须首先考虑再次入飞行环境，即面其外形布局基本呈现一种模式——小展弧比三角（或双三角）翼，锥头粗机身，而且其进场/着陆前由于燃料导己耗尽，质心靠后（其变化范围可达20% 展长以上，而常规飞机通常只有百分之几），这就使得航天飞机以常规飞行那样的模式进场／着陆时遇到了较大困难。
要求,is_a,着陆,DOC002,1352,为了满足航天飞机的主要任务要求，必须首先考虑再次入飞行环境，即面其外形布局基本呈现一种模式——小展弧比三角（或双三角）翼，锥头粗机身，而且其进场/着陆前由于燃料导己耗尽，质心靠后（其变化范围可达20% 展长以上，而常规飞机通常只有百分之几），这就使得航天飞机以常规飞行那样的模式进场／着陆时遇到了较大困难。
要求,is_a,质心,DOC002,1352,为了满足航天飞机的主要任务要求，必须首先考虑再次入飞行环境，即面其外形布局基本呈现一种模式——小展弧比三角（或双三角）翼，锥头粗机身，而且其进场/着陆前由于燃料导己耗尽，质心靠后（其变化范围可达20% 展长以上，而常规飞机通常只有百分之几），这就使得航天飞机以常规飞行那样的模式进场／着陆时遇到了较大困难。
要求,is_a,变化,DOC002,1352,为了满足航天飞机的主要任务要求，必须首先考虑再次入飞行环境，即面其外形布局基本呈现一种模式——小展弧比三角（或双三角）翼，锥头粗机身，而且其进场/着陆前由于燃料导己耗尽，质心靠后（其变化范围可达20% 展长以上，而常规飞机通常只有百分之几），这就使得航天飞机以常规飞行那样的模式进场／着陆时遇到了较大困难。
要求,is_a,范围,DOC002,1352,为了满足航天飞机的主要任务要求，必须首先考虑再次入飞行环境，即面其外形布局基本呈现一种模式——小展弧比三角（或双三角）翼，锥头粗机身，而且其进场/着陆前由于燃料导己耗尽，质心靠后（其变化范围可达20% 展长以上，而常规飞机通常只有百分之几），这就使得航天飞机以常规飞行那样的模式进场／着陆时遇到了较大困难。
首先,is_a,外形,DOC002,1352,为了满足航天飞机的主要任务要求，必须首先考虑再次入飞行环境，即面其外形布局基本呈现一种模式——小展弧比三角（或双三角）翼，锥头粗机身，而且其进场/着陆前由于燃料导己耗尽，质心靠后（其变化范围可达20% 展长以上，而常规飞机通常只有百分之几），这就使得航天飞机以常规飞行那样的模式进场／着陆时遇到了较大困难。
首先,is_a,布局,DOC002,1352,为了满足航天飞机的主要任务要求，必须首先考虑再次入飞行环境，即面其外形布局基本呈现一种模式——小展弧比三角（或双三角）翼，锥头粗机身，而且其进场/着陆前由于燃料导己耗尽，质心靠后（其变化范围可达20% 展长以上，而常规飞机通常只有百分之几），这就使得航天飞机以常规飞行那样的模式进场／着陆时遇到了较大困难。
首先,is_a,机身,DOC002,1352,为了满足航天飞机的主要任务要求，必须首先考虑再次入飞行环境，即面其外形布局基本呈现一种模式——小展弧比三角（或双三角）翼，锥头粗机身，而且其进场/着陆前由于燃料导己耗尽，质心靠后（其变化范围可达20% 展长以上，而常规飞机通常只有百分之几），这就使得航天飞机以常规飞行那样的模式进场／着陆时遇到了较大困难。
首先,is_a,而且,DOC002,1352,为了满足航天飞机的主要任务要求，必须首先考虑再次入飞行环境，即面其外形布局基本呈现一种模式——小展弧比三角（或双三角）翼，锥头粗机身，而且其进场/着陆前由于燃料导己耗尽，质心靠后（其变化范围可达20% 展长以上，而常规飞机通常只有百分之几），这就使得航天飞机以常规飞行那样的模式进场／着陆时遇到了较大困难。
首先,is_a,进场,DOC002,1352,为了满足航天飞机的主要任务要求，必须首先考虑再次入飞行环境，即面其外形布局基本呈现一种模式——小展弧比三角（或双三角）翼，锥头粗机身，而且其进场/着陆前由于燃料导己耗尽，质心靠后（其变化范围可达20% 展长以上，而常规飞机通常只有百分之几），这就使得航天飞机以常规飞行那样的模式进场／着陆时遇到了较大困难。
首先,is_a,着陆,DOC002,1352,为了满足航天飞机的主要任务要求，必须首先考虑再次入飞行环境，即面其外形布局基本呈现一种模式——小展弧比三角（或双三角）翼，锥头粗机身，而且其进场/着陆前由于燃料导己耗尽，质心靠后（其变化范围可达20% 展长以上，而常规飞机通常只有百分之几），这就使得航天飞机以常规飞行那样的模式进场／着陆时遇到了较大困难。
首先,is_a,质心,DOC002,1352,为了满足航天飞机的主要任务要求，必须首先考虑再次入飞行环境，即面其外形布局基本呈现一种模式——小展弧比三角（或双三角）翼，锥头粗机身，而且其进场/着陆前由于燃料导己耗尽，质心靠后（其变化范围可达20% 展长以上，而常规飞机通常只有百分之几），这就使得航天飞机以常规飞行那样的模式进场／着陆时遇到了较大困难。
首先,is_a,变化,DOC002,1352,为了满足航天飞机的主要任务要求，必须首先考虑再次入飞行环境，即面其外形布局基本呈现一种模式——小展弧比三角（或双三角）翼，锥头粗机身，而且其进场/着陆前由于燃料导己耗尽，质心靠后（其变化范围可达20% 展长以上，而常规飞机通常只有百分之几），这就使得航天飞机以常规飞行那样的模式进场／着陆时遇到了较大困难。
首先,is_a,范围,DOC002,1352,为了满足航天飞机的主要任务要求，必须首先考虑再次入飞行环境，即面其外形布局基本呈现一种模式——小展弧比三角（或双三角）翼，锥头粗机身，而且其进场/着陆前由于燃料导己耗尽，质心靠后（其变化范围可达20% 展长以上，而常规飞机通常只有百分之几），这就使得航天飞机以常规飞行那样的模式进场／着陆时遇到了较大困难。
飞行,is_a,外形,DOC002,1352,为了满足航天飞机的主要任务要求，必须首先考虑再次入飞行环境，即面其外形布局基本呈现一种模式——小展弧比三角（或双三角）翼，锥头粗机身，而且其进场/着陆前由于燃料导己耗尽，质心靠后（其变化范围可达20% 展长以上，而常规飞机通常只有百分之几），这就使得航天飞机以常规飞行那样的模式进场／着陆时遇到了较大困难。
飞行,is_a,布局,DOC002,1352,为了满足航天飞机的主要任务要求，必须首先考虑再次入飞行环境，即面其外形布局基本呈现一种模式——小展弧比三角（或双三角）翼，锥头粗机身，而且其进场/着陆前由于燃料导己耗尽，质心靠后（其变化范围可达20% 展长以上，而常规飞机通常只有百分之几），这就使得航天飞机以常规飞行那样的模式进场／着陆时遇到了较大困难。
飞行,is_a,机身,DOC002,1352,为了满足航天飞机的主要任务要求，必须首先考虑再次入飞行环境，即面其外形布局基本呈现一种模式——小展弧比三角（或双三角）翼，锥头粗机身，而且其进场/着陆前由于燃料导己耗尽，质心靠后（其变化范围可达20% 展长以上，而常规飞机通常只有百分之几），这就使得航天飞机以常规飞行那样的模式进场／着陆时遇到了较大困难。
飞行,is_a,而且,DOC002,1352,为了满足航天飞机的主要任务要求，必须首先考虑再次入飞行环境，即面其外形布局基本呈现一种模式——小展弧比三角（或双三角）翼，锥头粗机身，而且其进场/着陆前由于燃料导己耗尽，质心靠后（其变化范围可达20% 展长以上，而常规飞机通常只有百分之几），这就使得航天飞机以常规飞行那样的模式进场／着陆时遇到了较大困难。
飞行,is_a,进场,DOC002,1352,为了满足航天飞机的主要任务要求，必须首先考虑再次入飞行环境，即面其外形布局基本呈现一种模式——小展弧比三角（或双三角）翼，锥头粗机身，而且其进场/着陆前由于燃料导己耗尽，质心靠后（其变化范围可达20% 展长以上，而常规飞机通常只有百分之几），这就使得航天飞机以常规飞行那样的模式进场／着陆时遇到了较大困难。
飞行,is_a,着陆,DOC002,1352,为了满足航天飞机的主要任务要求，必须首先考虑再次入飞行环境，即面其外形布局基本呈现一种模式——小展弧比三角（或双三角）翼，锥头粗机身，而且其进场/着陆前由于燃料导己耗尽，质心靠后（其变化范围可达20% 展长以上，而常规飞机通常只有百分之几），这就使得航天飞机以常规飞行那样的模式进场／着陆时遇到了较大困难。
飞行,is_a,质心,DOC002,1352,为了满足航天飞机的主要任务要求，必须首先考虑再次入飞行环境，即面其外形布局基本呈现一种模式——小展弧比三角（或双三角）翼，锥头粗机身，而且其进场/着陆前由于燃料导己耗尽，质心靠后（其变化范围可达20% 展长以上，而常规飞机通常只有百分之几），这就使得航天飞机以常规飞行那样的模式进场／着陆时遇到了较大困难。
飞行,is_a,变化,DOC002,1352,为了满足航天飞机的主要任务要求，必须首先考虑再次入飞行环境，即面其外形布局基本呈现一种模式——小展弧比三角（或双三角）翼，锥头粗机身，而且其进场/着陆前由于燃料导己耗尽，质心靠后（其变化范围可达20% 展长以上，而常规飞机通常只有百分之几），这就使得航天飞机以常规飞行那样的模式进场／着陆时遇到了较大困难。
飞行,is_a,范围,DOC002,1352,为了满足航天飞机的主要任务要求，必须首先考虑再次入飞行环境，即面其外形布局基本呈现一种模式——小展弧比三角（或双三角）翼，锥头粗机身，而且其进场/着陆前由于燃料导己耗尽，质心靠后（其变化范围可达20% 展长以上，而常规飞机通常只有百分之几），这就使得航天飞机以常规飞行那样的模式进场／着陆时遇到了较大困难。
飞行,is_a,展长,DOC002,1352,为了满足航天飞机的主要任务要求，必须首先考虑再次入飞行环境，即面其外形布局基本呈现一种模式——小展弧比三角（或双三角）翼，锥头粗机身，而且其进场/着陆前由于燃料导己耗尽，质心靠后（其变化范围可达20% 展长以上，而常规飞机通常只有百分之几），这就使得航天飞机以常规飞行那样的模式进场／着陆时遇到了较大困难。
飞行,is_a,以上,DOC002,1352,为了满足航天飞机的主要任务要求，必须首先考虑再次入飞行环境，即面其外形布局基本呈现一种模式——小展弧比三角（或双三角）翼，锥头粗机身，而且其进场/着陆前由于燃料导己耗尽，质心靠后（其变化范围可达20% 展长以上，而常规飞机通常只有百分之几），这就使得航天飞机以常规飞行那样的模式进场／着陆时遇到了较大困难。
环境,is_a,外形,DOC002,1352,为了满足航天飞机的主要任务要求，必须首先考虑再次入飞行环境，即面其外形布局基本呈现一种模式——小展弧比三角（或双三角）翼，锥头粗机身，而且其进场/着陆前由于燃料导己耗尽，质心靠后（其变化范围可达20% 展长以上，而常规飞机通常只有百分之几），这就使得航天飞机以常规飞行那样的模式进场／着陆时遇到了较大困难。
环境,is_a,布局,DOC002,1352,为了满足航天飞机的主要任务要求，必须首先考虑再次入飞行环境，即面其外形布局基本呈现一种模式——小展弧比三角（或双三角）翼，锥头粗机身，而且其进场/着陆前由于燃料导己耗尽，质心靠后（其变化范围可达20% 展长以上，而常规飞机通常只有百分之几），这就使得航天飞机以常规飞行那样的模式进场／着陆时遇到了较大困难。
环境,is_a,机身,DOC002,1352,为了满足航天飞机的主要任务要求，必须首先考虑再次入飞行环境，即面其外形布局基本呈现一种模式——小展弧比三角（或双三角）翼，锥头粗机身，而且其进场/着陆前由于燃料导己耗尽，质心靠后（其变化范围可达20% 展长以上，而常规飞机通常只有百分之几），这就使得航天飞机以常规飞行那样的模式进场／着陆时遇到了较大困难。
环境,is_a,而且,DOC002,1352,为了满足航天飞机的主要任务要求，必须首先考虑再次入飞行环境，即面其外形布局基本呈现一种模式——小展弧比三角（或双三角）翼，锥头粗机身，而且其进场/着陆前由于燃料导己耗尽，质心靠后（其变化范围可达20% 展长以上，而常规飞机通常只有百分之几），这就使得航天飞机以常规飞行那样的模式进场／着陆时遇到了较大困难。
环境,is_a,进场,DOC002,1352,为了满足航天飞机的主要任务要求，必须首先考虑再次入飞行环境，即面其外形布局基本呈现一种模式——小展弧比三角（或双三角）翼，锥头粗机身，而且其进场/着陆前由于燃料导己耗尽，质心靠后（其变化范围可达20% 展长以上，而常规飞机通常只有百分之几），这就使得航天飞机以常规飞行那样的模式进场／着陆时遇到了较大困难。
环境,is_a,着陆,DOC002,1352,为了满足航天飞机的主要任务要求，必须首先考虑再次入飞行环境，即面其外形布局基本呈现一种模式——小展弧比三角（或双三角）翼，锥头粗机身，而且其进场/着陆前由于燃料导己耗尽，质心靠后（其变化范围可达20% 展长以上，而常规飞机通常只有百分之几），这就使得航天飞机以常规飞行那样的模式进场／着陆时遇到了较大困难。
环境,is_a,质心,DOC002,1352,为了满足航天飞机的主要任务要求，必须首先考虑再次入飞行环境，即面其外形布局基本呈现一种模式——小展弧比三角（或双三角）翼，锥头粗机身，而且其进场/着陆前由于燃料导己耗尽，质心靠后（其变化范围可达20% 展长以上，而常规飞机通常只有百分之几），这就使得航天飞机以常规飞行那样的模式进场／着陆时遇到了较大困难。
环境,is_a,变化,DOC002,1352,为了满足航天飞机的主要任务要求，必须首先考虑再次入飞行环境，即面其外形布局基本呈现一种模式——小展弧比三角（或双三角）翼，锥头粗机身，而且其进场/着陆前由于燃料导己耗尽，质心靠后（其变化范围可达20% 展长以上，而常规飞机通常只有百分之几），这就使得航天飞机以常规飞行那样的模式进场／着陆时遇到了较大困难。
环境,is_a,范围,DOC002,1352,为了满足航天飞机的主要任务要求，必须首先考虑再次入飞行环境，即面其外形布局基本呈现一种模式——小展弧比三角（或双三角）翼，锥头粗机身，而且其进场/着陆前由于燃料导己耗尽，质心靠后（其变化范围可达20% 展长以上，而常规飞机通常只有百分之几），这就使得航天飞机以常规飞行那样的模式进场／着陆时遇到了较大困难。
环境,is_a,展长,DOC002,1352,为了满足航天飞机的主要任务要求，必须首先考虑再次入飞行环境，即面其外形布局基本呈现一种模式——小展弧比三角（或双三角）翼，锥头粗机身，而且其进场/着陆前由于燃料导己耗尽，质心靠后（其变化范围可达20% 展长以上，而常规飞机通常只有百分之几），这就使得航天飞机以常规飞行那样的模式进场／着陆时遇到了较大困难。
环境,is_a,以上,DOC002,1352,为了满足航天飞机的主要任务要求，必须首先考虑再次入飞行环境，即面其外形布局基本呈现一种模式——小展弧比三角（或双三角）翼，锥头粗机身，而且其进场/着陆前由于燃料导己耗尽，质心靠后（其变化范围可达20% 展长以上，而常规飞机通常只有百分之几），这就使得航天飞机以常规飞行那样的模式进场／着陆时遇到了较大困难。
环境,is_a,飞机,DOC002,1352,为了满足航天飞机的主要任务要求，必须首先考虑再次入飞行环境，即面其外形布局基本呈现一种模式——小展弧比三角（或双三角）翼，锥头粗机身，而且其进场/着陆前由于燃料导己耗尽，质心靠后（其变化范围可达20% 展长以上，而常规飞机通常只有百分之几），这就使得航天飞机以常规飞行那样的模式进场／着陆时遇到了较大困难。
机身,has_component,变化,DOC002,1352,为了满足航天飞机的主要任务要求，必须首先考虑再次入飞行环境，即面其外形布局基本呈现一种模式——小展弧比三角（或双三角）翼，锥头粗机身，而且其进场/着陆前由于燃料导己耗尽，质心靠后（其变化范围可达20% 展长以上，而常规飞机通常只有百分之几），这就使得航天飞机以常规飞行那样的模式进场／着陆时遇到了较大困难。
机身,has_component,展长,DOC002,1352,为了满足航天飞机的主要任务要求，必须首先考虑再次入飞行环境，即面其外形布局基本呈现一种模式——小展弧比三角（或双三角）翼，锥头粗机身，而且其进场/着陆前由于燃料导己耗尽，质心靠后（其变化范围可达20% 展长以上，而常规飞机通常只有百分之几），这就使得航天飞机以常规飞行那样的模式进场／着陆时遇到了较大困难。
机身,has_component,飞机,DOC002,1352,为了满足航天飞机的主要任务要求，必须首先考虑再次入飞行环境，即面其外形布局基本呈现一种模式——小展弧比三角（或双三角）翼，锥头粗机身，而且其进场/着陆前由于燃料导己耗尽，质心靠后（其变化范围可达20% 展长以上，而常规飞机通常只有百分之几），这就使得航天飞机以常规飞行那样的模式进场／着陆时遇到了较大困难。
变化,affects,尺寸,DOC002,1353,由于进场/着陆时飞机姿态变化较大，影响因素较多，场比较复杂，要获得足以说明全尺寸航天飞机进场／着陆特性的数据，必须对整个进场／着陆过程进行综合模拟。
变化,affects,数据,DOC002,1353,由于进场/着陆时飞机姿态变化较大，影响因素较多，场比较复杂，要获得足以说明全尺寸航天飞机进场／着陆特性的数据，必须对整个进场／着陆过程进行综合模拟。
航天飞机,has_component,参数,DOC002,1369,虽然进行风洞试验的航天飞机模型之大小只有真实尺寸的1/61，但由于风洞试验技术的限制，不可能对减缩频率K这个相似参数进行模比如模拟。
俯仰,part_of,航天飞机,DOC002,1370,就是说俯仰运动为例，K_M要比K_F大23倍，也就是说进行风洞试验时模型的俯仰振荡角速度ω_M是航天飞机飞
运动,part_of,航天飞机,DOC002,1370,就是说俯仰运动为例，K_M要比K_F大23倍，也就是说进行风洞试验时模型的俯仰振荡角速度ω_M是航天飞机飞
为例,part_of,航天飞机,DOC002,1370,就是说俯仰运动为例，K_M要比K_F大23倍，也就是说进行风洞试验时模型的俯仰振荡角速度ω_M是航天飞机飞
也就是说,part_of,航天飞机,DOC002,1370,就是说俯仰运动为例，K_M要比K_F大23倍，也就是说进行风洞试验时模型的俯仰振荡角速度ω_M是航天飞机飞
风洞,part_of,航天飞机,DOC002,1370,就是说俯仰运动为例，K_M要比K_F大23倍，也就是说进行风洞试验时模型的俯仰振荡角速度ω_M是航天飞机飞
试验,part_of,航天飞机,DOC002,1370,就是说俯仰运动为例，K_M要比K_F大23倍，也就是说进行风洞试验时模型的俯仰振荡角速度ω_M是航天飞机飞
角速度,part_of,航天飞机,DOC002,1370,就是说俯仰运动为例，K_M要比K_F大23倍，也就是说进行风洞试验时模型的俯仰振荡角速度ω_M是航天飞机飞
航天飞机,has_component,数据,DOC002,1386,它是利用以前已进行过的，其外形与航天飞机相仿的飞机，由风洞试验数据和飞行结果之间的比较确定的。
飞机,has_component,数据,DOC002,1386,它是利用以前已进行过的，其外形与航天飞机相仿的飞机，由风洞试验数据和飞行结果之间的比较确定的。
分离,has_component,气动,DOC002,1400,在大攻角再入时， 背风面产生了由分离、再附和旋涡组成的复杂流场，此处的气动加热率虽不如迎风面严重（其流湍约为半径0.305m半球壁点热流的1%，但由于背风面的座舱盖之加热却相当50
机翼,has_component,气动,DOC002,1402,在机翼—机身连接处所产生的涡链特性，风洞试验条件和真实飞行情况有很大的差异，由于飞行试验所洲出的侧表面温度和侧表面气动加热率等均高于风洞试验结果：
机身,has_component,气动,DOC002,1402,在机翼—机身连接处所产生的涡链特性，风洞试验条件和真实飞行情况有很大的差异，由于飞行试验所洲出的侧表面温度和侧表面气动加热率等均高于风洞试验结果：
特性,part_of,飞行器,DOC002,1435,边界层转换特性的确定一直是各种再入飞行器的一个具有挑战性的难题，影响因素特别多：除了雷诺数和马赫数以外，表面粗糙度、烧蚀状态、纹角、来流扰动（包括压力脉动和温度脉动）、压力梯度、壁温与自由流温度比和激波晕动抗扰都都是影响边界层转换的主要原因；
确定,part_of,飞行器,DOC002,1435,边界层转换特性的确定一直是各种再入飞行器的一个具有挑战性的难题，影响因素特别多：除了雷诺数和马赫数以外，表面粗糙度、烧蚀状态、纹角、来流扰动（包括压力脉动和温度脉动）、压力梯度、壁温与自由流温度比和激波晕动抗扰都都是影响边界层转换的主要原因；
机翼,part_of,机身,DOC002,1449,机翼迎风面最大热流发生在 45%～55%的半翼 展附近，这是机翼/机身激波干扰的结果，其热流值比无干扰情况 提高 2.5倍；
迎风面,part_of,机身,DOC002,1449,机翼迎风面最大热流发生在 45%～55%的半翼 展附近，这是机翼/机身激波干扰的结果，其热流值比无干扰情况 提高 2.5倍；
最大热流,part_of,机身,DOC002,1449,机翼迎风面最大热流发生在 45%～55%的半翼 展附近，这是机翼/机身激波干扰的结果，其热流值比无干扰情况 提高 2.5倍；
附近,part_of,机身,DOC002,1449,机翼迎风面最大热流发生在 45%～55%的半翼 展附近，这是机翼/机身激波干扰的结果，其热流值比无干扰情况 提高 2.5倍；
攻角,part_of,分离,DOC002,1450,攻角 α=40°，副翼偏转 20°时，副翼上的最大热流超 过了迎风面机身中心线上 x/L₀=0.05处的热流值，这是因为副翼偏 转时引起的流动分离和再附使得副翼上产生高热流所致；
40°,part_of,分离,DOC002,1450,攻角 α=40°，副翼偏转 20°时，副翼上的最大热流超 过了迎风面机身中心线上 x/L₀=0.05处的热流值，这是因为副翼偏 转时引起的流动分离和再附使得副翼上产生高热流所致；
副翼,part_of,分离,DOC002,1450,攻角 α=40°，副翼偏转 20°时，副翼上的最大热流超 过了迎风面机身中心线上 x/L₀=0.05处的热流值，这是因为副翼偏 转时引起的流动分离和再附使得副翼上产生高热流所致；
20°,part_of,分离,DOC002,1450,攻角 α=40°，副翼偏转 20°时，副翼上的最大热流超 过了迎风面机身中心线上 x/L₀=0.05处的热流值，这是因为副翼偏 转时引起的流动分离和再附使得副翼上产生高热流所致；
最大热流,part_of,分离,DOC002,1450,攻角 α=40°，副翼偏转 20°时，副翼上的最大热流超 过了迎风面机身中心线上 x/L₀=0.05处的热流值，这是因为副翼偏 转时引起的流动分离和再附使得副翼上产生高热流所致；
迎风面,part_of,分离,DOC002,1450,攻角 α=40°，副翼偏转 20°时，副翼上的最大热流超 过了迎风面机身中心线上 x/L₀=0.05处的热流值，这是因为副翼偏 转时引起的流动分离和再附使得副翼上产生高热流所致；
机身,part_of,分离,DOC002,1450,攻角 α=40°，副翼偏转 20°时，副翼上的最大热流超 过了迎风面机身中心线上 x/L₀=0.05处的热流值，这是因为副翼偏 转时引起的流动分离和再附使得副翼上产生高热流所致；
热流,part_of,分离,DOC002,1450,攻角 α=40°，副翼偏转 20°时，副翼上的最大热流超 过了迎风面机身中心线上 x/L₀=0.05处的热流值，这是因为副翼偏 转时引起的流动分离和再附使得副翼上产生高热流所致；
风洞,is_a,环境,DOC002,1472,高温结构风洞是一种将“热环境”和“热与结构”问题有机地联系起来，具有综合模拟能力的地面试验设备。
风洞,is_a,能力,DOC002,1472,高温结构风洞是一种将“热环境”和“热与结构”问题有机地联系起来，具有综合模拟能力的地面试验设备。
风洞,is_a,试验,DOC002,1472,高温结构风洞是一种将“热环境”和“热与结构”问题有机地联系起来，具有综合模拟能力的地面试验设备。
风洞,is_a,设备,DOC002,1472,高温结构风洞是一种将“热环境”和“热与结构”问题有机地联系起来，具有综合模拟能力的地面试验设备。
航天飞机,has_component,热导率,DOC002,1473,美国在其航天飞机的TPS设计/研制阶段，常用各种不同形式和尺寸的气动热模在高温结构风洞中进行了大量试验研究，以提供包括TPS复杂构件部位的热流分布，构件之间接触热导率，以及由热应力和机械载荷作用而对TPS产生的局部变形等方面的试验数据。
组合,is_a,超声速,DOC002,1492,"但仍有一些十分关键的项目（如动导数、带／不带喷流干扰的多体组合／分离特性、喷流控制、边界层转捩特性）需有相应的试验技术才能完成，即φ0.5m常规超声速风洞（Ma > 5），但尺寸小,Re偏低,难以用“高通量真实” 的模型进行试验。"
组合,is_a,风洞,DOC002,1492,"但仍有一些十分关键的项目（如动导数、带／不带喷流干扰的多体组合／分离特性、喷流控制、边界层转捩特性）需有相应的试验技术才能完成，即φ0.5m常规超声速风洞（Ma > 5），但尺寸小,Re偏低,难以用“高通量真实” 的模型进行试验。"
组合,is_a,尺寸,DOC002,1492,"但仍有一些十分关键的项目（如动导数、带／不带喷流干扰的多体组合／分离特性、喷流控制、边界层转捩特性）需有相应的试验技术才能完成，即φ0.5m常规超声速风洞（Ma > 5），但尺寸小,Re偏低,难以用“高通量真实” 的模型进行试验。"
分离,is_a,超声速,DOC002,1492,"但仍有一些十分关键的项目（如动导数、带／不带喷流干扰的多体组合／分离特性、喷流控制、边界层转捩特性）需有相应的试验技术才能完成，即φ0.5m常规超声速风洞（Ma > 5），但尺寸小,Re偏低,难以用“高通量真实” 的模型进行试验。"
分离,is_a,风洞,DOC002,1492,"但仍有一些十分关键的项目（如动导数、带／不带喷流干扰的多体组合／分离特性、喷流控制、边界层转捩特性）需有相应的试验技术才能完成，即φ0.5m常规超声速风洞（Ma > 5），但尺寸小,Re偏低,难以用“高通量真实” 的模型进行试验。"
分离,is_a,尺寸,DOC002,1492,"但仍有一些十分关键的项目（如动导数、带／不带喷流干扰的多体组合／分离特性、喷流控制、边界层转捩特性）需有相应的试验技术才能完成，即φ0.5m常规超声速风洞（Ma > 5），但尺寸小,Re偏低,难以用“高通量真实” 的模型进行试验。"
特性,is_a,超声速,DOC002,1492,"但仍有一些十分关键的项目（如动导数、带／不带喷流干扰的多体组合／分离特性、喷流控制、边界层转捩特性）需有相应的试验技术才能完成，即φ0.5m常规超声速风洞（Ma > 5），但尺寸小,Re偏低,难以用“高通量真实” 的模型进行试验。"
特性,is_a,风洞,DOC002,1492,"但仍有一些十分关键的项目（如动导数、带／不带喷流干扰的多体组合／分离特性、喷流控制、边界层转捩特性）需有相应的试验技术才能完成，即φ0.5m常规超声速风洞（Ma > 5），但尺寸小,Re偏低,难以用“高通量真实” 的模型进行试验。"
特性,is_a,尺寸,DOC002,1492,"但仍有一些十分关键的项目（如动导数、带／不带喷流干扰的多体组合／分离特性、喷流控制、边界层转捩特性）需有相应的试验技术才能完成，即φ0.5m常规超声速风洞（Ma > 5），但尺寸小,Re偏低,难以用“高通量真实” 的模型进行试验。"
试验,is_a,超声速,DOC002,1492,"但仍有一些十分关键的项目（如动导数、带／不带喷流干扰的多体组合／分离特性、喷流控制、边界层转捩特性）需有相应的试验技术才能完成，即φ0.5m常规超声速风洞（Ma > 5），但尺寸小,Re偏低,难以用“高通量真实” 的模型进行试验。"
试验,is_a,风洞,DOC002,1492,"但仍有一些十分关键的项目（如动导数、带／不带喷流干扰的多体组合／分离特性、喷流控制、边界层转捩特性）需有相应的试验技术才能完成，即φ0.5m常规超声速风洞（Ma > 5），但尺寸小,Re偏低,难以用“高通量真实” 的模型进行试验。"
试验,is_a,尺寸,DOC002,1492,"但仍有一些十分关键的项目（如动导数、带／不带喷流干扰的多体组合／分离特性、喷流控制、边界层转捩特性）需有相应的试验技术才能完成，即φ0.5m常规超声速风洞（Ma > 5），但尺寸小,Re偏低,难以用“高通量真实” 的模型进行试验。"
试验,part_of,分离,DOC002,1493,要满足技术设计和校核试验的要求，必须用较大的模型进行较为精确的试验，特别是多体的组合／分离特性、喷流控制、大攻角特性、舵面效率／键力矩试验研究。
试验,part_of,舵面,DOC002,1493,要满足技术设计和校核试验的要求，必须用较大的模型进行较为精确的试验，特别是多体的组合／分离特性、喷流控制、大攻角特性、舵面效率／键力矩试验研究。
的要求,part_of,分离,DOC002,1493,要满足技术设计和校核试验的要求，必须用较大的模型进行较为精确的试验，特别是多体的组合／分离特性、喷流控制、大攻角特性、舵面效率／键力矩试验研究。
的要求,part_of,舵面,DOC002,1493,要满足技术设计和校核试验的要求，必须用较大的模型进行较为精确的试验，特别是多体的组合／分离特性、喷流控制、大攻角特性、舵面效率／键力矩试验研究。
飞船,part_of,航天飞机,DOC002,1498,飞船的气动热环境属于再入弹头与航天飞机之间。
气动热,part_of,航天飞机,DOC002,1498,飞船的气动热环境属于再入弹头与航天飞机之间。
环境,part_of,航天飞机,DOC002,1498,飞船的气动热环境属于再入弹头与航天飞机之间。
热导率,affects,数据,DOC002,1505,重贯轨道器TPS在再入过程中所遇到的气动加热率、热载、动压（载荷）环境，获取TPS复杂构件的热流分布，构件之间接触的热导率、热应力与机械载荷对TPS局部变形影响的试验数据；
变形,affects,数据,DOC002,1505,重贯轨道器TPS在再入过程中所遇到的气动加热率、热载、动压（载荷）环境，获取TPS复杂构件的热流分布，构件之间接触的热导率、热应力与机械载荷对TPS局部变形影响的试验数据；
流动,is_a,冻结,DOC002,1568,12 < Ma < 15，若流场无化学反应流动（即冻结流），以脉冲风洞试验为主，并与理论计算相结合；
流动,is_a,风洞,DOC002,1568,12 < Ma < 15，若流场无化学反应流动（即冻结流），以脉冲风洞试验为主，并与理论计算相结合；
流动,is_a,试验,DOC002,1568,12 < Ma < 15，若流场无化学反应流动（即冻结流），以脉冲风洞试验为主，并与理论计算相结合；
风洞,is_a,流动,DOC002,1571,（1）由脉冲风洞设备提供流结（即无化学反应的流动）的热试验数据；
风洞,is_a,试验,DOC002,1571,（1）由脉冲风洞设备提供流结（即无化学反应的流动）的热试验数据；
风洞,is_a,数据,DOC002,1571,（1）由脉冲风洞设备提供流结（即无化学反应的流动）的热试验数据；
设备,is_a,流动,DOC002,1571,（1）由脉冲风洞设备提供流结（即无化学反应的流动）的热试验数据；
设备,is_a,试验,DOC002,1571,（1）由脉冲风洞设备提供流结（即无化学反应的流动）的热试验数据；
设备,is_a,数据,DOC002,1571,（1）由脉冲风洞设备提供流结（即无化学反应的流动）的热试验数据；
航天飞机,supports_mission,机动,DOC002,1578,未来的航天飞机将会从最根本的意义上满足人们在安全、廉价、快速、机动、舒适、可靠等方面的基本要求，将会修复今航天的民航飞机一律自由起降，将会集成使用人类在动力、结构、材料、电子、气动、环控、安保等领域最先进的技术措施，将会继续引领人类的科学技术探索活动。
飞机,has_component,气动,DOC002,1578,未来的航天飞机将会从最根本的意义上满足人们在安全、廉价、快速、机动、舒适、可靠等方面的基本要求，将会修复今航天的民航飞机一律自由起降，将会集成使用人类在动力、结构、材料、电子、气动、环控、安保等领域最先进的技术措施，将会继续引领人类的科学技术探索活动。
空气动力学,part_of,航天飞机,DOC002,1579,空气动力学是航天飞机设计的重要支撑技术。
控制系统,affects,空气动力学,DOC002,1619,通过分析空动力学在航天飞机构形确定、控制系统设计、结构强度计算、质量分布和质心位置的确定、飞行器性能的综合分析评估等方面的作用，以及气动数据确定度对航天飞机各子系统的影响等，充分说明了空气动力学在研制再入飞行器中所起的重要支撑作用。
控制系统,affects,再入,DOC002,1619,通过分析空动力学在航天飞机构形确定、控制系统设计、结构强度计算、质量分布和质心位置的确定、飞行器性能的综合分析评估等方面的作用，以及气动数据确定度对航天飞机各子系统的影响等，充分说明了空气动力学在研制再入飞行器中所起的重要支撑作用。
数据,affects,空气动力学,DOC002,1619,通过分析空动力学在航天飞机构形确定、控制系统设计、结构强度计算、质量分布和质心位置的确定、飞行器性能的综合分析评估等方面的作用，以及气动数据确定度对航天飞机各子系统的影响等，充分说明了空气动力学在研制再入飞行器中所起的重要支撑作用。
数据,affects,再入,DOC002,1619,通过分析空动力学在航天飞机构形确定、控制系统设计、结构强度计算、质量分布和质心位置的确定、飞行器性能的综合分析评估等方面的作用，以及气动数据确定度对航天飞机各子系统的影响等，充分说明了空气动力学在研制再入飞行器中所起的重要支撑作用。
对于,is_a,情况下,DOC002,1637,对于基本外形(即翅机窗不偏转情况下)要满足低速、跨超声速小攻角和高超声速大攻角气动力、气动热的要求。
对于,is_a,低速,DOC002,1637,对于基本外形(即翅机窗不偏转情况下)要满足低速、跨超声速小攻角和高超声速大攻角气动力、气动热的要求。
对于,is_a,超声速,DOC002,1637,对于基本外形(即翅机窗不偏转情况下)要满足低速、跨超声速小攻角和高超声速大攻角气动力、气动热的要求。
对于,is_a,攻角,DOC002,1637,对于基本外形(即翅机窗不偏转情况下)要满足低速、跨超声速小攻角和高超声速大攻角气动力、气动热的要求。
对于,is_a,高超声速,DOC002,1637,对于基本外形(即翅机窗不偏转情况下)要满足低速、跨超声速小攻角和高超声速大攻角气动力、气动热的要求。
对于,is_a,气动力,DOC002,1637,对于基本外形(即翅机窗不偏转情况下)要满足低速、跨超声速小攻角和高超声速大攻角气动力、气动热的要求。
对于,is_a,气动热,DOC002,1637,对于基本外形(即翅机窗不偏转情况下)要满足低速、跨超声速小攻角和高超声速大攻角气动力、气动热的要求。
对于,is_a,的要求,DOC002,1637,对于基本外形(即翅机窗不偏转情况下)要满足低速、跨超声速小攻角和高超声速大攻角气动力、气动热的要求。
外形,is_a,情况下,DOC002,1637,对于基本外形(即翅机窗不偏转情况下)要满足低速、跨超声速小攻角和高超声速大攻角气动力、气动热的要求。
外形,is_a,低速,DOC002,1637,对于基本外形(即翅机窗不偏转情况下)要满足低速、跨超声速小攻角和高超声速大攻角气动力、气动热的要求。
外形,is_a,超声速,DOC002,1637,对于基本外形(即翅机窗不偏转情况下)要满足低速、跨超声速小攻角和高超声速大攻角气动力、气动热的要求。
外形,is_a,攻角,DOC002,1637,对于基本外形(即翅机窗不偏转情况下)要满足低速、跨超声速小攻角和高超声速大攻角气动力、气动热的要求。
外形,is_a,高超声速,DOC002,1637,对于基本外形(即翅机窗不偏转情况下)要满足低速、跨超声速小攻角和高超声速大攻角气动力、气动热的要求。
外形,is_a,气动力,DOC002,1637,对于基本外形(即翅机窗不偏转情况下)要满足低速、跨超声速小攻角和高超声速大攻角气动力、气动热的要求。
外形,is_a,气动热,DOC002,1637,对于基本外形(即翅机窗不偏转情况下)要满足低速、跨超声速小攻角和高超声速大攻角气动力、气动热的要求。
外形,is_a,的要求,DOC002,1637,对于基本外形(即翅机窗不偏转情况下)要满足低速、跨超声速小攻角和高超声速大攻角气动力、气动热的要求。
机翼,part_of,翼展,DOC002,1649,方法：机翼设计是关键，主要选取翼展质量最小作为航天飞机翼部外形的优化设计目标和函数，其约束条件必须要考虑热防护要求。
机翼,part_of,航天飞机,DOC002,1649,方法：机翼设计是关键，主要选取翼展质量最小作为航天飞机翼部外形的优化设计目标和函数，其约束条件必须要考虑热防护要求。
所谓,part_of,航天飞机,DOC002,1666,所谓热走廊就是对于给定的气动外形和确定的TPS，航天飞机的再入轨道就要受到约束，一个约束条件往是航天飞机TPS内表面温升的要求，因此航天员的生活和仪器的工作条件对环境温度有一定的要求，不允许内表面温升超过某个定值。
约束条件,part_of,航天飞机,DOC002,1668,另一个约束条件往是对选定的防热材料所允许的最高表面温度，该条件对应于应急返回轨道，再入角最大、过载最大、飞行时间最短，气动加热率最高，这两条轨道代表了航天飞机再入热走廊的上、下边界，在热走廊内飞行，防热层内外表面温升就不会超过所新的限值，则TPS是安全可靠的。
气动,part_of,航天飞机,DOC002,1690,方法：气动数据不确定度及偏差是研制航天飞机构的重要课题。
数据,part_of,航天飞机,DOC002,1690,方法：气动数据不确定度及偏差是研制航天飞机构的重要课题。
确定,part_of,航天飞机,DOC002,1690,方法：气动数据不确定度及偏差是研制航天飞机构的重要课题。
偏差,part_of,航天飞机,DOC002,1690,方法：气动数据不确定度及偏差是研制航天飞机构的重要课题。
需要,part_of,飞机,DOC002,1692,为此，需要科学的分配气动数据不确定度及偏差，其中主要技术途径是建立正 立设计方法，确保飞机构点区散布的各种因素及排队顺序，建立可靠性设计模型，将航天飞机构的品质特性定义为：跟踪预期航道及预定地 点着陆的能力，若偏离目标越远，品质损失越大，则航天飞机构性能能优良。
需要,part_of,航天飞机,DOC002,1692,为此，需要科学的分配气动数据不确定度及偏差，其中主要技术途径是建立正 立设计方法，确保飞机构点区散布的各种因素及排队顺序，建立可靠性设计模型，将航天飞机构的品质特性定义为：跟踪预期航道及预定地 点着陆的能力，若偏离目标越远，品质损失越大，则航天飞机构性能能优良。
气动,part_of,飞机,DOC002,1692,为此，需要科学的分配气动数据不确定度及偏差，其中主要技术途径是建立正 立设计方法，确保飞机构点区散布的各种因素及排队顺序，建立可靠性设计模型，将航天飞机构的品质特性定义为：跟踪预期航道及预定地 点着陆的能力，若偏离目标越远，品质损失越大，则航天飞机构性能能优良。
气动,part_of,航天飞机,DOC002,1692,为此，需要科学的分配气动数据不确定度及偏差，其中主要技术途径是建立正 立设计方法，确保飞机构点区散布的各种因素及排队顺序，建立可靠性设计模型，将航天飞机构的品质特性定义为：跟踪预期航道及预定地 点着陆的能力，若偏离目标越远，品质损失越大，则航天飞机构性能能优良。
数据,part_of,飞机,DOC002,1692,为此，需要科学的分配气动数据不确定度及偏差，其中主要技术途径是建立正 立设计方法，确保飞机构点区散布的各种因素及排队顺序，建立可靠性设计模型，将航天飞机构的品质特性定义为：跟踪预期航道及预定地 点着陆的能力，若偏离目标越远，品质损失越大，则航天飞机构性能能优良。
数据,part_of,航天飞机,DOC002,1692,为此，需要科学的分配气动数据不确定度及偏差，其中主要技术途径是建立正 立设计方法，确保飞机构点区散布的各种因素及排队顺序，建立可靠性设计模型，将航天飞机构的品质特性定义为：跟踪预期航道及预定地 点着陆的能力，若偏离目标越远，品质损失越大，则航天飞机构性能能优良。
确定,part_of,飞机,DOC002,1692,为此，需要科学的分配气动数据不确定度及偏差，其中主要技术途径是建立正 立设计方法，确保飞机构点区散布的各种因素及排队顺序，建立可靠性设计模型，将航天飞机构的品质特性定义为：跟踪预期航道及预定地 点着陆的能力，若偏离目标越远，品质损失越大，则航天飞机构性能能优良。
确定,part_of,航天飞机,DOC002,1692,为此，需要科学的分配气动数据不确定度及偏差，其中主要技术途径是建立正 立设计方法，确保飞机构点区散布的各种因素及排队顺序，建立可靠性设计模型，将航天飞机构的品质特性定义为：跟踪预期航道及预定地 点着陆的能力，若偏离目标越远，品质损失越大，则航天飞机构性能能优良。
偏差,part_of,飞机,DOC002,1692,为此，需要科学的分配气动数据不确定度及偏差，其中主要技术途径是建立正 立设计方法，确保飞机构点区散布的各种因素及排队顺序，建立可靠性设计模型，将航天飞机构的品质特性定义为：跟踪预期航道及预定地 点着陆的能力，若偏离目标越远，品质损失越大，则航天飞机构性能能优良。
偏差,part_of,航天飞机,DOC002,1692,为此，需要科学的分配气动数据不确定度及偏差，其中主要技术途径是建立正 立设计方法，确保飞机构点区散布的各种因素及排队顺序，建立可靠性设计模型，将航天飞机构的品质特性定义为：跟踪预期航道及预定地 点着陆的能力，若偏离目标越远，品质损失越大，则航天飞机构性能能优良。
气动设计,part_of,飞行器,DOC002,1712,气动设计回路路是飞行器一体化气动设计系
飞行器,has_component,载荷,DOC002,1764,飞行器的气动设计指标包括：质量、有有效载荷、基本尺寸、结构
飞行器,has_component,尺寸,DOC002,1764,飞行器的气动设计指标包括：质量、有有效载荷、基本尺寸、结构
控制系统,affects,气动,DOC002,1824,着陆时的增升/增阻、着附系统及控制系统将影响航天飞机的气动布局。
飞行,uses_method,控制系统,DOC002,1827,当然，在高空稀薄天气飞行时，采用了喷流反作用控制系统。
航天飞机,has_component,副翼,DOC002,1830,例如，航天飞机再入飞行中采用气动操纵面和RCS进行操纵，前者包括副翼、升降副翼、机身滚翼、减速板和方向舵，后者由44台小推力发动机组成，分别安装在航天飞机前舱和尾部左右轨道机构系统内。
航天飞机,has_component,升降副翼,DOC002,1830,例如，航天飞机再入飞行中采用气动操纵面和RCS进行操纵，前者包括副翼、升降副翼、机身滚翼、减速板和方向舵，后者由44台小推力发动机组成，分别安装在航天飞机前舱和尾部左右轨道机构系统内。
航天飞机,has_component,机身,DOC002,1830,例如，航天飞机再入飞行中采用气动操纵面和RCS进行操纵，前者包括副翼、升降副翼、机身滚翼、减速板和方向舵，后者由44台小推力发动机组成，分别安装在航天飞机前舱和尾部左右轨道机构系统内。
航天飞机,has_component,方向舵,DOC002,1830,例如，航天飞机再入飞行中采用气动操纵面和RCS进行操纵，前者包括副翼、升降副翼、机身滚翼、减速板和方向舵，后者由44台小推力发动机组成，分别安装在航天飞机前舱和尾部左右轨道机构系统内。
航天飞机,has_component,推力,DOC002,1830,例如，航天飞机再入飞行中采用气动操纵面和RCS进行操纵，前者包括副翼、升降副翼、机身滚翼、减速板和方向舵，后者由44台小推力发动机组成，分别安装在航天飞机前舱和尾部左右轨道机构系统内。
航天飞机,has_component,发动机,DOC002,1830,例如，航天飞机再入飞行中采用气动操纵面和RCS进行操纵，前者包括副翼、升降副翼、机身滚翼、减速板和方向舵，后者由44台小推力发动机组成，分别安装在航天飞机前舱和尾部左右轨道机构系统内。
副翼,has_component,推力,DOC002,1830,例如，航天飞机再入飞行中采用气动操纵面和RCS进行操纵，前者包括副翼、升降副翼、机身滚翼、减速板和方向舵，后者由44台小推力发动机组成，分别安装在航天飞机前舱和尾部左右轨道机构系统内。
副翼,has_component,发动机,DOC002,1830,例如，航天飞机再入飞行中采用气动操纵面和RCS进行操纵，前者包括副翼、升降副翼、机身滚翼、减速板和方向舵，后者由44台小推力发动机组成，分别安装在航天飞机前舱和尾部左右轨道机构系统内。
升降副翼,has_component,推力,DOC002,1830,例如，航天飞机再入飞行中采用气动操纵面和RCS进行操纵，前者包括副翼、升降副翼、机身滚翼、减速板和方向舵，后者由44台小推力发动机组成，分别安装在航天飞机前舱和尾部左右轨道机构系统内。
升降副翼,has_component,发动机,DOC002,1830,例如，航天飞机再入飞行中采用气动操纵面和RCS进行操纵，前者包括副翼、升降副翼、机身滚翼、减速板和方向舵，后者由44台小推力发动机组成，分别安装在航天飞机前舱和尾部左右轨道机构系统内。
机身,has_component,推力,DOC002,1830,例如，航天飞机再入飞行中采用气动操纵面和RCS进行操纵，前者包括副翼、升降副翼、机身滚翼、减速板和方向舵，后者由44台小推力发动机组成，分别安装在航天飞机前舱和尾部左右轨道机构系统内。
机身,has_component,发动机,DOC002,1830,例如，航天飞机再入飞行中采用气动操纵面和RCS进行操纵，前者包括副翼、升降副翼、机身滚翼、减速板和方向舵，后者由44台小推力发动机组成，分别安装在航天飞机前舱和尾部左右轨道机构系统内。
方向舵,has_component,推力,DOC002,1830,例如，航天飞机再入飞行中采用气动操纵面和RCS进行操纵，前者包括副翼、升降副翼、机身滚翼、减速板和方向舵，后者由44台小推力发动机组成，分别安装在航天飞机前舱和尾部左右轨道机构系统内。
方向舵,has_component,发动机,DOC002,1830,例如，航天飞机再入飞行中采用气动操纵面和RCS进行操纵，前者包括副翼、升降副翼、机身滚翼、减速板和方向舵，后者由44台小推力发动机组成，分别安装在航天飞机前舱和尾部左右轨道机构系统内。
布局,part_of,飞行器,DOC002,1841,飞动布局设计是将飞行器梦想想现在实现的第一步。
航天飞机,uses_method,变后掠,DOC002,1914,航天飞机采用前缘变后掠角
航天飞机,has_component,机身,DOC002,1932,航天飞机最主要的特点是无动力分滑翔和水平着陆，兼顾高速/低速、高空/低空、滑翔/着陆等飞行任务，与空气直接受触的主要气动部件包括：机身、机翼、尾翼及各类活动操纵控制面等。
航天飞机,has_component,机翼,DOC002,1932,航天飞机最主要的特点是无动力分滑翔和水平着陆，兼顾高速/低速、高空/低空、滑翔/着陆等飞行任务，与空气直接受触的主要气动部件包括：机身、机翼、尾翼及各类活动操纵控制面等。
航天飞机,has_component,尾翼,DOC002,1932,航天飞机最主要的特点是无动力分滑翔和水平着陆，兼顾高速/低速、高空/低空、滑翔/着陆等飞行任务，与空气直接受触的主要气动部件包括：机身、机翼、尾翼及各类活动操纵控制面等。
而在,is_a,机身,DOC002,1933,而在开展气动布局前设计之前，首先应明确航天飞机的基本形式，即机身、机翼、尾翼等主要部件的数目、几何外形和相对位置等。
而在,is_a,机翼,DOC002,1933,而在开展气动布局前设计之前，首先应明确航天飞机的基本形式，即机身、机翼、尾翼等主要部件的数目、几何外形和相对位置等。
而在,is_a,尾翼,DOC002,1933,而在开展气动布局前设计之前，首先应明确航天飞机的基本形式，即机身、机翼、尾翼等主要部件的数目、几何外形和相对位置等。
而在,is_a,部件,DOC002,1933,而在开展气动布局前设计之前，首先应明确航天飞机的基本形式，即机身、机翼、尾翼等主要部件的数目、几何外形和相对位置等。
而在,is_a,外形,DOC002,1933,而在开展气动布局前设计之前，首先应明确航天飞机的基本形式，即机身、机翼、尾翼等主要部件的数目、几何外形和相对位置等。
而在,is_a,相对,DOC002,1933,而在开展气动布局前设计之前，首先应明确航天飞机的基本形式，即机身、机翼、尾翼等主要部件的数目、几何外形和相对位置等。
而在,is_a,位置,DOC002,1933,而在开展气动布局前设计之前，首先应明确航天飞机的基本形式，即机身、机翼、尾翼等主要部件的数目、几何外形和相对位置等。
气动,is_a,机身,DOC002,1933,而在开展气动布局前设计之前，首先应明确航天飞机的基本形式，即机身、机翼、尾翼等主要部件的数目、几何外形和相对位置等。
气动,is_a,机翼,DOC002,1933,而在开展气动布局前设计之前，首先应明确航天飞机的基本形式，即机身、机翼、尾翼等主要部件的数目、几何外形和相对位置等。
气动,is_a,尾翼,DOC002,1933,而在开展气动布局前设计之前，首先应明确航天飞机的基本形式，即机身、机翼、尾翼等主要部件的数目、几何外形和相对位置等。
气动,is_a,部件,DOC002,1933,而在开展气动布局前设计之前，首先应明确航天飞机的基本形式，即机身、机翼、尾翼等主要部件的数目、几何外形和相对位置等。
气动,is_a,外形,DOC002,1933,而在开展气动布局前设计之前，首先应明确航天飞机的基本形式，即机身、机翼、尾翼等主要部件的数目、几何外形和相对位置等。
气动,is_a,相对,DOC002,1933,而在开展气动布局前设计之前，首先应明确航天飞机的基本形式，即机身、机翼、尾翼等主要部件的数目、几何外形和相对位置等。
气动,is_a,位置,DOC002,1933,而在开展气动布局前设计之前，首先应明确航天飞机的基本形式，即机身、机翼、尾翼等主要部件的数目、几何外形和相对位置等。
布局,is_a,机身,DOC002,1933,而在开展气动布局前设计之前，首先应明确航天飞机的基本形式，即机身、机翼、尾翼等主要部件的数目、几何外形和相对位置等。
布局,is_a,机翼,DOC002,1933,而在开展气动布局前设计之前，首先应明确航天飞机的基本形式，即机身、机翼、尾翼等主要部件的数目、几何外形和相对位置等。
布局,is_a,尾翼,DOC002,1933,而在开展气动布局前设计之前，首先应明确航天飞机的基本形式，即机身、机翼、尾翼等主要部件的数目、几何外形和相对位置等。
布局,is_a,部件,DOC002,1933,而在开展气动布局前设计之前，首先应明确航天飞机的基本形式，即机身、机翼、尾翼等主要部件的数目、几何外形和相对位置等。
布局,is_a,外形,DOC002,1933,而在开展气动布局前设计之前，首先应明确航天飞机的基本形式，即机身、机翼、尾翼等主要部件的数目、几何外形和相对位置等。
布局,is_a,相对,DOC002,1933,而在开展气动布局前设计之前，首先应明确航天飞机的基本形式，即机身、机翼、尾翼等主要部件的数目、几何外形和相对位置等。
布局,is_a,位置,DOC002,1933,而在开展气动布局前设计之前，首先应明确航天飞机的基本形式，即机身、机翼、尾翼等主要部件的数目、几何外形和相对位置等。
首先,is_a,机身,DOC002,1933,而在开展气动布局前设计之前，首先应明确航天飞机的基本形式，即机身、机翼、尾翼等主要部件的数目、几何外形和相对位置等。
首先,is_a,机翼,DOC002,1933,而在开展气动布局前设计之前，首先应明确航天飞机的基本形式，即机身、机翼、尾翼等主要部件的数目、几何外形和相对位置等。
首先,is_a,尾翼,DOC002,1933,而在开展气动布局前设计之前，首先应明确航天飞机的基本形式，即机身、机翼、尾翼等主要部件的数目、几何外形和相对位置等。
首先,is_a,部件,DOC002,1933,而在开展气动布局前设计之前，首先应明确航天飞机的基本形式，即机身、机翼、尾翼等主要部件的数目、几何外形和相对位置等。
首先,is_a,外形,DOC002,1933,而在开展气动布局前设计之前，首先应明确航天飞机的基本形式，即机身、机翼、尾翼等主要部件的数目、几何外形和相对位置等。
首先,is_a,相对,DOC002,1933,而在开展气动布局前设计之前，首先应明确航天飞机的基本形式，即机身、机翼、尾翼等主要部件的数目、几何外形和相对位置等。
首先,is_a,位置,DOC002,1933,而在开展气动布局前设计之前，首先应明确航天飞机的基本形式，即机身、机翼、尾翼等主要部件的数目、几何外形和相对位置等。
航天飞机,is_a,机身,DOC002,1933,而在开展气动布局前设计之前，首先应明确航天飞机的基本形式，即机身、机翼、尾翼等主要部件的数目、几何外形和相对位置等。
航天飞机,is_a,机翼,DOC002,1933,而在开展气动布局前设计之前，首先应明确航天飞机的基本形式，即机身、机翼、尾翼等主要部件的数目、几何外形和相对位置等。
航天飞机,is_a,尾翼,DOC002,1933,而在开展气动布局前设计之前，首先应明确航天飞机的基本形式，即机身、机翼、尾翼等主要部件的数目、几何外形和相对位置等。
航天飞机,is_a,部件,DOC002,1933,而在开展气动布局前设计之前，首先应明确航天飞机的基本形式，即机身、机翼、尾翼等主要部件的数目、几何外形和相对位置等。
航天飞机,is_a,外形,DOC002,1933,而在开展气动布局前设计之前，首先应明确航天飞机的基本形式，即机身、机翼、尾翼等主要部件的数目、几何外形和相对位置等。
航天飞机,is_a,相对,DOC002,1933,而在开展气动布局前设计之前，首先应明确航天飞机的基本形式，即机身、机翼、尾翼等主要部件的数目、几何外形和相对位置等。
航天飞机,is_a,位置,DOC002,1933,而在开展气动布局前设计之前，首先应明确航天飞机的基本形式，即机身、机翼、尾翼等主要部件的数目、几何外形和相对位置等。
风洞,part_of,飞行器,DOC002,1936,风洞选形试验的优点是能够比较准确地获得飞行器各个气动外形的气动特性，并且能够获得若干参数对其气动特性的影响规律，其缺点是工作量大、设计周期长、经济效益差，而且不能获得真正的最佳外形。
试验,part_of,飞行器,DOC002,1936,风洞选形试验的优点是能够比较准确地获得飞行器各个气动外形的气动特性，并且能够获得若干参数对其气动特性的影响规律，其缺点是工作量大、设计周期长、经济效益差，而且不能获得真正的最佳外形。
优点,part_of,飞行器,DOC002,1936,风洞选形试验的优点是能够比较准确地获得飞行器各个气动外形的气动特性，并且能够获得若干参数对其气动特性的影响规律，其缺点是工作量大、设计周期长、经济效益差，而且不能获得真正的最佳外形。
基础,part_of,航天飞机,DOC002,1940,计算机辅助设计以及优化设计的基础是航天飞机气动外形的参数化描述，即通过利用有限的气动布局控制参数自动生成航天飞机复杂的空间几何形状和表面及空间网格，从而可以方便地进行高速度的绘图、气动特性计算、飞行性能预测和整体性能评估，继作用于飞行器的设计成本和周期，显著地提高设计效率。
基础,is_a,布局,DOC002,1940,计算机辅助设计以及优化设计的基础是航天飞机气动外形的参数化描述，即通过利用有限的气动布局控制参数自动生成航天飞机复杂的空间几何形状和表面及空间网格，从而可以方便地进行高速度的绘图、气动特性计算、飞行性能预测和整体性能评估，继作用于飞行器的设计成本和周期，显著地提高设计效率。
基础,is_a,形状,DOC002,1940,计算机辅助设计以及优化设计的基础是航天飞机气动外形的参数化描述，即通过利用有限的气动布局控制参数自动生成航天飞机复杂的空间几何形状和表面及空间网格，从而可以方便地进行高速度的绘图、气动特性计算、飞行性能预测和整体性能评估，继作用于飞行器的设计成本和周期，显著地提高设计效率。
基础,is_a,从而,DOC002,1940,计算机辅助设计以及优化设计的基础是航天飞机气动外形的参数化描述，即通过利用有限的气动布局控制参数自动生成航天飞机复杂的空间几何形状和表面及空间网格，从而可以方便地进行高速度的绘图、气动特性计算、飞行性能预测和整体性能评估，继作用于飞行器的设计成本和周期，显著地提高设计效率。
基础,is_a,速度,DOC002,1940,计算机辅助设计以及优化设计的基础是航天飞机气动外形的参数化描述，即通过利用有限的气动布局控制参数自动生成航天飞机复杂的空间几何形状和表面及空间网格，从而可以方便地进行高速度的绘图、气动特性计算、飞行性能预测和整体性能评估，继作用于飞行器的设计成本和周期，显著地提高设计效率。
基础,is_a,气动特性,DOC002,1940,计算机辅助设计以及优化设计的基础是航天飞机气动外形的参数化描述，即通过利用有限的气动布局控制参数自动生成航天飞机复杂的空间几何形状和表面及空间网格，从而可以方便地进行高速度的绘图、气动特性计算、飞行性能预测和整体性能评估，继作用于飞行器的设计成本和周期，显著地提高设计效率。
航天飞机,is_a,布局,DOC002,1940,计算机辅助设计以及优化设计的基础是航天飞机气动外形的参数化描述，即通过利用有限的气动布局控制参数自动生成航天飞机复杂的空间几何形状和表面及空间网格，从而可以方便地进行高速度的绘图、气动特性计算、飞行性能预测和整体性能评估，继作用于飞行器的设计成本和周期，显著地提高设计效率。
航天飞机,is_a,形状,DOC002,1940,计算机辅助设计以及优化设计的基础是航天飞机气动外形的参数化描述，即通过利用有限的气动布局控制参数自动生成航天飞机复杂的空间几何形状和表面及空间网格，从而可以方便地进行高速度的绘图、气动特性计算、飞行性能预测和整体性能评估，继作用于飞行器的设计成本和周期，显著地提高设计效率。
航天飞机,is_a,从而,DOC002,1940,计算机辅助设计以及优化设计的基础是航天飞机气动外形的参数化描述，即通过利用有限的气动布局控制参数自动生成航天飞机复杂的空间几何形状和表面及空间网格，从而可以方便地进行高速度的绘图、气动特性计算、飞行性能预测和整体性能评估，继作用于飞行器的设计成本和周期，显著地提高设计效率。
航天飞机,is_a,速度,DOC002,1940,计算机辅助设计以及优化设计的基础是航天飞机气动外形的参数化描述，即通过利用有限的气动布局控制参数自动生成航天飞机复杂的空间几何形状和表面及空间网格，从而可以方便地进行高速度的绘图、气动特性计算、飞行性能预测和整体性能评估，继作用于飞行器的设计成本和周期，显著地提高设计效率。
航天飞机,is_a,气动特性,DOC002,1940,计算机辅助设计以及优化设计的基础是航天飞机气动外形的参数化描述，即通过利用有限的气动布局控制参数自动生成航天飞机复杂的空间几何形状和表面及空间网格，从而可以方便地进行高速度的绘图、气动特性计算、飞行性能预测和整体性能评估，继作用于飞行器的设计成本和周期，显著地提高设计效率。
航天飞机,is_a,飞行,DOC002,1940,计算机辅助设计以及优化设计的基础是航天飞机气动外形的参数化描述，即通过利用有限的气动布局控制参数自动生成航天飞机复杂的空间几何形状和表面及空间网格，从而可以方便地进行高速度的绘图、气动特性计算、飞行性能预测和整体性能评估，继作用于飞行器的设计成本和周期，显著地提高设计效率。
气动,is_a,布局,DOC002,1940,计算机辅助设计以及优化设计的基础是航天飞机气动外形的参数化描述，即通过利用有限的气动布局控制参数自动生成航天飞机复杂的空间几何形状和表面及空间网格，从而可以方便地进行高速度的绘图、气动特性计算、飞行性能预测和整体性能评估，继作用于飞行器的设计成本和周期，显著地提高设计效率。
气动,is_a,形状,DOC002,1940,计算机辅助设计以及优化设计的基础是航天飞机气动外形的参数化描述，即通过利用有限的气动布局控制参数自动生成航天飞机复杂的空间几何形状和表面及空间网格，从而可以方便地进行高速度的绘图、气动特性计算、飞行性能预测和整体性能评估，继作用于飞行器的设计成本和周期，显著地提高设计效率。
气动,is_a,从而,DOC002,1940,计算机辅助设计以及优化设计的基础是航天飞机气动外形的参数化描述，即通过利用有限的气动布局控制参数自动生成航天飞机复杂的空间几何形状和表面及空间网格，从而可以方便地进行高速度的绘图、气动特性计算、飞行性能预测和整体性能评估，继作用于飞行器的设计成本和周期，显著地提高设计效率。
气动,is_a,速度,DOC002,1940,计算机辅助设计以及优化设计的基础是航天飞机气动外形的参数化描述，即通过利用有限的气动布局控制参数自动生成航天飞机复杂的空间几何形状和表面及空间网格，从而可以方便地进行高速度的绘图、气动特性计算、飞行性能预测和整体性能评估，继作用于飞行器的设计成本和周期，显著地提高设计效率。
气动,is_a,气动特性,DOC002,1940,计算机辅助设计以及优化设计的基础是航天飞机气动外形的参数化描述，即通过利用有限的气动布局控制参数自动生成航天飞机复杂的空间几何形状和表面及空间网格，从而可以方便地进行高速度的绘图、气动特性计算、飞行性能预测和整体性能评估，继作用于飞行器的设计成本和周期，显著地提高设计效率。
气动,is_a,飞行,DOC002,1940,计算机辅助设计以及优化设计的基础是航天飞机气动外形的参数化描述，即通过利用有限的气动布局控制参数自动生成航天飞机复杂的空间几何形状和表面及空间网格，从而可以方便地进行高速度的绘图、气动特性计算、飞行性能预测和整体性能评估，继作用于飞行器的设计成本和周期，显著地提高设计效率。
外形,is_a,布局,DOC002,1940,计算机辅助设计以及优化设计的基础是航天飞机气动外形的参数化描述，即通过利用有限的气动布局控制参数自动生成航天飞机复杂的空间几何形状和表面及空间网格，从而可以方便地进行高速度的绘图、气动特性计算、飞行性能预测和整体性能评估，继作用于飞行器的设计成本和周期，显著地提高设计效率。
外形,is_a,形状,DOC002,1940,计算机辅助设计以及优化设计的基础是航天飞机气动外形的参数化描述，即通过利用有限的气动布局控制参数自动生成航天飞机复杂的空间几何形状和表面及空间网格，从而可以方便地进行高速度的绘图、气动特性计算、飞行性能预测和整体性能评估，继作用于飞行器的设计成本和周期，显著地提高设计效率。
外形,is_a,从而,DOC002,1940,计算机辅助设计以及优化设计的基础是航天飞机气动外形的参数化描述，即通过利用有限的气动布局控制参数自动生成航天飞机复杂的空间几何形状和表面及空间网格，从而可以方便地进行高速度的绘图、气动特性计算、飞行性能预测和整体性能评估，继作用于飞行器的设计成本和周期，显著地提高设计效率。
外形,is_a,速度,DOC002,1940,计算机辅助设计以及优化设计的基础是航天飞机气动外形的参数化描述，即通过利用有限的气动布局控制参数自动生成航天飞机复杂的空间几何形状和表面及空间网格，从而可以方便地进行高速度的绘图、气动特性计算、飞行性能预测和整体性能评估，继作用于飞行器的设计成本和周期，显著地提高设计效率。
外形,is_a,气动特性,DOC002,1940,计算机辅助设计以及优化设计的基础是航天飞机气动外形的参数化描述，即通过利用有限的气动布局控制参数自动生成航天飞机复杂的空间几何形状和表面及空间网格，从而可以方便地进行高速度的绘图、气动特性计算、飞行性能预测和整体性能评估，继作用于飞行器的设计成本和周期，显著地提高设计效率。
外形,is_a,飞行,DOC002,1940,计算机辅助设计以及优化设计的基础是航天飞机气动外形的参数化描述，即通过利用有限的气动布局控制参数自动生成航天飞机复杂的空间几何形状和表面及空间网格，从而可以方便地进行高速度的绘图、气动特性计算、飞行性能预测和整体性能评估，继作用于飞行器的设计成本和周期，显著地提高设计效率。
参数,is_a,布局,DOC002,1940,计算机辅助设计以及优化设计的基础是航天飞机气动外形的参数化描述，即通过利用有限的气动布局控制参数自动生成航天飞机复杂的空间几何形状和表面及空间网格，从而可以方便地进行高速度的绘图、气动特性计算、飞行性能预测和整体性能评估，继作用于飞行器的设计成本和周期，显著地提高设计效率。
参数,is_a,形状,DOC002,1940,计算机辅助设计以及优化设计的基础是航天飞机气动外形的参数化描述，即通过利用有限的气动布局控制参数自动生成航天飞机复杂的空间几何形状和表面及空间网格，从而可以方便地进行高速度的绘图、气动特性计算、飞行性能预测和整体性能评估，继作用于飞行器的设计成本和周期，显著地提高设计效率。
参数,is_a,从而,DOC002,1940,计算机辅助设计以及优化设计的基础是航天飞机气动外形的参数化描述，即通过利用有限的气动布局控制参数自动生成航天飞机复杂的空间几何形状和表面及空间网格，从而可以方便地进行高速度的绘图、气动特性计算、飞行性能预测和整体性能评估，继作用于飞行器的设计成本和周期，显著地提高设计效率。
参数,is_a,速度,DOC002,1940,计算机辅助设计以及优化设计的基础是航天飞机气动外形的参数化描述，即通过利用有限的气动布局控制参数自动生成航天飞机复杂的空间几何形状和表面及空间网格，从而可以方便地进行高速度的绘图、气动特性计算、飞行性能预测和整体性能评估，继作用于飞行器的设计成本和周期，显著地提高设计效率。
参数,is_a,气动特性,DOC002,1940,计算机辅助设计以及优化设计的基础是航天飞机气动外形的参数化描述，即通过利用有限的气动布局控制参数自动生成航天飞机复杂的空间几何形状和表面及空间网格，从而可以方便地进行高速度的绘图、气动特性计算、飞行性能预测和整体性能评估，继作用于飞行器的设计成本和周期，显著地提高设计效率。
参数,is_a,飞行,DOC002,1940,计算机辅助设计以及优化设计的基础是航天飞机气动外形的参数化描述，即通过利用有限的气动布局控制参数自动生成航天飞机复杂的空间几何形状和表面及空间网格，从而可以方便地进行高速度的绘图、气动特性计算、飞行性能预测和整体性能评估，继作用于飞行器的设计成本和周期，显著地提高设计效率。
描述,is_a,布局,DOC002,1940,计算机辅助设计以及优化设计的基础是航天飞机气动外形的参数化描述，即通过利用有限的气动布局控制参数自动生成航天飞机复杂的空间几何形状和表面及空间网格，从而可以方便地进行高速度的绘图、气动特性计算、飞行性能预测和整体性能评估，继作用于飞行器的设计成本和周期，显著地提高设计效率。
描述,is_a,形状,DOC002,1940,计算机辅助设计以及优化设计的基础是航天飞机气动外形的参数化描述，即通过利用有限的气动布局控制参数自动生成航天飞机复杂的空间几何形状和表面及空间网格，从而可以方便地进行高速度的绘图、气动特性计算、飞行性能预测和整体性能评估，继作用于飞行器的设计成本和周期，显著地提高设计效率。
描述,is_a,从而,DOC002,1940,计算机辅助设计以及优化设计的基础是航天飞机气动外形的参数化描述，即通过利用有限的气动布局控制参数自动生成航天飞机复杂的空间几何形状和表面及空间网格，从而可以方便地进行高速度的绘图、气动特性计算、飞行性能预测和整体性能评估，继作用于飞行器的设计成本和周期，显著地提高设计效率。
描述,is_a,速度,DOC002,1940,计算机辅助设计以及优化设计的基础是航天飞机气动外形的参数化描述，即通过利用有限的气动布局控制参数自动生成航天飞机复杂的空间几何形状和表面及空间网格，从而可以方便地进行高速度的绘图、气动特性计算、飞行性能预测和整体性能评估，继作用于飞行器的设计成本和周期，显著地提高设计效率。
描述,is_a,气动特性,DOC002,1940,计算机辅助设计以及优化设计的基础是航天飞机气动外形的参数化描述，即通过利用有限的气动布局控制参数自动生成航天飞机复杂的空间几何形状和表面及空间网格，从而可以方便地进行高速度的绘图、气动特性计算、飞行性能预测和整体性能评估，继作用于飞行器的设计成本和周期，显著地提高设计效率。
描述,is_a,飞行,DOC002,1940,计算机辅助设计以及优化设计的基础是航天飞机气动外形的参数化描述，即通过利用有限的气动布局控制参数自动生成航天飞机复杂的空间几何形状和表面及空间网格，从而可以方便地进行高速度的绘图、气动特性计算、飞行性能预测和整体性能评估，继作用于飞行器的设计成本和周期，显著地提高设计效率。
机翼,part_of,航天飞机,DOC002,1943,"（1）机翼、机翼是航天飞机产生升力的主要部件,机翼气动设计的主要参数包括：机翼平面形状、即平面翼、后掠翼、三角翼、可变后掠翼及三角翼等。"
机翼,is_a,后掠翼,DOC002,1943,"（1）机翼、机翼是航天飞机产生升力的主要部件,机翼气动设计的主要参数包括：机翼平面形状、即平面翼、后掠翼、三角翼、可变后掠翼及三角翼等。"
机翼,is_a,变后掠,DOC002,1943,"（1）机翼、机翼是航天飞机产生升力的主要部件,机翼气动设计的主要参数包括：机翼平面形状、即平面翼、后掠翼、三角翼、可变后掠翼及三角翼等。"
航天飞机,is_a,后掠翼,DOC002,1943,"（1）机翼、机翼是航天飞机产生升力的主要部件,机翼气动设计的主要参数包括：机翼平面形状、即平面翼、后掠翼、三角翼、可变后掠翼及三角翼等。"
航天飞机,is_a,变后掠,DOC002,1943,"（1）机翼、机翼是航天飞机产生升力的主要部件,机翼气动设计的主要参数包括：机翼平面形状、即平面翼、后掠翼、三角翼、可变后掠翼及三角翼等。"
产生,is_a,后掠翼,DOC002,1943,"（1）机翼、机翼是航天飞机产生升力的主要部件,机翼气动设计的主要参数包括：机翼平面形状、即平面翼、后掠翼、三角翼、可变后掠翼及三角翼等。"
产生,is_a,变后掠,DOC002,1943,"（1）机翼、机翼是航天飞机产生升力的主要部件,机翼气动设计的主要参数包括：机翼平面形状、即平面翼、后掠翼、三角翼、可变后掠翼及三角翼等。"
升力,is_a,后掠翼,DOC002,1943,"（1）机翼、机翼是航天飞机产生升力的主要部件,机翼气动设计的主要参数包括：机翼平面形状、即平面翼、后掠翼、三角翼、可变后掠翼及三角翼等。"
升力,is_a,变后掠,DOC002,1943,"（1）机翼、机翼是航天飞机产生升力的主要部件,机翼气动设计的主要参数包括：机翼平面形状、即平面翼、后掠翼、三角翼、可变后掠翼及三角翼等。"
部件,is_a,后掠翼,DOC002,1943,"（1）机翼、机翼是航天飞机产生升力的主要部件,机翼气动设计的主要参数包括：机翼平面形状、即平面翼、后掠翼、三角翼、可变后掠翼及三角翼等。"
部件,is_a,变后掠,DOC002,1943,"（1）机翼、机翼是航天飞机产生升力的主要部件,机翼气动设计的主要参数包括：机翼平面形状、即平面翼、后掠翼、三角翼、可变后掠翼及三角翼等。"
气动设计,is_a,后掠翼,DOC002,1943,"（1）机翼、机翼是航天飞机产生升力的主要部件,机翼气动设计的主要参数包括：机翼平面形状、即平面翼、后掠翼、三角翼、可变后掠翼及三角翼等。"
气动设计,is_a,变后掠,DOC002,1943,"（1）机翼、机翼是航天飞机产生升力的主要部件,机翼气动设计的主要参数包括：机翼平面形状、即平面翼、后掠翼、三角翼、可变后掠翼及三角翼等。"
参数,is_a,后掠翼,DOC002,1943,"（1）机翼、机翼是航天飞机产生升力的主要部件,机翼气动设计的主要参数包括：机翼平面形状、即平面翼、后掠翼、三角翼、可变后掠翼及三角翼等。"
参数,is_a,变后掠,DOC002,1943,"（1）机翼、机翼是航天飞机产生升力的主要部件,机翼气动设计的主要参数包括：机翼平面形状、即平面翼、后掠翼、三角翼、可变后掠翼及三角翼等。"
平面,is_a,后掠翼,DOC002,1943,"（1）机翼、机翼是航天飞机产生升力的主要部件,机翼气动设计的主要参数包括：机翼平面形状、即平面翼、后掠翼、三角翼、可变后掠翼及三角翼等。"
平面,is_a,变后掠,DOC002,1943,"（1）机翼、机翼是航天飞机产生升力的主要部件,机翼气动设计的主要参数包括：机翼平面形状、即平面翼、后掠翼、三角翼、可变后掠翼及三角翼等。"
形状,is_a,后掠翼,DOC002,1943,"（1）机翼、机翼是航天飞机产生升力的主要部件,机翼气动设计的主要参数包括：机翼平面形状、即平面翼、后掠翼、三角翼、可变后掠翼及三角翼等。"
形状,is_a,变后掠,DOC002,1943,"（1）机翼、机翼是航天飞机产生升力的主要部件,机翼气动设计的主要参数包括：机翼平面形状、即平面翼、后掠翼、三角翼、可变后掠翼及三角翼等。"
机翼,is_a,下单翼,DOC002,1945,机翼在机身上的安装位置，即上单翼、中单翼、下单翼等；
机身,is_a,下单翼,DOC002,1945,机翼在机身上的安装位置，即上单翼、中单翼、下单翼等；
位置,is_a,下单翼,DOC002,1945,机翼在机身上的安装位置，即上单翼、中单翼、下单翼等；
机身,part_of,航天飞机,DOC002,1950,机身是航天飞机结构和装载、连接航天飞机各部件使之成为一体的主要部件。
尾翼,part_of,航天飞机,DOC002,1955,尾翼是航天飞机确保稳定性和操纵性的主要气动部件，尾翼包括水平尾翼和垂直尾翼两大类。
尾翼,has_component,水平尾翼,DOC002,1955,尾翼是航天飞机确保稳定性和操纵性的主要气动部件，尾翼包括水平尾翼和垂直尾翼两大类。
尾翼,has_component,垂直尾翼,DOC002,1955,尾翼是航天飞机确保稳定性和操纵性的主要气动部件，尾翼包括水平尾翼和垂直尾翼两大类。
航天飞机,has_component,水平尾翼,DOC002,1955,尾翼是航天飞机确保稳定性和操纵性的主要气动部件，尾翼包括水平尾翼和垂直尾翼两大类。
航天飞机,has_component,垂直尾翼,DOC002,1955,尾翼是航天飞机确保稳定性和操纵性的主要气动部件，尾翼包括水平尾翼和垂直尾翼两大类。
尾翼,is_a,平尾,DOC002,1956,尾翼气动设计的主要参数包括：尾翼布局设计参数，包括正常式尾翼、鸭翼或无尾翼，以及尾翼的安装位置，即上平尾、中平尾、下平尾、高置平尾或T形平尾等；
气动设计,is_a,平尾,DOC002,1956,尾翼气动设计的主要参数包括：尾翼布局设计参数，包括正常式尾翼、鸭翼或无尾翼，以及尾翼的安装位置，即上平尾、中平尾、下平尾、高置平尾或T形平尾等；
参数,is_a,平尾,DOC002,1956,尾翼气动设计的主要参数包括：尾翼布局设计参数，包括正常式尾翼、鸭翼或无尾翼，以及尾翼的安装位置，即上平尾、中平尾、下平尾、高置平尾或T形平尾等；
布局,is_a,平尾,DOC002,1956,尾翼气动设计的主要参数包括：尾翼布局设计参数，包括正常式尾翼、鸭翼或无尾翼，以及尾翼的安装位置，即上平尾、中平尾、下平尾、高置平尾或T形平尾等；
位置,is_a,平尾,DOC002,1956,尾翼气动设计的主要参数包括：尾翼布局设计参数，包括正常式尾翼、鸭翼或无尾翼，以及尾翼的安装位置，即上平尾、中平尾、下平尾、高置平尾或T形平尾等；
尾翼,has_component,翼面积,DOC002,1958,尾翼总体设计参数，主要包括尾翼容量、尾翼面积、展弦比、根梢比、后掠角、翼展等；
尾翼,has_component,展弦比,DOC002,1958,尾翼总体设计参数，主要包括尾翼容量、尾翼面积、展弦比、根梢比、后掠角、翼展等；
尾翼,has_component,后掠角,DOC002,1958,尾翼总体设计参数，主要包括尾翼容量、尾翼面积、展弦比、根梢比、后掠角、翼展等；
尾翼,has_component,翼展,DOC002,1958,尾翼总体设计参数，主要包括尾翼容量、尾翼面积、展弦比、根梢比、后掠角、翼展等；
航天飞机,has_component,升力系数,DOC002,1963,前面曾指出：航天飞机最主要的总体设计指标和气动设计指标包括航天飞机的结构总质量、升力系数CL、阻力系数CD、升阻比K、弹道系数β、静／动稳定性、最大热流、总加热量、操纵效率及减速效率等。
航天飞机,has_component,阻力系数,DOC002,1963,前面曾指出：航天飞机最主要的总体设计指标和气动设计指标包括航天飞机的结构总质量、升力系数CL、阻力系数CD、升阻比K、弹道系数β、静／动稳定性、最大热流、总加热量、操纵效率及减速效率等。
航天飞机,has_component,升阻比,DOC002,1963,前面曾指出：航天飞机最主要的总体设计指标和气动设计指标包括航天飞机的结构总质量、升力系数CL、阻力系数CD、升阻比K、弹道系数β、静／动稳定性、最大热流、总加热量、操纵效率及减速效率等。
航天飞机,has_component,系数,DOC002,1963,前面曾指出：航天飞机最主要的总体设计指标和气动设计指标包括航天飞机的结构总质量、升力系数CL、阻力系数CD、升阻比K、弹道系数β、静／动稳定性、最大热流、总加热量、操纵效率及减速效率等。
航天飞机,has_component,动稳定性,DOC002,1963,前面曾指出：航天飞机最主要的总体设计指标和气动设计指标包括航天飞机的结构总质量、升力系数CL、阻力系数CD、升阻比K、弹道系数β、静／动稳定性、最大热流、总加热量、操纵效率及减速效率等。
平衡,is_a,重力,DOC002,1965,上边界即平衡滑翔（equilibrium glide）边界，即由于重力G、气动力L及离心力Pdis这3种力的平衡，而其飞行下边界即于结构强度及气动热载荷这两种因素。
平衡,is_a,气动力,DOC002,1965,上边界即平衡滑翔（equilibrium glide）边界，即由于重力G、气动力L及离心力Pdis这3种力的平衡，而其飞行下边界即于结构强度及气动热载荷这两种因素。
平衡,is_a,飞行,DOC002,1965,上边界即平衡滑翔（equilibrium glide）边界，即由于重力G、气动力L及离心力Pdis这3种力的平衡，而其飞行下边界即于结构强度及气动热载荷这两种因素。
平衡,is_a,强度,DOC002,1965,上边界即平衡滑翔（equilibrium glide）边界，即由于重力G、气动力L及离心力Pdis这3种力的平衡，而其飞行下边界即于结构强度及气动热载荷这两种因素。
平衡,is_a,气动热,DOC002,1965,上边界即平衡滑翔（equilibrium glide）边界，即由于重力G、气动力L及离心力Pdis这3种力的平衡，而其飞行下边界即于结构强度及气动热载荷这两种因素。
平衡,is_a,载荷,DOC002,1965,上边界即平衡滑翔（equilibrium glide）边界，即由于重力G、气动力L及离心力Pdis这3种力的平衡，而其飞行下边界即于结构强度及气动热载荷这两种因素。
平衡,is_a,因素,DOC002,1965,上边界即平衡滑翔（equilibrium glide）边界，即由于重力G、气动力L及离心力Pdis这3种力的平衡，而其飞行下边界即于结构强度及气动热载荷这两种因素。
滑翔,is_a,重力,DOC002,1965,上边界即平衡滑翔（equilibrium glide）边界，即由于重力G、气动力L及离心力Pdis这3种力的平衡，而其飞行下边界即于结构强度及气动热载荷这两种因素。
滑翔,is_a,气动力,DOC002,1965,上边界即平衡滑翔（equilibrium glide）边界，即由于重力G、气动力L及离心力Pdis这3种力的平衡，而其飞行下边界即于结构强度及气动热载荷这两种因素。
滑翔,is_a,飞行,DOC002,1965,上边界即平衡滑翔（equilibrium glide）边界，即由于重力G、气动力L及离心力Pdis这3种力的平衡，而其飞行下边界即于结构强度及气动热载荷这两种因素。
滑翔,is_a,强度,DOC002,1965,上边界即平衡滑翔（equilibrium glide）边界，即由于重力G、气动力L及离心力Pdis这3种力的平衡，而其飞行下边界即于结构强度及气动热载荷这两种因素。
滑翔,is_a,气动热,DOC002,1965,上边界即平衡滑翔（equilibrium glide）边界，即由于重力G、气动力L及离心力Pdis这3种力的平衡，而其飞行下边界即于结构强度及气动热载荷这两种因素。
滑翔,is_a,载荷,DOC002,1965,上边界即平衡滑翔（equilibrium glide）边界，即由于重力G、气动力L及离心力Pdis这3种力的平衡，而其飞行下边界即于结构强度及气动热载荷这两种因素。
滑翔,is_a,因素,DOC002,1965,上边界即平衡滑翔（equilibrium glide）边界，即由于重力G、气动力L及离心力Pdis这3种力的平衡，而其飞行下边界即于结构强度及气动热载荷这两种因素。
重力,is_a,强度,DOC002,1965,上边界即平衡滑翔（equilibrium glide）边界，即由于重力G、气动力L及离心力Pdis这3种力的平衡，而其飞行下边界即于结构强度及气动热载荷这两种因素。
重力,is_a,气动热,DOC002,1965,上边界即平衡滑翔（equilibrium glide）边界，即由于重力G、气动力L及离心力Pdis这3种力的平衡，而其飞行下边界即于结构强度及气动热载荷这两种因素。
重力,is_a,载荷,DOC002,1965,上边界即平衡滑翔（equilibrium glide）边界，即由于重力G、气动力L及离心力Pdis这3种力的平衡，而其飞行下边界即于结构强度及气动热载荷这两种因素。
重力,is_a,因素,DOC002,1965,上边界即平衡滑翔（equilibrium glide）边界，即由于重力G、气动力L及离心力Pdis这3种力的平衡，而其飞行下边界即于结构强度及气动热载荷这两种因素。
气动力,is_a,强度,DOC002,1965,上边界即平衡滑翔（equilibrium glide）边界，即由于重力G、气动力L及离心力Pdis这3种力的平衡，而其飞行下边界即于结构强度及气动热载荷这两种因素。
气动力,is_a,气动热,DOC002,1965,上边界即平衡滑翔（equilibrium glide）边界，即由于重力G、气动力L及离心力Pdis这3种力的平衡，而其飞行下边界即于结构强度及气动热载荷这两种因素。
气动力,is_a,载荷,DOC002,1965,上边界即平衡滑翔（equilibrium glide）边界，即由于重力G、气动力L及离心力Pdis这3种力的平衡，而其飞行下边界即于结构强度及气动热载荷这两种因素。
气动力,is_a,因素,DOC002,1965,上边界即平衡滑翔（equilibrium glide）边界，即由于重力G、气动力L及离心力Pdis这3种力的平衡，而其飞行下边界即于结构强度及气动热载荷这两种因素。
飞行,is_a,强度,DOC002,1965,上边界即平衡滑翔（equilibrium glide）边界，即由于重力G、气动力L及离心力Pdis这3种力的平衡，而其飞行下边界即于结构强度及气动热载荷这两种因素。
飞行,is_a,气动热,DOC002,1965,上边界即平衡滑翔（equilibrium glide）边界，即由于重力G、气动力L及离心力Pdis这3种力的平衡，而其飞行下边界即于结构强度及气动热载荷这两种因素。
飞行,is_a,载荷,DOC002,1965,上边界即平衡滑翔（equilibrium glide）边界，即由于重力G、气动力L及离心力Pdis这3种力的平衡，而其飞行下边界即于结构强度及气动热载荷这两种因素。
飞行,is_a,因素,DOC002,1965,上边界即平衡滑翔（equilibrium glide）边界，即由于重力G、气动力L及离心力Pdis这3种力的平衡，而其飞行下边界即于结构强度及气动热载荷这两种因素。
确定,is_a,航天飞机,DOC002,1976,式(3-2)确定了平衡飞行高度，即确定了具有p/CL值的航天飞机的滑翔轨迹，p/CL的最小值确定了航天飞机飞行范围的上边界。
确定,is_a,滑翔,DOC002,1976,式(3-2)确定了平衡飞行高度，即确定了具有p/CL值的航天飞机的滑翔轨迹，p/CL的最小值确定了航天飞机飞行范围的上边界。
确定,is_a,最小,DOC002,1976,式(3-2)确定了平衡飞行高度，即确定了具有p/CL值的航天飞机的滑翔轨迹，p/CL的最小值确定了航天飞机飞行范围的上边界。
确定,is_a,飞行,DOC002,1976,式(3-2)确定了平衡飞行高度，即确定了具有p/CL值的航天飞机的滑翔轨迹，p/CL的最小值确定了航天飞机飞行范围的上边界。
确定,is_a,范围,DOC002,1976,式(3-2)确定了平衡飞行高度，即确定了具有p/CL值的航天飞机的滑翔轨迹，p/CL的最小值确定了航天飞机飞行范围的上边界。
平衡,is_a,航天飞机,DOC002,1976,式(3-2)确定了平衡飞行高度，即确定了具有p/CL值的航天飞机的滑翔轨迹，p/CL的最小值确定了航天飞机飞行范围的上边界。
平衡,is_a,滑翔,DOC002,1976,式(3-2)确定了平衡飞行高度，即确定了具有p/CL值的航天飞机的滑翔轨迹，p/CL的最小值确定了航天飞机飞行范围的上边界。
平衡,is_a,最小,DOC002,1976,式(3-2)确定了平衡飞行高度，即确定了具有p/CL值的航天飞机的滑翔轨迹，p/CL的最小值确定了航天飞机飞行范围的上边界。
平衡,is_a,飞行,DOC002,1976,式(3-2)确定了平衡飞行高度，即确定了具有p/CL值的航天飞机的滑翔轨迹，p/CL的最小值确定了航天飞机飞行范围的上边界。
平衡,is_a,范围,DOC002,1976,式(3-2)确定了平衡飞行高度，即确定了具有p/CL值的航天飞机的滑翔轨迹，p/CL的最小值确定了航天飞机飞行范围的上边界。
飞行高度,is_a,航天飞机,DOC002,1976,式(3-2)确定了平衡飞行高度，即确定了具有p/CL值的航天飞机的滑翔轨迹，p/CL的最小值确定了航天飞机飞行范围的上边界。
飞行高度,is_a,滑翔,DOC002,1976,式(3-2)确定了平衡飞行高度，即确定了具有p/CL值的航天飞机的滑翔轨迹，p/CL的最小值确定了航天飞机飞行范围的上边界。
飞行高度,is_a,最小,DOC002,1976,式(3-2)确定了平衡飞行高度，即确定了具有p/CL值的航天飞机的滑翔轨迹，p/CL的最小值确定了航天飞机飞行范围的上边界。
飞行高度,is_a,飞行,DOC002,1976,式(3-2)确定了平衡飞行高度，即确定了具有p/CL值的航天飞机的滑翔轨迹，p/CL的最小值确定了航天飞机飞行范围的上边界。
飞行高度,is_a,范围,DOC002,1976,式(3-2)确定了平衡飞行高度，即确定了具有p/CL值的航天飞机的滑翔轨迹，p/CL的最小值确定了航天飞机飞行范围的上边界。
飞行器,is_a,飞行,DOC002,1985,飞行器的升阻比越大，说明这 种飞行器的气动效率越高——因为升阻比的倒数，即阻比正好表7飞行器作匀速飞行时所需要的推力为飞行器质量的几分之一，显然，升阻比K越大越好。
飞行器,is_a,需要,DOC002,1985,飞行器的升阻比越大，说明这 种飞行器的气动效率越高——因为升阻比的倒数，即阻比正好表7飞行器作匀速飞行时所需要的推力为飞行器质量的几分之一，显然，升阻比K越大越好。
飞行器,is_a,推力,DOC002,1985,飞行器的升阻比越大，说明这 种飞行器的气动效率越高——因为升阻比的倒数，即阻比正好表7飞行器作匀速飞行时所需要的推力为飞行器质量的几分之一，显然，升阻比K越大越好。
飞行器,is_a,质量,DOC002,1985,飞行器的升阻比越大，说明这 种飞行器的气动效率越高——因为升阻比的倒数，即阻比正好表7飞行器作匀速飞行时所需要的推力为飞行器质量的几分之一，显然，升阻比K越大越好。
升阻比,is_a,飞行,DOC002,1985,飞行器的升阻比越大，说明这 种飞行器的气动效率越高——因为升阻比的倒数，即阻比正好表7飞行器作匀速飞行时所需要的推力为飞行器质量的几分之一，显然，升阻比K越大越好。
升阻比,is_a,需要,DOC002,1985,飞行器的升阻比越大，说明这 种飞行器的气动效率越高——因为升阻比的倒数，即阻比正好表7飞行器作匀速飞行时所需要的推力为飞行器质量的几分之一，显然，升阻比K越大越好。
升阻比,is_a,推力,DOC002,1985,飞行器的升阻比越大，说明这 种飞行器的气动效率越高——因为升阻比的倒数，即阻比正好表7飞行器作匀速飞行时所需要的推力为飞行器质量的几分之一，显然，升阻比K越大越好。
升阻比,is_a,质量,DOC002,1985,飞行器的升阻比越大，说明这 种飞行器的气动效率越高——因为升阻比的倒数，即阻比正好表7飞行器作匀速飞行时所需要的推力为飞行器质量的几分之一，显然，升阻比K越大越好。
越大,is_a,飞行,DOC002,1985,飞行器的升阻比越大，说明这 种飞行器的气动效率越高——因为升阻比的倒数，即阻比正好表7飞行器作匀速飞行时所需要的推力为飞行器质量的几分之一，显然，升阻比K越大越好。
越大,is_a,需要,DOC002,1985,飞行器的升阻比越大，说明这 种飞行器的气动效率越高——因为升阻比的倒数，即阻比正好表7飞行器作匀速飞行时所需要的推力为飞行器质量的几分之一，显然，升阻比K越大越好。
越大,is_a,推力,DOC002,1985,飞行器的升阻比越大，说明这 种飞行器的气动效率越高——因为升阻比的倒数，即阻比正好表7飞行器作匀速飞行时所需要的推力为飞行器质量的几分之一，显然，升阻比K越大越好。
越大,is_a,质量,DOC002,1985,飞行器的升阻比越大，说明这 种飞行器的气动效率越高——因为升阻比的倒数，即阻比正好表7飞行器作匀速飞行时所需要的推力为飞行器质量的几分之一，显然，升阻比K越大越好。
说明,is_a,飞行,DOC002,1985,飞行器的升阻比越大，说明这 种飞行器的气动效率越高——因为升阻比的倒数，即阻比正好表7飞行器作匀速飞行时所需要的推力为飞行器质量的几分之一，显然，升阻比K越大越好。
说明,is_a,需要,DOC002,1985,飞行器的升阻比越大，说明这 种飞行器的气动效率越高——因为升阻比的倒数，即阻比正好表7飞行器作匀速飞行时所需要的推力为飞行器质量的几分之一，显然，升阻比K越大越好。
说明,is_a,推力,DOC002,1985,飞行器的升阻比越大，说明这 种飞行器的气动效率越高——因为升阻比的倒数，即阻比正好表7飞行器作匀速飞行时所需要的推力为飞行器质量的几分之一，显然，升阻比K越大越好。
说明,is_a,质量,DOC002,1985,飞行器的升阻比越大，说明这 种飞行器的气动效率越高——因为升阻比的倒数，即阻比正好表7飞行器作匀速飞行时所需要的推力为飞行器质量的几分之一，显然，升阻比K越大越好。
气动,is_a,飞行,DOC002,1985,飞行器的升阻比越大，说明这 种飞行器的气动效率越高——因为升阻比的倒数，即阻比正好表7飞行器作匀速飞行时所需要的推力为飞行器质量的几分之一，显然，升阻比K越大越好。
气动,is_a,需要,DOC002,1985,飞行器的升阻比越大，说明这 种飞行器的气动效率越高——因为升阻比的倒数，即阻比正好表7飞行器作匀速飞行时所需要的推力为飞行器质量的几分之一，显然，升阻比K越大越好。
气动,is_a,推力,DOC002,1985,飞行器的升阻比越大，说明这 种飞行器的气动效率越高——因为升阻比的倒数，即阻比正好表7飞行器作匀速飞行时所需要的推力为飞行器质量的几分之一，显然，升阻比K越大越好。
气动,is_a,质量,DOC002,1985,飞行器的升阻比越大，说明这 种飞行器的气动效率越高——因为升阻比的倒数，即阻比正好表7飞行器作匀速飞行时所需要的推力为飞行器质量的几分之一，显然，升阻比K越大越好。
因为,is_a,飞行,DOC002,1985,飞行器的升阻比越大，说明这 种飞行器的气动效率越高——因为升阻比的倒数，即阻比正好表7飞行器作匀速飞行时所需要的推力为飞行器质量的几分之一，显然，升阻比K越大越好。
因为,is_a,需要,DOC002,1985,飞行器的升阻比越大，说明这 种飞行器的气动效率越高——因为升阻比的倒数，即阻比正好表7飞行器作匀速飞行时所需要的推力为飞行器质量的几分之一，显然，升阻比K越大越好。
因为,is_a,推力,DOC002,1985,飞行器的升阻比越大，说明这 种飞行器的气动效率越高——因为升阻比的倒数，即阻比正好表7飞行器作匀速飞行时所需要的推力为飞行器质量的几分之一，显然，升阻比K越大越好。
因为,is_a,质量,DOC002,1985,飞行器的升阻比越大，说明这 种飞行器的气动效率越高——因为升阻比的倒数，即阻比正好表7飞行器作匀速飞行时所需要的推力为飞行器质量的几分之一，显然，升阻比K越大越好。
航天飞机,is_a,着陆,DOC002,1986,此外，航天飞机的升阻比越大，自某一高度下滑飞行的水平距离越大，也即其返回着陆的可能性或迫降的范围越大，这对无动力滑翔飞行是至关重要的。
航天飞机,is_a,范围,DOC002,1986,此外，航天飞机的升阻比越大，自某一高度下滑飞行的水平距离越大，也即其返回着陆的可能性或迫降的范围越大，这对无动力滑翔飞行是至关重要的。
航天飞机,is_a,动力,DOC002,1986,此外，航天飞机的升阻比越大，自某一高度下滑飞行的水平距离越大，也即其返回着陆的可能性或迫降的范围越大，这对无动力滑翔飞行是至关重要的。
航天飞机,is_a,滑翔,DOC002,1986,此外，航天飞机的升阻比越大，自某一高度下滑飞行的水平距离越大，也即其返回着陆的可能性或迫降的范围越大，这对无动力滑翔飞行是至关重要的。
升阻比,is_a,着陆,DOC002,1986,此外，航天飞机的升阻比越大，自某一高度下滑飞行的水平距离越大，也即其返回着陆的可能性或迫降的范围越大，这对无动力滑翔飞行是至关重要的。
升阻比,is_a,范围,DOC002,1986,此外，航天飞机的升阻比越大，自某一高度下滑飞行的水平距离越大，也即其返回着陆的可能性或迫降的范围越大，这对无动力滑翔飞行是至关重要的。
升阻比,is_a,动力,DOC002,1986,此外，航天飞机的升阻比越大，自某一高度下滑飞行的水平距离越大，也即其返回着陆的可能性或迫降的范围越大，这对无动力滑翔飞行是至关重要的。
升阻比,is_a,滑翔,DOC002,1986,此外，航天飞机的升阻比越大，自某一高度下滑飞行的水平距离越大，也即其返回着陆的可能性或迫降的范围越大，这对无动力滑翔飞行是至关重要的。
越大,is_a,着陆,DOC002,1986,此外，航天飞机的升阻比越大，自某一高度下滑飞行的水平距离越大，也即其返回着陆的可能性或迫降的范围越大，这对无动力滑翔飞行是至关重要的。
越大,is_a,范围,DOC002,1986,此外，航天飞机的升阻比越大，自某一高度下滑飞行的水平距离越大，也即其返回着陆的可能性或迫降的范围越大，这对无动力滑翔飞行是至关重要的。
越大,is_a,动力,DOC002,1986,此外，航天飞机的升阻比越大，自某一高度下滑飞行的水平距离越大，也即其返回着陆的可能性或迫降的范围越大，这对无动力滑翔飞行是至关重要的。
越大,is_a,滑翔,DOC002,1986,此外，航天飞机的升阻比越大，自某一高度下滑飞行的水平距离越大，也即其返回着陆的可能性或迫降的范围越大，这对无动力滑翔飞行是至关重要的。
高度,is_a,着陆,DOC002,1986,此外，航天飞机的升阻比越大，自某一高度下滑飞行的水平距离越大，也即其返回着陆的可能性或迫降的范围越大，这对无动力滑翔飞行是至关重要的。
高度,is_a,范围,DOC002,1986,此外，航天飞机的升阻比越大，自某一高度下滑飞行的水平距离越大，也即其返回着陆的可能性或迫降的范围越大，这对无动力滑翔飞行是至关重要的。
高度,is_a,动力,DOC002,1986,此外，航天飞机的升阻比越大，自某一高度下滑飞行的水平距离越大，也即其返回着陆的可能性或迫降的范围越大，这对无动力滑翔飞行是至关重要的。
高度,is_a,滑翔,DOC002,1986,此外，航天飞机的升阻比越大，自某一高度下滑飞行的水平距离越大，也即其返回着陆的可能性或迫降的范围越大，这对无动力滑翔飞行是至关重要的。
飞行,is_a,着陆,DOC002,1986,此外，航天飞机的升阻比越大，自某一高度下滑飞行的水平距离越大，也即其返回着陆的可能性或迫降的范围越大，这对无动力滑翔飞行是至关重要的。
飞行,is_a,范围,DOC002,1986,此外，航天飞机的升阻比越大，自某一高度下滑飞行的水平距离越大，也即其返回着陆的可能性或迫降的范围越大，这对无动力滑翔飞行是至关重要的。
飞行,is_a,动力,DOC002,1986,此外，航天飞机的升阻比越大，自某一高度下滑飞行的水平距离越大，也即其返回着陆的可能性或迫降的范围越大，这对无动力滑翔飞行是至关重要的。
飞行,is_a,滑翔,DOC002,1986,此外，航天飞机的升阻比越大，自某一高度下滑飞行的水平距离越大，也即其返回着陆的可能性或迫降的范围越大，这对无动力滑翔飞行是至关重要的。
水平,is_a,着陆,DOC002,1986,此外，航天飞机的升阻比越大，自某一高度下滑飞行的水平距离越大，也即其返回着陆的可能性或迫降的范围越大，这对无动力滑翔飞行是至关重要的。
水平,is_a,范围,DOC002,1986,此外，航天飞机的升阻比越大，自某一高度下滑飞行的水平距离越大，也即其返回着陆的可能性或迫降的范围越大，这对无动力滑翔飞行是至关重要的。
水平,is_a,动力,DOC002,1986,此外，航天飞机的升阻比越大，自某一高度下滑飞行的水平距离越大，也即其返回着陆的可能性或迫降的范围越大，这对无动力滑翔飞行是至关重要的。
水平,is_a,滑翔,DOC002,1986,此外，航天飞机的升阻比越大，自某一高度下滑飞行的水平距离越大，也即其返回着陆的可能性或迫降的范围越大，这对无动力滑翔飞行是至关重要的。
距离,is_a,着陆,DOC002,1986,此外，航天飞机的升阻比越大，自某一高度下滑飞行的水平距离越大，也即其返回着陆的可能性或迫降的范围越大，这对无动力滑翔飞行是至关重要的。
距离,is_a,范围,DOC002,1986,此外，航天飞机的升阻比越大，自某一高度下滑飞行的水平距离越大，也即其返回着陆的可能性或迫降的范围越大，这对无动力滑翔飞行是至关重要的。
距离,is_a,动力,DOC002,1986,此外，航天飞机的升阻比越大，自某一高度下滑飞行的水平距离越大，也即其返回着陆的可能性或迫降的范围越大，这对无动力滑翔飞行是至关重要的。
距离,is_a,滑翔,DOC002,1986,此外，航天飞机的升阻比越大，自某一高度下滑飞行的水平距离越大，也即其返回着陆的可能性或迫降的范围越大，这对无动力滑翔飞行是至关重要的。
航天飞机,has_component,航程,DOC002,1987,再者，气动加热及热防护问题对于高超声速航天飞机而言非常重要，随着升阻比的增加，飞行器热流密度峰值是减小的，但由于航程的增加，气动总加热量相对而言是增加的。
飞行器,has_component,航程,DOC002,1987,再者，气动加热及热防护问题对于高超声速航天飞机而言非常重要，随着升阻比的增加，飞行器热流密度峰值是减小的，但由于航程的增加，气动总加热量相对而言是增加的。
航天飞机,is_a,弹道倾角,DOC002,1989,如果将航天飞机再入的无动力滑翔飞行近似为水平滑翔，即弹道倾角θ≈0，并假设航天飞机不消耗燃料，且不考虑重力加速度随高度的变化，并进一步假设滑翔是在恒定升阻比K的条件下进行的，为了使以第一字舱速度在空问作近地轨道运行的轨道器沿滑一条梯圆轨道进入大气层进行平衡滑翔，并采取制动措施使之达到30m/s的减速效果，可以获得滑翔飞行的总时间tgs，滑翔总航程RLS及横向机动航程Rss的近似关系：
航天飞机,is_a,假设,DOC002,1989,如果将航天飞机再入的无动力滑翔飞行近似为水平滑翔，即弹道倾角θ≈0，并假设航天飞机不消耗燃料，且不考虑重力加速度随高度的变化，并进一步假设滑翔是在恒定升阻比K的条件下进行的，为了使以第一字舱速度在空问作近地轨道运行的轨道器沿滑一条梯圆轨道进入大气层进行平衡滑翔，并采取制动措施使之达到30m/s的减速效果，可以获得滑翔飞行的总时间tgs，滑翔总航程RLS及横向机动航程Rss的近似关系：
航天飞机,is_a,重力,DOC002,1989,如果将航天飞机再入的无动力滑翔飞行近似为水平滑翔，即弹道倾角θ≈0，并假设航天飞机不消耗燃料，且不考虑重力加速度随高度的变化，并进一步假设滑翔是在恒定升阻比K的条件下进行的，为了使以第一字舱速度在空问作近地轨道运行的轨道器沿滑一条梯圆轨道进入大气层进行平衡滑翔，并采取制动措施使之达到30m/s的减速效果，可以获得滑翔飞行的总时间tgs，滑翔总航程RLS及横向机动航程Rss的近似关系：
航天飞机,is_a,速度,DOC002,1989,如果将航天飞机再入的无动力滑翔飞行近似为水平滑翔，即弹道倾角θ≈0，并假设航天飞机不消耗燃料，且不考虑重力加速度随高度的变化，并进一步假设滑翔是在恒定升阻比K的条件下进行的，为了使以第一字舱速度在空问作近地轨道运行的轨道器沿滑一条梯圆轨道进入大气层进行平衡滑翔，并采取制动措施使之达到30m/s的减速效果，可以获得滑翔飞行的总时间tgs，滑翔总航程RLS及横向机动航程Rss的近似关系：
航天飞机,is_a,高度,DOC002,1989,如果将航天飞机再入的无动力滑翔飞行近似为水平滑翔，即弹道倾角θ≈0，并假设航天飞机不消耗燃料，且不考虑重力加速度随高度的变化，并进一步假设滑翔是在恒定升阻比K的条件下进行的，为了使以第一字舱速度在空问作近地轨道运行的轨道器沿滑一条梯圆轨道进入大气层进行平衡滑翔，并采取制动措施使之达到30m/s的减速效果，可以获得滑翔飞行的总时间tgs，滑翔总航程RLS及横向机动航程Rss的近似关系：
航天飞机,is_a,的变化,DOC002,1989,如果将航天飞机再入的无动力滑翔飞行近似为水平滑翔，即弹道倾角θ≈0，并假设航天飞机不消耗燃料，且不考虑重力加速度随高度的变化，并进一步假设滑翔是在恒定升阻比K的条件下进行的，为了使以第一字舱速度在空问作近地轨道运行的轨道器沿滑一条梯圆轨道进入大气层进行平衡滑翔，并采取制动措施使之达到30m/s的减速效果，可以获得滑翔飞行的总时间tgs，滑翔总航程RLS及横向机动航程Rss的近似关系：
航天飞机,is_a,进一步,DOC002,1989,如果将航天飞机再入的无动力滑翔飞行近似为水平滑翔，即弹道倾角θ≈0，并假设航天飞机不消耗燃料，且不考虑重力加速度随高度的变化，并进一步假设滑翔是在恒定升阻比K的条件下进行的，为了使以第一字舱速度在空问作近地轨道运行的轨道器沿滑一条梯圆轨道进入大气层进行平衡滑翔，并采取制动措施使之达到30m/s的减速效果，可以获得滑翔飞行的总时间tgs，滑翔总航程RLS及横向机动航程Rss的近似关系：
航天飞机,is_a,升阻比,DOC002,1989,如果将航天飞机再入的无动力滑翔飞行近似为水平滑翔，即弹道倾角θ≈0，并假设航天飞机不消耗燃料，且不考虑重力加速度随高度的变化，并进一步假设滑翔是在恒定升阻比K的条件下进行的，为了使以第一字舱速度在空问作近地轨道运行的轨道器沿滑一条梯圆轨道进入大气层进行平衡滑翔，并采取制动措施使之达到30m/s的减速效果，可以获得滑翔飞行的总时间tgs，滑翔总航程RLS及横向机动航程Rss的近似关系：
航天飞机,is_a,条件,DOC002,1989,如果将航天飞机再入的无动力滑翔飞行近似为水平滑翔，即弹道倾角θ≈0，并假设航天飞机不消耗燃料，且不考虑重力加速度随高度的变化，并进一步假设滑翔是在恒定升阻比K的条件下进行的，为了使以第一字舱速度在空问作近地轨道运行的轨道器沿滑一条梯圆轨道进入大气层进行平衡滑翔，并采取制动措施使之达到30m/s的减速效果，可以获得滑翔飞行的总时间tgs，滑翔总航程RLS及横向机动航程Rss的近似关系：
航天飞机,is_a,为了,DOC002,1989,如果将航天飞机再入的无动力滑翔飞行近似为水平滑翔，即弹道倾角θ≈0，并假设航天飞机不消耗燃料，且不考虑重力加速度随高度的变化，并进一步假设滑翔是在恒定升阻比K的条件下进行的，为了使以第一字舱速度在空问作近地轨道运行的轨道器沿滑一条梯圆轨道进入大气层进行平衡滑翔，并采取制动措施使之达到30m/s的减速效果，可以获得滑翔飞行的总时间tgs，滑翔总航程RLS及横向机动航程Rss的近似关系：
再入,is_a,弹道倾角,DOC002,1989,如果将航天飞机再入的无动力滑翔飞行近似为水平滑翔，即弹道倾角θ≈0，并假设航天飞机不消耗燃料，且不考虑重力加速度随高度的变化，并进一步假设滑翔是在恒定升阻比K的条件下进行的，为了使以第一字舱速度在空问作近地轨道运行的轨道器沿滑一条梯圆轨道进入大气层进行平衡滑翔，并采取制动措施使之达到30m/s的减速效果，可以获得滑翔飞行的总时间tgs，滑翔总航程RLS及横向机动航程Rss的近似关系：
再入,is_a,假设,DOC002,1989,如果将航天飞机再入的无动力滑翔飞行近似为水平滑翔，即弹道倾角θ≈0，并假设航天飞机不消耗燃料，且不考虑重力加速度随高度的变化，并进一步假设滑翔是在恒定升阻比K的条件下进行的，为了使以第一字舱速度在空问作近地轨道运行的轨道器沿滑一条梯圆轨道进入大气层进行平衡滑翔，并采取制动措施使之达到30m/s的减速效果，可以获得滑翔飞行的总时间tgs，滑翔总航程RLS及横向机动航程Rss的近似关系：
再入,is_a,重力,DOC002,1989,如果将航天飞机再入的无动力滑翔飞行近似为水平滑翔，即弹道倾角θ≈0，并假设航天飞机不消耗燃料，且不考虑重力加速度随高度的变化，并进一步假设滑翔是在恒定升阻比K的条件下进行的，为了使以第一字舱速度在空问作近地轨道运行的轨道器沿滑一条梯圆轨道进入大气层进行平衡滑翔，并采取制动措施使之达到30m/s的减速效果，可以获得滑翔飞行的总时间tgs，滑翔总航程RLS及横向机动航程Rss的近似关系：
再入,is_a,速度,DOC002,1989,如果将航天飞机再入的无动力滑翔飞行近似为水平滑翔，即弹道倾角θ≈0，并假设航天飞机不消耗燃料，且不考虑重力加速度随高度的变化，并进一步假设滑翔是在恒定升阻比K的条件下进行的，为了使以第一字舱速度在空问作近地轨道运行的轨道器沿滑一条梯圆轨道进入大气层进行平衡滑翔，并采取制动措施使之达到30m/s的减速效果，可以获得滑翔飞行的总时间tgs，滑翔总航程RLS及横向机动航程Rss的近似关系：
再入,is_a,高度,DOC002,1989,如果将航天飞机再入的无动力滑翔飞行近似为水平滑翔，即弹道倾角θ≈0，并假设航天飞机不消耗燃料，且不考虑重力加速度随高度的变化，并进一步假设滑翔是在恒定升阻比K的条件下进行的，为了使以第一字舱速度在空问作近地轨道运行的轨道器沿滑一条梯圆轨道进入大气层进行平衡滑翔，并采取制动措施使之达到30m/s的减速效果，可以获得滑翔飞行的总时间tgs，滑翔总航程RLS及横向机动航程Rss的近似关系：
再入,is_a,的变化,DOC002,1989,如果将航天飞机再入的无动力滑翔飞行近似为水平滑翔，即弹道倾角θ≈0，并假设航天飞机不消耗燃料，且不考虑重力加速度随高度的变化，并进一步假设滑翔是在恒定升阻比K的条件下进行的，为了使以第一字舱速度在空问作近地轨道运行的轨道器沿滑一条梯圆轨道进入大气层进行平衡滑翔，并采取制动措施使之达到30m/s的减速效果，可以获得滑翔飞行的总时间tgs，滑翔总航程RLS及横向机动航程Rss的近似关系：
再入,is_a,进一步,DOC002,1989,如果将航天飞机再入的无动力滑翔飞行近似为水平滑翔，即弹道倾角θ≈0，并假设航天飞机不消耗燃料，且不考虑重力加速度随高度的变化，并进一步假设滑翔是在恒定升阻比K的条件下进行的，为了使以第一字舱速度在空问作近地轨道运行的轨道器沿滑一条梯圆轨道进入大气层进行平衡滑翔，并采取制动措施使之达到30m/s的减速效果，可以获得滑翔飞行的总时间tgs，滑翔总航程RLS及横向机动航程Rss的近似关系：
再入,is_a,升阻比,DOC002,1989,如果将航天飞机再入的无动力滑翔飞行近似为水平滑翔，即弹道倾角θ≈0，并假设航天飞机不消耗燃料，且不考虑重力加速度随高度的变化，并进一步假设滑翔是在恒定升阻比K的条件下进行的，为了使以第一字舱速度在空问作近地轨道运行的轨道器沿滑一条梯圆轨道进入大气层进行平衡滑翔，并采取制动措施使之达到30m/s的减速效果，可以获得滑翔飞行的总时间tgs，滑翔总航程RLS及横向机动航程Rss的近似关系：
再入,is_a,条件,DOC002,1989,如果将航天飞机再入的无动力滑翔飞行近似为水平滑翔，即弹道倾角θ≈0，并假设航天飞机不消耗燃料，且不考虑重力加速度随高度的变化，并进一步假设滑翔是在恒定升阻比K的条件下进行的，为了使以第一字舱速度在空问作近地轨道运行的轨道器沿滑一条梯圆轨道进入大气层进行平衡滑翔，并采取制动措施使之达到30m/s的减速效果，可以获得滑翔飞行的总时间tgs，滑翔总航程RLS及横向机动航程Rss的近似关系：
再入,is_a,为了,DOC002,1989,如果将航天飞机再入的无动力滑翔飞行近似为水平滑翔，即弹道倾角θ≈0，并假设航天飞机不消耗燃料，且不考虑重力加速度随高度的变化，并进一步假设滑翔是在恒定升阻比K的条件下进行的，为了使以第一字舱速度在空问作近地轨道运行的轨道器沿滑一条梯圆轨道进入大气层进行平衡滑翔，并采取制动措施使之达到30m/s的减速效果，可以获得滑翔飞行的总时间tgs，滑翔总航程RLS及横向机动航程Rss的近似关系：
动力,is_a,弹道倾角,DOC002,1989,如果将航天飞机再入的无动力滑翔飞行近似为水平滑翔，即弹道倾角θ≈0，并假设航天飞机不消耗燃料，且不考虑重力加速度随高度的变化，并进一步假设滑翔是在恒定升阻比K的条件下进行的，为了使以第一字舱速度在空问作近地轨道运行的轨道器沿滑一条梯圆轨道进入大气层进行平衡滑翔，并采取制动措施使之达到30m/s的减速效果，可以获得滑翔飞行的总时间tgs，滑翔总航程RLS及横向机动航程Rss的近似关系：
动力,is_a,假设,DOC002,1989,如果将航天飞机再入的无动力滑翔飞行近似为水平滑翔，即弹道倾角θ≈0，并假设航天飞机不消耗燃料，且不考虑重力加速度随高度的变化，并进一步假设滑翔是在恒定升阻比K的条件下进行的，为了使以第一字舱速度在空问作近地轨道运行的轨道器沿滑一条梯圆轨道进入大气层进行平衡滑翔，并采取制动措施使之达到30m/s的减速效果，可以获得滑翔飞行的总时间tgs，滑翔总航程RLS及横向机动航程Rss的近似关系：
动力,is_a,重力,DOC002,1989,如果将航天飞机再入的无动力滑翔飞行近似为水平滑翔，即弹道倾角θ≈0，并假设航天飞机不消耗燃料，且不考虑重力加速度随高度的变化，并进一步假设滑翔是在恒定升阻比K的条件下进行的，为了使以第一字舱速度在空问作近地轨道运行的轨道器沿滑一条梯圆轨道进入大气层进行平衡滑翔，并采取制动措施使之达到30m/s的减速效果，可以获得滑翔飞行的总时间tgs，滑翔总航程RLS及横向机动航程Rss的近似关系：
动力,is_a,速度,DOC002,1989,如果将航天飞机再入的无动力滑翔飞行近似为水平滑翔，即弹道倾角θ≈0，并假设航天飞机不消耗燃料，且不考虑重力加速度随高度的变化，并进一步假设滑翔是在恒定升阻比K的条件下进行的，为了使以第一字舱速度在空问作近地轨道运行的轨道器沿滑一条梯圆轨道进入大气层进行平衡滑翔，并采取制动措施使之达到30m/s的减速效果，可以获得滑翔飞行的总时间tgs，滑翔总航程RLS及横向机动航程Rss的近似关系：
动力,is_a,高度,DOC002,1989,如果将航天飞机再入的无动力滑翔飞行近似为水平滑翔，即弹道倾角θ≈0，并假设航天飞机不消耗燃料，且不考虑重力加速度随高度的变化，并进一步假设滑翔是在恒定升阻比K的条件下进行的，为了使以第一字舱速度在空问作近地轨道运行的轨道器沿滑一条梯圆轨道进入大气层进行平衡滑翔，并采取制动措施使之达到30m/s的减速效果，可以获得滑翔飞行的总时间tgs，滑翔总航程RLS及横向机动航程Rss的近似关系：
动力,is_a,的变化,DOC002,1989,如果将航天飞机再入的无动力滑翔飞行近似为水平滑翔，即弹道倾角θ≈0，并假设航天飞机不消耗燃料，且不考虑重力加速度随高度的变化，并进一步假设滑翔是在恒定升阻比K的条件下进行的，为了使以第一字舱速度在空问作近地轨道运行的轨道器沿滑一条梯圆轨道进入大气层进行平衡滑翔，并采取制动措施使之达到30m/s的减速效果，可以获得滑翔飞行的总时间tgs，滑翔总航程RLS及横向机动航程Rss的近似关系：
动力,is_a,进一步,DOC002,1989,如果将航天飞机再入的无动力滑翔飞行近似为水平滑翔，即弹道倾角θ≈0，并假设航天飞机不消耗燃料，且不考虑重力加速度随高度的变化，并进一步假设滑翔是在恒定升阻比K的条件下进行的，为了使以第一字舱速度在空问作近地轨道运行的轨道器沿滑一条梯圆轨道进入大气层进行平衡滑翔，并采取制动措施使之达到30m/s的减速效果，可以获得滑翔飞行的总时间tgs，滑翔总航程RLS及横向机动航程Rss的近似关系：
动力,is_a,升阻比,DOC002,1989,如果将航天飞机再入的无动力滑翔飞行近似为水平滑翔，即弹道倾角θ≈0，并假设航天飞机不消耗燃料，且不考虑重力加速度随高度的变化，并进一步假设滑翔是在恒定升阻比K的条件下进行的，为了使以第一字舱速度在空问作近地轨道运行的轨道器沿滑一条梯圆轨道进入大气层进行平衡滑翔，并采取制动措施使之达到30m/s的减速效果，可以获得滑翔飞行的总时间tgs，滑翔总航程RLS及横向机动航程Rss的近似关系：
动力,is_a,条件,DOC002,1989,如果将航天飞机再入的无动力滑翔飞行近似为水平滑翔，即弹道倾角θ≈0，并假设航天飞机不消耗燃料，且不考虑重力加速度随高度的变化，并进一步假设滑翔是在恒定升阻比K的条件下进行的，为了使以第一字舱速度在空问作近地轨道运行的轨道器沿滑一条梯圆轨道进入大气层进行平衡滑翔，并采取制动措施使之达到30m/s的减速效果，可以获得滑翔飞行的总时间tgs，滑翔总航程RLS及横向机动航程Rss的近似关系：
动力,is_a,为了,DOC002,1989,如果将航天飞机再入的无动力滑翔飞行近似为水平滑翔，即弹道倾角θ≈0，并假设航天飞机不消耗燃料，且不考虑重力加速度随高度的变化，并进一步假设滑翔是在恒定升阻比K的条件下进行的，为了使以第一字舱速度在空问作近地轨道运行的轨道器沿滑一条梯圆轨道进入大气层进行平衡滑翔，并采取制动措施使之达到30m/s的减速效果，可以获得滑翔飞行的总时间tgs，滑翔总航程RLS及横向机动航程Rss的近似关系：
动力,is_a,第一,DOC002,1989,如果将航天飞机再入的无动力滑翔飞行近似为水平滑翔，即弹道倾角θ≈0，并假设航天飞机不消耗燃料，且不考虑重力加速度随高度的变化，并进一步假设滑翔是在恒定升阻比K的条件下进行的，为了使以第一字舱速度在空问作近地轨道运行的轨道器沿滑一条梯圆轨道进入大气层进行平衡滑翔，并采取制动措施使之达到30m/s的减速效果，可以获得滑翔飞行的总时间tgs，滑翔总航程RLS及横向机动航程Rss的近似关系：
滑翔,is_a,弹道倾角,DOC002,1989,如果将航天飞机再入的无动力滑翔飞行近似为水平滑翔，即弹道倾角θ≈0，并假设航天飞机不消耗燃料，且不考虑重力加速度随高度的变化，并进一步假设滑翔是在恒定升阻比K的条件下进行的，为了使以第一字舱速度在空问作近地轨道运行的轨道器沿滑一条梯圆轨道进入大气层进行平衡滑翔，并采取制动措施使之达到30m/s的减速效果，可以获得滑翔飞行的总时间tgs，滑翔总航程RLS及横向机动航程Rss的近似关系：
滑翔,is_a,假设,DOC002,1989,如果将航天飞机再入的无动力滑翔飞行近似为水平滑翔，即弹道倾角θ≈0，并假设航天飞机不消耗燃料，且不考虑重力加速度随高度的变化，并进一步假设滑翔是在恒定升阻比K的条件下进行的，为了使以第一字舱速度在空问作近地轨道运行的轨道器沿滑一条梯圆轨道进入大气层进行平衡滑翔，并采取制动措施使之达到30m/s的减速效果，可以获得滑翔飞行的总时间tgs，滑翔总航程RLS及横向机动航程Rss的近似关系：
滑翔,is_a,重力,DOC002,1989,如果将航天飞机再入的无动力滑翔飞行近似为水平滑翔，即弹道倾角θ≈0，并假设航天飞机不消耗燃料，且不考虑重力加速度随高度的变化，并进一步假设滑翔是在恒定升阻比K的条件下进行的，为了使以第一字舱速度在空问作近地轨道运行的轨道器沿滑一条梯圆轨道进入大气层进行平衡滑翔，并采取制动措施使之达到30m/s的减速效果，可以获得滑翔飞行的总时间tgs，滑翔总航程RLS及横向机动航程Rss的近似关系：
滑翔,is_a,速度,DOC002,1989,如果将航天飞机再入的无动力滑翔飞行近似为水平滑翔，即弹道倾角θ≈0，并假设航天飞机不消耗燃料，且不考虑重力加速度随高度的变化，并进一步假设滑翔是在恒定升阻比K的条件下进行的，为了使以第一字舱速度在空问作近地轨道运行的轨道器沿滑一条梯圆轨道进入大气层进行平衡滑翔，并采取制动措施使之达到30m/s的减速效果，可以获得滑翔飞行的总时间tgs，滑翔总航程RLS及横向机动航程Rss的近似关系：
滑翔,is_a,高度,DOC002,1989,如果将航天飞机再入的无动力滑翔飞行近似为水平滑翔，即弹道倾角θ≈0，并假设航天飞机不消耗燃料，且不考虑重力加速度随高度的变化，并进一步假设滑翔是在恒定升阻比K的条件下进行的，为了使以第一字舱速度在空问作近地轨道运行的轨道器沿滑一条梯圆轨道进入大气层进行平衡滑翔，并采取制动措施使之达到30m/s的减速效果，可以获得滑翔飞行的总时间tgs，滑翔总航程RLS及横向机动航程Rss的近似关系：
滑翔,is_a,的变化,DOC002,1989,如果将航天飞机再入的无动力滑翔飞行近似为水平滑翔，即弹道倾角θ≈0，并假设航天飞机不消耗燃料，且不考虑重力加速度随高度的变化，并进一步假设滑翔是在恒定升阻比K的条件下进行的，为了使以第一字舱速度在空问作近地轨道运行的轨道器沿滑一条梯圆轨道进入大气层进行平衡滑翔，并采取制动措施使之达到30m/s的减速效果，可以获得滑翔飞行的总时间tgs，滑翔总航程RLS及横向机动航程Rss的近似关系：
滑翔,is_a,进一步,DOC002,1989,如果将航天飞机再入的无动力滑翔飞行近似为水平滑翔，即弹道倾角θ≈0，并假设航天飞机不消耗燃料，且不考虑重力加速度随高度的变化，并进一步假设滑翔是在恒定升阻比K的条件下进行的，为了使以第一字舱速度在空问作近地轨道运行的轨道器沿滑一条梯圆轨道进入大气层进行平衡滑翔，并采取制动措施使之达到30m/s的减速效果，可以获得滑翔飞行的总时间tgs，滑翔总航程RLS及横向机动航程Rss的近似关系：
滑翔,is_a,升阻比,DOC002,1989,如果将航天飞机再入的无动力滑翔飞行近似为水平滑翔，即弹道倾角θ≈0，并假设航天飞机不消耗燃料，且不考虑重力加速度随高度的变化，并进一步假设滑翔是在恒定升阻比K的条件下进行的，为了使以第一字舱速度在空问作近地轨道运行的轨道器沿滑一条梯圆轨道进入大气层进行平衡滑翔，并采取制动措施使之达到30m/s的减速效果，可以获得滑翔飞行的总时间tgs，滑翔总航程RLS及横向机动航程Rss的近似关系：
滑翔,is_a,条件,DOC002,1989,如果将航天飞机再入的无动力滑翔飞行近似为水平滑翔，即弹道倾角θ≈0，并假设航天飞机不消耗燃料，且不考虑重力加速度随高度的变化，并进一步假设滑翔是在恒定升阻比K的条件下进行的，为了使以第一字舱速度在空问作近地轨道运行的轨道器沿滑一条梯圆轨道进入大气层进行平衡滑翔，并采取制动措施使之达到30m/s的减速效果，可以获得滑翔飞行的总时间tgs，滑翔总航程RLS及横向机动航程Rss的近似关系：
滑翔,is_a,为了,DOC002,1989,如果将航天飞机再入的无动力滑翔飞行近似为水平滑翔，即弹道倾角θ≈0，并假设航天飞机不消耗燃料，且不考虑重力加速度随高度的变化，并进一步假设滑翔是在恒定升阻比K的条件下进行的，为了使以第一字舱速度在空问作近地轨道运行的轨道器沿滑一条梯圆轨道进入大气层进行平衡滑翔，并采取制动措施使之达到30m/s的减速效果，可以获得滑翔飞行的总时间tgs，滑翔总航程RLS及横向机动航程Rss的近似关系：
滑翔,is_a,第一,DOC002,1989,如果将航天飞机再入的无动力滑翔飞行近似为水平滑翔，即弹道倾角θ≈0，并假设航天飞机不消耗燃料，且不考虑重力加速度随高度的变化，并进一步假设滑翔是在恒定升阻比K的条件下进行的，为了使以第一字舱速度在空问作近地轨道运行的轨道器沿滑一条梯圆轨道进入大气层进行平衡滑翔，并采取制动措施使之达到30m/s的减速效果，可以获得滑翔飞行的总时间tgs，滑翔总航程RLS及横向机动航程Rss的近似关系：
飞行,is_a,弹道倾角,DOC002,1989,如果将航天飞机再入的无动力滑翔飞行近似为水平滑翔，即弹道倾角θ≈0，并假设航天飞机不消耗燃料，且不考虑重力加速度随高度的变化，并进一步假设滑翔是在恒定升阻比K的条件下进行的，为了使以第一字舱速度在空问作近地轨道运行的轨道器沿滑一条梯圆轨道进入大气层进行平衡滑翔，并采取制动措施使之达到30m/s的减速效果，可以获得滑翔飞行的总时间tgs，滑翔总航程RLS及横向机动航程Rss的近似关系：
飞行,is_a,假设,DOC002,1989,如果将航天飞机再入的无动力滑翔飞行近似为水平滑翔，即弹道倾角θ≈0，并假设航天飞机不消耗燃料，且不考虑重力加速度随高度的变化，并进一步假设滑翔是在恒定升阻比K的条件下进行的，为了使以第一字舱速度在空问作近地轨道运行的轨道器沿滑一条梯圆轨道进入大气层进行平衡滑翔，并采取制动措施使之达到30m/s的减速效果，可以获得滑翔飞行的总时间tgs，滑翔总航程RLS及横向机动航程Rss的近似关系：
飞行,is_a,重力,DOC002,1989,如果将航天飞机再入的无动力滑翔飞行近似为水平滑翔，即弹道倾角θ≈0，并假设航天飞机不消耗燃料，且不考虑重力加速度随高度的变化，并进一步假设滑翔是在恒定升阻比K的条件下进行的，为了使以第一字舱速度在空问作近地轨道运行的轨道器沿滑一条梯圆轨道进入大气层进行平衡滑翔，并采取制动措施使之达到30m/s的减速效果，可以获得滑翔飞行的总时间tgs，滑翔总航程RLS及横向机动航程Rss的近似关系：
飞行,is_a,速度,DOC002,1989,如果将航天飞机再入的无动力滑翔飞行近似为水平滑翔，即弹道倾角θ≈0，并假设航天飞机不消耗燃料，且不考虑重力加速度随高度的变化，并进一步假设滑翔是在恒定升阻比K的条件下进行的，为了使以第一字舱速度在空问作近地轨道运行的轨道器沿滑一条梯圆轨道进入大气层进行平衡滑翔，并采取制动措施使之达到30m/s的减速效果，可以获得滑翔飞行的总时间tgs，滑翔总航程RLS及横向机动航程Rss的近似关系：
飞行,is_a,高度,DOC002,1989,如果将航天飞机再入的无动力滑翔飞行近似为水平滑翔，即弹道倾角θ≈0，并假设航天飞机不消耗燃料，且不考虑重力加速度随高度的变化，并进一步假设滑翔是在恒定升阻比K的条件下进行的，为了使以第一字舱速度在空问作近地轨道运行的轨道器沿滑一条梯圆轨道进入大气层进行平衡滑翔，并采取制动措施使之达到30m/s的减速效果，可以获得滑翔飞行的总时间tgs，滑翔总航程RLS及横向机动航程Rss的近似关系：
飞行,is_a,的变化,DOC002,1989,如果将航天飞机再入的无动力滑翔飞行近似为水平滑翔，即弹道倾角θ≈0，并假设航天飞机不消耗燃料，且不考虑重力加速度随高度的变化，并进一步假设滑翔是在恒定升阻比K的条件下进行的，为了使以第一字舱速度在空问作近地轨道运行的轨道器沿滑一条梯圆轨道进入大气层进行平衡滑翔，并采取制动措施使之达到30m/s的减速效果，可以获得滑翔飞行的总时间tgs，滑翔总航程RLS及横向机动航程Rss的近似关系：
飞行,is_a,进一步,DOC002,1989,如果将航天飞机再入的无动力滑翔飞行近似为水平滑翔，即弹道倾角θ≈0，并假设航天飞机不消耗燃料，且不考虑重力加速度随高度的变化，并进一步假设滑翔是在恒定升阻比K的条件下进行的，为了使以第一字舱速度在空问作近地轨道运行的轨道器沿滑一条梯圆轨道进入大气层进行平衡滑翔，并采取制动措施使之达到30m/s的减速效果，可以获得滑翔飞行的总时间tgs，滑翔总航程RLS及横向机动航程Rss的近似关系：
飞行,is_a,升阻比,DOC002,1989,如果将航天飞机再入的无动力滑翔飞行近似为水平滑翔，即弹道倾角θ≈0，并假设航天飞机不消耗燃料，且不考虑重力加速度随高度的变化，并进一步假设滑翔是在恒定升阻比K的条件下进行的，为了使以第一字舱速度在空问作近地轨道运行的轨道器沿滑一条梯圆轨道进入大气层进行平衡滑翔，并采取制动措施使之达到30m/s的减速效果，可以获得滑翔飞行的总时间tgs，滑翔总航程RLS及横向机动航程Rss的近似关系：
飞行,is_a,条件,DOC002,1989,如果将航天飞机再入的无动力滑翔飞行近似为水平滑翔，即弹道倾角θ≈0，并假设航天飞机不消耗燃料，且不考虑重力加速度随高度的变化，并进一步假设滑翔是在恒定升阻比K的条件下进行的，为了使以第一字舱速度在空问作近地轨道运行的轨道器沿滑一条梯圆轨道进入大气层进行平衡滑翔，并采取制动措施使之达到30m/s的减速效果，可以获得滑翔飞行的总时间tgs，滑翔总航程RLS及横向机动航程Rss的近似关系：
飞行,is_a,为了,DOC002,1989,如果将航天飞机再入的无动力滑翔飞行近似为水平滑翔，即弹道倾角θ≈0，并假设航天飞机不消耗燃料，且不考虑重力加速度随高度的变化，并进一步假设滑翔是在恒定升阻比K的条件下进行的，为了使以第一字舱速度在空问作近地轨道运行的轨道器沿滑一条梯圆轨道进入大气层进行平衡滑翔，并采取制动措施使之达到30m/s的减速效果，可以获得滑翔飞行的总时间tgs，滑翔总航程RLS及横向机动航程Rss的近似关系：
飞行,is_a,第一,DOC002,1989,如果将航天飞机再入的无动力滑翔飞行近似为水平滑翔，即弹道倾角θ≈0，并假设航天飞机不消耗燃料，且不考虑重力加速度随高度的变化，并进一步假设滑翔是在恒定升阻比K的条件下进行的，为了使以第一字舱速度在空问作近地轨道运行的轨道器沿滑一条梯圆轨道进入大气层进行平衡滑翔，并采取制动措施使之达到30m/s的减速效果，可以获得滑翔飞行的总时间tgs，滑翔总航程RLS及横向机动航程Rss的近似关系：
水平,is_a,弹道倾角,DOC002,1989,如果将航天飞机再入的无动力滑翔飞行近似为水平滑翔，即弹道倾角θ≈0，并假设航天飞机不消耗燃料，且不考虑重力加速度随高度的变化，并进一步假设滑翔是在恒定升阻比K的条件下进行的，为了使以第一字舱速度在空问作近地轨道运行的轨道器沿滑一条梯圆轨道进入大气层进行平衡滑翔，并采取制动措施使之达到30m/s的减速效果，可以获得滑翔飞行的总时间tgs，滑翔总航程RLS及横向机动航程Rss的近似关系：
水平,is_a,假设,DOC002,1989,如果将航天飞机再入的无动力滑翔飞行近似为水平滑翔，即弹道倾角θ≈0，并假设航天飞机不消耗燃料，且不考虑重力加速度随高度的变化，并进一步假设滑翔是在恒定升阻比K的条件下进行的，为了使以第一字舱速度在空问作近地轨道运行的轨道器沿滑一条梯圆轨道进入大气层进行平衡滑翔，并采取制动措施使之达到30m/s的减速效果，可以获得滑翔飞行的总时间tgs，滑翔总航程RLS及横向机动航程Rss的近似关系：
水平,is_a,重力,DOC002,1989,如果将航天飞机再入的无动力滑翔飞行近似为水平滑翔，即弹道倾角θ≈0，并假设航天飞机不消耗燃料，且不考虑重力加速度随高度的变化，并进一步假设滑翔是在恒定升阻比K的条件下进行的，为了使以第一字舱速度在空问作近地轨道运行的轨道器沿滑一条梯圆轨道进入大气层进行平衡滑翔，并采取制动措施使之达到30m/s的减速效果，可以获得滑翔飞行的总时间tgs，滑翔总航程RLS及横向机动航程Rss的近似关系：
水平,is_a,速度,DOC002,1989,如果将航天飞机再入的无动力滑翔飞行近似为水平滑翔，即弹道倾角θ≈0，并假设航天飞机不消耗燃料，且不考虑重力加速度随高度的变化，并进一步假设滑翔是在恒定升阻比K的条件下进行的，为了使以第一字舱速度在空问作近地轨道运行的轨道器沿滑一条梯圆轨道进入大气层进行平衡滑翔，并采取制动措施使之达到30m/s的减速效果，可以获得滑翔飞行的总时间tgs，滑翔总航程RLS及横向机动航程Rss的近似关系：
水平,is_a,高度,DOC002,1989,如果将航天飞机再入的无动力滑翔飞行近似为水平滑翔，即弹道倾角θ≈0，并假设航天飞机不消耗燃料，且不考虑重力加速度随高度的变化，并进一步假设滑翔是在恒定升阻比K的条件下进行的，为了使以第一字舱速度在空问作近地轨道运行的轨道器沿滑一条梯圆轨道进入大气层进行平衡滑翔，并采取制动措施使之达到30m/s的减速效果，可以获得滑翔飞行的总时间tgs，滑翔总航程RLS及横向机动航程Rss的近似关系：
水平,is_a,的变化,DOC002,1989,如果将航天飞机再入的无动力滑翔飞行近似为水平滑翔，即弹道倾角θ≈0，并假设航天飞机不消耗燃料，且不考虑重力加速度随高度的变化，并进一步假设滑翔是在恒定升阻比K的条件下进行的，为了使以第一字舱速度在空问作近地轨道运行的轨道器沿滑一条梯圆轨道进入大气层进行平衡滑翔，并采取制动措施使之达到30m/s的减速效果，可以获得滑翔飞行的总时间tgs，滑翔总航程RLS及横向机动航程Rss的近似关系：
水平,is_a,进一步,DOC002,1989,如果将航天飞机再入的无动力滑翔飞行近似为水平滑翔，即弹道倾角θ≈0，并假设航天飞机不消耗燃料，且不考虑重力加速度随高度的变化，并进一步假设滑翔是在恒定升阻比K的条件下进行的，为了使以第一字舱速度在空问作近地轨道运行的轨道器沿滑一条梯圆轨道进入大气层进行平衡滑翔，并采取制动措施使之达到30m/s的减速效果，可以获得滑翔飞行的总时间tgs，滑翔总航程RLS及横向机动航程Rss的近似关系：
水平,is_a,升阻比,DOC002,1989,如果将航天飞机再入的无动力滑翔飞行近似为水平滑翔，即弹道倾角θ≈0，并假设航天飞机不消耗燃料，且不考虑重力加速度随高度的变化，并进一步假设滑翔是在恒定升阻比K的条件下进行的，为了使以第一字舱速度在空问作近地轨道运行的轨道器沿滑一条梯圆轨道进入大气层进行平衡滑翔，并采取制动措施使之达到30m/s的减速效果，可以获得滑翔飞行的总时间tgs，滑翔总航程RLS及横向机动航程Rss的近似关系：
水平,is_a,条件,DOC002,1989,如果将航天飞机再入的无动力滑翔飞行近似为水平滑翔，即弹道倾角θ≈0，并假设航天飞机不消耗燃料，且不考虑重力加速度随高度的变化，并进一步假设滑翔是在恒定升阻比K的条件下进行的，为了使以第一字舱速度在空问作近地轨道运行的轨道器沿滑一条梯圆轨道进入大气层进行平衡滑翔，并采取制动措施使之达到30m/s的减速效果，可以获得滑翔飞行的总时间tgs，滑翔总航程RLS及横向机动航程Rss的近似关系：
水平,is_a,为了,DOC002,1989,如果将航天飞机再入的无动力滑翔飞行近似为水平滑翔，即弹道倾角θ≈0，并假设航天飞机不消耗燃料，且不考虑重力加速度随高度的变化，并进一步假设滑翔是在恒定升阻比K的条件下进行的，为了使以第一字舱速度在空问作近地轨道运行的轨道器沿滑一条梯圆轨道进入大气层进行平衡滑翔，并采取制动措施使之达到30m/s的减速效果，可以获得滑翔飞行的总时间tgs，滑翔总航程RLS及横向机动航程Rss的近似关系：
水平,is_a,第一,DOC002,1989,如果将航天飞机再入的无动力滑翔飞行近似为水平滑翔，即弹道倾角θ≈0，并假设航天飞机不消耗燃料，且不考虑重力加速度随高度的变化，并进一步假设滑翔是在恒定升阻比K的条件下进行的，为了使以第一字舱速度在空问作近地轨道运行的轨道器沿滑一条梯圆轨道进入大气层进行平衡滑翔，并采取制动措施使之达到30m/s的减速效果，可以获得滑翔飞行的总时间tgs，滑翔总航程RLS及横向机动航程Rss的近似关系：
目标,is_a,比较,DOC002,2036,规定 一项工程设计的目标以及对设计目标提出合理的要求，即提出建立合理的最优设计模型是比较困难而且重要的工作，优化设计模型是否合理将直接影响最优设计的效果。
目标,is_a,而且,DOC002,2036,规定 一项工程设计的目标以及对设计目标提出合理的要求，即提出建立合理的最优设计模型是比较困难而且重要的工作，优化设计模型是否合理将直接影响最优设计的效果。
目标,is_a,工作,DOC002,2036,规定 一项工程设计的目标以及对设计目标提出合理的要求，即提出建立合理的最优设计模型是比较困难而且重要的工作，优化设计模型是否合理将直接影响最优设计的效果。
的要求,is_a,比较,DOC002,2036,规定 一项工程设计的目标以及对设计目标提出合理的要求，即提出建立合理的最优设计模型是比较困难而且重要的工作，优化设计模型是否合理将直接影响最优设计的效果。
的要求,is_a,而且,DOC002,2036,规定 一项工程设计的目标以及对设计目标提出合理的要求，即提出建立合理的最优设计模型是比较困难而且重要的工作，优化设计模型是否合理将直接影响最优设计的效果。
的要求,is_a,工作,DOC002,2036,规定 一项工程设计的目标以及对设计目标提出合理的要求，即提出建立合理的最优设计模型是比较困难而且重要的工作，优化设计模型是否合理将直接影响最优设计的效果。
特点,is_a,系数,DOC002,2067,加权目标方法是工程设计中最常采用的多目标优化方法，其主要特点是简单明了了加权目标和方法的基本思想是：首先根据具体问题的设计要求，确定各个优化设计目标函数的重要性，并按重要性的程度给定每个设计目标的偏置信息，即权系数，经加权后
简单,is_a,系数,DOC002,2067,加权目标方法是工程设计中最常采用的多目标优化方法，其主要特点是简单明了了加权目标和方法的基本思想是：首先根据具体问题的设计要求，确定各个优化设计目标函数的重要性，并按重要性的程度给定每个设计目标的偏置信息，即权系数，经加权后
首先,is_a,系数,DOC002,2067,加权目标方法是工程设计中最常采用的多目标优化方法，其主要特点是简单明了了加权目标和方法的基本思想是：首先根据具体问题的设计要求，确定各个优化设计目标函数的重要性，并按重要性的程度给定每个设计目标的偏置信息，即权系数，经加权后
根据,is_a,系数,DOC002,2067,加权目标方法是工程设计中最常采用的多目标优化方法，其主要特点是简单明了了加权目标和方法的基本思想是：首先根据具体问题的设计要求，确定各个优化设计目标函数的重要性，并按重要性的程度给定每个设计目标的偏置信息，即权系数，经加权后
设计要求,is_a,系数,DOC002,2067,加权目标方法是工程设计中最常采用的多目标优化方法，其主要特点是简单明了了加权目标和方法的基本思想是：首先根据具体问题的设计要求，确定各个优化设计目标函数的重要性，并按重要性的程度给定每个设计目标的偏置信息，即权系数，经加权后
确定,is_a,系数,DOC002,2067,加权目标方法是工程设计中最常采用的多目标优化方法，其主要特点是简单明了了加权目标和方法的基本思想是：首先根据具体问题的设计要求，确定各个优化设计目标函数的重要性，并按重要性的程度给定每个设计目标的偏置信息，即权系数，经加权后
函数,is_a,系数,DOC002,2067,加权目标方法是工程设计中最常采用的多目标优化方法，其主要特点是简单明了了加权目标和方法的基本思想是：首先根据具体问题的设计要求，确定各个优化设计目标函数的重要性，并按重要性的程度给定每个设计目标的偏置信息，即权系数，经加权后
相比,is_a,可用,DOC002,2083,与传统的优化方法相比，遗传算法是一类可用于复杂系统优化计算的智能搜索算法。
相比,is_a,智能,DOC002,2083,与传统的优化方法相比，遗传算法是一类可用于复杂系统优化计算的智能搜索算法。
相比,is_a,算法,DOC002,2083,与传统的优化方法相比，遗传算法是一类可用于复杂系统优化计算的智能搜索算法。
遗传算法,is_a,可用,DOC002,2083,与传统的优化方法相比，遗传算法是一类可用于复杂系统优化计算的智能搜索算法。
遗传算法,is_a,智能,DOC002,2083,与传统的优化方法相比，遗传算法是一类可用于复杂系统优化计算的智能搜索算法。
遗传算法,is_a,算法,DOC002,2083,与传统的优化方法相比，遗传算法是一类可用于复杂系统优化计算的智能搜索算法。
一般地,part_of,飞机,DOC002,2134,一般地，使所看的性能指标都同时得到优化是不现实的，因此，在飞机器的优化设计中，就必须全面综合地考虑各个飞行性能指标对气动布局的要求，使各主要性能指标同时得到一定程度的优化，而同时对其它指标严重恶化，或者使其他几个性能指标在可以接受的范围内作较小的牺牲，来大幅度提高其他性能指标的优化。
形状,part_of,机身,DOC002,2144,"横截面形状是机身设计的关键之一,利用平面斜切圆锥获得的二次曲线可以构造圆、椭圆、抛物线及双曲线,快速简便且清晰地构造各种二次曲线类型等于是航天飞机机身的截面形状。"
平面,part_of,航天飞机,DOC002,2144,"横截面形状是机身设计的关键之一,利用平面斜切圆锥获得的二次曲线可以构造圆、椭圆、抛物线及双曲线,快速简便且清晰地构造各种二次曲线类型等于是航天飞机机身的截面形状。"
获得,part_of,航天飞机,DOC002,2144,"横截面形状是机身设计的关键之一,利用平面斜切圆锥获得的二次曲线可以构造圆、椭圆、抛物线及双曲线,快速简便且清晰地构造各种二次曲线类型等于是航天飞机机身的截面形状。"
曲线,part_of,航天飞机,DOC002,2144,"横截面形状是机身设计的关键之一,利用平面斜切圆锥获得的二次曲线可以构造圆、椭圆、抛物线及双曲线,快速简便且清晰地构造各种二次曲线类型等于是航天飞机机身的截面形状。"
椭圆,part_of,航天飞机,DOC002,2144,"横截面形状是机身设计的关键之一,利用平面斜切圆锥获得的二次曲线可以构造圆、椭圆、抛物线及双曲线,快速简便且清晰地构造各种二次曲线类型等于是航天飞机机身的截面形状。"
抛物线,part_of,航天飞机,DOC002,2144,"横截面形状是机身设计的关键之一,利用平面斜切圆锥获得的二次曲线可以构造圆、椭圆、抛物线及双曲线,快速简便且清晰地构造各种二次曲线类型等于是航天飞机机身的截面形状。"
快速,part_of,航天飞机,DOC002,2144,"横截面形状是机身设计的关键之一,利用平面斜切圆锥获得的二次曲线可以构造圆、椭圆、抛物线及双曲线,快速简便且清晰地构造各种二次曲线类型等于是航天飞机机身的截面形状。"
对于,is_a,公式,DOC002,2493,对于未出现严重分离的情况，由于边界层粘性效应，其压缩挤角的压力分布可视为等横压缩，为此提出了较为合理的控制翼的压力分布计算公式。
分离,is_a,公式,DOC002,2493,对于未出现严重分离的情况，由于边界层粘性效应，其压缩挤角的压力分布可视为等横压缩，为此提出了较为合理的控制翼的压力分布计算公式。
的情况,is_a,公式,DOC002,2493,对于未出现严重分离的情况，由于边界层粘性效应，其压缩挤角的压力分布可视为等横压缩，为此提出了较为合理的控制翼的压力分布计算公式。
压力,is_a,公式,DOC002,2493,对于未出现严重分离的情况，由于边界层粘性效应，其压缩挤角的压力分布可视为等横压缩，为此提出了较为合理的控制翼的压力分布计算公式。
分布,is_a,公式,DOC002,2493,对于未出现严重分离的情况，由于边界层粘性效应，其压缩挤角的压力分布可视为等横压缩，为此提出了较为合理的控制翼的压力分布计算公式。
机身,is_a,力矩,DOC002,2689,"x_cg、y_cg、z_cg为机身质心坐标, 即力矩中心;"
质心,is_a,力矩,DOC002,2689,"x_cg、y_cg、z_cg为机身质心坐标, 即力矩中心;"
坐标,is_a,力矩,DOC002,2689,"x_cg、y_cg、z_cg为机身质心坐标, 即力矩中心;"
参数,is_a,可得到,DOC002,2806,有转角时棱翼的几何参数的坐标，通过坐标变换即可得到转动后的几何参数。
参数,is_a,转动,DOC002,2806,有转角时棱翼的几何参数的坐标，通过坐标变换即可得到转动后的几何参数。
坐标,is_a,可得到,DOC002,2806,有转角时棱翼的几何参数的坐标，通过坐标变换即可得到转动后的几何参数。
坐标,is_a,转动,DOC002,2806,有转角时棱翼的几何参数的坐标，通过坐标变换即可得到转动后的几何参数。
航天飞机,has_component,发动机,DOC002,2808,航天飞机再入后，在降落和着陆过程中，飞行控制由发动机、尾舵、机身棱翼和副翼来实现。
航天飞机,has_component,机身,DOC002,2808,航天飞机再入后，在降落和着陆过程中，飞行控制由发动机、尾舵、机身棱翼和副翼来实现。
航天飞机,has_component,副翼,DOC002,2808,航天飞机再入后，在降落和着陆过程中，飞行控制由发动机、尾舵、机身棱翼和副翼来实现。
航天飞机,has_component,升阻比,DOC002,2822,型航天飞机机外形的气动功特性，包括升力、阻力、升阻比、俯仰力
航天飞机,has_component,俯仰,DOC002,2822,型航天飞机机外形的气动功特性，包括升力、阻力、升阻比、俯仰力
的情况下,is_a,稳定,DOC002,2889,控制面有偏转角的情况下俯仰力矩系数对攻角的导数仍然大于0，这说明质心大于0.65是一种静不稳定的，不存在静稳定的配平点。
俯仰力矩系数,is_a,稳定,DOC002,2889,控制面有偏转角的情况下俯仰力矩系数对攻角的导数仍然大于0，这说明质心大于0.65是一种静不稳定的，不存在静稳定的配平点。
攻角,is_a,稳定,DOC002,2889,控制面有偏转角的情况下俯仰力矩系数对攻角的导数仍然大于0，这说明质心大于0.65是一种静不稳定的，不存在静稳定的配平点。
的导数,is_a,稳定,DOC002,2889,控制面有偏转角的情况下俯仰力矩系数对攻角的导数仍然大于0，这说明质心大于0.65是一种静不稳定的，不存在静稳定的配平点。
说明,is_a,稳定,DOC002,2889,控制面有偏转角的情况下俯仰力矩系数对攻角的导数仍然大于0，这说明质心大于0.65是一种静不稳定的，不存在静稳定的配平点。
质心,is_a,稳定,DOC002,2889,控制面有偏转角的情况下俯仰力矩系数对攻角的导数仍然大于0，这说明质心大于0.65是一种静不稳定的，不存在静稳定的配平点。
作用,part_of,飞行器,DOC002,2903,喷流控制适用于全球域和全空域，具有响应快、效率高等特点，利用喷流的反作用力是控制飞行器飞行姿态的有效手段之一，然后喷流与飞行器流场的相互干扰十分复杂，准确地获得喷流干扰气动力非常困难，至今仍没有从理论上给出对流工下游的分离特性和定性定量规律。
作用,part_of,分离,DOC002,2903,喷流控制适用于全球域和全空域，具有响应快、效率高等特点，利用喷流的反作用力是控制飞行器飞行姿态的有效手段之一，然后喷流与飞行器流场的相互干扰十分复杂，准确地获得喷流干扰气动力非常困难，至今仍没有从理论上给出对流工下游的分离特性和定性定量规律。
航天飞机,uses_method,分离,DOC002,3010,当喷口直径与当地航天飞机机身直径相比较小时，可以利用当地的平板假设并利用口形状的尺度因子获得机身上的三维分离形状。
机身,uses_method,分离,DOC002,3010,当喷口直径与当地航天飞机机身直径相比较小时，可以利用当地的平板假设并利用口形状的尺度因子获得机身上的三维分离形状。
试验,is_a,作用,DOC002,3032,试验表明，分离流使物面压力分布改变，使上游的压力增高，接近常数，呈现平台状，即平台压力 \(p_p\)，或秤作用第一峰值压力；
试验,is_a,第一,DOC002,3032,试验表明，分离流使物面压力分布改变，使上游的压力增高，接近常数，呈现平台状，即平台压力 \(p_p\)，或秤作用第一峰值压力；
分离,is_a,作用,DOC002,3032,试验表明，分离流使物面压力分布改变，使上游的压力增高，接近常数，呈现平台状，即平台压力 \(p_p\)，或秤作用第一峰值压力；
分离,is_a,第一,DOC002,3032,试验表明，分离流使物面压力分布改变，使上游的压力增高，接近常数，呈现平台状，即平台压力 \(p_p\)，或秤作用第一峰值压力；
压力,is_a,作用,DOC002,3032,试验表明，分离流使物面压力分布改变，使上游的压力增高，接近常数，呈现平台状，即平台压力 \(p_p\)，或秤作用第一峰值压力；
压力,is_a,第一,DOC002,3032,试验表明，分离流使物面压力分布改变，使上游的压力增高，接近常数，呈现平台状，即平台压力 \(p_p\)，或秤作用第一峰值压力；
分布,is_a,作用,DOC002,3032,试验表明，分离流使物面压力分布改变，使上游的压力增高，接近常数，呈现平台状，即平台压力 \(p_p\)，或秤作用第一峰值压力；
分布,is_a,第一,DOC002,3032,试验表明，分离流使物面压力分布改变，使上游的压力增高，接近常数，呈现平台状，即平台压力 \(p_p\)，或秤作用第一峰值压力；
常数,is_a,作用,DOC002,3032,试验表明，分离流使物面压力分布改变，使上游的压力增高，接近常数，呈现平台状，即平台压力 \(p_p\)，或秤作用第一峰值压力；
常数,is_a,第一,DOC002,3032,试验表明，分离流使物面压力分布改变，使上游的压力增高，接近常数，呈现平台状，即平台压力 \(p_p\)，或秤作用第一峰值压力；
根据,is_a,获得,DOC002,3054,根据划分的面元进行气动力积分，即可以获得有喷流的气动力系数。
根据,is_a,系数,DOC002,3054,根据划分的面元进行气动力积分，即可以获得有喷流的气动力系数。
气动力,is_a,获得,DOC002,3054,根据划分的面元进行气动力积分，即可以获得有喷流的气动力系数。
气动力,is_a,系数,DOC002,3054,根据划分的面元进行气动力积分，即可以获得有喷流的气动力系数。
积分,is_a,获得,DOC002,3054,根据划分的面元进行气动力积分，即可以获得有喷流的气动力系数。
积分,is_a,系数,DOC002,3054,根据划分的面元进行气动力积分，即可以获得有喷流的气动力系数。
气动力,is_a,公式,DOC002,3134,当地物面而远已与的气动力系数只依赖于来流和当地性质，如当地攻角、当地的表面作用等当地连续流和当地自由分子流系数之间的间隙即一大的稀薄过渡流区域可以用牛猛弱的当地桥公式光滑搭接起来。
系数,is_a,公式,DOC002,3134,当地物面而远已与的气动力系数只依赖于来流和当地性质，如当地攻角、当地的表面作用等当地连续流和当地自由分子流系数之间的间隙即一大的稀薄过渡流区域可以用牛猛弱的当地桥公式光滑搭接起来。
攻角,is_a,公式,DOC002,3134,当地物面而远已与的气动力系数只依赖于来流和当地性质，如当地攻角、当地的表面作用等当地连续流和当地自由分子流系数之间的间隙即一大的稀薄过渡流区域可以用牛猛弱的当地桥公式光滑搭接起来。
作用,is_a,公式,DOC002,3134,当地物面而远已与的气动力系数只依赖于来流和当地性质，如当地攻角、当地的表面作用等当地连续流和当地自由分子流系数之间的间隙即一大的稀薄过渡流区域可以用牛猛弱的当地桥公式光滑搭接起来。
连续,is_a,公式,DOC002,3134,当地物面而远已与的气动力系数只依赖于来流和当地性质，如当地攻角、当地的表面作用等当地连续流和当地自由分子流系数之间的间隙即一大的稀薄过渡流区域可以用牛猛弱的当地桥公式光滑搭接起来。
之间,is_a,公式,DOC002,3134,当地物面而远已与的气动力系数只依赖于来流和当地性质，如当地攻角、当地的表面作用等当地连续流和当地自由分子流系数之间的间隙即一大的稀薄过渡流区域可以用牛猛弱的当地桥公式光滑搭接起来。
而在,is_a,函数,DOC002,3152,而在过渡流区需要给出一个新的函数 Fb（即所函数），并近地接近连续流函数 Fcont 和自由分子流函数 Ffm。
而在,is_a,连续,DOC002,3152,而在过渡流区需要给出一个新的函数 Fb（即所函数），并近地接近连续流函数 Fcont 和自由分子流函数 Ffm。
需要,is_a,函数,DOC002,3152,而在过渡流区需要给出一个新的函数 Fb（即所函数），并近地接近连续流函数 Fcont 和自由分子流函数 Ffm。
需要,is_a,连续,DOC002,3152,而在过渡流区需要给出一个新的函数 Fb（即所函数），并近地接近连续流函数 Fcont 和自由分子流函数 Ffm。
给出,is_a,函数,DOC002,3152,而在过渡流区需要给出一个新的函数 Fb（即所函数），并近地接近连续流函数 Fcont 和自由分子流函数 Ffm。
给出,is_a,连续,DOC002,3152,而在过渡流区需要给出一个新的函数 Fb（即所函数），并近地接近连续流函数 Fcont 和自由分子流函数 Ffm。
的函数,is_a,函数,DOC002,3152,而在过渡流区需要给出一个新的函数 Fb（即所函数），并近地接近连续流函数 Fcont 和自由分子流函数 Ffm。
的函数,is_a,连续,DOC002,3152,而在过渡流区需要给出一个新的函数 Fb（即所函数），并近地接近连续流函数 Fcont 和自由分子流函数 Ffm。
假设,is_a,发射,DOC002,3264,其余的σ分效的分子假设作“漫散式”反射，即分子从物面上发射出去是按宏观速度为零的Maxwellian速度分布的，分布所对应的温度一定是物面温度T_w。
假设,is_a,速度,DOC002,3264,其余的σ分效的分子假设作“漫散式”反射，即分子从物面上发射出去是按宏观速度为零的Maxwellian速度分布的，分布所对应的温度一定是物面温度T_w。
假设,is_a,为零,DOC002,3264,其余的σ分效的分子假设作“漫散式”反射，即分子从物面上发射出去是按宏观速度为零的Maxwellian速度分布的，分布所对应的温度一定是物面温度T_w。
假设,is_a,分布,DOC002,3264,其余的σ分效的分子假设作“漫散式”反射，即分子从物面上发射出去是按宏观速度为零的Maxwellian速度分布的，分布所对应的温度一定是物面温度T_w。
假设,is_a,对应的,DOC002,3264,其余的σ分效的分子假设作“漫散式”反射，即分子从物面上发射出去是按宏观速度为零的Maxwellian速度分布的，分布所对应的温度一定是物面温度T_w。
为了,is_a,部分,DOC002,3267,为了求解法向和切向动量传递影响，假设一个数学发射模型，即分为两部分系数σ‘，σ，其定义为
为了,is_a,系数,DOC002,3267,为了求解法向和切向动量传递影响，假设一个数学发射模型，即分为两部分系数σ‘，σ，其定义为
为了,is_a,定义为,DOC002,3267,为了求解法向和切向动量传递影响，假设一个数学发射模型，即分为两部分系数σ‘，σ，其定义为
求解,is_a,部分,DOC002,3267,为了求解法向和切向动量传递影响，假设一个数学发射模型，即分为两部分系数σ‘，σ，其定义为
求解,is_a,系数,DOC002,3267,为了求解法向和切向动量传递影响，假设一个数学发射模型，即分为两部分系数σ‘，σ，其定义为
求解,is_a,定义为,DOC002,3267,为了求解法向和切向动量传递影响，假设一个数学发射模型，即分为两部分系数σ‘，σ，其定义为
假设,is_a,部分,DOC002,3267,为了求解法向和切向动量传递影响，假设一个数学发射模型，即分为两部分系数σ‘，σ，其定义为
假设,is_a,系数,DOC002,3267,为了求解法向和切向动量传递影响，假设一个数学发射模型，即分为两部分系数σ‘，σ，其定义为
假设,is_a,定义为,DOC002,3267,为了求解法向和切向动量传递影响，假设一个数学发射模型，即分为两部分系数σ‘，σ，其定义为
发射,is_a,部分,DOC002,3267,为了求解法向和切向动量传递影响，假设一个数学发射模型，即分为两部分系数σ‘，σ，其定义为
发射,is_a,系数,DOC002,3267,为了求解法向和切向动量传递影响，假设一个数学发射模型，即分为两部分系数σ‘，σ，其定义为
发射,is_a,定义为,DOC002,3267,为了求解法向和切向动量传递影响，假设一个数学发射模型，即分为两部分系数σ‘，σ，其定义为
飞行器,is_a,坐标,DOC002,3452,通过飞行器体轴系和速度坐标系（即风轴系）间的坐标转捩，可得到飞行器所受到的整体气动阻力、侧向力、升力，无重约化即得到整体飞行器的阻力系数、侧向力系数、升力系数[82-84]（具体计算方法见4.3节）。
飞行器,is_a,可得到,DOC002,3452,通过飞行器体轴系和速度坐标系（即风轴系）间的坐标转捩，可得到飞行器所受到的整体气动阻力、侧向力、升力，无重约化即得到整体飞行器的阻力系数、侧向力系数、升力系数[82-84]（具体计算方法见4.3节）。
飞行器,is_a,气动,DOC002,3452,通过飞行器体轴系和速度坐标系（即风轴系）间的坐标转捩，可得到飞行器所受到的整体气动阻力、侧向力、升力，无重约化即得到整体飞行器的阻力系数、侧向力系数、升力系数[82-84]（具体计算方法见4.3节）。
飞行器,is_a,阻力,DOC002,3452,通过飞行器体轴系和速度坐标系（即风轴系）间的坐标转捩，可得到飞行器所受到的整体气动阻力、侧向力、升力，无重约化即得到整体飞行器的阻力系数、侧向力系数、升力系数[82-84]（具体计算方法见4.3节）。
飞行器,is_a,侧向力,DOC002,3452,通过飞行器体轴系和速度坐标系（即风轴系）间的坐标转捩，可得到飞行器所受到的整体气动阻力、侧向力、升力，无重约化即得到整体飞行器的阻力系数、侧向力系数、升力系数[82-84]（具体计算方法见4.3节）。
飞行器,is_a,升力,DOC002,3452,通过飞行器体轴系和速度坐标系（即风轴系）间的坐标转捩，可得到飞行器所受到的整体气动阻力、侧向力、升力，无重约化即得到整体飞行器的阻力系数、侧向力系数、升力系数[82-84]（具体计算方法见4.3节）。
飞行器,is_a,即得,DOC002,3452,通过飞行器体轴系和速度坐标系（即风轴系）间的坐标转捩，可得到飞行器所受到的整体气动阻力、侧向力、升力，无重约化即得到整体飞行器的阻力系数、侧向力系数、升力系数[82-84]（具体计算方法见4.3节）。
飞行器,is_a,阻力系数,DOC002,3452,通过飞行器体轴系和速度坐标系（即风轴系）间的坐标转捩，可得到飞行器所受到的整体气动阻力、侧向力、升力，无重约化即得到整体飞行器的阻力系数、侧向力系数、升力系数[82-84]（具体计算方法见4.3节）。
飞行器,is_a,侧向力系数,DOC002,3452,通过飞行器体轴系和速度坐标系（即风轴系）间的坐标转捩，可得到飞行器所受到的整体气动阻力、侧向力、升力，无重约化即得到整体飞行器的阻力系数、侧向力系数、升力系数[82-84]（具体计算方法见4.3节）。
飞行器,is_a,升力系数,DOC002,3452,通过飞行器体轴系和速度坐标系（即风轴系）间的坐标转捩，可得到飞行器所受到的整体气动阻力、侧向力、升力，无重约化即得到整体飞行器的阻力系数、侧向力系数、升力系数[82-84]（具体计算方法见4.3节）。
速度坐标系,is_a,坐标,DOC002,3452,通过飞行器体轴系和速度坐标系（即风轴系）间的坐标转捩，可得到飞行器所受到的整体气动阻力、侧向力、升力，无重约化即得到整体飞行器的阻力系数、侧向力系数、升力系数[82-84]（具体计算方法见4.3节）。
速度坐标系,is_a,可得到,DOC002,3452,通过飞行器体轴系和速度坐标系（即风轴系）间的坐标转捩，可得到飞行器所受到的整体气动阻力、侧向力、升力，无重约化即得到整体飞行器的阻力系数、侧向力系数、升力系数[82-84]（具体计算方法见4.3节）。
速度坐标系,is_a,气动,DOC002,3452,通过飞行器体轴系和速度坐标系（即风轴系）间的坐标转捩，可得到飞行器所受到的整体气动阻力、侧向力、升力，无重约化即得到整体飞行器的阻力系数、侧向力系数、升力系数[82-84]（具体计算方法见4.3节）。
速度坐标系,is_a,阻力,DOC002,3452,通过飞行器体轴系和速度坐标系（即风轴系）间的坐标转捩，可得到飞行器所受到的整体气动阻力、侧向力、升力，无重约化即得到整体飞行器的阻力系数、侧向力系数、升力系数[82-84]（具体计算方法见4.3节）。
速度坐标系,is_a,侧向力,DOC002,3452,通过飞行器体轴系和速度坐标系（即风轴系）间的坐标转捩，可得到飞行器所受到的整体气动阻力、侧向力、升力，无重约化即得到整体飞行器的阻力系数、侧向力系数、升力系数[82-84]（具体计算方法见4.3节）。
速度坐标系,is_a,升力,DOC002,3452,通过飞行器体轴系和速度坐标系（即风轴系）间的坐标转捩，可得到飞行器所受到的整体气动阻力、侧向力、升力，无重约化即得到整体飞行器的阻力系数、侧向力系数、升力系数[82-84]（具体计算方法见4.3节）。
速度坐标系,is_a,即得,DOC002,3452,通过飞行器体轴系和速度坐标系（即风轴系）间的坐标转捩，可得到飞行器所受到的整体气动阻力、侧向力、升力，无重约化即得到整体飞行器的阻力系数、侧向力系数、升力系数[82-84]（具体计算方法见4.3节）。
速度坐标系,is_a,阻力系数,DOC002,3452,通过飞行器体轴系和速度坐标系（即风轴系）间的坐标转捩，可得到飞行器所受到的整体气动阻力、侧向力、升力，无重约化即得到整体飞行器的阻力系数、侧向力系数、升力系数[82-84]（具体计算方法见4.3节）。
速度坐标系,is_a,侧向力系数,DOC002,3452,通过飞行器体轴系和速度坐标系（即风轴系）间的坐标转捩，可得到飞行器所受到的整体气动阻力、侧向力、升力，无重约化即得到整体飞行器的阻力系数、侧向力系数、升力系数[82-84]（具体计算方法见4.3节）。
速度坐标系,is_a,升力系数,DOC002,3452,通过飞行器体轴系和速度坐标系（即风轴系）间的坐标转捩，可得到飞行器所受到的整体气动阻力、侧向力、升力，无重约化即得到整体飞行器的阻力系数、侧向力系数、升力系数[82-84]（具体计算方法见4.3节）。
速度坐标系,is_a,计算方法,DOC002,3452,通过飞行器体轴系和速度坐标系（即风轴系）间的坐标转捩，可得到飞行器所受到的整体气动阻力、侧向力、升力，无重约化即得到整体飞行器的阻力系数、侧向力系数、升力系数[82-84]（具体计算方法见4.3节）。
坐标,is_a,阻力系数,DOC002,3452,通过飞行器体轴系和速度坐标系（即风轴系）间的坐标转捩，可得到飞行器所受到的整体气动阻力、侧向力、升力，无重约化即得到整体飞行器的阻力系数、侧向力系数、升力系数[82-84]（具体计算方法见4.3节）。
坐标,is_a,侧向力系数,DOC002,3452,通过飞行器体轴系和速度坐标系（即风轴系）间的坐标转捩，可得到飞行器所受到的整体气动阻力、侧向力、升力，无重约化即得到整体飞行器的阻力系数、侧向力系数、升力系数[82-84]（具体计算方法见4.3节）。
坐标,is_a,升力系数,DOC002,3452,通过飞行器体轴系和速度坐标系（即风轴系）间的坐标转捩，可得到飞行器所受到的整体气动阻力、侧向力、升力，无重约化即得到整体飞行器的阻力系数、侧向力系数、升力系数[82-84]（具体计算方法见4.3节）。
坐标,is_a,计算方法,DOC002,3452,通过飞行器体轴系和速度坐标系（即风轴系）间的坐标转捩，可得到飞行器所受到的整体气动阻力、侧向力、升力，无重约化即得到整体飞行器的阻力系数、侧向力系数、升力系数[82-84]（具体计算方法见4.3节）。
可得到,is_a,阻力系数,DOC002,3452,通过飞行器体轴系和速度坐标系（即风轴系）间的坐标转捩，可得到飞行器所受到的整体气动阻力、侧向力、升力，无重约化即得到整体飞行器的阻力系数、侧向力系数、升力系数[82-84]（具体计算方法见4.3节）。
可得到,is_a,侧向力系数,DOC002,3452,通过飞行器体轴系和速度坐标系（即风轴系）间的坐标转捩，可得到飞行器所受到的整体气动阻力、侧向力、升力，无重约化即得到整体飞行器的阻力系数、侧向力系数、升力系数[82-84]（具体计算方法见4.3节）。
可得到,is_a,升力系数,DOC002,3452,通过飞行器体轴系和速度坐标系（即风轴系）间的坐标转捩，可得到飞行器所受到的整体气动阻力、侧向力、升力，无重约化即得到整体飞行器的阻力系数、侧向力系数、升力系数[82-84]（具体计算方法见4.3节）。
可得到,is_a,计算方法,DOC002,3452,通过飞行器体轴系和速度坐标系（即风轴系）间的坐标转捩，可得到飞行器所受到的整体气动阻力、侧向力、升力，无重约化即得到整体飞行器的阻力系数、侧向力系数、升力系数[82-84]（具体计算方法见4.3节）。
气动,is_a,阻力系数,DOC002,3452,通过飞行器体轴系和速度坐标系（即风轴系）间的坐标转捩，可得到飞行器所受到的整体气动阻力、侧向力、升力，无重约化即得到整体飞行器的阻力系数、侧向力系数、升力系数[82-84]（具体计算方法见4.3节）。
气动,is_a,侧向力系数,DOC002,3452,通过飞行器体轴系和速度坐标系（即风轴系）间的坐标转捩，可得到飞行器所受到的整体气动阻力、侧向力、升力，无重约化即得到整体飞行器的阻力系数、侧向力系数、升力系数[82-84]（具体计算方法见4.3节）。
气动,is_a,升力系数,DOC002,3452,通过飞行器体轴系和速度坐标系（即风轴系）间的坐标转捩，可得到飞行器所受到的整体气动阻力、侧向力、升力，无重约化即得到整体飞行器的阻力系数、侧向力系数、升力系数[82-84]（具体计算方法见4.3节）。
气动,is_a,计算方法,DOC002,3452,通过飞行器体轴系和速度坐标系（即风轴系）间的坐标转捩，可得到飞行器所受到的整体气动阻力、侧向力、升力，无重约化即得到整体飞行器的阻力系数、侧向力系数、升力系数[82-84]（具体计算方法见4.3节）。
阻力,is_a,阻力系数,DOC002,3452,通过飞行器体轴系和速度坐标系（即风轴系）间的坐标转捩，可得到飞行器所受到的整体气动阻力、侧向力、升力，无重约化即得到整体飞行器的阻力系数、侧向力系数、升力系数[82-84]（具体计算方法见4.3节）。
阻力,is_a,侧向力系数,DOC002,3452,通过飞行器体轴系和速度坐标系（即风轴系）间的坐标转捩，可得到飞行器所受到的整体气动阻力、侧向力、升力，无重约化即得到整体飞行器的阻力系数、侧向力系数、升力系数[82-84]（具体计算方法见4.3节）。
阻力,is_a,升力系数,DOC002,3452,通过飞行器体轴系和速度坐标系（即风轴系）间的坐标转捩，可得到飞行器所受到的整体气动阻力、侧向力、升力，无重约化即得到整体飞行器的阻力系数、侧向力系数、升力系数[82-84]（具体计算方法见4.3节）。
阻力,is_a,计算方法,DOC002,3452,通过飞行器体轴系和速度坐标系（即风轴系）间的坐标转捩，可得到飞行器所受到的整体气动阻力、侧向力、升力，无重约化即得到整体飞行器的阻力系数、侧向力系数、升力系数[82-84]（具体计算方法见4.3节）。
侧向力,is_a,阻力系数,DOC002,3452,通过飞行器体轴系和速度坐标系（即风轴系）间的坐标转捩，可得到飞行器所受到的整体气动阻力、侧向力、升力，无重约化即得到整体飞行器的阻力系数、侧向力系数、升力系数[82-84]（具体计算方法见4.3节）。
侧向力,is_a,侧向力系数,DOC002,3452,通过飞行器体轴系和速度坐标系（即风轴系）间的坐标转捩，可得到飞行器所受到的整体气动阻力、侧向力、升力，无重约化即得到整体飞行器的阻力系数、侧向力系数、升力系数[82-84]（具体计算方法见4.3节）。
侧向力,is_a,升力系数,DOC002,3452,通过飞行器体轴系和速度坐标系（即风轴系）间的坐标转捩，可得到飞行器所受到的整体气动阻力、侧向力、升力，无重约化即得到整体飞行器的阻力系数、侧向力系数、升力系数[82-84]（具体计算方法见4.3节）。
侧向力,is_a,计算方法,DOC002,3452,通过飞行器体轴系和速度坐标系（即风轴系）间的坐标转捩，可得到飞行器所受到的整体气动阻力、侧向力、升力，无重约化即得到整体飞行器的阻力系数、侧向力系数、升力系数[82-84]（具体计算方法见4.3节）。
升力,is_a,阻力系数,DOC002,3452,通过飞行器体轴系和速度坐标系（即风轴系）间的坐标转捩，可得到飞行器所受到的整体气动阻力、侧向力、升力，无重约化即得到整体飞行器的阻力系数、侧向力系数、升力系数[82-84]（具体计算方法见4.3节）。
升力,is_a,侧向力系数,DOC002,3452,通过飞行器体轴系和速度坐标系（即风轴系）间的坐标转捩，可得到飞行器所受到的整体气动阻力、侧向力、升力，无重约化即得到整体飞行器的阻力系数、侧向力系数、升力系数[82-84]（具体计算方法见4.3节）。
升力,is_a,升力系数,DOC002,3452,通过飞行器体轴系和速度坐标系（即风轴系）间的坐标转捩，可得到飞行器所受到的整体气动阻力、侧向力、升力，无重约化即得到整体飞行器的阻力系数、侧向力系数、升力系数[82-84]（具体计算方法见4.3节）。
升力,is_a,计算方法,DOC002,3452,通过飞行器体轴系和速度坐标系（即风轴系）间的坐标转捩，可得到飞行器所受到的整体气动阻力、侧向力、升力，无重约化即得到整体飞行器的阻力系数、侧向力系数、升力系数[82-84]（具体计算方法见4.3节）。
高超声速,part_of,飞机,DOC002,3468,"高超声速稀薄气体气动力工程计算方法是快速有效的,能用来分析各种因素对所大飞机气动特性的影响。"
气动力,part_of,飞机,DOC002,3468,"高超声速稀薄气体气动力工程计算方法是快速有效的,能用来分析各种因素对所大飞机气动特性的影响。"
计算方法,part_of,飞机,DOC002,3468,"高超声速稀薄气体气动力工程计算方法是快速有效的,能用来分析各种因素对所大飞机气动特性的影响。"
气动特性,part_of,航天飞机,DOC002,3574,预测其气动特性是航天飞机研制中的一项困难课题。
高超声速,is_a,根据,DOC002,3593,目前，高超声速飞行器流场中的激波通常用激波捕捉法处理，即根据在固定网格中的流场参数（如压力、密度）的间断情况下来确定激波的位置。
高超声速,is_a,固定,DOC002,3593,目前，高超声速飞行器流场中的激波通常用激波捕捉法处理，即根据在固定网格中的流场参数（如压力、密度）的间断情况下来确定激波的位置。
高超声速,is_a,参数,DOC002,3593,目前，高超声速飞行器流场中的激波通常用激波捕捉法处理，即根据在固定网格中的流场参数（如压力、密度）的间断情况下来确定激波的位置。
高超声速,is_a,压力,DOC002,3593,目前，高超声速飞行器流场中的激波通常用激波捕捉法处理，即根据在固定网格中的流场参数（如压力、密度）的间断情况下来确定激波的位置。
高超声速,is_a,密度,DOC002,3593,目前，高超声速飞行器流场中的激波通常用激波捕捉法处理，即根据在固定网格中的流场参数（如压力、密度）的间断情况下来确定激波的位置。
高超声速,is_a,情况下,DOC002,3593,目前，高超声速飞行器流场中的激波通常用激波捕捉法处理，即根据在固定网格中的流场参数（如压力、密度）的间断情况下来确定激波的位置。
高超声速,is_a,来确定,DOC002,3593,目前，高超声速飞行器流场中的激波通常用激波捕捉法处理，即根据在固定网格中的流场参数（如压力、密度）的间断情况下来确定激波的位置。
高超声速,is_a,位置,DOC002,3593,目前，高超声速飞行器流场中的激波通常用激波捕捉法处理，即根据在固定网格中的流场参数（如压力、密度）的间断情况下来确定激波的位置。
飞行器,is_a,根据,DOC002,3593,目前，高超声速飞行器流场中的激波通常用激波捕捉法处理，即根据在固定网格中的流场参数（如压力、密度）的间断情况下来确定激波的位置。
飞行器,is_a,固定,DOC002,3593,目前，高超声速飞行器流场中的激波通常用激波捕捉法处理，即根据在固定网格中的流场参数（如压力、密度）的间断情况下来确定激波的位置。
飞行器,is_a,参数,DOC002,3593,目前，高超声速飞行器流场中的激波通常用激波捕捉法处理，即根据在固定网格中的流场参数（如压力、密度）的间断情况下来确定激波的位置。
飞行器,is_a,压力,DOC002,3593,目前，高超声速飞行器流场中的激波通常用激波捕捉法处理，即根据在固定网格中的流场参数（如压力、密度）的间断情况下来确定激波的位置。
飞行器,is_a,密度,DOC002,3593,目前，高超声速飞行器流场中的激波通常用激波捕捉法处理，即根据在固定网格中的流场参数（如压力、密度）的间断情况下来确定激波的位置。
飞行器,is_a,情况下,DOC002,3593,目前，高超声速飞行器流场中的激波通常用激波捕捉法处理，即根据在固定网格中的流场参数（如压力、密度）的间断情况下来确定激波的位置。
飞行器,is_a,来确定,DOC002,3593,目前，高超声速飞行器流场中的激波通常用激波捕捉法处理，即根据在固定网格中的流场参数（如压力、密度）的间断情况下来确定激波的位置。
飞行器,is_a,位置,DOC002,3593,目前，高超声速飞行器流场中的激波通常用激波捕捉法处理，即根据在固定网格中的流场参数（如压力、密度）的间断情况下来确定激波的位置。
中的,is_a,根据,DOC002,3593,目前，高超声速飞行器流场中的激波通常用激波捕捉法处理，即根据在固定网格中的流场参数（如压力、密度）的间断情况下来确定激波的位置。
中的,is_a,固定,DOC002,3593,目前，高超声速飞行器流场中的激波通常用激波捕捉法处理，即根据在固定网格中的流场参数（如压力、密度）的间断情况下来确定激波的位置。
中的,is_a,参数,DOC002,3593,目前，高超声速飞行器流场中的激波通常用激波捕捉法处理，即根据在固定网格中的流场参数（如压力、密度）的间断情况下来确定激波的位置。
中的,is_a,压力,DOC002,3593,目前，高超声速飞行器流场中的激波通常用激波捕捉法处理，即根据在固定网格中的流场参数（如压力、密度）的间断情况下来确定激波的位置。
中的,is_a,密度,DOC002,3593,目前，高超声速飞行器流场中的激波通常用激波捕捉法处理，即根据在固定网格中的流场参数（如压力、密度）的间断情况下来确定激波的位置。
中的,is_a,情况下,DOC002,3593,目前，高超声速飞行器流场中的激波通常用激波捕捉法处理，即根据在固定网格中的流场参数（如压力、密度）的间断情况下来确定激波的位置。
中的,is_a,来确定,DOC002,3593,目前，高超声速飞行器流场中的激波通常用激波捕捉法处理，即根据在固定网格中的流场参数（如压力、密度）的间断情况下来确定激波的位置。
中的,is_a,位置,DOC002,3593,目前，高超声速飞行器流场中的激波通常用激波捕捉法处理，即根据在固定网格中的流场参数（如压力、密度）的间断情况下来确定激波的位置。
激波,is_a,根据,DOC002,3593,目前，高超声速飞行器流场中的激波通常用激波捕捉法处理，即根据在固定网格中的流场参数（如压力、密度）的间断情况下来确定激波的位置。
激波,is_a,固定,DOC002,3593,目前，高超声速飞行器流场中的激波通常用激波捕捉法处理，即根据在固定网格中的流场参数（如压力、密度）的间断情况下来确定激波的位置。
激波,is_a,参数,DOC002,3593,目前，高超声速飞行器流场中的激波通常用激波捕捉法处理，即根据在固定网格中的流场参数（如压力、密度）的间断情况下来确定激波的位置。
激波,is_a,压力,DOC002,3593,目前，高超声速飞行器流场中的激波通常用激波捕捉法处理，即根据在固定网格中的流场参数（如压力、密度）的间断情况下来确定激波的位置。
激波,is_a,密度,DOC002,3593,目前，高超声速飞行器流场中的激波通常用激波捕捉法处理，即根据在固定网格中的流场参数（如压力、密度）的间断情况下来确定激波的位置。
激波,is_a,情况下,DOC002,3593,目前，高超声速飞行器流场中的激波通常用激波捕捉法处理，即根据在固定网格中的流场参数（如压力、密度）的间断情况下来确定激波的位置。
激波,is_a,来确定,DOC002,3593,目前，高超声速飞行器流场中的激波通常用激波捕捉法处理，即根据在固定网格中的流场参数（如压力、密度）的间断情况下来确定激波的位置。
激波,is_a,位置,DOC002,3593,目前，高超声速飞行器流场中的激波通常用激波捕捉法处理，即根据在固定网格中的流场参数（如压力、密度）的间断情况下来确定激波的位置。
通常,is_a,根据,DOC002,3593,目前，高超声速飞行器流场中的激波通常用激波捕捉法处理，即根据在固定网格中的流场参数（如压力、密度）的间断情况下来确定激波的位置。
通常,is_a,固定,DOC002,3593,目前，高超声速飞行器流场中的激波通常用激波捕捉法处理，即根据在固定网格中的流场参数（如压力、密度）的间断情况下来确定激波的位置。
通常,is_a,参数,DOC002,3593,目前，高超声速飞行器流场中的激波通常用激波捕捉法处理，即根据在固定网格中的流场参数（如压力、密度）的间断情况下来确定激波的位置。
通常,is_a,压力,DOC002,3593,目前，高超声速飞行器流场中的激波通常用激波捕捉法处理，即根据在固定网格中的流场参数（如压力、密度）的间断情况下来确定激波的位置。
通常,is_a,密度,DOC002,3593,目前，高超声速飞行器流场中的激波通常用激波捕捉法处理，即根据在固定网格中的流场参数（如压力、密度）的间断情况下来确定激波的位置。
通常,is_a,情况下,DOC002,3593,目前，高超声速飞行器流场中的激波通常用激波捕捉法处理，即根据在固定网格中的流场参数（如压力、密度）的间断情况下来确定激波的位置。
通常,is_a,来确定,DOC002,3593,目前，高超声速飞行器流场中的激波通常用激波捕捉法处理，即根据在固定网格中的流场参数（如压力、密度）的间断情况下来确定激波的位置。
通常,is_a,位置,DOC002,3593,目前，高超声速飞行器流场中的激波通常用激波捕捉法处理，即根据在固定网格中的流场参数（如压力、密度）的间断情况下来确定激波的位置。
因而,is_a,解为,DOC002,3658,"由于初始间断一般不满足凡问联系, 因而不稳定, 在 t > 0 后初始间断立即解为若干相间断关系的间断(激波和交换间断)及中心平面波, 因此黎曼问题也称为初始间断的分解问题。"
因而,is_a,关系,DOC002,3658,"由于初始间断一般不满足凡问联系, 因而不稳定, 在 t > 0 后初始间断立即解为若干相间断关系的间断(激波和交换间断)及中心平面波, 因此黎曼问题也称为初始间断的分解问题。"
因而,is_a,激波,DOC002,3658,"由于初始间断一般不满足凡问联系, 因而不稳定, 在 t > 0 后初始间断立即解为若干相间断关系的间断(激波和交换间断)及中心平面波, 因此黎曼问题也称为初始间断的分解问题。"
因而,is_a,平面,DOC002,3658,"由于初始间断一般不满足凡问联系, 因而不稳定, 在 t > 0 后初始间断立即解为若干相间断关系的间断(激波和交换间断)及中心平面波, 因此黎曼问题也称为初始间断的分解问题。"
因而,is_a,称为,DOC002,3658,"由于初始间断一般不满足凡问联系, 因而不稳定, 在 t > 0 后初始间断立即解为若干相间断关系的间断(激波和交换间断)及中心平面波, 因此黎曼问题也称为初始间断的分解问题。"
稳定,is_a,解为,DOC002,3658,"由于初始间断一般不满足凡问联系, 因而不稳定, 在 t > 0 后初始间断立即解为若干相间断关系的间断(激波和交换间断)及中心平面波, 因此黎曼问题也称为初始间断的分解问题。"
稳定,is_a,关系,DOC002,3658,"由于初始间断一般不满足凡问联系, 因而不稳定, 在 t > 0 后初始间断立即解为若干相间断关系的间断(激波和交换间断)及中心平面波, 因此黎曼问题也称为初始间断的分解问题。"
稳定,is_a,激波,DOC002,3658,"由于初始间断一般不满足凡问联系, 因而不稳定, 在 t > 0 后初始间断立即解为若干相间断关系的间断(激波和交换间断)及中心平面波, 因此黎曼问题也称为初始间断的分解问题。"
稳定,is_a,平面,DOC002,3658,"由于初始间断一般不满足凡问联系, 因而不稳定, 在 t > 0 后初始间断立即解为若干相间断关系的间断(激波和交换间断)及中心平面波, 因此黎曼问题也称为初始间断的分解问题。"
稳定,is_a,称为,DOC002,3658,"由于初始间断一般不满足凡问联系, 因而不稳定, 在 t > 0 后初始间断立即解为若干相间断关系的间断(激波和交换间断)及中心平面波, 因此黎曼问题也称为初始间断的分解问题。"
流动,is_a,求解,DOC002,3715,"假设每个单元体内流动量为常量，且为单元体内流动量的平均值，此时各单元体界面两侧流动量存在一系列间断，如果直接取界面两侧单元体中心点的流动量（即单元体内平均流动量）为初值求解复杂问题得到界面上的流动量p_0,p_0,u_0,v_0,w_0,并以此确定界面上通量，则方法为一阶精度方法。"
坐标系,is_a,流动,DOC002,3756,z)坐标系中的速度，即可求界面上的流动量P_RU_VU_VW。
的速度,is_a,流动,DOC002,3756,z)坐标系中的速度，即可求界面上的流动量P_RU_VU_VW。
0°,is_a,流动,DOC002,3813,"当来流倾角β=0°时，因流场相对子午面φ=0°～180°对称，因此,此计算区仅取半场，即φ=0°～180°区域,此时对称面上各点的流动量满足对称条件。"
0°,is_a,条件,DOC002,3813,"当来流倾角β=0°时，因流场相对子午面φ=0°～180°对称，因此,此计算区仅取半场，即φ=0°～180°区域,此时对称面上各点的流动量满足对称条件。"
相对,is_a,流动,DOC002,3813,"当来流倾角β=0°时，因流场相对子午面φ=0°～180°对称，因此,此计算区仅取半场，即φ=0°～180°区域,此时对称面上各点的流动量满足对称条件。"
相对,is_a,条件,DOC002,3813,"当来流倾角β=0°时，因流场相对子午面φ=0°～180°对称，因此,此计算区仅取半场，即φ=0°～180°区域,此时对称面上各点的流动量满足对称条件。"
180°,is_a,流动,DOC002,3813,"当来流倾角β=0°时，因流场相对子午面φ=0°～180°对称，因此,此计算区仅取半场，即φ=0°～180°区域,此时对称面上各点的流动量满足对称条件。"
180°,is_a,条件,DOC002,3813,"当来流倾角β=0°时，因流场相对子午面φ=0°～180°对称，因此,此计算区仅取半场，即φ=0°～180°区域,此时对称面上各点的流动量满足对称条件。"
对称,is_a,流动,DOC002,3813,"当来流倾角β=0°时，因流场相对子午面φ=0°～180°对称，因此,此计算区仅取半场，即φ=0°～180°区域,此时对称面上各点的流动量满足对称条件。"
对称,is_a,条件,DOC002,3813,"当来流倾角β=0°时，因流场相对子午面φ=0°～180°对称，因此,此计算区仅取半场，即φ=0°～180°区域,此时对称面上各点的流动量满足对称条件。"
对称,is_a,0°,DOC002,3814,"当来流倾角β≠0时，因流场无对称面,计算区域需取全场，即φ=0°～360°。"
对称,is_a,360°,DOC002,3814,"当来流倾角β≠0时，因流场无对称面,计算区域需取全场，即φ=0°～360°。"
超声速,is_a,根据,DOC002,3816,"超声速、高超声速飞行器流场中的激波通常用激波捕捉法处理,即根据高分辨率差分格式得到的流场参数（如压力和密度）间断情况下来判断激波的位置。"
超声速,is_a,参数,DOC002,3816,"超声速、高超声速飞行器流场中的激波通常用激波捕捉法处理,即根据高分辨率差分格式得到的流场参数（如压力和密度）间断情况下来判断激波的位置。"
超声速,is_a,压力,DOC002,3816,"超声速、高超声速飞行器流场中的激波通常用激波捕捉法处理,即根据高分辨率差分格式得到的流场参数（如压力和密度）间断情况下来判断激波的位置。"
超声速,is_a,密度,DOC002,3816,"超声速、高超声速飞行器流场中的激波通常用激波捕捉法处理,即根据高分辨率差分格式得到的流场参数（如压力和密度）间断情况下来判断激波的位置。"
超声速,is_a,情况下,DOC002,3816,"超声速、高超声速飞行器流场中的激波通常用激波捕捉法处理,即根据高分辨率差分格式得到的流场参数（如压力和密度）间断情况下来判断激波的位置。"
超声速,is_a,位置,DOC002,3816,"超声速、高超声速飞行器流场中的激波通常用激波捕捉法处理,即根据高分辨率差分格式得到的流场参数（如压力和密度）间断情况下来判断激波的位置。"
高超声速,is_a,根据,DOC002,3816,"超声速、高超声速飞行器流场中的激波通常用激波捕捉法处理,即根据高分辨率差分格式得到的流场参数（如压力和密度）间断情况下来判断激波的位置。"
高超声速,is_a,参数,DOC002,3816,"超声速、高超声速飞行器流场中的激波通常用激波捕捉法处理,即根据高分辨率差分格式得到的流场参数（如压力和密度）间断情况下来判断激波的位置。"
高超声速,is_a,压力,DOC002,3816,"超声速、高超声速飞行器流场中的激波通常用激波捕捉法处理,即根据高分辨率差分格式得到的流场参数（如压力和密度）间断情况下来判断激波的位置。"
高超声速,is_a,密度,DOC002,3816,"超声速、高超声速飞行器流场中的激波通常用激波捕捉法处理,即根据高分辨率差分格式得到的流场参数（如压力和密度）间断情况下来判断激波的位置。"
高超声速,is_a,情况下,DOC002,3816,"超声速、高超声速飞行器流场中的激波通常用激波捕捉法处理,即根据高分辨率差分格式得到的流场参数（如压力和密度）间断情况下来判断激波的位置。"
高超声速,is_a,位置,DOC002,3816,"超声速、高超声速飞行器流场中的激波通常用激波捕捉法处理,即根据高分辨率差分格式得到的流场参数（如压力和密度）间断情况下来判断激波的位置。"
飞行器,is_a,根据,DOC002,3816,"超声速、高超声速飞行器流场中的激波通常用激波捕捉法处理,即根据高分辨率差分格式得到的流场参数（如压力和密度）间断情况下来判断激波的位置。"
飞行器,is_a,参数,DOC002,3816,"超声速、高超声速飞行器流场中的激波通常用激波捕捉法处理,即根据高分辨率差分格式得到的流场参数（如压力和密度）间断情况下来判断激波的位置。"
飞行器,is_a,压力,DOC002,3816,"超声速、高超声速飞行器流场中的激波通常用激波捕捉法处理,即根据高分辨率差分格式得到的流场参数（如压力和密度）间断情况下来判断激波的位置。"
飞行器,is_a,密度,DOC002,3816,"超声速、高超声速飞行器流场中的激波通常用激波捕捉法处理,即根据高分辨率差分格式得到的流场参数（如压力和密度）间断情况下来判断激波的位置。"
飞行器,is_a,情况下,DOC002,3816,"超声速、高超声速飞行器流场中的激波通常用激波捕捉法处理,即根据高分辨率差分格式得到的流场参数（如压力和密度）间断情况下来判断激波的位置。"
飞行器,is_a,位置,DOC002,3816,"超声速、高超声速飞行器流场中的激波通常用激波捕捉法处理,即根据高分辨率差分格式得到的流场参数（如压力和密度）间断情况下来判断激波的位置。"
中的,is_a,根据,DOC002,3816,"超声速、高超声速飞行器流场中的激波通常用激波捕捉法处理,即根据高分辨率差分格式得到的流场参数（如压力和密度）间断情况下来判断激波的位置。"
中的,is_a,参数,DOC002,3816,"超声速、高超声速飞行器流场中的激波通常用激波捕捉法处理,即根据高分辨率差分格式得到的流场参数（如压力和密度）间断情况下来判断激波的位置。"
中的,is_a,压力,DOC002,3816,"超声速、高超声速飞行器流场中的激波通常用激波捕捉法处理,即根据高分辨率差分格式得到的流场参数（如压力和密度）间断情况下来判断激波的位置。"
中的,is_a,密度,DOC002,3816,"超声速、高超声速飞行器流场中的激波通常用激波捕捉法处理,即根据高分辨率差分格式得到的流场参数（如压力和密度）间断情况下来判断激波的位置。"
中的,is_a,情况下,DOC002,3816,"超声速、高超声速飞行器流场中的激波通常用激波捕捉法处理,即根据高分辨率差分格式得到的流场参数（如压力和密度）间断情况下来判断激波的位置。"
中的,is_a,位置,DOC002,3816,"超声速、高超声速飞行器流场中的激波通常用激波捕捉法处理,即根据高分辨率差分格式得到的流场参数（如压力和密度）间断情况下来判断激波的位置。"
激波,is_a,根据,DOC002,3816,"超声速、高超声速飞行器流场中的激波通常用激波捕捉法处理,即根据高分辨率差分格式得到的流场参数（如压力和密度）间断情况下来判断激波的位置。"
激波,is_a,参数,DOC002,3816,"超声速、高超声速飞行器流场中的激波通常用激波捕捉法处理,即根据高分辨率差分格式得到的流场参数（如压力和密度）间断情况下来判断激波的位置。"
激波,is_a,压力,DOC002,3816,"超声速、高超声速飞行器流场中的激波通常用激波捕捉法处理,即根据高分辨率差分格式得到的流场参数（如压力和密度）间断情况下来判断激波的位置。"
激波,is_a,密度,DOC002,3816,"超声速、高超声速飞行器流场中的激波通常用激波捕捉法处理,即根据高分辨率差分格式得到的流场参数（如压力和密度）间断情况下来判断激波的位置。"
激波,is_a,情况下,DOC002,3816,"超声速、高超声速飞行器流场中的激波通常用激波捕捉法处理,即根据高分辨率差分格式得到的流场参数（如压力和密度）间断情况下来判断激波的位置。"
激波,is_a,位置,DOC002,3816,"超声速、高超声速飞行器流场中的激波通常用激波捕捉法处理,即根据高分辨率差分格式得到的流场参数（如压力和密度）间断情况下来判断激波的位置。"
通常,is_a,根据,DOC002,3816,"超声速、高超声速飞行器流场中的激波通常用激波捕捉法处理,即根据高分辨率差分格式得到的流场参数（如压力和密度）间断情况下来判断激波的位置。"
通常,is_a,参数,DOC002,3816,"超声速、高超声速飞行器流场中的激波通常用激波捕捉法处理,即根据高分辨率差分格式得到的流场参数（如压力和密度）间断情况下来判断激波的位置。"
通常,is_a,压力,DOC002,3816,"超声速、高超声速飞行器流场中的激波通常用激波捕捉法处理,即根据高分辨率差分格式得到的流场参数（如压力和密度）间断情况下来判断激波的位置。"
通常,is_a,密度,DOC002,3816,"超声速、高超声速飞行器流场中的激波通常用激波捕捉法处理,即根据高分辨率差分格式得到的流场参数（如压力和密度）间断情况下来判断激波的位置。"
通常,is_a,情况下,DOC002,3816,"超声速、高超声速飞行器流场中的激波通常用激波捕捉法处理,即根据高分辨率差分格式得到的流场参数（如压力和密度）间断情况下来判断激波的位置。"
通常,is_a,位置,DOC002,3816,"超声速、高超声速飞行器流场中的激波通常用激波捕捉法处理,即根据高分辨率差分格式得到的流场参数（如压力和密度）间断情况下来判断激波的位置。"
装配,uses_method,算法,DOC002,3824,"针对上述激波装配法在复杂外形应用中的困难,我们提出了基于静/动网格分区算法的激波装配法。"
速度,is_a,激波,DOC002,3852,"速度,当移动速度为零时,外边界即收敛为激波边界。"
为零,is_a,激波,DOC002,3852,"速度,当移动速度为零时,外边界即收敛为激波边界。"
通常,is_a,产生,DOC002,3858,"单元界面通常的影响,即通常计算中需计算因网格移动所产生的体积"
的影响,is_a,产生,DOC002,3858,"单元界面通常的影响,即通常计算中需计算因网格移动所产生的体积"
航天飞机,uses_method,算法,DOC002,3866,航天飞机流场模拟可以采用两类算法进行:一是基于多区
过程,is_a,方向,DOC002,3938,通过(2)、(3)两步的预估—修正过程，沿法向(即从物面到外边界方向)推进，可得到由图中边界 g 和 δ 控制密度的网格。
过程,is_a,推进,DOC002,3938,通过(2)、(3)两步的预估—修正过程，沿法向(即从物面到外边界方向)推进，可得到由图中边界 g 和 δ 控制密度的网格。
过程,is_a,可得到,DOC002,3938,通过(2)、(3)两步的预估—修正过程，沿法向(即从物面到外边界方向)推进，可得到由图中边界 g 和 δ 控制密度的网格。
过程,is_a,由图,DOC002,3938,通过(2)、(3)两步的预估—修正过程，沿法向(即从物面到外边界方向)推进，可得到由图中边界 g 和 δ 控制密度的网格。
过程,is_a,密度,DOC002,3938,通过(2)、(3)两步的预估—修正过程，沿法向(即从物面到外边界方向)推进，可得到由图中边界 g 和 δ 控制密度的网格。
从图,part_of,航天飞机,DOC002,3944,从图中看出，机身头部激波与机翼激波在机翼前缘相交，从而导致机翼在激波相交处压力激烈增加（图5－7(b)），这是航天飞机高超声速气动特性的最要特征。
看出,part_of,航天飞机,DOC002,3944,从图中看出，机身头部激波与机翼激波在机翼前缘相交，从而导致机翼在激波相交处压力激烈增加（图5－7(b)），这是航天飞机高超声速气动特性的最要特征。
机身,part_of,航天飞机,DOC002,3944,从图中看出，机身头部激波与机翼激波在机翼前缘相交，从而导致机翼在激波相交处压力激烈增加（图5－7(b)），这是航天飞机高超声速气动特性的最要特征。
激波,part_of,航天飞机,DOC002,3944,从图中看出，机身头部激波与机翼激波在机翼前缘相交，从而导致机翼在激波相交处压力激烈增加（图5－7(b)），这是航天飞机高超声速气动特性的最要特征。
机翼,part_of,航天飞机,DOC002,3944,从图中看出，机身头部激波与机翼激波在机翼前缘相交，从而导致机翼在激波相交处压力激烈增加（图5－7(b)），这是航天飞机高超声速气动特性的最要特征。
前缘,part_of,航天飞机,DOC002,3944,从图中看出，机身头部激波与机翼激波在机翼前缘相交，从而导致机翼在激波相交处压力激烈增加（图5－7(b)），这是航天飞机高超声速气动特性的最要特征。
从而,part_of,航天飞机,DOC002,3944,从图中看出，机身头部激波与机翼激波在机翼前缘相交，从而导致机翼在激波相交处压力激烈增加（图5－7(b)），这是航天飞机高超声速气动特性的最要特征。
压力,part_of,航天飞机,DOC002,3944,从图中看出，机身头部激波与机翼激波在机翼前缘相交，从而导致机翼在激波相交处压力激烈增加（图5－7(b)），这是航天飞机高超声速气动特性的最要特征。
增加,part_of,航天飞机,DOC002,3944,从图中看出，机身头部激波与机翼激波在机翼前缘相交，从而导致机翼在激波相交处压力激烈增加（图5－7(b)），这是航天飞机高超声速气动特性的最要特征。
和图,is_a,背风面,DOC002,3980,图 5-13 和图 5-14 分别为纵向对称面上即风面及背风面轴向压力分布;
和图,is_a,轴向,DOC002,3980,图 5-13 和图 5-14 分别为纵向对称面上即风面及背风面轴向压力分布;
和图,is_a,压力,DOC002,3980,图 5-13 和图 5-14 分别为纵向对称面上即风面及背风面轴向压力分布;
和图,is_a,分布,DOC002,3980,图 5-13 和图 5-14 分别为纵向对称面上即风面及背风面轴向压力分布;
分别为,is_a,背风面,DOC002,3980,图 5-13 和图 5-14 分别为纵向对称面上即风面及背风面轴向压力分布;
分别为,is_a,轴向,DOC002,3980,图 5-13 和图 5-14 分别为纵向对称面上即风面及背风面轴向压力分布;
分别为,is_a,压力,DOC002,3980,图 5-13 和图 5-14 分别为纵向对称面上即风面及背风面轴向压力分布;
分别为,is_a,分布,DOC002,3980,图 5-13 和图 5-14 分别为纵向对称面上即风面及背风面轴向压力分布;
对称,is_a,背风面,DOC002,3980,图 5-13 和图 5-14 分别为纵向对称面上即风面及背风面轴向压力分布;
对称,is_a,轴向,DOC002,3980,图 5-13 和图 5-14 分别为纵向对称面上即风面及背风面轴向压力分布;
对称,is_a,压力,DOC002,3980,图 5-13 和图 5-14 分别为纵向对称面上即风面及背风面轴向压力分布;
对称,is_a,分布,DOC002,3980,图 5-13 和图 5-14 分别为纵向对称面上即风面及背风面轴向压力分布;
的影响,is_a,强度,DOC002,4172,在使用 B-L 模型中，转捩对湍流的影响一般通过下述方法实现，即当计算的湍流强度小于某一给定值时，令其等于零。
实现,is_a,强度,DOC002,4172,在使用 B-L 模型中，转捩对湍流的影响一般通过下述方法实现，即当计算的湍流强度小于某一给定值时，令其等于零。
翼尖,has_component,翼面,DOC002,4491,"图5-25为迎风面、背风面与侧面(沿翼尖)压力沿x轴分布,由干翼尖激波作用,翼面压力在机翼上升高。"
翼尖,has_component,机翼,DOC002,4491,"图5-25为迎风面、背风面与侧面(沿翼尖)压力沿x轴分布,由干翼尖激波作用,翼面压力在机翼上升高。"
航天飞机,is_a,运输,DOC002,4537,航天飞机是一种有翼天地往返运输系统，它的出现在有别时代意义，标志着天地往返运输系统的一个重大突破。
航天飞机,is_a,它的,DOC002,4537,航天飞机是一种有翼天地往返运输系统，它的出现在有别时代意义，标志着天地往返运输系统的一个重大突破。
航天飞机,is_a,意义,DOC002,4537,航天飞机是一种有翼天地往返运输系统，它的出现在有别时代意义，标志着天地往返运输系统的一个重大突破。
航天飞机,has_component,高度,DOC002,4584,上而已经提到，航天飞机在再人大气层时，经历了高空自由分子流区、中等高度的过渡段和连续流区，不同区域所承受气动加热环境不同，计算方法也不相同。
航天飞机,has_component,气动,DOC002,4584,上而已经提到，航天飞机在再人大气层时，经历了高空自由分子流区、中等高度的过渡段和连续流区，不同区域所承受气动加热环境不同，计算方法也不相同。
运动,is_a,密度,DOC002,4588,当 Kn →0 时，表示分子平均自由程与气体宏观运动特征尺寸相比比较小，可忽略分子的运动，即分子密度很大，气体分子个体运动状态不出來，这就是连续流区。
运动,is_a,状态,DOC002,4588,当 Kn →0 时，表示分子平均自由程与气体宏观运动特征尺寸相比比较小，可忽略分子的运动，即分子密度很大，气体分子个体运动状态不出來，这就是连续流区。
运动,is_a,连续,DOC002,4588,当 Kn →0 时，表示分子平均自由程与气体宏观运动特征尺寸相比比较小，可忽略分子的运动，即分子密度很大，气体分子个体运动状态不出來，这就是连续流区。
尺寸,is_a,密度,DOC002,4588,当 Kn →0 时，表示分子平均自由程与气体宏观运动特征尺寸相比比较小，可忽略分子的运动，即分子密度很大，气体分子个体运动状态不出來，这就是连续流区。
尺寸,is_a,状态,DOC002,4588,当 Kn →0 时，表示分子平均自由程与气体宏观运动特征尺寸相比比较小，可忽略分子的运动，即分子密度很大，气体分子个体运动状态不出來，这就是连续流区。
尺寸,is_a,连续,DOC002,4588,当 Kn →0 时，表示分子平均自由程与气体宏观运动特征尺寸相比比较小，可忽略分子的运动，即分子密度很大，气体分子个体运动状态不出來，这就是连续流区。
相比,is_a,密度,DOC002,4588,当 Kn →0 时，表示分子平均自由程与气体宏观运动特征尺寸相比比较小，可忽略分子的运动，即分子密度很大，气体分子个体运动状态不出來，这就是连续流区。
相比,is_a,状态,DOC002,4588,当 Kn →0 时，表示分子平均自由程与气体宏观运动特征尺寸相比比较小，可忽略分子的运动，即分子密度很大，气体分子个体运动状态不出來，这就是连续流区。
相比,is_a,连续,DOC002,4588,当 Kn →0 时，表示分子平均自由程与气体宏观运动特征尺寸相比比较小，可忽略分子的运动，即分子密度很大，气体分子个体运动状态不出來，这就是连续流区。
比较,is_a,密度,DOC002,4588,当 Kn →0 时，表示分子平均自由程与气体宏观运动特征尺寸相比比较小，可忽略分子的运动，即分子密度很大，气体分子个体运动状态不出來，这就是连续流区。
比较,is_a,状态,DOC002,4588,当 Kn →0 时，表示分子平均自由程与气体宏观运动特征尺寸相比比较小，可忽略分子的运动，即分子密度很大，气体分子个体运动状态不出來，这就是连续流区。
比较,is_a,连续,DOC002,4588,当 Kn →0 时，表示分子平均自由程与气体宏观运动特征尺寸相比比较小，可忽略分子的运动，即分子密度很大，气体分子个体运动状态不出來，这就是连续流区。
飞行器,has_component,状态,DOC002,4589,当 Kn →∞时，表示分子运动的平均自由程与飞行器特征尺寸相比要大得多，分子密度极低，气体分子与飞行器而碰撞后才能与运动到物体表面的其他分子碰撞，分子运动完全处于自由状态，因此，可认为气体流动完全不受飞行器存在的影响，其附近不存 在气体的整体运动，也不能形成激波。
其他,is_a,速度,DOC002,4593,在过渡区中气体分子平均自由程和物体特征尺寸相当，气体分子与物面相碰后平均起来要经过一个分子平均自由程才 能与其他分子碰撞，因此靠近物面的气体分子相对与物体表面不是静止的，表达分子热运动的温度也不会保持与物面相同，即在物体表面上存在速度滑移和温度跳跃，它们将由气体分子间以及分子与物体表面间相互作用的物理化学性质而定，还包含化学反应的相变。
相对,is_a,速度,DOC002,4593,在过渡区中气体分子平均自由程和物体特征尺寸相当，气体分子与物面相碰后平均起来要经过一个分子平均自由程才 能与其他分子碰撞，因此靠近物面的气体分子相对与物体表面不是静止的，表达分子热运动的温度也不会保持与物面相同，即在物体表面上存在速度滑移和温度跳跃，它们将由气体分子间以及分子与物体表面间相互作用的物理化学性质而定，还包含化学反应的相变。
相对,is_a,作用,DOC002,4593,在过渡区中气体分子平均自由程和物体特征尺寸相当，气体分子与物面相碰后平均起来要经过一个分子平均自由程才 能与其他分子碰撞，因此靠近物面的气体分子相对与物体表面不是静止的，表达分子热运动的温度也不会保持与物面相同，即在物体表面上存在速度滑移和温度跳跃，它们将由气体分子间以及分子与物体表面间相互作用的物理化学性质而定，还包含化学反应的相变。
相对,is_a,物理,DOC002,4593,在过渡区中气体分子平均自由程和物体特征尺寸相当，气体分子与物面相碰后平均起来要经过一个分子平均自由程才 能与其他分子碰撞，因此靠近物面的气体分子相对与物体表面不是静止的，表达分子热运动的温度也不会保持与物面相同，即在物体表面上存在速度滑移和温度跳跃，它们将由气体分子间以及分子与物体表面间相互作用的物理化学性质而定，还包含化学反应的相变。
运动,is_a,速度,DOC002,4593,在过渡区中气体分子平均自由程和物体特征尺寸相当，气体分子与物面相碰后平均起来要经过一个分子平均自由程才 能与其他分子碰撞，因此靠近物面的气体分子相对与物体表面不是静止的，表达分子热运动的温度也不会保持与物面相同，即在物体表面上存在速度滑移和温度跳跃，它们将由气体分子间以及分子与物体表面间相互作用的物理化学性质而定，还包含化学反应的相变。
运动,is_a,作用,DOC002,4593,在过渡区中气体分子平均自由程和物体特征尺寸相当，气体分子与物面相碰后平均起来要经过一个分子平均自由程才 能与其他分子碰撞，因此靠近物面的气体分子相对与物体表面不是静止的，表达分子热运动的温度也不会保持与物面相同，即在物体表面上存在速度滑移和温度跳跃，它们将由气体分子间以及分子与物体表面间相互作用的物理化学性质而定，还包含化学反应的相变。
运动,is_a,物理,DOC002,4593,在过渡区中气体分子平均自由程和物体特征尺寸相当，气体分子与物面相碰后平均起来要经过一个分子平均自由程才 能与其他分子碰撞，因此靠近物面的气体分子相对与物体表面不是静止的，表达分子热运动的温度也不会保持与物面相同，即在物体表面上存在速度滑移和温度跳跃，它们将由气体分子间以及分子与物体表面间相互作用的物理化学性质而定，还包含化学反应的相变。
相同,is_a,速度,DOC002,4593,在过渡区中气体分子平均自由程和物体特征尺寸相当，气体分子与物面相碰后平均起来要经过一个分子平均自由程才 能与其他分子碰撞，因此靠近物面的气体分子相对与物体表面不是静止的，表达分子热运动的温度也不会保持与物面相同，即在物体表面上存在速度滑移和温度跳跃，它们将由气体分子间以及分子与物体表面间相互作用的物理化学性质而定，还包含化学反应的相变。
相同,is_a,作用,DOC002,4593,在过渡区中气体分子平均自由程和物体特征尺寸相当，气体分子与物面相碰后平均起来要经过一个分子平均自由程才 能与其他分子碰撞，因此靠近物面的气体分子相对与物体表面不是静止的，表达分子热运动的温度也不会保持与物面相同，即在物体表面上存在速度滑移和温度跳跃，它们将由气体分子间以及分子与物体表面间相互作用的物理化学性质而定，还包含化学反应的相变。
相同,is_a,物理,DOC002,4593,在过渡区中气体分子平均自由程和物体特征尺寸相当，气体分子与物面相碰后平均起来要经过一个分子平均自由程才 能与其他分子碰撞，因此靠近物面的气体分子相对与物体表面不是静止的，表达分子热运动的温度也不会保持与物面相同，即在物体表面上存在速度滑移和温度跳跃，它们将由气体分子间以及分子与物体表面间相互作用的物理化学性质而定，还包含化学反应的相变。
气动特性,is_a,飞行器,DOC002,4606,在气动特性工程计算中广泛采用有限面积法，即用许多面元（梯形面元、三角形面元）来逼近飞行器的外形。
气动特性,is_a,外形,DOC002,4606,在气动特性工程计算中广泛采用有限面积法，即用许多面元（梯形面元、三角形面元）来逼近飞行器的外形。
面积,is_a,飞行器,DOC002,4606,在气动特性工程计算中广泛采用有限面积法，即用许多面元（梯形面元、三角形面元）来逼近飞行器的外形。
面积,is_a,外形,DOC002,4606,在气动特性工程计算中广泛采用有限面积法，即用许多面元（梯形面元、三角形面元）来逼近飞行器的外形。
这里,is_a,连接,DOC002,4607,这里介绍参考文献[71]给出的有限三角形表面面元法（图6-1），即在物体表面上选一系列相邻的三面组成一系列连接的三角形表面元来逼近实
参考,is_a,连接,DOC002,4607,这里介绍参考文献[71]给出的有限三角形表面面元法（图6-1），即在物体表面上选一系列相邻的三面组成一系列连接的三角形表面元来逼近实
给出,is_a,连接,DOC002,4607,这里介绍参考文献[71]给出的有限三角形表面面元法（图6-1），即在物体表面上选一系列相邻的三面组成一系列连接的三角形表面元来逼近实
压力,is_a,激波,DOC002,4713,当每一计算点上的压力求出后，即可用求出的压力计算当地方的激波角。
求出,is_a,激波,DOC002,4713,当每一计算点上的压力求出后，即可用求出的压力计算当地方的激波角。
求出,is_a,激波,DOC002,4714,"设所求出的压力为每一点的物面压力p_e,也即斜激波后的压力，则p_2 = p_e,激波前压力p_1 = p_∞，激波角即可求出。"
求出,is_a,即可,DOC002,4714,"设所求出的压力为每一点的物面压力p_e,也即斜激波后的压力，则p_2 = p_e,激波前压力p_1 = p_∞，激波角即可求出。"
压力,is_a,激波,DOC002,4714,"设所求出的压力为每一点的物面压力p_e,也即斜激波后的压力，则p_2 = p_e,激波前压力p_1 = p_∞，激波角即可求出。"
压力,is_a,即可,DOC002,4714,"设所求出的压力为每一点的物面压力p_e,也即斜激波后的压力，则p_2 = p_e,激波前压力p_1 = p_∞，激波角即可求出。"
求出,is_a,公式,DOC002,4718,"由式（6-17）可求出激波角β,再由激波角β和来流总压p_01、来流马赫数Ma_∞，即可求出激波后总压p_02，计算公式为"
激波,is_a,公式,DOC002,4718,"由式（6-17）可求出激波角β,再由激波角β和来流总压p_01、来流马赫数Ma_∞，即可求出激波后总压p_02，计算公式为"
马赫数,is_a,公式,DOC002,4718,"由式（6-17）可求出激波角β,再由激波角β和来流总压p_01、来流马赫数Ma_∞，即可求出激波后总压p_02，计算公式为"
已知,is_a,求出,DOC002,4721,p_01已知后即可求出p_02。
函数,is_a,求出,DOC002,4730,由总焓h_s和总压p_s，利用热力学函数表，即可求出总温T_s为
函数,is_a,求出,DOC002,4734,"由 \(p_e,T_e\) 利用热力学函数表数表，即可求出当地静焓 \(h_e\) 与 \(S_e\)，当当地密度 \( \rho_e\)、当地声速 \(a_e\) 如下："
函数,is_a,密度,DOC002,4734,"由 \(p_e,T_e\) 利用热力学函数表数表，即可求出当地静焓 \(h_e\) 与 \(S_e\)，当当地密度 \( \rho_e\)、当地声速 \(a_e\) 如下："
函数,is_a,声速,DOC002,4734,"由 \(p_e,T_e\) 利用热力学函数表数表，即可求出当地静焓 \(h_e\) 与 \(S_e\)，当当地密度 \( \rho_e\)、当地声速 \(a_e\) 如下："
函数,is_a,如下,DOC002,4734,"由 \(p_e,T_e\) 利用热力学函数表数表，即可求出当地静焓 \(h_e\) 与 \(S_e\)，当当地密度 \( \rho_e\)、当地声速 \(a_e\) 如下："
机身,affects,气动,DOC002,4819,不考虑机身对机翼的干扰影响，机翼前缘的气动加热可近似按后掠回柱前翼缘热流公式计算 \(\left[{ }^{1}{}^{0}\right]\)，即
机翼,affects,气动,DOC002,4819,不考虑机身对机翼的干扰影响，机翼前缘的气动加热可近似按后掠回柱前翼缘热流公式计算 \(\left[{ }^{1}{}^{0}\right]\)，即
函数,is_a,求出,DOC002,4842,由 \(p_{wSLA}\) 与 \(T_{w\lambda}\) 利用热力学函数表，即可求出密度为
函数,is_a,密度,DOC002,4842,由 \(p_{wSLA}\) 与 \(T_{w\lambda}\) 利用热力学函数表，即可求出密度为
和式,is_a,压力系数,DOC002,4924,式（6－44）和式（6－45）即为计算过渡区压力系数和热流。
和式,is_a,热流,DOC002,4924,式（6－44）和式（6－45）即为计算过渡区压力系数和热流。
首先,is_a,气动,DOC002,4925,计算中，首先要计算出连续流区和自由分子流区的参数，然后代入式（6－44）和式（6－45）即可计算出过渡区气动加热。
首先,is_a,加热,DOC002,4925,计算中，首先要计算出连续流区和自由分子流区的参数，然后代入式（6－44）和式（6－45）即可计算出过渡区气动加热。
计算出,is_a,气动,DOC002,4925,计算中，首先要计算出连续流区和自由分子流区的参数，然后代入式（6－44）和式（6－45）即可计算出过渡区气动加热。
计算出,is_a,加热,DOC002,4925,计算中，首先要计算出连续流区和自由分子流区的参数，然后代入式（6－44）和式（6－45）即可计算出过渡区气动加热。
连续,is_a,气动,DOC002,4925,计算中，首先要计算出连续流区和自由分子流区的参数，然后代入式（6－44）和式（6－45）即可计算出过渡区气动加热。
连续,is_a,加热,DOC002,4925,计算中，首先要计算出连续流区和自由分子流区的参数，然后代入式（6－44）和式（6－45）即可计算出过渡区气动加热。
参数,is_a,气动,DOC002,4925,计算中，首先要计算出连续流区和自由分子流区的参数，然后代入式（6－44）和式（6－45）即可计算出过渡区气动加热。
参数,is_a,加热,DOC002,4925,计算中，首先要计算出连续流区和自由分子流区的参数，然后代入式（6－44）和式（6－45）即可计算出过渡区气动加热。
然后,is_a,气动,DOC002,4925,计算中，首先要计算出连续流区和自由分子流区的参数，然后代入式（6－44）和式（6－45）即可计算出过渡区气动加热。
然后,is_a,加热,DOC002,4925,计算中，首先要计算出连续流区和自由分子流区的参数，然后代入式（6－44）和式（6－45）即可计算出过渡区气动加热。
和式,is_a,气动,DOC002,4925,计算中，首先要计算出连续流区和自由分子流区的参数，然后代入式（6－44）和式（6－45）即可计算出过渡区气动加热。
和式,is_a,加热,DOC002,4925,计算中，首先要计算出连续流区和自由分子流区的参数，然后代入式（6－44）和式（6－45）即可计算出过渡区气动加热。
由图看出,part_of,变化,DOC002,4983,"由图看出,在 飞行过程中,航天飞机的气动加热是随飞行时间变化的。"
飞行,part_of,变化,DOC002,4983,"由图看出,在 飞行过程中,航天飞机的气动加热是随飞行时间变化的。"
过程中,part_of,变化,DOC002,4983,"由图看出,在 飞行过程中,航天飞机的气动加热是随飞行时间变化的。"
航天飞机,part_of,变化,DOC002,4983,"由图看出,在 飞行过程中,航天飞机的气动加热是随飞行时间变化的。"
气动,part_of,变化,DOC002,4983,"由图看出,在 飞行过程中,航天飞机的气动加热是随飞行时间变化的。"
加热,part_of,变化,DOC002,4983,"由图看出,在 飞行过程中,航天飞机的气动加热是随飞行时间变化的。"
防热,part_of,航天飞机,DOC002,5077,"防热技术一直是空间返回迂返运输系统的关键技术,为此各国亦相应开展了热防护系统(TPS)的防热结构与材料的研究,表7-1列出了国外各种主要航天飞机和空间天地飞机型号,防热系统,并列出了部分宇舱飞船TPS,以便比较航天飞机与飞船在部分TPS和材料选用上的不同。"
防热,part_of,飞机,DOC002,5077,"防热技术一直是空间返回迂返运输系统的关键技术,为此各国亦相应开展了热防护系统(TPS)的防热结构与材料的研究,表7-1列出了国外各种主要航天飞机和空间天地飞机型号,防热系统,并列出了部分宇舱飞船TPS,以便比较航天飞机与飞船在部分TPS和材料选用上的不同。"
相关,part_of,航天飞机,DOC002,5086,近年来，美、日、欧洲等国开展了相关的研究工作，在结构和防热设计上提出了一种新的设计思想，就是把航天飞机的承载结构设计和防热结构设计结合在一起，称之为热结构设计。
相关,part_of,结构设计,DOC002,5086,近年来，美、日、欧洲等国开展了相关的研究工作，在结构和防热设计上提出了一种新的设计思想，就是把航天飞机的承载结构设计和防热结构设计结合在一起，称之为热结构设计。
工作,part_of,航天飞机,DOC002,5086,近年来，美、日、欧洲等国开展了相关的研究工作，在结构和防热设计上提出了一种新的设计思想，就是把航天飞机的承载结构设计和防热结构设计结合在一起，称之为热结构设计。
工作,part_of,结构设计,DOC002,5086,近年来，美、日、欧洲等国开展了相关的研究工作，在结构和防热设计上提出了一种新的设计思想，就是把航天飞机的承载结构设计和防热结构设计结合在一起，称之为热结构设计。
防热,part_of,航天飞机,DOC002,5086,近年来，美、日、欧洲等国开展了相关的研究工作，在结构和防热设计上提出了一种新的设计思想，就是把航天飞机的承载结构设计和防热结构设计结合在一起，称之为热结构设计。
防热,part_of,结构设计,DOC002,5086,近年来，美、日、欧洲等国开展了相关的研究工作，在结构和防热设计上提出了一种新的设计思想，就是把航天飞机的承载结构设计和防热结构设计结合在一起，称之为热结构设计。
航天飞机,is_a,的原则,DOC002,5164,航天飞机为了达到能够重复使用（100 次以上），不能采用熔 触防热方案，即要遵循“ 不烫 ”的原则。
为了,is_a,的原则,DOC002,5164,航天飞机为了达到能够重复使用（100 次以上），不能采用熔 触防热方案，即要遵循“ 不烫 ”的原则。
重复,is_a,的原则,DOC002,5164,航天飞机为了达到能够重复使用（100 次以上），不能采用熔 触防热方案，即要遵循“ 不烫 ”的原则。
以上,is_a,的原则,DOC002,5164,航天飞机为了达到能够重复使用（100 次以上），不能采用熔 触防热方案，即要遵循“ 不烫 ”的原则。
防热,is_a,的原则,DOC002,5164,航天飞机为了达到能够重复使用（100 次以上），不能采用熔 触防热方案，即要遵循“ 不烫 ”的原则。
方案,is_a,的原则,DOC002,5164,航天飞机为了达到能够重复使用（100 次以上），不能采用熔 触防热方案，即要遵循“ 不烫 ”的原则。
材料,is_a,它的,DOC002,5167,热沉就是将热量储存在材料内部，陶瓷隔热材料是一种较为理想的热沉材料，它的相变温度较高，热导率较低，进人材料内部的气动热大部分介中在材料表面薄层。
材料,is_a,热导率,DOC002,5167,热沉就是将热量储存在材料内部，陶瓷隔热材料是一种较为理想的热沉材料，它的相变温度较高，热导率较低，进人材料内部的气动热大部分介中在材料表面薄层。
材料,is_a,气动热,DOC002,5167,热沉就是将热量储存在材料内部，陶瓷隔热材料是一种较为理想的热沉材料，它的相变温度较高，热导率较低，进人材料内部的气动热大部分介中在材料表面薄层。
材料,is_a,部分,DOC002,5167,热沉就是将热量储存在材料内部，陶瓷隔热材料是一种较为理想的热沉材料，它的相变温度较高，热导率较低，进人材料内部的气动热大部分介中在材料表面薄层。
发动机,affects,轨道,DOC002,5187,随机动载包括发射时上发动力和助推燃点火超压、发动机振动和气动载荷而引起结构件移动态，附面层噪声引起启压、激波引起的压差、气动力梯度，风载、颤振等，参考文献【107】研究了随机载荷对防热材料性能影响，结果表明，在轨道器运行时问内随机载荷可使应隔离热片伸长，这种松弛会产生缝隙，引起渗层破坏环、陶瓷瓦(衬)之间出现台阶现象，使气流通过缝隙进入防护层，导致防护层破坏。
航天飞机,part_of,飞机,DOC002,5214,航天飞机的TPS是在传统的飞机冷却结构上加上外部的防热系统。
气动,is_a,分布,DOC002,5254,防热系统计算模型为表面受气动加热，4 侧面受缝隙热流加热的二维多层热分析模型，但由于缝隙热流通常无法确定，为了设计时预测方案，采用一种简单的工程方法，即一维热传导方程计算温度分布。
加热,is_a,分布,DOC002,5254,防热系统计算模型为表面受气动加热，4 侧面受缝隙热流加热的二维多层热分析模型，但由于缝隙热流通常无法确定，为了设计时预测方案，采用一种简单的工程方法，即一维热传导方程计算温度分布。
热流,is_a,分布,DOC002,5254,防热系统计算模型为表面受气动加热，4 侧面受缝隙热流加热的二维多层热分析模型，但由于缝隙热流通常无法确定，为了设计时预测方案，采用一种简单的工程方法，即一维热传导方程计算温度分布。
通常,is_a,分布,DOC002,5254,防热系统计算模型为表面受气动加热，4 侧面受缝隙热流加热的二维多层热分析模型，但由于缝隙热流通常无法确定，为了设计时预测方案，采用一种简单的工程方法，即一维热传导方程计算温度分布。
确定,is_a,分布,DOC002,5254,防热系统计算模型为表面受气动加热，4 侧面受缝隙热流加热的二维多层热分析模型，但由于缝隙热流通常无法确定，为了设计时预测方案，采用一种简单的工程方法，即一维热传导方程计算温度分布。
为了,is_a,分布,DOC002,5254,防热系统计算模型为表面受气动加热，4 侧面受缝隙热流加热的二维多层热分析模型，但由于缝隙热流通常无法确定，为了设计时预测方案，采用一种简单的工程方法，即一维热传导方程计算温度分布。
方案,is_a,分布,DOC002,5254,防热系统计算模型为表面受气动加热，4 侧面受缝隙热流加热的二维多层热分析模型，但由于缝隙热流通常无法确定，为了设计时预测方案，采用一种简单的工程方法，即一维热传导方程计算温度分布。
简单,is_a,分布,DOC002,5254,防热系统计算模型为表面受气动加热，4 侧面受缝隙热流加热的二维多层热分析模型，但由于缝隙热流通常无法确定，为了设计时预测方案，采用一种简单的工程方法，即一维热传导方程计算温度分布。
防热,part_of,机身,DOC002,5386,（2）防热瓦是脆性材料，不能承受机身受力，有载荷时会发生
飞行器,has_component,动稳定性,DOC002,5461,飞行器的稳定性包含两方面的含义，静稳定性和动稳定性。
稳定,part_of,飞行器,DOC002,5465,静稳定性是指飞行器在受扰后有自
方向舵,affects,气动特性,DOC002,5528,基本外形是指不包括各种控制面（方向舵、副翼、滚翼等）的外形，这种外形决定了该飞行器的基本气动特性（升力、阻力及力矩特性）。
副翼,affects,气动特性,DOC002,5528,基本外形是指不包括各种控制面（方向舵、副翼、滚翼等）的外形，这种外形决定了该飞行器的基本气动特性（升力、阻力及力矩特性）。
要求,is_a,质心,DOC002,5544,如果要求C_mα＜0，则有x_p＞x_cg，即压心在质心之后。
要求,is_a,之后,DOC002,5544,如果要求C_mα＜0，则有x_p＞x_cg，即压心在质心之后。
则有,is_a,质心,DOC002,5544,如果要求C_mα＜0，则有x_p＞x_cg，即压心在质心之后。
则有,is_a,之后,DOC002,5544,如果要求C_mα＜0，则有x_p＞x_cg，即压心在质心之后。
要求,is_a,质心,DOC002,5559,如果要求 \(C_{n\beta}>0\)，则需要 \(x_y>x_{cg}\)，即侧向压心也位于质心之后。
要求,is_a,之后,DOC002,5559,如果要求 \(C_{n\beta}>0\)，则需要 \(x_y>x_{cg}\)，即侧向压心也位于质心之后。
需要,is_a,质心,DOC002,5559,如果要求 \(C_{n\beta}>0\)，则需要 \(x_y>x_{cg}\)，即侧向压心也位于质心之后。
需要,is_a,之后,DOC002,5559,如果要求 \(C_{n\beta}>0\)，则需要 \(x_y>x_{cg}\)，即侧向压心也位于质心之后。
机动,is_a,偏航,DOC002,5575,"在高速、高机动性飞行器的研究过程中，对横航向耦合偏离现象的深入探讨促使了各种偏离预测预测的产生，本节主要介绍两个对航天飞行器最重要的横／航向耦合偏离预测预测，即动态偏航静稳定性参数Cnb,γN，以及横向控制偏离参数LCDP。"
机动,is_a,稳定,DOC002,5575,"在高速、高机动性飞行器的研究过程中，对横航向耦合偏离现象的深入探讨促使了各种偏离预测预测的产生，本节主要介绍两个对航天飞行器最重要的横／航向耦合偏离预测预测，即动态偏航静稳定性参数Cnb,γN，以及横向控制偏离参数LCDP。"
飞行器,is_a,偏航,DOC002,5575,"在高速、高机动性飞行器的研究过程中，对横航向耦合偏离现象的深入探讨促使了各种偏离预测预测的产生，本节主要介绍两个对航天飞行器最重要的横／航向耦合偏离预测预测，即动态偏航静稳定性参数Cnb,γN，以及横向控制偏离参数LCDP。"
飞行器,is_a,稳定,DOC002,5575,"在高速、高机动性飞行器的研究过程中，对横航向耦合偏离现象的深入探讨促使了各种偏离预测预测的产生，本节主要介绍两个对航天飞行器最重要的横／航向耦合偏离预测预测，即动态偏航静稳定性参数Cnb,γN，以及横向控制偏离参数LCDP。"
飞行器,is_a,参数,DOC002,5575,"在高速、高机动性飞行器的研究过程中，对横航向耦合偏离现象的深入探讨促使了各种偏离预测预测的产生，本节主要介绍两个对航天飞行器最重要的横／航向耦合偏离预测预测，即动态偏航静稳定性参数Cnb,γN，以及横向控制偏离参数LCDP。"
过程中,is_a,偏航,DOC002,5575,"在高速、高机动性飞行器的研究过程中，对横航向耦合偏离现象的深入探讨促使了各种偏离预测预测的产生，本节主要介绍两个对航天飞行器最重要的横／航向耦合偏离预测预测，即动态偏航静稳定性参数Cnb,γN，以及横向控制偏离参数LCDP。"
过程中,is_a,稳定,DOC002,5575,"在高速、高机动性飞行器的研究过程中，对横航向耦合偏离现象的深入探讨促使了各种偏离预测预测的产生，本节主要介绍两个对航天飞行器最重要的横／航向耦合偏离预测预测，即动态偏航静稳定性参数Cnb,γN，以及横向控制偏离参数LCDP。"
过程中,is_a,参数,DOC002,5575,"在高速、高机动性飞行器的研究过程中，对横航向耦合偏离现象的深入探讨促使了各种偏离预测预测的产生，本节主要介绍两个对航天飞行器最重要的横／航向耦合偏离预测预测，即动态偏航静稳定性参数Cnb,γN，以及横向控制偏离参数LCDP。"
现象,is_a,偏航,DOC002,5575,"在高速、高机动性飞行器的研究过程中，对横航向耦合偏离现象的深入探讨促使了各种偏离预测预测的产生，本节主要介绍两个对航天飞行器最重要的横／航向耦合偏离预测预测，即动态偏航静稳定性参数Cnb,γN，以及横向控制偏离参数LCDP。"
现象,is_a,稳定,DOC002,5575,"在高速、高机动性飞行器的研究过程中，对横航向耦合偏离现象的深入探讨促使了各种偏离预测预测的产生，本节主要介绍两个对航天飞行器最重要的横／航向耦合偏离预测预测，即动态偏航静稳定性参数Cnb,γN，以及横向控制偏离参数LCDP。"
现象,is_a,参数,DOC002,5575,"在高速、高机动性飞行器的研究过程中，对横航向耦合偏离现象的深入探讨促使了各种偏离预测预测的产生，本节主要介绍两个对航天飞行器最重要的横／航向耦合偏离预测预测，即动态偏航静稳定性参数Cnb,γN，以及横向控制偏离参数LCDP。"
现象,is_a,横向,DOC002,5575,"在高速、高机动性飞行器的研究过程中，对横航向耦合偏离现象的深入探讨促使了各种偏离预测预测的产生，本节主要介绍两个对航天飞行器最重要的横／航向耦合偏离预测预测，即动态偏航静稳定性参数Cnb,γN，以及横向控制偏离参数LCDP。"
产生,is_a,偏航,DOC002,5575,"在高速、高机动性飞行器的研究过程中，对横航向耦合偏离现象的深入探讨促使了各种偏离预测预测的产生，本节主要介绍两个对航天飞行器最重要的横／航向耦合偏离预测预测，即动态偏航静稳定性参数Cnb,γN，以及横向控制偏离参数LCDP。"
产生,is_a,稳定,DOC002,5575,"在高速、高机动性飞行器的研究过程中，对横航向耦合偏离现象的深入探讨促使了各种偏离预测预测的产生，本节主要介绍两个对航天飞行器最重要的横／航向耦合偏离预测预测，即动态偏航静稳定性参数Cnb,γN，以及横向控制偏离参数LCDP。"
产生,is_a,参数,DOC002,5575,"在高速、高机动性飞行器的研究过程中，对横航向耦合偏离现象的深入探讨促使了各种偏离预测预测的产生，本节主要介绍两个对航天飞行器最重要的横／航向耦合偏离预测预测，即动态偏航静稳定性参数Cnb,γN，以及横向控制偏离参数LCDP。"
产生,is_a,横向,DOC002,5575,"在高速、高机动性飞行器的研究过程中，对横航向耦合偏离现象的深入探讨促使了各种偏离预测预测的产生，本节主要介绍两个对航天飞行器最重要的横／航向耦合偏离预测预测，即动态偏航静稳定性参数Cnb,γN，以及横向控制偏离参数LCDP。"
航天,is_a,偏航,DOC002,5575,"在高速、高机动性飞行器的研究过程中，对横航向耦合偏离现象的深入探讨促使了各种偏离预测预测的产生，本节主要介绍两个对航天飞行器最重要的横／航向耦合偏离预测预测，即动态偏航静稳定性参数Cnb,γN，以及横向控制偏离参数LCDP。"
航天,is_a,稳定,DOC002,5575,"在高速、高机动性飞行器的研究过程中，对横航向耦合偏离现象的深入探讨促使了各种偏离预测预测的产生，本节主要介绍两个对航天飞行器最重要的横／航向耦合偏离预测预测，即动态偏航静稳定性参数Cnb,γN，以及横向控制偏离参数LCDP。"
航天,is_a,参数,DOC002,5575,"在高速、高机动性飞行器的研究过程中，对横航向耦合偏离现象的深入探讨促使了各种偏离预测预测的产生，本节主要介绍两个对航天飞行器最重要的横／航向耦合偏离预测预测，即动态偏航静稳定性参数Cnb,γN，以及横向控制偏离参数LCDP。"
航天,is_a,横向,DOC002,5575,"在高速、高机动性飞行器的研究过程中，对横航向耦合偏离现象的深入探讨促使了各种偏离预测预测的产生，本节主要介绍两个对航天飞行器最重要的横／航向耦合偏离预测预测，即动态偏航静稳定性参数Cnb,γN，以及横向控制偏离参数LCDP。"
压力系数,is_a,获得,DOC002,5741,"所以只要知道面元中心的压力系数,即可获得面元所受的动导数。"
积分,is_a,获得,DOC002,5742,通过整体积分即可获得力矩的9个阻尼导数:
积分,is_a,力矩,DOC002,5742,通过整体积分即可获得力矩的9个阻尼导数:
雷诺数,affects,飞行,DOC002,5762,雷诺数等参数的影响，其定常飞行可演化成非定常运动；
参数,affects,飞行,DOC002,5762,雷诺数等参数的影响，其定常飞行可演化成非定常运动；
攻角,affects,方向,DOC002,5810,"再入航天飞行器通常都要经历再入过程中,为了快速改变弹道需采用较大的攻角迅速改变变道方向,大攻角时位于背景风区的单（双）垂尾位于假低动压区,失去方向稳定作用。"
航天飞机,part_of,飞机,DOC002,5858,美国通过总结航天飞机研制中正反两方面的经验教训，深刻认识到了数据库不仅是研制各类航天飞机强有力的工具之一，而且也可以在飞机舱的气动研制中发挥心智理的作用。
方面,part_of,飞机,DOC002,5858,美国通过总结航天飞机研制中正反两方面的经验教训，深刻认识到了数据库不仅是研制各类航天飞机强有力的工具之一，而且也可以在飞机舱的气动研制中发挥心智理的作用。
数据库,part_of,飞机,DOC002,5858,美国通过总结航天飞机研制中正反两方面的经验教训，深刻认识到了数据库不仅是研制各类航天飞机强有力的工具之一，而且也可以在飞机舱的气动研制中发挥心智理的作用。
基础,part_of,航天飞机,DOC002,5862,重要基础和管理核心，为型号研制发挥重要作用，则是从航天飞机
作用,part_of,航天飞机,DOC002,5862,重要基础和管理核心，为型号研制发挥重要作用，则是从航天飞机
来看,part_of,航天飞机,DOC002,5986,现在回过头来看，如何正确保存、分析和评估庞大的风洞试验结果，无疑是当时航天飞机的气动设计
风洞,part_of,航天飞机,DOC002,5986,现在回过头来看，如何正确保存、分析和评估庞大的风洞试验结果，无疑是当时航天飞机的气动设计
试验,part_of,航天飞机,DOC002,5986,现在回过头来看，如何正确保存、分析和评估庞大的风洞试验结果，无疑是当时航天飞机的气动设计
航天飞机,part_of,飞行器,DOC002,5989,航天飞机是一个全新的“飞行器”，可以借鉴的经验本来就比较少，然后项目要求在1972年进入工程设计阶段，1977年开始进行全尺寸再入进场飞行试验，限定的全程首飞时间定在1980年，而且是载人飞行。
数据,part_of,飞机,DOC002,6058,数据集是保存在飞机从调试器数据的最基本单元。
风洞,is_a,不同,DOC002,6197,风洞试验数据与匀具来是一种很个性化的，不同风洞产生的气动数据的格式是不一样的。
风洞,is_a,产生,DOC002,6197,风洞试验数据与匀具来是一种很个性化的，不同风洞产生的气动数据的格式是不一样的。
风洞,is_a,气动,DOC002,6197,风洞试验数据与匀具来是一种很个性化的，不同风洞产生的气动数据的格式是不一样的。
试验,is_a,不同,DOC002,6197,风洞试验数据与匀具来是一种很个性化的，不同风洞产生的气动数据的格式是不一样的。
试验,is_a,产生,DOC002,6197,风洞试验数据与匀具来是一种很个性化的，不同风洞产生的气动数据的格式是不一样的。
试验,is_a,气动,DOC002,6197,风洞试验数据与匀具来是一种很个性化的，不同风洞产生的气动数据的格式是不一样的。
数据,is_a,不同,DOC002,6197,风洞试验数据与匀具来是一种很个性化的，不同风洞产生的气动数据的格式是不一样的。
数据,is_a,产生,DOC002,6197,风洞试验数据与匀具来是一种很个性化的，不同风洞产生的气动数据的格式是不一样的。
数据,is_a,气动,DOC002,6197,风洞试验数据与匀具来是一种很个性化的，不同风洞产生的气动数据的格式是不一样的。
风洞,part_of,航天飞机,DOC002,6536,收集风洞试验数据的最终目的，是要建立起航天飞机全程飞行的真实条件的气动数据库设计手册（ADDB）。
试验,part_of,航天飞机,DOC002,6536,收集风洞试验数据的最终目的，是要建立起航天飞机全程飞行的真实条件的气动数据库设计手册（ADDB）。
数据,part_of,航天飞机,DOC002,6536,收集风洞试验数据的最终目的，是要建立起航天飞机全程飞行的真实条件的气动数据库设计手册（ADDB）。
最终,part_of,航天飞机,DOC002,6536,收集风洞试验数据的最终目的，是要建立起航天飞机全程飞行的真实条件的气动数据库设计手册（ADDB）。
气动设计,supports_mission,飞行试验,DOC002,6580,在1978年中旬，应约输巡航天中心的要求成立了轨道器气动专家委员会（Technical Panel for Orbiter Aerodynamics，TPFOA），目标就是加速轨道器的气动设计数据手册的分析处理工作，以支持定于1980年4月的首次载人飞行试验。
航天飞机,supports_mission,任务,DOC002,6636,"风洞试验分析归档工作极大的促进了航天飞机的研制工作,支持了计划节点上关键任务的完成。"
气动,part_of,航天飞机,DOC002,6642,气动数据库运行的最重要结果是，航天飞机设计团队非常容易地访问和获取到气动数据。
数据库,part_of,航天飞机,DOC002,6642,气动数据库运行的最重要结果是，航天飞机设计团队非常容易地访问和获取到气动数据。
运行,part_of,航天飞机,DOC002,6642,气动数据库运行的最重要结果是，航天飞机设计团队非常容易地访问和获取到气动数据。
发展,part_of,飞机,DOC002,6709,尽管CFD数值计算发展迅速，在飞行器一动设计中发挥越来越大的作用，但是从国内外的发展经验来看，解析的工程计算方法仍然是当飞机器设计气动数据建立的需要来源。
迅速,part_of,飞机,DOC002,6709,尽管CFD数值计算发展迅速，在飞行器一动设计中发挥越来越大的作用，但是从国内外的发展经验来看，解析的工程计算方法仍然是当飞机器设计气动数据建立的需要来源。
飞行器,part_of,飞机,DOC002,6709,尽管CFD数值计算发展迅速，在飞行器一动设计中发挥越来越大的作用，但是从国内外的发展经验来看，解析的工程计算方法仍然是当飞机器设计气动数据建立的需要来源。
越大,part_of,飞机,DOC002,6709,尽管CFD数值计算发展迅速，在飞行器一动设计中发挥越来越大的作用，但是从国内外的发展经验来看，解析的工程计算方法仍然是当飞机器设计气动数据建立的需要来源。
的作用,part_of,飞机,DOC002,6709,尽管CFD数值计算发展迅速，在飞行器一动设计中发挥越来越大的作用，但是从国内外的发展经验来看，解析的工程计算方法仍然是当飞机器设计气动数据建立的需要来源。
来看,part_of,飞机,DOC002,6709,尽管CFD数值计算发展迅速，在飞行器一动设计中发挥越来越大的作用，但是从国内外的发展经验来看，解析的工程计算方法仍然是当飞机器设计气动数据建立的需要来源。
计算方法,part_of,飞机,DOC002,6709,尽管CFD数值计算发展迅速，在飞行器一动设计中发挥越来越大的作用，但是从国内外的发展经验来看，解析的工程计算方法仍然是当飞机器设计气动数据建立的需要来源。
飞行器,is_a,风洞,DOC002,6713,以美国近些年设计的X－43飞行器为例来看，X－43飞行器的气动数据阵即是由风洞试验数据、CFD数值计算结果和工程方法计算数据3个来源构成的[149]。
飞行器,is_a,试验,DOC002,6713,以美国近些年设计的X－43飞行器为例来看，X－43飞行器的气动数据阵即是由风洞试验数据、CFD数值计算结果和工程方法计算数据3个来源构成的[149]。
为例,is_a,风洞,DOC002,6713,以美国近些年设计的X－43飞行器为例来看，X－43飞行器的气动数据阵即是由风洞试验数据、CFD数值计算结果和工程方法计算数据3个来源构成的[149]。
为例,is_a,试验,DOC002,6713,以美国近些年设计的X－43飞行器为例来看，X－43飞行器的气动数据阵即是由风洞试验数据、CFD数值计算结果和工程方法计算数据3个来源构成的[149]。
来看,is_a,风洞,DOC002,6713,以美国近些年设计的X－43飞行器为例来看，X－43飞行器的气动数据阵即是由风洞试验数据、CFD数值计算结果和工程方法计算数据3个来源构成的[149]。
来看,is_a,试验,DOC002,6713,以美国近些年设计的X－43飞行器为例来看，X－43飞行器的气动数据阵即是由风洞试验数据、CFD数值计算结果和工程方法计算数据3个来源构成的[149]。
气动,is_a,风洞,DOC002,6713,以美国近些年设计的X－43飞行器为例来看，X－43飞行器的气动数据阵即是由风洞试验数据、CFD数值计算结果和工程方法计算数据3个来源构成的[149]。
气动,is_a,试验,DOC002,6713,以美国近些年设计的X－43飞行器为例来看，X－43飞行器的气动数据阵即是由风洞试验数据、CFD数值计算结果和工程方法计算数据3个来源构成的[149]。
数据,is_a,风洞,DOC002,6713,以美国近些年设计的X－43飞行器为例来看，X－43飞行器的气动数据阵即是由风洞试验数据、CFD数值计算结果和工程方法计算数据3个来源构成的[149]。
数据,is_a,试验,DOC002,6713,以美国近些年设计的X－43飞行器为例来看，X－43飞行器的气动数据阵即是由风洞试验数据、CFD数值计算结果和工程方法计算数据3个来源构成的[149]。
气动,part_of,飞行器,DOC002,6898,气动数据库建立的基本目的就是为飞行器项目的气动设计工作
数据库,part_of,飞行器,DOC002,6898,气动数据库建立的基本目的就是为飞行器项目的气动设计工作
飞行器,part_of,航天飞机,DOC002,7058,借助历史上类似飞行器，特别是以航天飞机轨道的飞行测量
应用,part_of,飞行器,DOC002,7168,因此，将鲁棒设计概念应用于复杂的航天系统设计中是未来航天飞行器设计者的必然选择。
航天,part_of,飞行器,DOC002,7168,因此，将鲁棒设计概念应用于复杂的航天系统设计中是未来航天飞行器设计者的必然选择。
日本,is_a,质量,DOC002,7169,最基本的鲁棒设计方法是由日本工程师田口（Taguchi）在20世纪50年代至60年代发展起来的，一般称之为田口方法，是一种离线质量控制方法。
在20,is_a,质量,DOC002,7169,最基本的鲁棒设计方法是由日本工程师田口（Taguchi）在20世纪50年代至60年代发展起来的，一般称之为田口方法，是一种离线质量控制方法。
世纪50,is_a,质量,DOC002,7169,最基本的鲁棒设计方法是由日本工程师田口（Taguchi）在20世纪50年代至60年代发展起来的，一般称之为田口方法，是一种离线质量控制方法。
年代,is_a,质量,DOC002,7169,最基本的鲁棒设计方法是由日本工程师田口（Taguchi）在20世纪50年代至60年代发展起来的，一般称之为田口方法，是一种离线质量控制方法。
发展,is_a,质量,DOC002,7169,最基本的鲁棒设计方法是由日本工程师田口（Taguchi）在20世纪50年代至60年代发展起来的，一般称之为田口方法，是一种离线质量控制方法。
任务,is_a,参数,DOC002,7171,田口方法可完成两类任务[18]：一类是平均值分析，即在指定的参数范围内，确定参数及其交互作用对响应的变化趋势，以便设计最优化；
任务,is_a,范围,DOC002,7171,田口方法可完成两类任务[18]：一类是平均值分析，即在指定的参数范围内，确定参数及其交互作用对响应的变化趋势，以便设计最优化；
任务,is_a,确定,DOC002,7171,田口方法可完成两类任务[18]：一类是平均值分析，即在指定的参数范围内，确定参数及其交互作用对响应的变化趋势，以便设计最优化；
任务,is_a,作用,DOC002,7171,田口方法可完成两类任务[18]：一类是平均值分析，即在指定的参数范围内，确定参数及其交互作用对响应的变化趋势，以便设计最优化；
任务,is_a,的变化,DOC002,7171,田口方法可完成两类任务[18]：一类是平均值分析，即在指定的参数范围内，确定参数及其交互作用对响应的变化趋势，以便设计最优化；
为正,part_of,展开,DOC002,7279,"这里，由于自变量 \(x\) 为正态随机变量，因此 \(g(x)\) 是随机变量函数，相应的泰勒展开式是在自变量的均值点 \(x_0=(x_{1}^0,\cdots,x_{n}^0)\) 进行的。"
求解,is_a,设计变量,DOC002,7338,鲁棒优化设计方法一般采用两步法来求解：首先求解各义规划问题，即只考虑设计变量和系统参数的均值；
求解,is_a,参数,DOC002,7338,鲁棒优化设计方法一般采用两步法来求解：首先求解各义规划问题，即只考虑设计变量和系统参数的均值；
求解,is_a,的均值,DOC002,7338,鲁棒优化设计方法一般采用两步法来求解：首先求解各义规划问题，即只考虑设计变量和系统参数的均值；
首先,is_a,设计变量,DOC002,7338,鲁棒优化设计方法一般采用两步法来求解：首先求解各义规划问题，即只考虑设计变量和系统参数的均值；
首先,is_a,参数,DOC002,7338,鲁棒优化设计方法一般采用两步法来求解：首先求解各义规划问题，即只考虑设计变量和系统参数的均值；
首先,is_a,的均值,DOC002,7338,鲁棒优化设计方法一般采用两步法来求解：首先求解各义规划问题，即只考虑设计变量和系统参数的均值；
其次,is_a,约束,DOC002,7339,其次，考虑设计变量和系统参数的变量差异，即计算约束容差。
设计变量,is_a,约束,DOC002,7339,其次，考虑设计变量和系统参数的变量差异，即计算约束容差。
参数,is_a,约束,DOC002,7339,其次，考虑设计变量和系统参数的变量差异，即计算约束容差。
约束,is_a,增加,DOC002,7344,若约束正相关时，当最优设计解群发产生变量差时，起作用约束具有相同的变化趋势，即同时增加或减少才可行概率；
相关,is_a,增加,DOC002,7344,若约束正相关时，当最优设计解群发产生变量差时，起作用约束具有相同的变化趋势，即同时增加或减少才可行概率；
产生,is_a,增加,DOC002,7344,若约束正相关时，当最优设计解群发产生变量差时，起作用约束具有相同的变化趋势，即同时增加或减少才可行概率；
作用,is_a,增加,DOC002,7344,若约束正相关时，当最优设计解群发产生变量差时，起作用约束具有相同的变化趋势，即同时增加或减少才可行概率；
相同,is_a,增加,DOC002,7344,若约束正相关时，当最优设计解群发产生变量差时，起作用约束具有相同的变化趋势，即同时增加或减少才可行概率；
的变化,is_a,增加,DOC002,7344,若约束正相关时，当最优设计解群发产生变量差时，起作用约束具有相同的变化趋势，即同时增加或减少才可行概率；
以上,part_of,飞行器,DOC002,7455,以上是一个小型载人再入飞行器舱体估计的例子。
气动设计,part_of,飞机,DOC003,266,气动设计是飞机设计中非常重要的一个环节，它主要包括气动外形的设计、飞机布局
飞机,has_component,气动,DOC003,266,气动设计是飞机设计中非常重要的一个环节，它主要包括气动外形的设计、飞机布局
高超声速飞行器气动设计,part_of,飞机,DOC003,273,除了高超声速飞行器气动设计部分外，本文所讨论的主要对象是飞机，有
部分,part_of,飞机,DOC003,273,除了高超声速飞行器气动设计部分外，本文所讨论的主要对象是飞机，有
讨论,part_of,飞机,DOC003,273,除了高超声速飞行器气动设计部分外，本文所讨论的主要对象是飞机，有
这里,is_a,电子,DOC003,307,有先进与普通之分，因此这里将机载设备大体上分为四个系统，即航空电子、武器和火控、
设备,is_a,电子,DOC003,307,有先进与普通之分，因此这里将机载设备大体上分为四个系统，即航空电子、武器和火控、
飞行器,part_of,航天器,DOC003,313,飞行器是在地球大气层中运动的，这有别于航天器。
简称,part_of,机翼,DOC003,331,性（常简称气动力特性或气动特性）起作用的最重要的部件是机翼、机身、尾翼和发动机。
简称,part_of,机身,DOC003,331,性（常简称气动力特性或气动特性）起作用的最重要的部件是机翼、机身、尾翼和发动机。
简称,part_of,尾翼,DOC003,331,性（常简称气动力特性或气动特性）起作用的最重要的部件是机翼、机身、尾翼和发动机。
简称,part_of,发动机,DOC003,331,性（常简称气动力特性或气动特性）起作用的最重要的部件是机翼、机身、尾翼和发动机。
气动力,part_of,机翼,DOC003,331,性（常简称气动力特性或气动特性）起作用的最重要的部件是机翼、机身、尾翼和发动机。
气动力,part_of,机身,DOC003,331,性（常简称气动力特性或气动特性）起作用的最重要的部件是机翼、机身、尾翼和发动机。
气动力,part_of,尾翼,DOC003,331,性（常简称气动力特性或气动特性）起作用的最重要的部件是机翼、机身、尾翼和发动机。
气动力,part_of,发动机,DOC003,331,性（常简称气动力特性或气动特性）起作用的最重要的部件是机翼、机身、尾翼和发动机。
特性,part_of,机翼,DOC003,331,性（常简称气动力特性或气动特性）起作用的最重要的部件是机翼、机身、尾翼和发动机。
特性,part_of,机身,DOC003,331,性（常简称气动力特性或气动特性）起作用的最重要的部件是机翼、机身、尾翼和发动机。
特性,part_of,尾翼,DOC003,331,性（常简称气动力特性或气动特性）起作用的最重要的部件是机翼、机身、尾翼和发动机。
特性,part_of,发动机,DOC003,331,性（常简称气动力特性或气动特性）起作用的最重要的部件是机翼、机身、尾翼和发动机。
气动特性,part_of,机翼,DOC003,331,性（常简称气动力特性或气动特性）起作用的最重要的部件是机翼、机身、尾翼和发动机。
气动特性,part_of,机身,DOC003,331,性（常简称气动力特性或气动特性）起作用的最重要的部件是机翼、机身、尾翼和发动机。
气动特性,part_of,尾翼,DOC003,331,性（常简称气动力特性或气动特性）起作用的最重要的部件是机翼、机身、尾翼和发动机。
气动特性,part_of,发动机,DOC003,331,性（常简称气动力特性或气动特性）起作用的最重要的部件是机翼、机身、尾翼和发动机。
作用,part_of,机翼,DOC003,331,性（常简称气动力特性或气动特性）起作用的最重要的部件是机翼、机身、尾翼和发动机。
作用,part_of,机身,DOC003,331,性（常简称气动力特性或气动特性）起作用的最重要的部件是机翼、机身、尾翼和发动机。
作用,part_of,尾翼,DOC003,331,性（常简称气动力特性或气动特性）起作用的最重要的部件是机翼、机身、尾翼和发动机。
作用,part_of,发动机,DOC003,331,性（常简称气动力特性或气动特性）起作用的最重要的部件是机翼、机身、尾翼和发动机。
部件,part_of,机翼,DOC003,331,性（常简称气动力特性或气动特性）起作用的最重要的部件是机翼、机身、尾翼和发动机。
部件,part_of,机身,DOC003,331,性（常简称气动力特性或气动特性）起作用的最重要的部件是机翼、机身、尾翼和发动机。
部件,part_of,尾翼,DOC003,331,性（常简称气动力特性或气动特性）起作用的最重要的部件是机翼、机身、尾翼和发动机。
部件,part_of,发动机,DOC003,331,性（常简称气动力特性或气动特性）起作用的最重要的部件是机翼、机身、尾翼和发动机。
气动,is_a,飞机,DOC003,347,此外气动弹性力学领域，即飞机部件变形时气动力和弹性理论
气动,is_a,部件,DOC003,347,此外气动弹性力学领域，即飞机部件变形时气动力和弹性理论
气动,is_a,变形,DOC003,347,此外气动弹性力学领域，即飞机部件变形时气动力和弹性理论
气动,is_a,气动力,DOC003,347,此外气动弹性力学领域，即飞机部件变形时气动力和弹性理论
任务,part_of,飞机,DOC003,353,” 则主要涉及上述任务的第二个方面，它是飞机空气动力学内容的深入和发展。
第二,part_of,飞机,DOC003,353,” 则主要涉及上述任务的第二个方面，它是飞机空气动力学内容的深入和发展。
方面,part_of,飞机,DOC003,353,” 则主要涉及上述任务的第二个方面，它是飞机空气动力学内容的深入和发展。
升力,part_of,尾翼,DOC003,369,生升力，机身的主要功能则是承受有效载荷并把各部件连结为一个整体，尾翼的主要作用
机身,part_of,尾翼,DOC003,369,生升力，机身的主要功能则是承受有效载荷并把各部件连结为一个整体，尾翼的主要作用
气动设计,part_of,飞行器,DOC003,403,气动设计是飞行器总体设计的重要组成部分，在飞行器设计中占有重要的地位。
阶段,part_of,飞机,DOC003,423,论证阶段主要是研究设计新飞机的可行性，其工作内容包括拟定新飞机的战术技术要
阶段,part_of,飞机,DOC003,470,工程研制阶段是根据此方案阶段制订的飞机总体技术方案，进行飞机的详细设计，向
飞机,is_a,要求,DOC003,499,新飞机首飞成功后即应按试飞大纲要求，进行定型试飞。
以上,part_of,飞机,DOC003,530,以上所介绍的是军用飞机的一般研制过程；
飞机,has_component,可靠性,DOC003,553,开始就必须注意飞行的飞机的高品质要求，包括可靠性、安全性、维修性和技术寿命等。
飞行器,has_component,速度,DOC003,560,飞行器技术指标是气动外形设计的依据，它主要有飞行速度范围、高度范围、航程、
飞行器,has_component,高度,DOC003,560,飞行器技术指标是气动外形设计的依据，它主要有飞行速度范围、高度范围、航程、
飞行器,has_component,航程,DOC003,560,飞行器技术指标是气动外形设计的依据，它主要有飞行速度范围、高度范围、航程、
稳定,part_of,飞机,DOC003,569,稳定性是飞机本身固有的一种运动属性，从空气动力学观点
动稳定性,part_of,飞机,DOC003,574,而动稳定性是指，飞机受扰运动在扰动源撤除后，能
在设计中,is_a,要求,DOC003,579,在设计中，气动特性预测的准确度越高越好，即要求预测的误差尽可能地小。
气动特性,is_a,要求,DOC003,579,在设计中，气动特性预测的准确度越高越好，即要求预测的误差尽可能地小。
飞机,has_component,参数,DOC003,631,飞机气动布局设计不仅限千飞机气动外形的设计，还包括各种气动参数的选择，以及
机翼面积,part_of,飞机,DOC003,669,因此机翼面积（关系到翼载）的选择是飞机气动布局设计中需要确定的一个重要参数。
关系,part_of,飞机,DOC003,669,因此机翼面积（关系到翼载）的选择是飞机气动布局设计中需要确定的一个重要参数。
翼载,part_of,飞机,DOC003,669,因此机翼面积（关系到翼载）的选择是飞机气动布局设计中需要确定的一个重要参数。
选择,part_of,飞机,DOC003,669,因此机翼面积（关系到翼载）的选择是飞机气动布局设计中需要确定的一个重要参数。
重量,affects,气动,DOC003,679,而重量对性能的影响反过来又影响气动布局的选择（具体将在第6 章§6.3 “飞
重力,is_a,可用,DOC003,921,当重力小于浮力时，孔明灯即扶摇直上，可用作军
展开,part_of,飞行器,DOC003,1048,于只在神话中展开想象的翅膀，而是涌现出极大的热情要冒险尝试制作飞行器，使自
飞行,is_a,重力,DOC003,1085,(3) 他的研究涉及飞行的机械原理，即重力、升力、阻力和推力之间的关系。
飞行,is_a,升力,DOC003,1085,(3) 他的研究涉及飞行的机械原理，即重力、升力、阻力和推力之间的关系。
飞行,is_a,阻力,DOC003,1085,(3) 他的研究涉及飞行的机械原理，即重力、升力、阻力和推力之间的关系。
飞行,is_a,推力,DOC003,1085,(3) 他的研究涉及飞行的机械原理，即重力、升力、阻力和推力之间的关系。
飞行,is_a,之间的关系,DOC003,1085,(3) 他的研究涉及飞行的机械原理，即重力、升力、阻力和推力之间的关系。
世纪,part_of,发动机,DOC003,1147,20 世纪初至40 年代中期是探索飞行的技术途径的时期，是活塞式发动机飞机迅猛发
世纪,part_of,飞机,DOC003,1147,20 世纪初至40 年代中期是探索飞行的技术途径的时期，是活塞式发动机飞机迅猛发
年代,part_of,发动机,DOC003,1147,20 世纪初至40 年代中期是探索飞行的技术途径的时期，是活塞式发动机飞机迅猛发
年代,part_of,飞机,DOC003,1147,20 世纪初至40 年代中期是探索飞行的技术途径的时期，是活塞式发动机飞机迅猛发
飞行,part_of,发动机,DOC003,1147,20 世纪初至40 年代中期是探索飞行的技术途径的时期，是活塞式发动机飞机迅猛发
飞行,part_of,飞机,DOC003,1147,20 世纪初至40 年代中期是探索飞行的技术途径的时期，是活塞式发动机飞机迅猛发
俯仰,affects,方向,DOC003,1159,他们认为，飞机的平衡、俯仰和改变方向，可以通过偏转舵面来实
法国,part_of,飞机,DOC003,1214,"40 km, 从法国的加莱飞到英国的多佛尔，这是最早的国际飞行，也初步显示出飞机的"
英国,part_of,飞机,DOC003,1214,"40 km, 从法国的加莱飞到英国的多佛尔，这是最早的国际飞行，也初步显示出飞机的"
相对,part_of,后缘,DOC003,1233,"度了和相对弯度f 表示，中线是圆弧，后缘角等千o, 即很尖的后缘）。"
弯度,part_of,后缘,DOC003,1233,"度了和相对弯度f 表示，中线是圆弧，后缘角等千o, 即很尖的后缘）。"
发动机,part_of,飞机,DOC003,1306,发动机是飞机性能的关键因素之一。
第三,part_of,飞机,DOC003,1327,第三是飞机制造材料的改进，
755km/h,part_of,飞机,DOC003,1410,当时最高纪录的755km/h 是1939 年4 月德国Me-109R 飞机（如图1.2.20) 创造的。
发动机,supports_mission,超声速,DOC003,1440,显然活塞式发动机不可能满足高亚声速和超声速飞行的
发动机,supports_mission,飞行,DOC003,1440,显然活塞式发动机不可能满足高亚声速和超声速飞行的
布局,part_of,发动机,DOC003,1511,其布局为平直机翼布局，之所以能够突破声障，主要是靠火箭发动机的强大动力，且
机翼,part_of,发动机,DOC003,1511,其布局为平直机翼布局，之所以能够突破声障，主要是靠火箭发动机的强大动力，且
声障,part_of,发动机,DOC003,1511,其布局为平直机翼布局，之所以能够突破声障，主要是靠火箭发动机的强大动力，且
后掠,is_a,剖面,DOC003,1525,后掠机翼即机翼各剖面沿展向后移的机翼，后掠机翼布局实现持续超声速飞行的第一
后掠,is_a,布局,DOC003,1525,后掠机翼即机翼各剖面沿展向后移的机翼，后掠机翼布局实现持续超声速飞行的第一
后掠,is_a,实现,DOC003,1525,后掠机翼即机翼各剖面沿展向后移的机翼，后掠机翼布局实现持续超声速飞行的第一
后掠,is_a,超声速,DOC003,1525,后掠机翼即机翼各剖面沿展向后移的机翼，后掠机翼布局实现持续超声速飞行的第一
后掠,is_a,飞行,DOC003,1525,后掠机翼即机翼各剖面沿展向后移的机翼，后掠机翼布局实现持续超声速飞行的第一
后掠,is_a,第一,DOC003,1525,后掠机翼即机翼各剖面沿展向后移的机翼，后掠机翼布局实现持续超声速飞行的第一
机翼,is_a,剖面,DOC003,1525,后掠机翼即机翼各剖面沿展向后移的机翼，后掠机翼布局实现持续超声速飞行的第一
机翼,is_a,布局,DOC003,1525,后掠机翼即机翼各剖面沿展向后移的机翼，后掠机翼布局实现持续超声速飞行的第一
机翼,is_a,实现,DOC003,1525,后掠机翼即机翼各剖面沿展向后移的机翼，后掠机翼布局实现持续超声速飞行的第一
机翼,is_a,超声速,DOC003,1525,后掠机翼即机翼各剖面沿展向后移的机翼，后掠机翼布局实现持续超声速飞行的第一
机翼,is_a,飞行,DOC003,1525,后掠机翼即机翼各剖面沿展向后移的机翼，后掠机翼布局实现持续超声速飞行的第一
机翼,is_a,第一,DOC003,1525,后掠机翼即机翼各剖面沿展向后移的机翼，后掠机翼布局实现持续超声速飞行的第一
第一,is_a,第二,DOC003,1544,第一代超声速喷气式战斗机（即第二代喷气式战斗机）
超声速,is_a,第二,DOC003,1544,第一代超声速喷气式战斗机（即第二代喷气式战斗机）
战斗机,is_a,第二,DOC003,1544,第一代超声速喷气式战斗机（即第二代喷气式战斗机）
第二,is_a,第三,DOC003,1632,第二代超声速喷气式战斗机（即第三代喷气式战斗机）
超声速,is_a,第三,DOC003,1632,第二代超声速喷气式战斗机（即第三代喷气式战斗机）
战斗机,is_a,第三,DOC003,1632,第二代超声速喷气式战斗机（即第三代喷气式战斗机）
型战斗机,part_of,战斗机,DOC003,1703,F-4 型战斗机（如图1 .2.30 所示）则是美国第一种型成熟的两倍声速战斗机，为了获得
形成,part_of,战斗机,DOC003,1712,展就形成了三代，尤其是第三代喷气式战斗机（即第二代超声速喷气式战斗机）。
形成,is_a,第二,DOC003,1712,展就形成了三代，尤其是第三代喷气式战斗机（即第二代超声速喷气式战斗机）。
形成,is_a,超声速,DOC003,1712,展就形成了三代，尤其是第三代喷气式战斗机（即第二代超声速喷气式战斗机）。
第三,is_a,第二,DOC003,1712,展就形成了三代，尤其是第三代喷气式战斗机（即第二代超声速喷气式战斗机）。
第三,is_a,超声速,DOC003,1712,展就形成了三代，尤其是第三代喷气式战斗机（即第二代超声速喷气式战斗机）。
战斗机,is_a,第二,DOC003,1712,展就形成了三代，尤其是第三代喷气式战斗机（即第二代超声速喷气式战斗机）。
战斗机,is_a,超声速,DOC003,1712,展就形成了三代，尤其是第三代喷气式战斗机（即第二代超声速喷气式战斗机）。
战斗机,uses_method,变后掠,DOC003,1714,速喷气式战斗机普遍采用小展弦比机翼、三角翼或可变后掠翼，更适应高速飞行，并获得
型战斗机,part_of,战斗机,DOC003,1761,F-15 “ 鹰” 型战斗机是美国麦道公司研制的重型超声速制空战斗机，主要用千夺取
能力,part_of,战斗机,DOC003,1762,战区制空权，同时兼具对地攻击能力，是美国空军一直引以为豪的主力战斗机。
型机,part_of,战斗机,DOC003,1771,F-15 型机不愧是第三代超声速战斗机中的佼佼者，在其问世不久，便在中东
航天飞机,is_a,可重复使用,DOC003,2319,航天飞机是一种有翼、可重复使用的太空器，由辅助的运载火箭发射脱离大气层，作
航天飞机,is_a,发射,DOC003,2319,航天飞机是一种有翼、可重复使用的太空器，由辅助的运载火箭发射脱离大气层，作
航天飞机,is_a,越大,DOC003,2330,航天飞机是一种为穿越大气层而设计的火箭动力航天器。
航天飞机,is_a,动力,DOC003,2330,航天飞机是一种为穿越大气层而设计的火箭动力航天器。
航天飞机,is_a,航天器,DOC003,2330,航天飞机是一种为穿越大气层而设计的火箭动力航天器。
结构设计,has_component,水平尾翼,DOC003,2394,体结构设计，在机身后部设计了控制面，包括全动式水平尾翼和双垂直尾翼与方向舵。
结构设计,has_component,垂直尾翼,DOC003,2394,体结构设计，在机身后部设计了控制面，包括全动式水平尾翼和双垂直尾翼与方向舵。
结构设计,has_component,方向舵,DOC003,2394,体结构设计，在机身后部设计了控制面，包括全动式水平尾翼和双垂直尾翼与方向舵。
机身,has_component,水平尾翼,DOC003,2394,体结构设计，在机身后部设计了控制面，包括全动式水平尾翼和双垂直尾翼与方向舵。
机身,has_component,垂直尾翼,DOC003,2394,体结构设计，在机身后部设计了控制面，包括全动式水平尾翼和双垂直尾翼与方向舵。
机身,has_component,方向舵,DOC003,2394,体结构设计，在机身后部设计了控制面，包括全动式水平尾翼和双垂直尾翼与方向舵。
助推器,part_of,发动机,DOC003,2436,助推器是洛克希德· 马丁公司陆军战术导弹系统的发动机改
计划,part_of,飞行器,DOC003,2463,该计划的目标是：研发、飞行试验和验证高超声速飞行器的关键技术，确保美
目标,part_of,飞行器,DOC003,2463,该计划的目标是：研发、飞行试验和验证高超声速飞行器的关键技术，确保美
飞行器,has_component,翼型,DOC003,2493,(1) 现有的飞行器都是经过历史锤炼不断发展而成的，包括标准翼型、各种典型的气
对千,is_a,任意,DOC003,2579,相对千飞行器特征尺寸L 来说很小，可视为零，则任意一点的密度最后的
对千,is_a,密度,DOC003,2579,相对千飞行器特征尺寸L 来说很小，可视为零，则任意一点的密度最后的
对千,is_a,最后,DOC003,2579,相对千飞行器特征尺寸L 来说很小，可视为零，则任意一点的密度最后的
飞行器,is_a,任意,DOC003,2579,相对千飞行器特征尺寸L 来说很小，可视为零，则任意一点的密度最后的
飞行器,is_a,密度,DOC003,2579,相对千飞行器特征尺寸L 来说很小，可视为零，则任意一点的密度最后的
飞行器,is_a,最后,DOC003,2579,相对千飞行器特征尺寸L 来说很小，可视为零，则任意一点的密度最后的
尺寸,is_a,任意,DOC003,2579,相对千飞行器特征尺寸L 来说很小，可视为零，则任意一点的密度最后的
尺寸,is_a,密度,DOC003,2579,相对千飞行器特征尺寸L 来说很小，可视为零，则任意一点的密度最后的
尺寸,is_a,最后,DOC003,2579,相对千飞行器特征尺寸L 来说很小，可视为零，则任意一点的密度最后的
来说,is_a,任意,DOC003,2579,相对千飞行器特征尺寸L 来说很小，可视为零，则任意一点的密度最后的
来说,is_a,密度,DOC003,2579,相对千飞行器特征尺寸L 来说很小，可视为零，则任意一点的密度最后的
来说,is_a,最后,DOC003,2579,相对千飞行器特征尺寸L 来说很小，可视为零，则任意一点的密度最后的
很小,is_a,任意,DOC003,2579,相对千飞行器特征尺寸L 来说很小，可视为零，则任意一点的密度最后的
很小,is_a,密度,DOC003,2579,相对千飞行器特征尺寸L 来说很小，可视为零，则任意一点的密度最后的
很小,is_a,最后,DOC003,2579,相对千飞行器特征尺寸L 来说很小，可视为零，则任意一点的密度最后的
所谓,is_a,这种,DOC003,2714,所谓无黏气体是一种不考虑空气黏性的模型，这种模型中流体微团不承受黏性力作
飞行器,is_a,速度,DOC003,2862,若飞行器作马赫数M < 0 .3 的低速飞行，即来流速度不大时，流场中各点的速度变化
飞行器,is_a,的速度,DOC003,2862,若飞行器作马赫数M < 0 .3 的低速飞行，即来流速度不大时，流场中各点的速度变化
飞行器,is_a,变化,DOC003,2862,若飞行器作马赫数M < 0 .3 的低速飞行，即来流速度不大时，流场中各点的速度变化
马赫数,is_a,速度,DOC003,2862,若飞行器作马赫数M < 0 .3 的低速飞行，即来流速度不大时，流场中各点的速度变化
马赫数,is_a,的速度,DOC003,2862,若飞行器作马赫数M < 0 .3 的低速飞行，即来流速度不大时，流场中各点的速度变化
马赫数,is_a,变化,DOC003,2862,若飞行器作马赫数M < 0 .3 的低速飞行，即来流速度不大时，流场中各点的速度变化
低速,is_a,速度,DOC003,2862,若飞行器作马赫数M < 0 .3 的低速飞行，即来流速度不大时，流场中各点的速度变化
低速,is_a,的速度,DOC003,2862,若飞行器作马赫数M < 0 .3 的低速飞行，即来流速度不大时，流场中各点的速度变化
低速,is_a,变化,DOC003,2862,若飞行器作马赫数M < 0 .3 的低速飞行，即来流速度不大时，流场中各点的速度变化
飞行,is_a,速度,DOC003,2862,若飞行器作马赫数M < 0 .3 的低速飞行，即来流速度不大时，流场中各点的速度变化
飞行,is_a,的速度,DOC003,2862,若飞行器作马赫数M < 0 .3 的低速飞行，即来流速度不大时，流场中各点的速度变化
飞行,is_a,变化,DOC003,2862,若飞行器作马赫数M < 0 .3 的低速飞行，即来流速度不大时，流场中各点的速度变化
第一,is_a,求解,DOC003,3016,第一种方法即数值迭代求解，依赖千计算机规模以及物理模型是否合适，由千本书主
第一,is_a,物理,DOC003,3016,第一种方法即数值迭代求解，依赖千计算机规模以及物理模型是否合适，由千本书主
第一,is_a,由千,DOC003,3016,第一种方法即数值迭代求解，依赖千计算机规模以及物理模型是否合适，由千本书主
条件,part_of,翼型,DOC003,3041,该方程所需的边界条件是，在距离翼型很远的地方速度趋千主流速度，而垂直千翼型表面
速度,part_of,翼型,DOC003,3356,它显示出速度增量是翼型形状的函数。
密度,is_a,求出,DOC003,3382,"即对给定的密度p 和来流流速VOO ，只要确定绕物体的速度环量r , 那么即可求出物体的"
确定,is_a,求出,DOC003,3382,"即对给定的密度p 和来流流速VOO ，只要确定绕物体的速度环量r , 那么即可求出物体的"
的速度,is_a,求出,DOC003,3382,"即对给定的密度p 和来流流速VOO ，只要确定绕物体的速度环量r , 那么即可求出物体的"
那么,is_a,求出,DOC003,3382,"即对给定的密度p 和来流流速VOO ，只要确定绕物体的速度环量r , 那么即可求出物体的"
这些,is_a,亚声速,DOC003,3481,另外要注意，这些模型仅仅适用千一种特殊的可压缩流，即亚声速流，这时线化方程
这些,is_a,这时,DOC003,3481,另外要注意，这些模型仅仅适用千一种特殊的可压缩流，即亚声速流，这时线化方程
作用,part_of,飞机,DOC003,3511,互作用的这一方面：我们总是把飞机设计得具有一定流型，而至关重要的是，我们应该知
一方面,part_of,飞机,DOC003,3511,互作用的这一方面：我们总是把飞机设计得具有一定流型，而至关重要的是，我们应该知
我们,part_of,飞机,DOC003,3511,互作用的这一方面：我们总是把飞机设计得具有一定流型，而至关重要的是，我们应该知
升力,is_a,压力,DOC003,3523,升力是由吸力（即低千主流的压力）产生时，边界层会受到压强变化很大的外部气流的影
升力,is_a,产生,DOC003,3523,升力是由吸力（即低千主流的压力）产生时，边界层会受到压强变化很大的外部气流的影
升力,is_a,变化,DOC003,3523,升力是由吸力（即低千主流的压力）产生时，边界层会受到压强变化很大的外部气流的影
阻力,is_a,部分,DOC003,3539,随有阻力，即黏性阻力，其中一部分表现为沿表面的摩擦力，另一部分表现为压力。
阻力,is_a,压力,DOC003,3539,随有阻力，即黏性阻力，其中一部分表现为沿表面的摩擦力，另一部分表现为压力。
现象,part_of,分离,DOC003,3550,最重要的边界层现象之一是流动分离。
减小,part_of,分离,DOC003,3618,减小，这些流线就是正常分离线（与图中的奇异分离线相反），分离线上的气流离开了表面
这些,part_of,分离,DOC003,3618,减小，这些流线就是正常分离线（与图中的奇异分离线相反），分离线上的气流离开了表面
翼型,part_of,机翼,DOC003,3714,翼型是机翼的基本构成特征，本章将系统介绍翼型的参数特点，认识其气动参数和低
飞机,part_of,机翼,DOC003,3725,飞机的主要升力部件是机翼，而翼型是机翼截面的基本构型，如图3.1.1 所示。
飞机,part_of,翼型,DOC003,3725,飞机的主要升力部件是机翼，而翼型是机翼截面的基本构型，如图3.1.1 所示。
升力,part_of,机翼,DOC003,3725,飞机的主要升力部件是机翼，而翼型是机翼截面的基本构型，如图3.1.1 所示。
升力,part_of,翼型,DOC003,3725,飞机的主要升力部件是机翼，而翼型是机翼截面的基本构型，如图3.1.1 所示。
部件,part_of,机翼,DOC003,3725,飞机的主要升力部件是机翼，而翼型是机翼截面的基本构型，如图3.1.1 所示。
部件,part_of,翼型,DOC003,3725,飞机的主要升力部件是机翼，而翼型是机翼截面的基本构型，如图3.1.1 所示。
翼型,part_of,的翼型,DOC003,3784,再看翼型的头部，低速翼型的前缘一般是圆的，要很精确地画出前缘附近的翼型曲线，
低速,part_of,的翼型,DOC003,3784,再看翼型的头部，低速翼型的前缘一般是圆的，要很精确地画出前缘附近的翼型曲线，
前缘,part_of,的翼型,DOC003,3784,再看翼型的头部，低速翼型的前缘一般是圆的，要很精确地画出前缘附近的翼型曲线，
外形,part_of,机翼,DOC003,3817,的外形，认为试飞成功的关键是机翼的曲率或者说是弯度，他还试验了不同的翼尖半径和
外形,part_of,翼尖,DOC003,3817,的外形，认为试飞成功的关键是机翼的曲率或者说是弯度，他还试验了不同的翼尖半径和
机翼,part_of,翼尖,DOC003,3817,的外形，认为试飞成功的关键是机翼的曲率或者说是弯度，他还试验了不同的翼尖半径和
或者说,part_of,翼尖,DOC003,3817,的外形，认为试飞成功的关键是机翼的曲率或者说是弯度，他还试验了不同的翼尖半径和
于是,part_of,的翼型,DOC003,3861,于是他们当时认为是最佳的翼型厚度
翼型,has_component,的翼型,DOC003,3866,按这种基本厚度翼型组和这种中弧线组所组成的翼型称为标准
后缘,part_of,前缘,DOC003,3874,以后，开始采用后缘加载的超临界翼型，特点是前缘丰满，上翼面平坦，后缘向上凸。
后缘,part_of,上翼面,DOC003,3874,以后，开始采用后缘加载的超临界翼型，特点是前缘丰满，上翼面平坦，后缘向上凸。
超临界翼型,part_of,前缘,DOC003,3874,以后，开始采用后缘加载的超临界翼型，特点是前缘丰满，上翼面平坦，后缘向上凸。
超临界翼型,part_of,上翼面,DOC003,3874,以后，开始采用后缘加载的超临界翼型，特点是前缘丰满，上翼面平坦，后缘向上凸。
特点,part_of,前缘,DOC003,3874,以后，开始采用后缘加载的超临界翼型，特点是前缘丰满，上翼面平坦，后缘向上凸。
特点,part_of,上翼面,DOC003,3874,以后，开始采用后缘加载的超临界翼型，特点是前缘丰满，上翼面平坦，后缘向上凸。
翼型,part_of,的翼型,DOC003,3954,NACA0008 翼型，是无弯度相对厚度为8％的翼型。
弯度,part_of,翼型,DOC003,4022,大弯度位置更靠前，这就是NACA 五位数字翼型比四位数字翼型更优越之处。
位置,part_of,翼型,DOC003,4022,大弯度位置更靠前，这就是NACA 五位数字翼型比四位数字翼型更优越之处。
翼型,part_of,的翼型,DOC003,4025,NACA230 系列翼型是标准NACA 翼型中最大升力系数最高的翼型，
翼型,has_component,速度,DOC003,4030,亚声速翼型与低速翼型没有质的差别，只是由于速度提高，更突出地要求降低最小阻
这些,part_of,翼型,DOC003,4032,层流翼型能满足这些要求，是比较理想的亚声速翼型。
要求,part_of,翼型,DOC003,4032,层流翼型能满足这些要求，是比较理想的亚声速翼型。
翼型,part_of,层流翼型,DOC003,4034,系列翼型就是最著名的层流翼型。
说明,part_of,层流翼型,DOC003,4054,表示族号，说明它是层流翼型；
阻力,part_of,层流翼型,DOC003,4073,从阻力上看，NACA6 族翼型是层流翼型，在小迎角亚声速飞行时，其摩擦阻力比普
翼型,part_of,层流翼型,DOC003,4073,从阻力上看，NACA6 族翼型是层流翼型，在小迎角亚声速飞行时，其摩擦阻力比普
给出了,is_a,声速,DOC003,4105,图3 . 1 .5 中已经给出了尖峰翼型的图形，这是一种适用千跨声速流动的翼型，其特点
给出了,is_a,流动,DOC003,4105,图3 . 1 .5 中已经给出了尖峰翼型的图形，这是一种适用千跨声速流动的翼型，其特点
给出了,is_a,的翼型,DOC003,4105,图3 . 1 .5 中已经给出了尖峰翼型的图形，这是一种适用千跨声速流动的翼型，其特点
给出了,is_a,特点,DOC003,4105,图3 . 1 .5 中已经给出了尖峰翼型的图形，这是一种适用千跨声速流动的翼型，其特点
翼型,is_a,声速,DOC003,4105,图3 . 1 .5 中已经给出了尖峰翼型的图形，这是一种适用千跨声速流动的翼型，其特点
翼型,is_a,流动,DOC003,4105,图3 . 1 .5 中已经给出了尖峰翼型的图形，这是一种适用千跨声速流动的翼型，其特点
翼型,is_a,的翼型,DOC003,4105,图3 . 1 .5 中已经给出了尖峰翼型的图形，这是一种适用千跨声速流动的翼型，其特点
翼型,is_a,特点,DOC003,4105,图3 . 1 .5 中已经给出了尖峰翼型的图形，这是一种适用千跨声速流动的翼型，其特点
前缘,part_of,翼型,DOC003,4108,使气流经过前缘附近急剧膨胀加速到超声速，出现局部超声速区，关键是翼型表面要设计
附近,part_of,翼型,DOC003,4108,使气流经过前缘附近急剧膨胀加速到超声速，出现局部超声速区，关键是翼型表面要设计
超声速,part_of,翼型,DOC003,4108,使气流经过前缘附近急剧膨胀加速到超声速，出现局部超声速区，关键是翼型表面要设计
声速,part_of,超临界翼型,DOC003,4127,图3 . 1 .5 也显示了另一种跨声速翼型，这就是超临界翼型，其头部比较丰满，目的是
翼型,part_of,超临界翼型,DOC003,4127,图3 . 1 .5 也显示了另一种跨声速翼型，这就是超临界翼型，其头部比较丰满，目的是
声速,is_a,激波,DOC003,4138,在跨声速飞行时，超临界翼型上即使有激波也是弱激波，设计得好，能达到无激波状
飞行,is_a,激波,DOC003,4138,在跨声速飞行时，超临界翼型上即使有激波也是弱激波，设计得好，能达到无激波状
超临界翼型,is_a,激波,DOC003,4138,在跨声速飞行时，超临界翼型上即使有激波也是弱激波，设计得好，能达到无激波状
由千,part_of,的翼型,DOC003,4178,由千翼型流动是二维的，一般所说的翼型的力和力矩（图3.2. 1) ，都是单
翼型,part_of,的翼型,DOC003,4178,由千翼型流动是二维的，一般所说的翼型的力和力矩（图3.2. 1) ，都是单
流动,part_of,的翼型,DOC003,4178,由千翼型流动是二维的，一般所说的翼型的力和力矩（图3.2. 1) ，都是单
翼型,is_a,水平,DOC003,4185,在进行理论分析时，常把翼型（即翼型弦线）水平放置，来流则与翼型弦线成一定夹角。
以上,part_of,飞机,DOC003,4195,10 以上（特殊情况可达到100 以上），这是飞机以小推力克服阻力，并获得平衡重力的大
情况,part_of,飞机,DOC003,4195,10 以上（特殊情况可达到100 以上），这是飞机以小推力克服阻力，并获得平衡重力的大
飞机,has_component,机身,DOC003,4199,飞机而言，由于机身和其他部件的影响，其升阻比要比纯翼型升阻比低很多。
飞机,has_component,升阻比,DOC003,4199,飞机而言，由于机身和其他部件的影响，其升阻比要比纯翼型升阻比低很多。
飞机,has_component,翼型,DOC003,4199,飞机而言，由于机身和其他部件的影响，其升阻比要比纯翼型升阻比低很多。
机身,affects,升阻比,DOC003,4199,飞机而言，由于机身和其他部件的影响，其升阻比要比纯翼型升阻比低很多。
升力,part_of,机翼,DOC003,4200,升力和阻力的无鼠纲化是除以来流动压与弦长，就得到了升力系数CL （对千机翼的升
阻力,part_of,机翼,DOC003,4200,升力和阻力的无鼠纲化是除以来流动压与弦长，就得到了升力系数CL （对千机翼的升
系数,part_of,机翼,DOC003,4201,力系数则是用CL 表示）和阻力系数Cd （对千机翼的升力系数则是用CD 表示）
攻角,is_a,迎角,DOC003,4235,失速攻角即 a 零升迎角 最大升力迎角
攻角,is_a,最大,DOC003,4235,失速攻角即 a 零升迎角 最大升力迎角
攻角,is_a,升力,DOC003,4235,失速攻角即 a 零升迎角 最大升力迎角
运动,is_a,流动,DOC003,4238,面运动，会有回流即流动分离出现。
运动,is_a,分离,DOC003,4238,面运动，会有回流即流动分离出现。
对于,part_of,分离,DOC003,4258,对于阻力，二维情况下主要是黏性引起的摩擦与分离产生阻力，这与雷诺数有关，该
阻力,part_of,分离,DOC003,4258,对于阻力，二维情况下主要是黏性引起的摩擦与分离产生阻力，这与雷诺数有关，该
情况下,part_of,分离,DOC003,4258,对于阻力，二维情况下主要是黏性引起的摩擦与分离产生阻力，这与雷诺数有关，该
流动,part_of,翼型,DOC003,4279,流动是二维问题，因此只需考虑绕z 轴（垂直千翼型平面的轴）的力矩，该力矩使得翼型产
力矩,part_of,飞行器,DOC003,4283,力矩是飞行器控制的重要参数。
由千,is_a,很小,DOC003,4286,由千平尾位千机尾，距离重心较远即力臂很大，因此即使平尾很小也可产生
由千,is_a,产生,DOC003,4286,由千平尾位千机尾，距离重心较远即力臂很大，因此即使平尾很小也可产生
平尾,is_a,很小,DOC003,4286,由千平尾位千机尾，距离重心较远即力臂很大，因此即使平尾很小也可产生
平尾,is_a,产生,DOC003,4286,由千平尾位千机尾，距离重心较远即力臂很大，因此即使平尾很小也可产生
距离,is_a,很小,DOC003,4286,由千平尾位千机尾，距离重心较远即力臂很大，因此即使平尾很小也可产生
距离,is_a,产生,DOC003,4286,由千平尾位千机尾，距离重心较远即力臂很大，因此即使平尾很小也可产生
升力,part_of,前缘,DOC003,4299,升力的作用点xcp 称为压力中心（图3.2.5) ，它是升力作用点沿弦线方向离开前缘的距
的作用,part_of,前缘,DOC003,4299,升力的作用点xcp 称为压力中心（图3.2.5) ，它是升力作用点沿弦线方向离开前缘的距
称为,part_of,前缘,DOC003,4299,升力的作用点xcp 称为压力中心（图3.2.5) ，它是升力作用点沿弦线方向离开前缘的距
压力中心,part_of,前缘,DOC003,4299,升力的作用点xcp 称为压力中心（图3.2.5) ，它是升力作用点沿弦线方向离开前缘的距
迎角,affects,重量,DOC003,4339,飞行时迎角会进行调整，使得升力的改变能平衡燃油消耗的重量的改变。
需要,part_of,飞机,DOC003,4341,尤其需要增大迎角，这是因为此时飞机速度低，而升力同时是迎角和速度的增函数，速度
增大,part_of,飞机,DOC003,4341,尤其需要增大迎角，这是因为此时飞机速度低，而升力同时是迎角和速度的增函数，速度
迎角,part_of,飞机,DOC003,4341,尤其需要增大迎角，这是因为此时飞机速度低，而升力同时是迎角和速度的增函数，速度
翼型,has_component,前缘,DOC003,4364,对千儒科夫斯基对称翼型（包括平板）为例，其焦点在前缘向后1/4 弦长的位置。
翼型,has_component,弦长,DOC003,4364,对千儒科夫斯基对称翼型（包括平板）为例，其焦点在前缘向后1/4 弦长的位置。
增大,is_a,升力,DOC003,4464,见增大翼型的弯度，增大迎角，将增大上下翼面的压力差，即增大升力。
翼型,is_a,升力,DOC003,4464,见增大翼型的弯度，增大迎角，将增大上下翼面的压力差，即增大升力。
弯度,is_a,升力,DOC003,4464,见增大翼型的弯度，增大迎角，将增大上下翼面的压力差，即增大升力。
迎角,is_a,升力,DOC003,4464,见增大翼型的弯度，增大迎角，将增大上下翼面的压力差，即增大升力。
翼面,is_a,升力,DOC003,4464,见增大翼型的弯度，增大迎角，将增大上下翼面的压力差，即增大升力。
压力,is_a,升力,DOC003,4464,见增大翼型的弯度，增大迎角，将增大上下翼面的压力差，即增大升力。
的形式,part_of,翼型,DOC003,4502,短时间内，其流型如图3.3.6 (a) 的形式（这是观察者和翼型在一起运动时所看到的情况）。
后缘,is_a,旋涡,DOC003,4506,起动涡后缘和上翼面后驻点之间的气流将立即卷起一个逆时针的旋涡（称为“ ＂），见
后缘,is_a,称为,DOC003,4506,起动涡后缘和上翼面后驻点之间的气流将立即卷起一个逆时针的旋涡（称为“ ＂），见
上翼面,is_a,旋涡,DOC003,4506,起动涡后缘和上翼面后驻点之间的气流将立即卷起一个逆时针的旋涡（称为“ ＂），见
上翼面,is_a,称为,DOC003,4506,起动涡后缘和上翼面后驻点之间的气流将立即卷起一个逆时针的旋涡（称为“ ＂），见
之间,is_a,旋涡,DOC003,4506,起动涡后缘和上翼面后驻点之间的气流将立即卷起一个逆时针的旋涡（称为“ ＂），见
之间,is_a,称为,DOC003,4506,起动涡后缘和上翼面后驻点之间的气流将立即卷起一个逆时针的旋涡（称为“ ＂），见
后缘,part_of,翼型,DOC003,4525,面的绕流在后缘处平滑地会合，再沿着后缘切线或中弧线流走，这就是无黏流体绕翼型流
较小,part_of,分离,DOC003,4569,在较小迎角a 下上翼面气流是不会分离的，只是当a 增加到一定值时，气流才会在上
迎角,part_of,分离,DOC003,4569,在较小迎角a 下上翼面气流是不会分离的，只是当a 增加到一定值时，气流才会在上
上翼面,part_of,分离,DOC003,4569,在较小迎角a 下上翼面气流是不会分离的，只是当a 增加到一定值时，气流才会在上
作用,part_of,前缘,DOC003,4580,作用会向上游传递，以致翼型上翼面前部，特别是前缘附近，流速降低，压强增大，死水
翼型,part_of,前缘,DOC003,4580,作用会向上游传递，以致翼型上翼面前部，特别是前缘附近，流速降低，压强增大，死水
上翼面,part_of,前缘,DOC003,4580,作用会向上游传递，以致翼型上翼面前部，特别是前缘附近，流速降低，压强增大，死水
增大,is_a,所谓,DOC003,4581,区压强更为增大，导致升力大减，即所谓失速现象。
增大,is_a,现象,DOC003,4581,区压强更为增大，导致升力大减，即所谓失速现象。
升力,is_a,所谓,DOC003,4581,区压强更为增大，导致升力大减，即所谓失速现象。
升力,is_a,现象,DOC003,4581,区压强更为增大，导致升力大减，即所谓失速现象。
翼面,has_component,分离,DOC003,4590,角增加所导致的下翼面升力的增加量低于由于分离点前移所引起的上翼面升力的减小量，
翼面,has_component,上翼面,DOC003,4590,角增加所导致的下翼面升力的增加量低于由于分离点前移所引起的上翼面升力的减小量，
翼型,part_of,前缘,DOC003,4676,影响翼型气动特性的主要参数是前缘半径、相对厚度、弯度及雷诺数等。
气动特性,part_of,前缘,DOC003,4676,影响翼型气动特性的主要参数是前缘半径、相对厚度、弯度及雷诺数等。
参数,part_of,前缘,DOC003,4676,影响翼型气动特性的主要参数是前缘半径、相对厚度、弯度及雷诺数等。
分离,affects,最大升力系数,DOC003,4681,分离的影响，特别是对最大升力系数CL max 的影响主要取决千雷诺数Re。
分离,affects,雷诺数,DOC003,4681,分离的影响，特别是对最大升力系数CL max 的影响主要取决千雷诺数Re。
翼型,affects,最大升力系数,DOC003,4705,翼型相对厚度直接影响飞机的阻力（特别是波阻）、最大升力系数、失速特性和结构
相对厚度,affects,最大升力系数,DOC003,4705,翼型相对厚度直接影响飞机的阻力（特别是波阻）、最大升力系数、失速特性和结构
相对厚度,affects,超声速,DOC003,4733,相对厚度变化对千亚声速阻力影响不大，但对超声速阻力影响很大。
变化,affects,超声速,DOC003,4733,相对厚度变化对千亚声速阻力影响不大，但对超声速阻力影响很大。
根据,is_a,代替,DOC003,4788,"根据这些实际情况，一般假设了＝o , 即以中弧线代替翼型，且f 很小。"
根据,is_a,翼型,DOC003,4788,"根据这些实际情况，一般假设了＝o , 即以中弧线代替翼型，且f 很小。"
根据,is_a,很小,DOC003,4788,"根据这些实际情况，一般假设了＝o , 即以中弧线代替翼型，且f 很小。"
这些,is_a,代替,DOC003,4788,"根据这些实际情况，一般假设了＝o , 即以中弧线代替翼型，且f 很小。"
这些,is_a,翼型,DOC003,4788,"根据这些实际情况，一般假设了＝o , 即以中弧线代替翼型，且f 很小。"
这些,is_a,很小,DOC003,4788,"根据这些实际情况，一般假设了＝o , 即以中弧线代替翼型，且f 很小。"
实际,is_a,代替,DOC003,4788,"根据这些实际情况，一般假设了＝o , 即以中弧线代替翼型，且f 很小。"
实际,is_a,翼型,DOC003,4788,"根据这些实际情况，一般假设了＝o , 即以中弧线代替翼型，且f 很小。"
实际,is_a,很小,DOC003,4788,"根据这些实际情况，一般假设了＝o , 即以中弧线代替翼型，且f 很小。"
情况,is_a,代替,DOC003,4788,"根据这些实际情况，一般假设了＝o , 即以中弧线代替翼型，且f 很小。"
情况,is_a,翼型,DOC003,4788,"根据这些实际情况，一般假设了＝o , 即以中弧线代替翼型，且f 很小。"
情况,is_a,很小,DOC003,4788,"根据这些实际情况，一般假设了＝o , 即以中弧线代替翼型，且f 很小。"
假设,is_a,代替,DOC003,4788,"根据这些实际情况，一般假设了＝o , 即以中弧线代替翼型，且f 很小。"
假设,is_a,翼型,DOC003,4788,"根据这些实际情况，一般假设了＝o , 即以中弧线代替翼型，且f 很小。"
假设,is_a,很小,DOC003,4788,"根据这些实际情况，一般假设了＝o , 即以中弧线代替翼型，且f 很小。"
的作用,is_a,翼型,DOC003,4935,上布涡的作用是一样的，即r = r(q) ，则整个翼型的总环量r 是
确定,is_a,翼型,DOC003,4939,确定该函数的条件是边界条件，即全部涡对翼型上某一点的诱导
函数,is_a,翼型,DOC003,4939,确定该函数的条件是边界条件，即全部涡对翼型上某一点的诱导
条件,is_a,翼型,DOC003,4939,确定该函数的条件是边界条件，即全部涡对翼型上某一点的诱导
对于,part_of,翼型,DOC003,4976,对于这个级数需要说明：首先，第一项设为cot — 是为了表达该薄翼型前缘处无限大的负
对于,part_of,前缘,DOC003,4976,对于这个级数需要说明：首先，第一项设为cot — 是为了表达该薄翼型前缘处无限大的负
需要,part_of,翼型,DOC003,4976,对于这个级数需要说明：首先，第一项设为cot — 是为了表达该薄翼型前缘处无限大的负
需要,part_of,前缘,DOC003,4976,对于这个级数需要说明：首先，第一项设为cot — 是为了表达该薄翼型前缘处无限大的负
说明,part_of,翼型,DOC003,4976,对于这个级数需要说明：首先，第一项设为cot — 是为了表达该薄翼型前缘处无限大的负
说明,part_of,前缘,DOC003,4976,对于这个级数需要说明：首先，第一项设为cot — 是为了表达该薄翼型前缘处无限大的负
首先,part_of,翼型,DOC003,4976,对于这个级数需要说明：首先，第一项设为cot — 是为了表达该薄翼型前缘处无限大的负
首先,part_of,前缘,DOC003,4976,对于这个级数需要说明：首先，第一项设为cot — 是为了表达该薄翼型前缘处无限大的负
第一,part_of,翼型,DOC003,4976,对于这个级数需要说明：首先，第一项设为cot — 是为了表达该薄翼型前缘处无限大的负
第一,part_of,前缘,DOC003,4976,对于这个级数需要说明：首先，第一项设为cot — 是为了表达该薄翼型前缘处无限大的负
由千,part_of,翼型,DOC003,5192,解 由千相对弯度是小鼠，翼型的方程可以写为
相对,part_of,翼型,DOC003,5192,解 由千相对弯度是小鼠，翼型的方程可以写为
弯度,part_of,翼型,DOC003,5192,解 由千相对弯度是小鼠，翼型的方程可以写为
需要,part_of,的翼型,DOC003,5242,需要说明的是，薄翼理论对相对厚度小千12％的翼型是有效的，但对较厚的翼型则误
说明,part_of,的翼型,DOC003,5242,需要说明的是，薄翼理论对相对厚度小千12％的翼型是有效的，但对较厚的翼型则误
机翼面积,has_component,机身,DOC003,5280,如不加说明，机翼面积一般包括被机身所覆盖的那部分面积。
机翼,part_of,前缘,DOC003,5342,上述的诸多机翼参数中，最重要的三个参数分别是展弦比、梢根比和前缘后掠角。
参数,part_of,前缘,DOC003,5342,上述的诸多机翼参数中，最重要的三个参数分别是展弦比、梢根比和前缘后掠角。
速度,part_of,机翼,DOC003,5383,缘会合时，尽管压强一样，但展向速度是相反的，因此机翼后缘沿展向存在旋涡，如图4. 1.6 (b)
速度,part_of,后缘,DOC003,5383,缘会合时，尽管压强一样，但展向速度是相反的，因此机翼后缘沿展向存在旋涡，如图4. 1.6 (b)
强度,part_of,翼尖,DOC003,5388,涡强度也是最大的，这就是前面所述的试验中在两翼尖的棉花球旋转速度比其他棉花球更
最大,part_of,翼尖,DOC003,5388,涡强度也是最大的，这就是前面所述的试验中在两翼尖的棉花球旋转速度比其他棉花球更
后缘,has_component,方向,DOC003,5390,由千旋涡的相互诱导作用，在离开后缘不远的地方自由涡面将卷成两条方向相
翼展,has_component,载荷,DOC003,5414,有限翼展机翼由于展向载荷分布引起自由涡系
机翼,has_component,载荷,DOC003,5414,有限翼展机翼由于展向载荷分布引起自由涡系
考虑到,part_of,变化,DOC003,5434,来代替附着涡面和自由涡面，如图4. 1.8 (a) 所示，考虑到环量沿弦向是变化的，所以每一
升力,part_of,机翼,DOC003,5494,线理论和升力面理论就是两个重要的用千求解机翼低速气动特性的重要理论，其中升力线
需要,part_of,机翼,DOC003,5578,需要注意，诱导阻力Di 对于理想的二维翼型绕流是不存在的，它的产生源千机翼后
阻力,part_of,机翼,DOC003,5578,需要注意，诱导阻力Di 对于理想的二维翼型绕流是不存在的，它的产生源千机翼后
对于,part_of,机翼,DOC003,5578,需要注意，诱导阻力Di 对于理想的二维翼型绕流是不存在的，它的产生源千机翼后
翼型,part_of,机翼,DOC003,5578,需要注意，诱导阻力Di 对于理想的二维翼型绕流是不存在的，它的产生源千机翼后
讨论,part_of,机翼,DOC003,5644,下面分三个步骤进行讨论，首先是机翼环量
首先,part_of,机翼,DOC003,5644,下面分三个步骤进行讨论，首先是机翼环量
给出,part_of,机翼,DOC003,5737,图4.2.6 给出展弦比为5 ~ 曲线，图中左边的一条曲线是按 的矩形机翼的CL CDi
展弦比,part_of,机翼,DOC003,5737,图4.2.6 给出展弦比为5 ~ 曲线，图中左边的一条曲线是按 的矩形机翼的CL CDi
曲线,part_of,机翼,DOC003,5737,图4.2.6 给出展弦比为5 ~ 曲线，图中左边的一条曲线是按 的矩形机翼的CL CDi
可以看到,part_of,机翼,DOC003,5781,可以看到式(4.2.40) 是椭圆方程式的形式，它表明此时机翼的平面形状也应该是椭圆
机翼,has_component,升力线斜率,DOC003,6004,"对椭圆形机翼，由千ፑ= ፒ = A4 = · · · = ፆ = 0 , 因此r = O , 则升力线斜率还原成"
由千,part_of,机翼,DOC003,6019,"由千A""气总是正数，所以Di 总是正的，这说明三维机翼只要升力不为零，必然产生诱"
物理,part_of,机翼,DOC003,6021,从物理意义上来说，诱导阻力是与机翼和后自由涡系所消耗的能量相关的。
意义,part_of,机翼,DOC003,6021,从物理意义上来说，诱导阻力是与机翼和后自由涡系所消耗的能量相关的。
来说,part_of,机翼,DOC003,6021,从物理意义上来说，诱导阻力是与机翼和后自由涡系所消耗的能量相关的。
阻力,part_of,机翼,DOC003,6021,从物理意义上来说，诱导阻力是与机翼和后自由涡系所消耗的能量相关的。
翼型,has_component,机翼,DOC003,6132,有由同一种翼型组成的两个机翼，它们的展弦比分别为A 和A2 ' 根据式(4.2.69) ，要得到
翼型,has_component,展弦比,DOC003,6132,有由同一种翼型组成的两个机翼，它们的展弦比分别为A 和A2 ' 根据式(4.2.69) ，要得到
减小,part_of,翼尖,DOC003,6295,向减小，因此，翼剖面的有效迎角是向着翼尖方向增大，而且随着根梢比的增大，这种趋
剖面,part_of,翼尖,DOC003,6295,向减小，因此，翼剖面的有效迎角是向着翼尖方向增大，而且随着根梢比的增大，这种趋
迎角,part_of,翼尖,DOC003,6295,向减小，因此，翼剖面的有效迎角是向着翼尖方向增大，而且随着根梢比的增大，这种趋
升力,is_a,展弦比,DOC003,6313,升力线理论是一种针对大展弦比直机翼的近似位流理论，其突出优点是可以明确地给
升力,is_a,机翼,DOC003,6313,升力线理论是一种针对大展弦比直机翼的近似位流理论，其突出优点是可以明确地给
升力,is_a,优点,DOC003,6313,升力线理论是一种针对大展弦比直机翼的近似位流理论，其突出优点是可以明确地给
试验,part_of,机翼,DOC003,6326,与试验值的变化趋势是一致的，在实际工程中，升力线理论能够应用千大展弦比直机翼的
的变化,part_of,机翼,DOC003,6326,与试验值的变化趋势是一致的，在实际工程中，升力线理论能够应用千大展弦比直机翼的
上的投影,is_a,平面,DOC003,6359,xOz 面上的投影即为基本平面。
机翼,has_component,的翼型,DOC003,6360,机翼升力是由一系列连续的翼型剖面贡献的升力组成的，因此也可以采用旋涡来代
由千,part_of,机翼,DOC003,6372,在升力面理论中，由千讨论的是小迎角下的微弯薄翼，为了计算方便，机翼上的附着
讨论,part_of,机翼,DOC003,6372,在升力面理论中，由千讨论的是小迎角下的微弯薄翼，为了计算方便，机翼上的附着
翼面,has_component,速度,DOC003,6396,将翼面上全部附着涡和自由涡系在M 点的诱导速度对S' 积分，即
因为,part_of,机翼,DOC003,6400,"又因为式中，S 平面上的投影面积，S' ：：：：：：s , ＇是机翼在xOz"
平面,part_of,机翼,DOC003,6400,"又因为式中，S 平面上的投影面积，S' ：：：：：：s , ＇是机翼在xOz"
上的投影,part_of,机翼,DOC003,6400,"又因为式中，S 平面上的投影面积，S' ：：：：：：s , ＇是机翼在xOz"
面积,part_of,机翼,DOC003,6400,"又因为式中，S 平面上的投影面积，S' ：：：：：：s , ＇是机翼在xOz"
平面,is_a,根据,DOC003,6425,= O 平面上满足，即根据泰勒级数表示式可视为一阶小量，并可取机翼边界条件近似在y
平面,is_a,一阶,DOC003,6425,= O 平面上满足，即根据泰勒级数表示式可视为一阶小量，并可取机翼边界条件近似在y
平面,is_a,可取,DOC003,6425,= O 平面上满足，即根据泰勒级数表示式可视为一阶小量，并可取机翼边界条件近似在y
平面,is_a,机翼,DOC003,6425,= O 平面上满足，即根据泰勒级数表示式可视为一阶小量，并可取机翼边界条件近似在y
平面,is_a,条件,DOC003,6425,= O 平面上满足，即根据泰勒级数表示式可视为一阶小量，并可取机翼边界条件近似在y
根据,is_a,一阶,DOC003,6425,= O 平面上满足，即根据泰勒级数表示式可视为一阶小量，并可取机翼边界条件近似在y
根据,is_a,可取,DOC003,6425,= O 平面上满足，即根据泰勒级数表示式可视为一阶小量，并可取机翼边界条件近似在y
根据,is_a,机翼,DOC003,6425,= O 平面上满足，即根据泰勒级数表示式可视为一阶小量，并可取机翼边界条件近似在y
根据,is_a,条件,DOC003,6425,= O 平面上满足，即根据泰勒级数表示式可视为一阶小量，并可取机翼边界条件近似在y
的表达式,is_a,求得,DOC003,6440,",() 的表达式，即可求得机翼的气动特性。"
的表达式,is_a,机翼,DOC003,6440,",() 的表达式，即可求得机翼的气动特性。"
的表达式,is_a,气动特性,DOC003,6440,",() 的表达式，即可求得机翼的气动特性。"
机翼,is_a,平面,DOC003,6455,具体做法是把机翼在xOz 的投影面（即基本平面）先沿展向分成若干平行千x 轴的列，
后掠翼,part_of,机翼,DOC003,6471,"区别于平直翼，后掠翼的典型几何特征是其较大的后掠角x , 对千/41/4 < 200 的机翼，"
机翼,is_a,翼型,DOC003,6498,置机翼绕流不同于使无限长翼展直机翼（即翼型）的绕流。
不同,is_a,翼型,DOC003,6498,置机翼绕流不同于使无限长翼展直机翼（即翼型）的绕流。
翼展,is_a,翼型,DOC003,6498,置机翼绕流不同于使无限长翼展直机翼（即翼型）的绕流。
翼展,is_a,气动力,DOC003,6515,无限翼展斜置机翼升力仅与法向速度vn 有关，即无限翼展斜置机翼所受的气动力等
机翼,is_a,气动力,DOC003,6515,无限翼展斜置机翼升力仅与法向速度vn 有关，即无限翼展斜置机翼所受的气动力等
升力,is_a,气动力,DOC003,6515,无限翼展斜置机翼升力仅与法向速度vn 有关，即无限翼展斜置机翼所受的气动力等
速度,is_a,气动力,DOC003,6515,无限翼展斜置机翼升力仅与法向速度vn 有关，即无限翼展斜置机翼所受的气动力等
有关,is_a,气动力,DOC003,6515,无限翼展斜置机翼升力仅与法向速度vn 有关，即无限翼展斜置机翼所受的气动力等
机翼,has_component,速度,DOC003,6518,由千机翼气动力系数是以机翼的自由来流速度、来流动压和迎角定义的，所以需要把正置
机翼,has_component,迎角,DOC003,6518,由千机翼气动力系数是以机翼的自由来流速度、来流动压和迎角定义的，所以需要把正置
翼展,is_a,前缘,DOC003,6545,无限翼展斜置机翼和对应翼型之间沿弦向坐标关系X = xn/cos X ' 即翼型上距前缘点
机翼,is_a,前缘,DOC003,6545,无限翼展斜置机翼和对应翼型之间沿弦向坐标关系X = xn/cos X ' 即翼型上距前缘点
翼型,is_a,前缘,DOC003,6545,无限翼展斜置机翼和对应翼型之间沿弦向坐标关系X = xn/cos X ' 即翼型上距前缘点
之间,is_a,前缘,DOC003,6545,无限翼展斜置机翼和对应翼型之间沿弦向坐标关系X = xn/cos X ' 即翼型上距前缘点
坐标,is_a,前缘,DOC003,6545,无限翼展斜置机翼和对应翼型之间沿弦向坐标关系X = xn/cos X ' 即翼型上距前缘点
关系,is_a,前缘,DOC003,6545,无限翼展斜置机翼和对应翼型之间沿弦向坐标关系X = xn/cos X ' 即翼型上距前缘点
机翼,part_of,翼型,DOC003,6549,虑斜置机翼的阻力是对应翼型上的阻力在流向的投影
阻力,part_of,翼型,DOC003,6549,虑斜置机翼的阻力是对应翼型上的阻力在流向的投影
机翼,has_component,后掠翼,DOC003,6559,为由两个对称的有限长斜置机翼组成，但是，由千后掠翼有翼根和翼梢的存在，后掠翼的
机翼,has_component,翼根,DOC003,6559,为由两个对称的有限长斜置机翼组成，但是，由千后掠翼有翼根和翼梢的存在，后掠翼的
进一步,part_of,后掠翼,DOC003,6629,需进一步指出的是，后掠翼在临界迎角附近升力
变化,has_component,后掠翼,DOC003,6630,变化较直机翼缓和，这是由于后掠翼的翼梢刚失速时，翼根部分尚未失速。
变化,has_component,翼根,DOC003,6630,变化较直机翼缓和，这是由于后掠翼的翼梢刚失速时，翼根部分尚未失速。
机翼,has_component,后掠翼,DOC003,6630,变化较直机翼缓和，这是由于后掠翼的翼梢刚失速时，翼根部分尚未失速。
机翼,has_component,翼根,DOC003,6630,变化较直机翼缓和，这是由于后掠翼的翼梢刚失速时，翼根部分尚未失速。
部分,part_of,翼根,DOC003,6751,部分的压强比机翼中部的压强低，千是从翼根到翼尖沿展向存在着压强差。
部分,part_of,翼尖,DOC003,6751,部分的压强比机翼中部的压强低，千是从翼根到翼尖沿展向存在着压强差。
机翼,part_of,翼根,DOC003,6751,部分的压强比机翼中部的压强低，千是从翼根到翼尖沿展向存在着压强差。
机翼,part_of,翼尖,DOC003,6751,部分的压强比机翼中部的压强低，千是从翼根到翼尖沿展向存在着压强差。
翼展,part_of,翼面,DOC003,6753,翼展向的各个剖面在来流的方向上是前后错开的，所以也使翼面上产生展向的压强差。
剖面,part_of,翼面,DOC003,6753,翼展向的各个剖面在来流的方向上是前后错开的，所以也使翼面上产生展向的压强差。
方向,part_of,翼面,DOC003,6753,翼展向的各个剖面在来流的方向上是前后错开的，所以也使翼面上产生展向的压强差。
翼面,is_a,翼根,DOC003,6756,这两种压强差使翼面上边界层内的气流发生展向流动，即气流从翼根向翼尖流动，从而使
翼面,is_a,翼尖,DOC003,6756,这两种压强差使翼面上边界层内的气流发生展向流动，即气流从翼根向翼尖流动，从而使
翼面,is_a,从而,DOC003,6756,这两种压强差使翼面上边界层内的气流发生展向流动，即气流从翼根向翼尖流动，从而使
流动,is_a,翼根,DOC003,6756,这两种压强差使翼面上边界层内的气流发生展向流动，即气流从翼根向翼尖流动，从而使
流动,is_a,翼尖,DOC003,6756,这两种压强差使翼面上边界层内的气流发生展向流动，即气流从翼根向翼尖流动，从而使
流动,is_a,从而,DOC003,6756,这两种压强差使翼面上边界层内的气流发生展向流动，即气流从翼根向翼尖流动，从而使
后掠翼,has_component,机翼,DOC003,6781,后掠翼的翼尖部分失速后，虽然翼尖部分的CL 急剧下降（图4.4.9) ，但由千机翼中间
翼尖,has_component,机翼,DOC003,6781,后掠翼的翼尖部分失速后，虽然翼尖部分的CL 急剧下降（图4.4.9) ，但由千机翼中间
最后,part_of,后掠翼,DOC003,6826,最后应当强调，这里讨论的仅是后掠翼的低速气动特性，后掠翼的许多优点在高速飞
这里,part_of,后掠翼,DOC003,6826,最后应当强调，这里讨论的仅是后掠翼的低速气动特性，后掠翼的许多优点在高速飞
讨论,part_of,后掠翼,DOC003,6826,最后应当强调，这里讨论的仅是后掠翼的低速气动特性，后掠翼的许多优点在高速飞
特点,part_of,前缘,DOC003,6844,三角翼的几何特点是大后掠角、尖前缘和小展弦比，即使在很小的迎角（如a =3° )
特点,is_a,很小,DOC003,6844,三角翼的几何特点是大后掠角、尖前缘和小展弦比，即使在很小的迎角（如a =3° )
特点,is_a,迎角,DOC003,6844,三角翼的几何特点是大后掠角、尖前缘和小展弦比，即使在很小的迎角（如a =3° )
特点,is_a,3°,DOC003,6844,三角翼的几何特点是大后掠角、尖前缘和小展弦比，即使在很小的迎角（如a =3° )
后掠角,is_a,很小,DOC003,6844,三角翼的几何特点是大后掠角、尖前缘和小展弦比，即使在很小的迎角（如a =3° )
后掠角,is_a,迎角,DOC003,6844,三角翼的几何特点是大后掠角、尖前缘和小展弦比，即使在很小的迎角（如a =3° )
后掠角,is_a,3°,DOC003,6844,三角翼的几何特点是大后掠角、尖前缘和小展弦比，即使在很小的迎角（如a =3° )
前缘,is_a,很小,DOC003,6844,三角翼的几何特点是大后掠角、尖前缘和小展弦比，即使在很小的迎角（如a =3° )
前缘,is_a,迎角,DOC003,6844,三角翼的几何特点是大后掠角、尖前缘和小展弦比，即使在很小的迎角（如a =3° )
前缘,is_a,3°,DOC003,6844,三角翼的几何特点是大后掠角、尖前缘和小展弦比，即使在很小的迎角（如a =3° )
展弦比,is_a,很小,DOC003,6844,三角翼的几何特点是大后掠角、尖前缘和小展弦比，即使在很小的迎角（如a =3° )
展弦比,is_a,迎角,DOC003,6844,三角翼的几何特点是大后掠角、尖前缘和小展弦比，即使在很小的迎角（如a =3° )
展弦比,is_a,3°,DOC003,6844,三角翼的几何特点是大后掠角、尖前缘和小展弦比，即使在很小的迎角（如a =3° )
强度,part_of,变化,DOC003,6887,的涡面的强度沿流向是变化的，在迎角增大到一定程度，还会出现二次分离现象，这时基
强度,part_of,分离,DOC003,6887,的涡面的强度沿流向是变化的，在迎角增大到一定程度，还会出现二次分离现象，这时基
翼根,has_component,机翼,DOC003,6959,逐步向翼根移动，由千脱体涡的切洗效应，使机翼上表面产生了附加的吸力，故使CL 非
减小,part_of,变化,DOC003,6964,"附加吸力减小，方使CLa 也逐渐减小，千是CL 呈“ S "" 形非线性变化。"
前缘,has_component,翼面,DOC003,6974,假设在前缘处气流不发生分离时的升力，另一部分称为旋涡升力增量，它是由千翼面上存
分离时,has_component,翼面,DOC003,6974,假设在前缘处气流不发生分离时的升力，另一部分称为旋涡升力增量，它是由千翼面上存
迎角,affects,飞行,DOC003,7000,起飞和着陆时，迎角过大，不仅会影响飞行员的视界，而且还会造成机身尾部擦地，因此
展弦比,part_of,翼面,DOC003,7006,小展弦比机翼低速绕流图画的一个主要特点是，下翼面压强较高的气流通过翼尖翻向
机翼,part_of,翼面,DOC003,7006,小展弦比机翼低速绕流图画的一个主要特点是，下翼面压强较高的气流通过翼尖翻向
低速,part_of,翼面,DOC003,7006,小展弦比机翼低速绕流图画的一个主要特点是，下翼面压强较高的气流通过翼尖翻向
特点,part_of,翼面,DOC003,7006,小展弦比机翼低速绕流图画的一个主要特点是，下翼面压强较高的气流通过翼尖翻向
翼尖,affects,展弦比,DOC003,7009,较大时，翼尖的侧缘涡只能影响翼尖附近的很小一部分，但对小展弦比的机翼，特别是展
侧缘,affects,展弦比,DOC003,7009,较大时，翼尖的侧缘涡只能影响翼尖附近的很小一部分，但对小展弦比的机翼，特别是展
低速,is_a,迎角,DOC003,7012,出了低速气流流过小展弦比直机翼的流动图画，可见即使在迎角不大时，除了后缘的自由
低速,is_a,后缘,DOC003,7012,出了低速气流流过小展弦比直机翼的流动图画，可见即使在迎角不大时，除了后缘的自由
展弦比,is_a,迎角,DOC003,7012,出了低速气流流过小展弦比直机翼的流动图画，可见即使在迎角不大时，除了后缘的自由
展弦比,is_a,后缘,DOC003,7012,出了低速气流流过小展弦比直机翼的流动图画，可见即使在迎角不大时，除了后缘的自由
机翼,is_a,迎角,DOC003,7012,出了低速气流流过小展弦比直机翼的流动图画，可见即使在迎角不大时，除了后缘的自由
机翼,is_a,后缘,DOC003,7012,出了低速气流流过小展弦比直机翼的流动图画，可见即使在迎角不大时，除了后缘的自由
流动,is_a,迎角,DOC003,7012,出了低速气流流过小展弦比直机翼的流动图画，可见即使在迎角不大时，除了后缘的自由
流动,is_a,后缘,DOC003,7012,出了低速气流流过小展弦比直机翼的流动图画，可见即使在迎角不大时，除了后缘的自由
机翼,has_component,翼面,DOC003,7015,机翼的升力仍然是由上下翼面的压力差产生的，但这时上翼面的低压不仅仅
机翼,has_component,上翼面,DOC003,7015,机翼的升力仍然是由上下翼面的压力差产生的，但这时上翼面的低压不仅仅
偏差,part_of,机翼,DOC003,7023,明显有很大的偏差，其主要原因是对千小展弦比机翼不能像线性理论那样假设自由涡面是
强度,part_of,变化,DOC003,7083,行修改，附着涡强度沿展向是变化的。
同样,part_of,翼面积,DOC003,7212,同样升力系数CL 和力矩系数cmz 是各点的压力系数沿翼面积分而得到的，因此CL 、cmz 的
升力系数,part_of,翼面积,DOC003,7212,同样升力系数CL 和力矩系数cmz 是各点的压力系数沿翼面积分而得到的，因此CL 、cmz 的
力矩,part_of,翼面积,DOC003,7212,同样升力系数CL 和力矩系数cmz 是各点的压力系数沿翼面积分而得到的，因此CL 、cmz 的
系数,part_of,翼面积,DOC003,7212,同样升力系数CL 和力矩系数cmz 是各点的压力系数沿翼面积分而得到的，因此CL 、cmz 的
的影响,part_of,翼型,DOC003,7398,依前所述，压缩性的影响是使整个翼型表面的C 都放大了— 倍，而并不改变翼型表
后掠翼,is_a,马赫数,DOC003,7426,后掠翼的亚声速气动特性主要是指空气压缩性（即马赫数）对升力、阻力的影响。
后掠翼,is_a,升力,DOC003,7426,后掠翼的亚声速气动特性主要是指空气压缩性（即马赫数）对升力、阻力的影响。
后掠翼,is_a,阻力,DOC003,7426,后掠翼的亚声速气动特性主要是指空气压缩性（即马赫数）对升力、阻力的影响。
后掠翼,is_a,的影响,DOC003,7426,后掠翼的亚声速气动特性主要是指空气压缩性（即马赫数）对升力、阻力的影响。
亚声速,is_a,马赫数,DOC003,7426,后掠翼的亚声速气动特性主要是指空气压缩性（即马赫数）对升力、阻力的影响。
亚声速,is_a,升力,DOC003,7426,后掠翼的亚声速气动特性主要是指空气压缩性（即马赫数）对升力、阻力的影响。
亚声速,is_a,阻力,DOC003,7426,后掠翼的亚声速气动特性主要是指空气压缩性（即马赫数）对升力、阻力的影响。
亚声速,is_a,的影响,DOC003,7426,后掠翼的亚声速气动特性主要是指空气压缩性（即马赫数）对升力、阻力的影响。
气动特性,is_a,马赫数,DOC003,7426,后掠翼的亚声速气动特性主要是指空气压缩性（即马赫数）对升力、阻力的影响。
气动特性,is_a,升力,DOC003,7426,后掠翼的亚声速气动特性主要是指空气压缩性（即马赫数）对升力、阻力的影响。
气动特性,is_a,阻力,DOC003,7426,后掠翼的亚声速气动特性主要是指空气压缩性（即马赫数）对升力、阻力的影响。
气动特性,is_a,的影响,DOC003,7426,后掠翼的亚声速气动特性主要是指空气压缩性（即马赫数）对升力、阻力的影响。
的影响,is_a,随着,DOC003,7432,的影响与空气压缩性对翼型升力特性影响在趋势上是相同的，即随着马赫数M 增大，CL
的影响,is_a,马赫数,DOC003,7432,的影响与空气压缩性对翼型升力特性影响在趋势上是相同的，即随着马赫数M 增大，CL
的影响,is_a,增大,DOC003,7432,的影响与空气压缩性对翼型升力特性影响在趋势上是相同的，即随着马赫数M 增大，CL
翼型,is_a,随着,DOC003,7432,的影响与空气压缩性对翼型升力特性影响在趋势上是相同的，即随着马赫数M 增大，CL
翼型,is_a,马赫数,DOC003,7432,的影响与空气压缩性对翼型升力特性影响在趋势上是相同的，即随着马赫数M 增大，CL
翼型,is_a,增大,DOC003,7432,的影响与空气压缩性对翼型升力特性影响在趋势上是相同的，即随着马赫数M 增大，CL
升力,is_a,随着,DOC003,7432,的影响与空气压缩性对翼型升力特性影响在趋势上是相同的，即随着马赫数M 增大，CL
升力,is_a,马赫数,DOC003,7432,的影响与空气压缩性对翼型升力特性影响在趋势上是相同的，即随着马赫数M 增大，CL
升力,is_a,增大,DOC003,7432,的影响与空气压缩性对翼型升力特性影响在趋势上是相同的，即随着马赫数M 增大，CL
特性,is_a,随着,DOC003,7432,的影响与空气压缩性对翼型升力特性影响在趋势上是相同的，即随着马赫数M 增大，CL
特性,is_a,马赫数,DOC003,7432,的影响与空气压缩性对翼型升力特性影响在趋势上是相同的，即随着马赫数M 增大，CL
特性,is_a,增大,DOC003,7432,的影响与空气压缩性对翼型升力特性影响在趋势上是相同的，即随着马赫数M 增大，CL
相同,is_a,随着,DOC003,7432,的影响与空气压缩性对翼型升力特性影响在趋势上是相同的，即随着马赫数M 增大，CL
相同,is_a,马赫数,DOC003,7432,的影响与空气压缩性对翼型升力特性影响在趋势上是相同的，即随着马赫数M 增大，CL
相同,is_a,增大,DOC003,7432,的影响与空气压缩性对翼型升力特性影响在趋势上是相同的，即随着马赫数M 增大，CL
后掠翼,affects,马赫数,DOC003,7446,在亚声速阶段，空气压缩性对后掠翼阻力系数CD 的影响，与马赫数M 对翼型CD 的
情况,is_a,马赫数,DOC003,7447,影响情况及理由基本相同，即开始由于马赫数M 较小，
情况,is_a,较小,DOC003,7447,影响情况及理由基本相同，即开始由于马赫数M 较小，
相同,is_a,马赫数,DOC003,7447,影响情况及理由基本相同，即开始由于马赫数M 较小，
相同,is_a,较小,DOC003,7447,影响情况及理由基本相同，即开始由于马赫数M 较小，
流动,part_of,翼型,DOC003,7509,形式如图5.1. 1 (b) 所示，该流动图案是根据小扰动假设得到的，翼型越薄越尖，流动图案
翼型,is_a,超声速,DOC003,7680,"如果翼型的迎角小千翼型前缘的半顶角，即a < 0 , 超声速气流流过该翼型时，在前"
迎角,is_a,超声速,DOC003,7680,"如果翼型的迎角小千翼型前缘的半顶角，即a < 0 , 超声速气流流过该翼型时，在前"
前缘,is_a,超声速,DOC003,7680,"如果翼型的迎角小千翼型前缘的半顶角，即a < 0 , 超声速气流流过该翼型时，在前"
后缘,has_component,翼面,DOC003,7696,直到后缘，由千翼面前半段压强高于后半段压强，因而翼面上压强分布的合力在来流方向
后缘,has_component,方向,DOC003,7696,直到后缘，由千翼面前半段压强高于后半段压强，因而翼面上压强分布的合力在来流方向
方向,is_a,升力,DOC003,7700,在与来流相垂直的方向将有一向上的分力，即升力。
翼型,is_a,上翼面,DOC003,7701,"如果翼型的迎角大千翼型前缘的半顶角，即a > 0 , 则气流绕上翼面前缘的流动，就"
翼型,is_a,流动,DOC003,7701,"如果翼型的迎角大千翼型前缘的半顶角，即a > 0 , 则气流绕上翼面前缘的流动，就"
迎角,is_a,上翼面,DOC003,7701,"如果翼型的迎角大千翼型前缘的半顶角，即a > 0 , 则气流绕上翼面前缘的流动，就"
迎角,is_a,流动,DOC003,7701,"如果翼型的迎角大千翼型前缘的半顶角，即a > 0 , 则气流绕上翼面前缘的流动，就"
前缘,is_a,上翼面,DOC003,7701,"如果翼型的迎角大千翼型前缘的半顶角，即a > 0 , 则气流绕上翼面前缘的流动，就"
前缘,is_a,流动,DOC003,7701,"如果翼型的迎角大千翼型前缘的半顶角，即a > 0 , 则气流绕上翼面前缘的流动，就"
超声速,part_of,翼型,DOC003,7707,超声速飞机的机翼的翼型厚度是一般比较薄的，这样波阻较小，翼型弯度也很小甚至
飞机,part_of,翼型,DOC003,7707,超声速飞机的机翼的翼型厚度是一般比较薄的，这样波阻较小，翼型弯度也很小甚至
机翼,part_of,翼型,DOC003,7707,超声速飞机的机翼的翼型厚度是一般比较薄的，这样波阻较小，翼型弯度也很小甚至
的翼型,part_of,翼型,DOC003,7707,超声速飞机的机翼的翼型厚度是一般比较薄的，这样波阻较小，翼型弯度也很小甚至
厚度,part_of,翼型,DOC003,7707,超声速飞机的机翼的翼型厚度是一般比较薄的，这样波阻较小，翼型弯度也很小甚至
动力,is_a,激波,DOC003,7724,的近似方法，该方法在针对气体动力学方程的二级近似，而是一种“ 激波－膨胀波方法”
动力,is_a,膨胀波,DOC003,7724,的近似方法，该方法在针对气体动力学方程的二级近似，而是一种“ 激波－膨胀波方法”
以后,is_a,函数,DOC003,7766,和儿以后就可以得到份，但实际上关心的是气动力， 从理论上说，可用边界条件确定f]求汾只是一种途径，下面介绍利用侦函数表示式，直接通过物面方程，确定表面压力系数。
以后,is_a,压力系数,DOC003,7766,和儿以后就可以得到份，但实际上关心的是气动力， 从理论上说，可用边界条件确定f]求汾只是一种途径，下面介绍利用侦函数表示式，直接通过物面方程，确定表面压力系数。
可以得到,is_a,函数,DOC003,7766,和儿以后就可以得到份，但实际上关心的是气动力， 从理论上说，可用边界条件确定f]求汾只是一种途径，下面介绍利用侦函数表示式，直接通过物面方程，确定表面压力系数。
可以得到,is_a,压力系数,DOC003,7766,和儿以后就可以得到份，但实际上关心的是气动力， 从理论上说，可用边界条件确定f]求汾只是一种途径，下面介绍利用侦函数表示式，直接通过物面方程，确定表面压力系数。
实际上,is_a,函数,DOC003,7766,和儿以后就可以得到份，但实际上关心的是气动力， 从理论上说，可用边界条件确定f]求汾只是一种途径，下面介绍利用侦函数表示式，直接通过物面方程，确定表面压力系数。
实际上,is_a,压力系数,DOC003,7766,和儿以后就可以得到份，但实际上关心的是气动力， 从理论上说，可用边界条件确定f]求汾只是一种途径，下面介绍利用侦函数表示式，直接通过物面方程，确定表面压力系数。
气动力,is_a,函数,DOC003,7766,和儿以后就可以得到份，但实际上关心的是气动力， 从理论上说，可用边界条件确定f]求汾只是一种途径，下面介绍利用侦函数表示式，直接通过物面方程，确定表面压力系数。
气动力,is_a,压力系数,DOC003,7766,和儿以后就可以得到份，但实际上关心的是气动力， 从理论上说，可用边界条件确定f]求汾只是一种途径，下面介绍利用侦函数表示式，直接通过物面方程，确定表面压力系数。
可用,is_a,函数,DOC003,7766,和儿以后就可以得到份，但实际上关心的是气动力， 从理论上说，可用边界条件确定f]求汾只是一种途径，下面介绍利用侦函数表示式，直接通过物面方程，确定表面压力系数。
可用,is_a,压力系数,DOC003,7766,和儿以后就可以得到份，但实际上关心的是气动力， 从理论上说，可用边界条件确定f]求汾只是一种途径，下面介绍利用侦函数表示式，直接通过物面方程，确定表面压力系数。
条件,is_a,函数,DOC003,7766,和儿以后就可以得到份，但实际上关心的是气动力， 从理论上说，可用边界条件确定f]求汾只是一种途径，下面介绍利用侦函数表示式，直接通过物面方程，确定表面压力系数。
条件,is_a,压力系数,DOC003,7766,和儿以后就可以得到份，但实际上关心的是气动力， 从理论上说，可用边界条件确定f]求汾只是一种途径，下面介绍利用侦函数表示式，直接通过物面方程，确定表面压力系数。
确定,is_a,函数,DOC003,7766,和儿以后就可以得到份，但实际上关心的是气动力， 从理论上说，可用边界条件确定f]求汾只是一种途径，下面介绍利用侦函数表示式，直接通过物面方程，确定表面压力系数。
确定,is_a,压力系数,DOC003,7766,和儿以后就可以得到份，但实际上关心的是气动力， 从理论上说，可用边界条件确定f]求汾只是一种途径，下面介绍利用侦函数表示式，直接通过物面方程，确定表面压力系数。
线化理论,part_of,翼型,DOC003,7848,由于线化理论给出翼面压力系数是与翼面斜率成正比的结果，因此，翼型表面的压力
给出,part_of,翼型,DOC003,7848,由于线化理论给出翼面压力系数是与翼面斜率成正比的结果，因此，翼型表面的压力
翼面,part_of,翼型,DOC003,7848,由于线化理论给出翼面压力系数是与翼面斜率成正比的结果，因此，翼型表面的压力
压力系数,part_of,翼型,DOC003,7848,由于线化理论给出翼面压力系数是与翼面斜率成正比的结果，因此，翼型表面的压力
迎角,is_a,厚度,DOC003,7874,(2) 迎角为零的对称翼型绕流，该对称翼型即原翼型的厚度部分，简称为厚度效应，
迎角,is_a,部分,DOC003,7874,(2) 迎角为零的对称翼型绕流，该对称翼型即原翼型的厚度部分，简称为厚度效应，
迎角,is_a,称为,DOC003,7874,(2) 迎角为零的对称翼型绕流，该对称翼型即原翼型的厚度部分，简称为厚度效应，
为零,is_a,厚度,DOC003,7874,(2) 迎角为零的对称翼型绕流，该对称翼型即原翼型的厚度部分，简称为厚度效应，
为零,is_a,部分,DOC003,7874,(2) 迎角为零的对称翼型绕流，该对称翼型即原翼型的厚度部分，简称为厚度效应，
为零,is_a,称为,DOC003,7874,(2) 迎角为零的对称翼型绕流，该对称翼型即原翼型的厚度部分，简称为厚度效应，
对称,is_a,厚度,DOC003,7874,(2) 迎角为零的对称翼型绕流，该对称翼型即原翼型的厚度部分，简称为厚度效应，
对称,is_a,部分,DOC003,7874,(2) 迎角为零的对称翼型绕流，该对称翼型即原翼型的厚度部分，简称为厚度效应，
对称,is_a,称为,DOC003,7874,(2) 迎角为零的对称翼型绕流，该对称翼型即原翼型的厚度部分，简称为厚度效应，
翼型,is_a,厚度,DOC003,7874,(2) 迎角为零的对称翼型绕流，该对称翼型即原翼型的厚度部分，简称为厚度效应，
翼型,is_a,部分,DOC003,7874,(2) 迎角为零的对称翼型绕流，该对称翼型即原翼型的厚度部分，简称为厚度效应，
翼型,is_a,称为,DOC003,7874,(2) 迎角为零的对称翼型绕流，该对称翼型即原翼型的厚度部分，简称为厚度效应，
迎角,is_a,翼型,DOC003,7877,(3) 迎角为零的中弧线绕流，该中弧线即原翼型的中弧线，简称为弯度效应，用下标
迎角,is_a,称为,DOC003,7877,(3) 迎角为零的中弧线绕流，该中弧线即原翼型的中弧线，简称为弯度效应，用下标
迎角,is_a,弯度,DOC003,7877,(3) 迎角为零的中弧线绕流，该中弧线即原翼型的中弧线，简称为弯度效应，用下标
迎角,is_a,下标,DOC003,7877,(3) 迎角为零的中弧线绕流，该中弧线即原翼型的中弧线，简称为弯度效应，用下标
为零,is_a,翼型,DOC003,7877,(3) 迎角为零的中弧线绕流，该中弧线即原翼型的中弧线，简称为弯度效应，用下标
为零,is_a,称为,DOC003,7877,(3) 迎角为零的中弧线绕流，该中弧线即原翼型的中弧线，简称为弯度效应，用下标
为零,is_a,弯度,DOC003,7877,(3) 迎角为零的中弧线绕流，该中弧线即原翼型的中弧线，简称为弯度效应，用下标
为零,is_a,下标,DOC003,7877,(3) 迎角为零的中弧线绕流，该中弧线即原翼型的中弧线，简称为弯度效应，用下标
的翼型,part_of,变化,DOC003,7898,但要注意，分解后的翼型表面Yu 和Y1 是有变化的，如图5.2.3 所示，
弯度,is_a,上表面,DOC003,7942,dy 在只考虑弯度效应时，上下表面斜率相同，即 u = —- > 0 时，上表面为压缩 dy1 dyu dx dx 。
下表面,is_a,上表面,DOC003,7942,dy 在只考虑弯度效应时，上下表面斜率相同，即 u = —- > 0 时，上表面为压缩 dy1 dyu dx dx 。
相同,is_a,上表面,DOC003,7942,dy 在只考虑弯度效应时，上下表面斜率相同，即 u = —- > 0 时，上表面为压缩 dy1 dyu dx dx 。
翼型,has_component,机翼,DOC003,7974,则由此翼型所组成的二维机翼的单位翼展长度的升力系数 设翼型弦长为C '
翼型,has_component,展长,DOC003,7974,则由此翼型所组成的二维机翼的单位翼展长度的升力系数 设翼型弦长为C '
翼型,has_component,升力系数,DOC003,7974,则由此翼型所组成的二维机翼的单位翼展长度的升力系数 设翼型弦长为C '
翼型,has_component,弦长,DOC003,7974,则由此翼型所组成的二维机翼的单位翼展长度的升力系数 设翼型弦长为C '
阻力,is_a,法向力,DOC003,8007,"『尸d yxu )t l (：OO 上的波阻力为即为法向力 向的分量最后考虑弯度效应，如图5.2.5 (c) 所示，作用于微元面积ds在x s in tan d(Db )r = - (Ģcp t q心 0ds = - (ĢCp )r q"""" 0dx"
阻力,is_a,的分量,DOC003,8007,"『尸d yxu )t l (：OO 上的波阻力为即为法向力 向的分量最后考虑弯度效应，如图5.2.5 (c) 所示，作用于微元面积ds在x s in tan d(Db )r = - (Ģcp t q心 0ds = - (ĢCp )r q"""" 0dx"
阻力,is_a,最后,DOC003,8007,"『尸d yxu )t l (：OO 上的波阻力为即为法向力 向的分量最后考虑弯度效应，如图5.2.5 (c) 所示，作用于微元面积ds在x s in tan d(Db )r = - (Ģcp t q心 0ds = - (ĢCp )r q"""" 0dx"
阻力,is_a,弯度,DOC003,8007,"『尸d yxu )t l (：OO 上的波阻力为即为法向力 向的分量最后考虑弯度效应，如图5.2.5 (c) 所示，作用于微元面积ds在x s in tan d(Db )r = - (Ģcp t q心 0ds = - (ĢCp )r q"""" 0dx"
阻力,is_a,作用,DOC003,8007,"『尸d yxu )t l (：OO 上的波阻力为即为法向力 向的分量最后考虑弯度效应，如图5.2.5 (c) 所示，作用于微元面积ds在x s in tan d(Db )r = - (Ģcp t q心 0ds = - (ĢCp )r q"""" 0dx"
阻力,is_a,面积,DOC003,8007,"『尸d yxu )t l (：OO 上的波阻力为即为法向力 向的分量最后考虑弯度效应，如图5.2.5 (c) 所示，作用于微元面积ds在x s in tan d(Db )r = - (Ģcp t q心 0ds = - (ĢCp )r q"""" 0dx"
翼型,has_component,厚度,DOC003,8015,xu ) : j该式很清晰地表明，薄翼型的波阻系数由两部分组成： ] 一部分与升力有关，为 ，另一 4a部分仅与薄翼型的厚度和弯度有关（引入薄翼的几何外形就可确定），可用零升波阻系数B
翼型,has_component,弯度,DOC003,8015,xu ) : j该式很清晰地表明，薄翼型的波阻系数由两部分组成： ] 一部分与升力有关，为 ，另一 4a部分仅与薄翼型的厚度和弯度有关（引入薄翼的几何外形就可确定），可用零升波阻系数B
翼型,has_component,迎角,DOC003,8095,容易理解，翼型焦点是由迎角所产生升力增量的作用点，超声速薄翼型一级近似理论
矢量,part_of,前缘,DOC003,8193,若来流矢量是进入该边界的，则称为前缘，对千简单的薄机翼，前缘能够通过后马赫
矢量,part_of,机翼,DOC003,8193,若来流矢量是进入该边界的，则称为前缘，对千简单的薄机翼，前缘能够通过后马赫
矢量,part_of,后缘,DOC003,8195,若来流矢量是从该边界出来的，则称为后缘，对千简单的薄机翼，后缘受到机翼上其
矢量,part_of,机翼,DOC003,8195,若来流矢量是从该边界出来的，则称为后缘，对千简单的薄机翼，后缘受到机翼上其
机翼,part_of,后缘,DOC003,8202,是机翼前缘还是机翼后缘，或是机翼侧缘，也不是固定不变的，要根据来流方向而定。
机翼,part_of,侧缘,DOC003,8202,是机翼前缘还是机翼后缘，或是机翼侧缘，也不是固定不变的，要根据来流方向而定。
前缘,part_of,后缘,DOC003,8202,是机翼前缘还是机翼后缘，或是机翼侧缘，也不是固定不变的，要根据来流方向而定。
前缘,part_of,侧缘,DOC003,8202,是机翼前缘还是机翼后缘，或是机翼侧缘，也不是固定不变的，要根据来流方向而定。
后缘,part_of,侧缘,DOC003,8202,是机翼前缘还是机翼后缘，或是机翼侧缘，也不是固定不变的，要根据来流方向而定。
机翼,has_component,前缘,DOC003,8276,表示），该区域中机翼上每一点的依赖区只包含两个或更多个前缘；
分布,is_a,上翼面,DOC003,8446,角a > O 时，二维流区的压强分布与翼型流动的情况一致，即上翼面的压强Pu < Poo ' 下翼
翼型,is_a,上翼面,DOC003,8446,角a > O 时，二维流区的压强分布与翼型流动的情况一致，即上翼面的压强Pu < Poo ' 下翼
流动,is_a,上翼面,DOC003,8446,角a > O 时，二维流区的压强分布与翼型流动的情况一致，即上翼面的压强Pu < Poo ' 下翼
的情况,is_a,上翼面,DOC003,8446,角a > O 时，二维流区的压强分布与翼型流动的情况一致，即上翼面的压强Pu < Poo ' 下翼
翼型,has_component,机翼,DOC003,8539,可以借助千以来流马赫数为MOOn 绕过巾斜置翼的法向翼型所组成的正置机翼（二维翼型）
由此,is_a,超声速,DOC003,8541,由此可见，当Moon <1 时，即使来流是超声速
升力,part_of,翼型,DOC003,8589,4矿 n其中， 是与升力相关的波阻系数部分， 是仅与薄翼型的厚度和弯度有关的零升 CDOn Bn
相关,part_of,翼型,DOC003,8589,4矿 n其中， 是与升力相关的波阻系数部分， 是仅与薄翼型的厚度和弯度有关的零升 CDOn Bn
波阻系数,part_of,翼型,DOC003,8589,4矿 n其中， 是与升力相关的波阻系数部分， 是仅与薄翼型的厚度和弯度有关的零升 CDOn Bn
部分,part_of,翼型,DOC003,8589,4矿 n其中， 是与升力相关的波阻系数部分， 是仅与薄翼型的厚度和弯度有关的零升 CDOn Bn
机翼,part_of,前缘,DOC003,8617,的机翼，随着来流马赫数MOO 的不同，一般可能是亚声速前（后）缘或亚声速前缘超声速后
随着,part_of,前缘,DOC003,8617,的机翼，随着来流马赫数MOO 的不同，一般可能是亚声速前（后）缘或亚声速前缘超声速后
马赫数,part_of,前缘,DOC003,8617,的机翼，随着来流马赫数MOO 的不同，一般可能是亚声速前（后）缘或亚声速前缘超声速后
不同,part_of,前缘,DOC003,8617,的机翼，随着来流马赫数MOO 的不同，一般可能是亚声速前（后）缘或亚声速前缘超声速后
后掠翼,part_of,前缘,DOC003,8619,以平板后掠翼为例进行分析，如果是亚声速前缘，则上下翼面的扰流要通过前缘
后掠翼,part_of,翼面,DOC003,8619,以平板后掠翼为例进行分析，如果是亚声速前缘，则上下翼面的扰流要通过前缘
为例,part_of,前缘,DOC003,8619,以平板后掠翼为例进行分析，如果是亚声速前缘，则上下翼面的扰流要通过前缘
为例,part_of,翼面,DOC003,8619,以平板后掠翼为例进行分析，如果是亚声速前缘，则上下翼面的扰流要通过前缘
气动力,is_a,变化,DOC003,8711,空气动力特性即将发生显著变化的标志。
特性,is_a,变化,DOC003,8711,空气动力特性即将发生显著变化的标志。
实际上,part_of,前缘,DOC003,8816,实际上是按照垂直千前缘的法向马
声速,is_a,迎角,DOC003,8837,此外，跨声速流场即使在小迎角飞行条件下也存在局部激波，激波和
声速,is_a,飞行,DOC003,8837,此外，跨声速流场即使在小迎角飞行条件下也存在局部激波，激波和
声速,is_a,条件,DOC003,8837,此外，跨声速流场即使在小迎角飞行条件下也存在局部激波，激波和
声速,is_a,激波,DOC003,8837,此外，跨声速流场即使在小迎角飞行条件下也存在局部激波，激波和
翼面,has_component,压力系数,DOC003,8857,下翼面是亚声速流动，基本上恢复到自由来流的压力系数比上翼面经过超声速膨胀的压力
翼面,has_component,上翼面,DOC003,8857,下翼面是亚声速流动，基本上恢复到自由来流的压力系数比上翼面经过超声速膨胀的压力
系数,part_of,后缘,DOC003,8858,系数大，如果下翼面也是超声速流动，在后缘处产生激波，也比上游的压力大；
翼面,part_of,后缘,DOC003,8858,系数大，如果下翼面也是超声速流动，在后缘处产生激波，也比上游的压力大；
激波,is_a,变为,DOC003,8861,上，气流通过局部激波后，即变为亚声速气流向后流去。
激波,is_a,亚声速,DOC003,8861,上，气流通过局部激波后，即变为亚声速气流向后流去。
翼型,part_of,分离,DOC003,9028,后，翼型表面产生局部激波，出现波阻，最初激波并不是很强，而且激波导致的分离不回
产生,part_of,分离,DOC003,9028,后，翼型表面产生局部激波，出现波阻，最初激波并不是很强，而且激波导致的分离不回
激波,part_of,分离,DOC003,9028,后，翼型表面产生局部激波，出现波阻，最初激波并不是很强，而且激波导致的分离不回
机翼,has_component,前缘,DOC003,9145,机翼的跨声速流动因包含前缘涡以及激波的存现而呈现较大的复杂性，其跨声速气动
机翼,has_component,气动,DOC003,9145,机翼的跨声速流动因包含前缘涡以及激波的存现而呈现较大的复杂性，其跨声速气动
机翼,is_a,翼面,DOC003,9192,巾千机翼的垂直对称面是一流面，可视为壁面，当气流流线流经壁面时，翼面上
对称,is_a,翼面,DOC003,9192,巾千机翼的垂直对称面是一流面，可视为壁面，当气流流线流经壁面时，翼面上
并且,part_of,后缘,DOC003,9209,并且随着MOO 的增大，背激波的强度是增大的，同时也向后缘靠近。
随着,part_of,后缘,DOC003,9209,并且随着MOO 的增大，背激波的强度是增大的，同时也向后缘靠近。
的增大,part_of,后缘,DOC003,9209,并且随着MOO 的增大，背激波的强度是增大的，同时也向后缘靠近。
激波,part_of,后缘,DOC003,9209,并且随着MOO 的增大，背激波的强度是增大的，同时也向后缘靠近。
强度,part_of,后缘,DOC003,9209,并且随着MOO 的增大，背激波的强度是增大的，同时也向后缘靠近。
翼面,part_of,机翼,DOC003,9222,要发生破碎，翼面分离的气流和前缘涡破碎后的气流都是非定常流，将使机翼在跨声速区
分离,part_of,机翼,DOC003,9222,要发生破碎，翼面分离的气流和前缘涡破碎后的气流都是非定常流，将使机翼在跨声速区
前缘,part_of,机翼,DOC003,9222,要发生破碎，翼面分离的气流和前缘涡破碎后的气流都是非定常流，将使机翼在跨声速区
前缘,has_component,迎角,DOC003,9224,对前缘后掠角大于50°的机翼，由千前缘涡在较小迎角下就出现并与激波
机翼,has_component,迎角,DOC003,9224,对前缘后掠角大于50°的机翼，由千前缘涡在较小迎角下就出现并与激波
激波,part_of,后掠翼,DOC003,9230,背激波和外激波的产生主要是巾千后掠翼翼根效应
产生,part_of,后掠翼,DOC003,9230,背激波和外激波的产生主要是巾千后掠翼翼根效应
后掠角,part_of,后掠翼,DOC003,9271,翼或后掠角较小的机翼在相同来流MOO 数时的激波强度要小，这是因为后掠翼的激波强度
较小,part_of,后掠翼,DOC003,9271,翼或后掠角较小的机翼在相同来流MOO 数时的激波强度要小，这是因为后掠翼的激波强度
机翼,part_of,后掠翼,DOC003,9271,翼或后掠角较小的机翼在相同来流MOO 数时的激波强度要小，这是因为后掠翼的激波强度
相同,part_of,后掠翼,DOC003,9271,翼或后掠角较小的机翼在相同来流MOO 数时的激波强度要小，这是因为后掠翼的激波强度
激波,part_of,后掠翼,DOC003,9271,翼或后掠角较小的机翼在相同来流MOO 数时的激波强度要小，这是因为后掠翼的激波强度
强度,part_of,后掠翼,DOC003,9271,翼或后掠角较小的机翼在相同来流MOO 数时的激波强度要小，这是因为后掠翼的激波强度
以上,is_a,可得到,DOC003,9348,将以上各种任务段组合，即可得到满足不同任务要求的任务剖面。
以上,is_a,不同,DOC003,9348,将以上各种任务段组合，即可得到满足不同任务要求的任务剖面。
以上,is_a,要求,DOC003,9348,将以上各种任务段组合，即可得到满足不同任务要求的任务剖面。
以上,is_a,剖面,DOC003,9348,将以上各种任务段组合，即可得到满足不同任务要求的任务剖面。
任务,is_a,可得到,DOC003,9348,将以上各种任务段组合，即可得到满足不同任务要求的任务剖面。
任务,is_a,不同,DOC003,9348,将以上各种任务段组合，即可得到满足不同任务要求的任务剖面。
任务,is_a,要求,DOC003,9348,将以上各种任务段组合，即可得到满足不同任务要求的任务剖面。
任务,is_a,剖面,DOC003,9348,将以上各种任务段组合，即可得到满足不同任务要求的任务剖面。
组合,is_a,可得到,DOC003,9348,将以上各种任务段组合，即可得到满足不同任务要求的任务剖面。
组合,is_a,不同,DOC003,9348,将以上各种任务段组合，即可得到满足不同任务要求的任务剖面。
组合,is_a,要求,DOC003,9348,将以上各种任务段组合，即可得到满足不同任务要求的任务剖面。
组合,is_a,剖面,DOC003,9348,将以上各种任务段组合，即可得到满足不同任务要求的任务剖面。
任务,part_of,战斗机,DOC003,9369,执行该任务的前提是作战对象为处于中距离来袭的敌战斗机或轰炸机。
任务,part_of,轰炸机,DOC003,9369,执行该任务的前提是作战对象为处于中距离来袭的敌战斗机或轰炸机。
发动机,affects,推力,DOC003,9586,(2) 计及飞机进气道对发动机特性的影响后，发动机最大功率（推力）应满足飞机最大
飞机,supports_mission,飞行,DOC003,9590,(3) 与飞机进气道相匹配，其工作稳定性应满足飞机最小飞行速度的要求。
作用,part_of,飞机,DOC003,9623,作用的是飞机的升力特性。
气动力,supports_mission,飞行,DOC003,9657,(3) 高速气动力特性应满足飞机其他飞行性能的要求，主要从以下几方面进行分析。
实际上,part_of,飞机,DOC003,9678,用迎角较小，阻力系数CD 中升致阻力很小，故由式(6. 1.3) 解得的CD 值实际上是对飞机零
重量,part_of,飞机,DOC003,9721,耗掉的燃料重量，W 是飞机总重量。
飞机,part_of,发动机,DOC003,9741,飞机的飞行性能，是飞机总体布置设计、气动力布局设计、发动机选择及进气道与发
飞行,part_of,发动机,DOC003,9741,飞机的飞行性能，是飞机总体布置设计、气动力布局设计、发动机选择及进气道与发
战斗机,supports_mission,机动,DOC003,9855,根据作战使命任务，以空中优势为主要任务的战斗机，为了满足高机动的要
飞机,supports_mission,任务,DOC003,9893,飞机燃油箱的设置（含外挂油箱），应满足飞机典型任务剖面所需的油量以及给定
飞机,has_component,气动设计,DOC003,9906,飞机的可靠性／维修性／保障性等多个方面，由千与气动设计关联性相对较弱，本书不在此
机翼,part_of,平尾,DOC003,9914,机翼是主承力面，它是产生升力的主要部件，前翼、平尾、立尾回
布局,part_of,飞机,DOC003,9937,布局也是现代飞机最常采用的气动布局，因此称为
比较,part_of,飞机,DOC003,10001,比较有名的是两大无尾军用飞机系列，
幻影,part_of,战斗机,DOC003,10005,幻影III是20 世纪50 年代中期研制的马赫2 级战斗机，不但在法国空军而且也为许
无尾布局,part_of,平尾,DOC003,10025,是无尾布局，最新的隐身轰炸机B-2 是全无尾布局（无平尾和无垂尾）。
无尾布局,part_of,垂尾,DOC003,10025,是无尾布局，最新的隐身轰炸机B-2 是全无尾布局（无平尾和无垂尾）。
轰炸机,part_of,平尾,DOC003,10025,是无尾布局，最新的隐身轰炸机B-2 是全无尾布局（无平尾和无垂尾）。
轰炸机,part_of,垂尾,DOC003,10025,是无尾布局，最新的隐身轰炸机B-2 是全无尾布局（无平尾和无垂尾）。
固定,part_of,飞机,DOC003,10121,固定不能操纵的另一种是全动式的，其功能是当飞机处在大迎角状态时加强主翼的前缘涡
固定,part_of,前缘,DOC003,10121,固定不能操纵的另一种是全动式的，其功能是当飞机处在大迎角状态时加强主翼的前缘涡
第一,part_of,机翼,DOC003,10123,1903 年莱特兄弟发明的第一架飞机就是将纵向操纵面放在机翼之前，也就是现在所
飞机,part_of,机翼,DOC003,10123,1903 年莱特兄弟发明的第一架飞机就是将纵向操纵面放在机翼之前，也就是现在所
布局,part_of,机翼,DOC003,10127,选用鸭式布局是根据他们的直觉，以为将纵向操纵面放在机翼之前可以得到良好的操纵
布局,part_of,飞机,DOC003,10137,此时鸭式布局又重新引起人们的重视，特别是对于军用飞机。
产生,part_of,分离,DOC003,10187,而边条翼只有边条产生脱体涡，基本机翼仍是分离
机翼,part_of,分离,DOC003,10187,而边条翼只有边条产生脱体涡，基本机翼仍是分离
的要求,is_a,翼面,DOC003,10216,” 的要求，即任何由两个串列翼面组成的空气动力系统，在配平的前提下，为了保证
的要求,is_a,气动力,DOC003,10216,” 的要求，即任何由两个串列翼面组成的空气动力系统，在配平的前提下，为了保证
的要求,is_a,为了,DOC003,10216,” 的要求，即任何由两个串列翼面组成的空气动力系统，在配平的前提下，为了保证
翼面,has_component,气动力,DOC003,10216,” 的要求，即任何由两个串列翼面组成的空气动力系统，在配平的前提下，为了保证
而且,is_a,可得到,DOC003,10241,然保持，而且它不需要依赖大的静不稳定度即可得到机动能力很大的提高。
而且,is_a,机动,DOC003,10241,然保持，而且它不需要依赖大的静不稳定度即可得到机动能力很大的提高。
而且,is_a,能力,DOC003,10241,然保持，而且它不需要依赖大的静不稳定度即可得到机动能力很大的提高。
而且,is_a,提高,DOC003,10241,然保持，而且它不需要依赖大的静不稳定度即可得到机动能力很大的提高。
需要,is_a,可得到,DOC003,10241,然保持，而且它不需要依赖大的静不稳定度即可得到机动能力很大的提高。
需要,is_a,机动,DOC003,10241,然保持，而且它不需要依赖大的静不稳定度即可得到机动能力很大的提高。
需要,is_a,能力,DOC003,10241,然保持，而且它不需要依赖大的静不稳定度即可得到机动能力很大的提高。
需要,is_a,提高,DOC003,10241,然保持，而且它不需要依赖大的静不稳定度即可得到机动能力很大的提高。
稳定,is_a,可得到,DOC003,10241,然保持，而且它不需要依赖大的静不稳定度即可得到机动能力很大的提高。
稳定,is_a,机动,DOC003,10241,然保持，而且它不需要依赖大的静不稳定度即可得到机动能力很大的提高。
稳定,is_a,能力,DOC003,10241,然保持，而且它不需要依赖大的静不稳定度即可得到机动能力很大的提高。
稳定,is_a,提高,DOC003,10241,然保持，而且它不需要依赖大的静不稳定度即可得到机动能力很大的提高。
翼面,has_component,飞机,DOC003,10260,三翼面布局由于增加了前翼，电传操纵系统也会复杂一些，将导致飞机重量增大。
翼面,has_component,重量,DOC003,10260,三翼面布局由于增加了前翼，电传操纵系统也会复杂一些，将导致飞机重量增大。
布局,is_a,比较,DOC003,10289,飞翼布局是一类比较特殊的气动布局，没有水平尾翼，连垂直尾翼都没有，机身与机
布局,is_a,气动,DOC003,10289,飞翼布局是一类比较特殊的气动布局，没有水平尾翼，连垂直尾翼都没有，机身与机
布局,is_a,水平尾翼,DOC003,10289,飞翼布局是一类比较特殊的气动布局，没有水平尾翼，连垂直尾翼都没有，机身与机
布局,is_a,垂直尾翼,DOC003,10289,飞翼布局是一类比较特殊的气动布局，没有水平尾翼，连垂直尾翼都没有，机身与机
布局,is_a,机身,DOC003,10289,飞翼布局是一类比较特殊的气动布局，没有水平尾翼，连垂直尾翼都没有，机身与机
布局,part_of,轰炸机,DOC003,10295,目前采用飞翼布局的最新式飞机，就是大名鼎鼎的美国B-2 隐形轰炸机，如图6.2.8
飞机,part_of,轰炸机,DOC003,10295,目前采用飞翼布局的最新式飞机，就是大名鼎鼎的美国B-2 隐形轰炸机，如图6.2.8
飞机,uses_method,副翼,DOC003,10312,代化的B-2 飞机采用一套新式的副翼系统来进行方向操纵。
飞机,part_of,平尾,DOC003,10377,支线涡轮螺旋桨式飞机为外撑式机翼，其他的为多数是常规平尾与垂
机翼,part_of,平尾,DOC003,10377,支线涡轮螺旋桨式飞机为外撑式机翼，其他的为多数是常规平尾与垂
其他,part_of,平尾,DOC003,10377,支线涡轮螺旋桨式飞机为外撑式机翼，其他的为多数是常规平尾与垂
平尾,part_of,机翼,DOC003,10389,大多数平尾是下单短舱内或吊挂在机翼下
运输机,part_of,尾翼,DOC003,10417,油／运输机和巡逻机都是尾翼
称为,part_of,飞机,DOC003,10492,式中，—T 称为推重比，它同翼载一样，后面将会看到，它们都是飞机设计中的重要参数。
翼载,part_of,飞机,DOC003,10492,式中，—T 称为推重比，它同翼载一样，后面将会看到，它们都是飞机设计中的重要参数。
任务,part_of,飞机,DOC003,10618,sed 是任务中消耗的燃油重量，WF res 是飞机必需的余油重晕。
重量,part_of,飞机,DOC003,10618,sed 是任务中消耗的燃油重量，WF res 是飞机必需的余油重晕。
飞机,part_of,变化,DOC003,10654,上飞机空重WE 也是随飞机尺寸而变化的，同时需要考虑到不同类型和用途的飞机类型，
飞机,part_of,飞机类型,DOC003,10654,上飞机空重WE 也是随飞机尺寸而变化的，同时需要考虑到不同类型和用途的飞机类型，
最大升力系数,part_of,飞机,DOC003,10680,最大升力系数是飞机升力特性的主要参数，影响因素很多，它主要取决千翼型、机翼
飞机,part_of,蒙皮,DOC003,10797,于一般飞机，在亚声速巡航时占零升阻力大部分的是蒙皮摩擦阻力，小部分为分离导致的
飞机,part_of,分离,DOC003,10797,于一般飞机，在亚声速巡航时占零升阻力大部分的是蒙皮摩擦阻力，小部分为分离导致的
亚声速,part_of,蒙皮,DOC003,10797,于一般飞机，在亚声速巡航时占零升阻力大部分的是蒙皮摩擦阻力，小部分为分离导致的
亚声速,part_of,分离,DOC003,10797,于一般飞机，在亚声速巡航时占零升阻力大部分的是蒙皮摩擦阻力，小部分为分离导致的
巡航,part_of,蒙皮,DOC003,10797,于一般飞机，在亚声速巡航时占零升阻力大部分的是蒙皮摩擦阻力，小部分为分离导致的
巡航,part_of,分离,DOC003,10797,于一般飞机，在亚声速巡航时占零升阻力大部分的是蒙皮摩擦阻力，小部分为分离导致的
阻力,part_of,蒙皮,DOC003,10797,于一般飞机，在亚声速巡航时占零升阻力大部分的是蒙皮摩擦阻力，小部分为分离导致的
阻力,part_of,分离,DOC003,10797,于一般飞机，在亚声速巡航时占零升阻力大部分的是蒙皮摩擦阻力，小部分为分离导致的
部分,part_of,蒙皮,DOC003,10797,于一般飞机，在亚声速巡航时占零升阻力大部分的是蒙皮摩擦阻力，小部分为分离导致的
部分,part_of,分离,DOC003,10797,于一般飞机，在亚声速巡航时占零升阻力大部分的是蒙皮摩擦阻力，小部分为分离导致的
这里,is_a,飞机,DOC003,10811,这里所谓的浸润面积，即飞机总的外露表面积，与气流直接接触，可以理解为把飞机
这里,is_a,解为,DOC003,10811,这里所谓的浸润面积，即飞机总的外露表面积，与气流直接接触，可以理解为把飞机
所谓,is_a,飞机,DOC003,10811,这里所谓的浸润面积，即飞机总的外露表面积，与气流直接接触，可以理解为把飞机
所谓,is_a,解为,DOC003,10811,这里所谓的浸润面积，即飞机总的外露表面积，与气流直接接触，可以理解为把飞机
面积,is_a,飞机,DOC003,10811,这里所谓的浸润面积，即飞机总的外露表面积，与气流直接接触，可以理解为把飞机
面积,is_a,解为,DOC003,10811,这里所谓的浸润面积，即飞机总的外露表面积，与气流直接接触，可以理解为把飞机
部分,part_of,机翼,DOC003,10825,图6.3.5 中所示阴影部分就是外露平面形状面积，虚线所示为机翼／尾翼真实平面形状
部分,part_of,尾翼,DOC003,10825,图6.3.5 中所示阴影部分就是外露平面形状面积，虚线所示为机翼／尾翼真实平面形状
对千,part_of,机翼面积,DOC003,10839,对千外形设计不很简洁的飞机，浸润面积S浸润往往是机翼面积的很多倍。
外形,part_of,机翼面积,DOC003,10839,对千外形设计不很简洁的飞机，浸润面积S浸润往往是机翼面积的很多倍。
飞机,part_of,机翼面积,DOC003,10839,对千外形设计不很简洁的飞机，浸润面积S浸润往往是机翼面积的很多倍。
面积,part_of,机翼面积,DOC003,10839,对千外形设计不很简洁的飞机，浸润面积S浸润往往是机翼面积的很多倍。
火神,part_of,飞机,DOC003,10841,"”和表6.3.4 所示，B-47 和 “火神 是两种不同的飞机，B-47 外形相对复杂，浸润面积与机 “ ”翼面积之比高达7.9, 而 火神 采用飞翼式布局，浸润面积与机翼面积之比只有2.8;"
火神,part_of,翼面积,DOC003,10841,"”和表6.3.4 所示，B-47 和 “火神 是两种不同的飞机，B-47 外形相对复杂，浸润面积与机 “ ”翼面积之比高达7.9, 而 火神 采用飞翼式布局，浸润面积与机翼面积之比只有2.8;"
阻力,part_of,机翼,DOC003,10867,为诱导阻力因子，A 为Oswald因子，典型的Oswald其中，A = 是机翼的展弦比，e 冗Ae因子可用一下关系估算
因子,part_of,机翼,DOC003,10867,为诱导阻力因子，A 为Oswald因子，典型的Oswald其中，A = 是机翼的展弦比，e 冗Ae因子可用一下关系估算
的影响,part_of,变化,DOC003,10919,实际中推力T 和重量W 会受到油耗、高度、速度的影响，因此推重比是个变化值。
飞机,is_a,最大,DOC003,11107,当AT 变成0 时，飞机的飞行速度即为最大平
飞行,is_a,最大,DOC003,11107,当AT 变成0 时，飞机的飞行速度即为最大平
速度,is_a,最大,DOC003,11107,当AT 变成0 时，飞机的飞行速度即为最大平
飞机,part_of,发动机,DOC003,11128,在飞机方案设计中最重要的总体参数是推重比To /Wo ' 其中，To 是发动机地面台架状
方案设计,part_of,发动机,DOC003,11128,在飞机方案设计中最重要的总体参数是推重比To /Wo ' 其中，To 是发动机地面台架状
参数,part_of,发动机,DOC003,11128,在飞机方案设计中最重要的总体参数是推重比To /Wo ' 其中，To 是发动机地面台架状
巡航,part_of,飞机,DOC003,11142,k巡航反映的是飞机巡航时发动机的节流特性，对千同类型的发动机，其k巡航值大致
巡航,part_of,发动机,DOC003,11142,k巡航反映的是飞机巡航时发动机的节流特性，对千同类型的发动机，其k巡航值大致
这里,part_of,发动机,DOC003,11213,这里要特别注意的是发动机本身的推重比T。
飞机,part_of,机翼,DOC003,11225,飞机的翼载是指飞机重量W 与机翼参考面积S 之比，即W/S 。
翼载,part_of,机翼,DOC003,11225,飞机的翼载是指飞机重量W 与机翼参考面积S 之比，即W/S 。
机翼,is_a,气动力,DOC003,11228,作为衡量的基准，机翼的参考面积S 即计算气动力系数CL 、CD 时所用的机翼的参
机翼,is_a,系数,DOC003,11228,作为衡量的基准，机翼的参考面积S 即计算气动力系数CL 、CD 时所用的机翼的参
参考面积,is_a,气动力,DOC003,11228,作为衡量的基准，机翼的参考面积S 即计算气动力系数CL 、CD 时所用的机翼的参
参考面积,is_a,系数,DOC003,11228,作为衡量的基准，机翼的参考面积S 即计算气动力系数CL 、CD 时所用的机翼的参
升限,part_of,发动机,DOC003,11332,理论升限是指在给定发动机状态下，飞机能保持匀速
升限,part_of,飞机,DOC003,11332,理论升限是指在给定发动机状态下，飞机能保持匀速
参数,part_of,飞机,DOC003,11400,主要参数计算完毕，发动机选定之后，下一个环节就是飞机的部件外形设计，包含诸多设
发动机,part_of,飞机,DOC003,11400,主要参数计算完毕，发动机选定之后，下一个环节就是飞机的部件外形设计，包含诸多设
之后,part_of,飞机,DOC003,11400,主要参数计算完毕，发动机选定之后，下一个环节就是飞机的部件外形设计，包含诸多设
翼型,part_of,机翼,DOC003,11418,翼型选择是机翼设计的一项首要内容。
选择,part_of,机翼,DOC003,11418,翼型选择是机翼设计的一项首要内容。
的翼型,has_component,翼型,DOC003,11419,选用什么样的翼型，是由对所使用翼型的空气
的翼型,affects,高度,DOC003,11446,• 弦向15%、20%、60％和70％处的翼型厚度决定着翼梁高度，翼梁越高则机翼重
厚度,affects,高度,DOC003,11446,• 弦向15%、20%、60％和70％处的翼型厚度决定着翼梁高度，翼梁越高则机翼重
翼型,has_component,飞机,DOC003,11467,翼型的设计技术指标是由飞机的性
机翼,has_component,飞机,DOC003,11471,机翼的设计升力通常是由水平飞行时，为平衡飞机重力机翼必需产生的升力决定的，
分离,part_of,变化,DOC003,11516,如果分离点从后缘向前缘移动的过程是逐渐变化而不是突变的，
后缘,part_of,变化,DOC003,11516,如果分离点从后缘向前缘移动的过程是逐渐变化而不是突变的，
前缘,part_of,变化,DOC003,11516,如果分离点从后缘向前缘移动的过程是逐渐变化而不是突变的，
过程,part_of,变化,DOC003,11516,如果分离点从后缘向前缘移动的过程是逐渐变化而不是突变的，
较小,is_a,迎角,DOC003,11522,具有较小前缘半径的较薄的翼型，即使在不大的迎角下，前缘附近也
较小,is_a,附近,DOC003,11522,具有较小前缘半径的较薄的翼型，即使在不大的迎角下，前缘附近也
前缘,is_a,迎角,DOC003,11522,具有较小前缘半径的较薄的翼型，即使在不大的迎角下，前缘附近也
前缘,is_a,附近,DOC003,11522,具有较小前缘半径的较薄的翼型，即使在不大的迎角下，前缘附近也
的翼型,is_a,迎角,DOC003,11522,具有较小前缘半径的较薄的翼型，即使在不大的迎角下，前缘附近也
的翼型,is_a,附近,DOC003,11522,具有较小前缘半径的较薄的翼型，即使在不大的迎角下，前缘附近也
在这,part_of,变化,DOC003,11536,在这类分离对应的翼型失速过程中，升力损失不是很突然的，但是力矩有较大变化。
分离,part_of,变化,DOC003,11536,在这类分离对应的翼型失速过程中，升力损失不是很突然的，但是力矩有较大变化。
对应的,part_of,变化,DOC003,11536,在这类分离对应的翼型失速过程中，升力损失不是很突然的，但是力矩有较大变化。
翼型,part_of,变化,DOC003,11536,在这类分离对应的翼型失速过程中，升力损失不是很突然的，但是力矩有较大变化。
过程中,part_of,变化,DOC003,11536,在这类分离对应的翼型失速过程中，升力损失不是很突然的，但是力矩有较大变化。
升力,part_of,变化,DOC003,11536,在这类分离对应的翼型失速过程中，升力损失不是很突然的，但是力矩有较大变化。
的翼型,part_of,翼型,DOC003,11544,不选用很薄的翼型，主要是为了减少波阻和改善跨声速时的升力、力矩特性，但是薄翼型
为了,part_of,翼型,DOC003,11544,不选用很薄的翼型，主要是为了减少波阻和改善跨声速时的升力、力矩特性，但是薄翼型
声速,part_of,翼型,DOC003,11544,不选用很薄的翼型，主要是为了减少波阻和改善跨声速时的升力、力矩特性，但是薄翼型
升力,part_of,翼型,DOC003,11544,不选用很薄的翼型，主要是为了减少波阻和改善跨声速时的升力、力矩特性，但是薄翼型
力矩,part_of,翼型,DOC003,11544,不选用很薄的翼型，主要是为了减少波阻和改善跨声速时的升力、力矩特性，但是薄翼型
特性,part_of,翼型,DOC003,11544,不选用很薄的翼型，主要是为了减少波阻和改善跨声速时的升力、力矩特性，但是薄翼型
翼型,affects,机动,DOC003,11558,但是翼型的弯度直接影响着飞机的机动能力，翼型的前缘形状可以影响三维分离涡面
弯度,affects,机动,DOC003,11558,但是翼型的弯度直接影响着飞机的机动能力，翼型的前缘形状可以影响三维分离涡面
翼型,affects,升阻比,DOC003,11565,翼型设计升力下的阻力系数直接决定了设计条件下的升阻比，对飞机设计状态的性能
翼型,affects,状态,DOC003,11565,翼型设计升力下的阻力系数直接决定了设计条件下的升阻比，对飞机设计状态的性能
超声速,is_a,形成,DOC003,11599,的超声速区，即形成更大的上、下表面的压力差，从而翼型有更大的升阻比，由千喷气式
超声速,is_a,下表面,DOC003,11599,的超声速区，即形成更大的上、下表面的压力差，从而翼型有更大的升阻比，由千喷气式
超声速,is_a,压力,DOC003,11599,的超声速区，即形成更大的上、下表面的压力差，从而翼型有更大的升阻比，由千喷气式
超声速,is_a,从而,DOC003,11599,的超声速区，即形成更大的上、下表面的压力差，从而翼型有更大的升阻比，由千喷气式
超声速,is_a,翼型,DOC003,11599,的超声速区，即形成更大的上、下表面的压力差，从而翼型有更大的升阻比，由千喷气式
超声速,is_a,升阻比,DOC003,11599,的超声速区，即形成更大的上、下表面的压力差，从而翼型有更大的升阻比，由千喷气式
超声速,is_a,由千,DOC003,11599,的超声速区，即形成更大的上、下表面的压力差，从而翼型有更大的升阻比，由千喷气式
的翼型,part_of,机翼,DOC003,11605,但是经过仔细设计的翼型前缘是可以产生前缘吸力的，这将使减小机翼阻力；
前缘,part_of,机翼,DOC003,11605,但是经过仔细设计的翼型前缘是可以产生前缘吸力的，这将使减小机翼阻力；
机翼,has_component,翼型,DOC003,11614,机翼绕气动中心的俯仰力矩很大程度上是由翼型的俯仰力矩确定的，翼型在失速之前
翼型,part_of,的翼型,DOC003,11632,翼型的选择是指对现有的翼型进行选择，以满足飞机设计要求，它是机翼设计的基础。
选择,part_of,的翼型,DOC003,11632,翼型的选择是指对现有的翼型进行选择，以满足飞机设计要求，它是机翼设计的基础。
飞机,part_of,机翼,DOC003,11632,翼型的选择是指对现有的翼型进行选择，以满足飞机设计要求，它是机翼设计的基础。
设计要求,part_of,机翼,DOC003,11632,翼型的选择是指对现有的翼型进行选择，以满足飞机设计要求，它是机翼设计的基础。
翼型,affects,飞行,DOC003,11652,翼型的选择首先要受飞机的类型和飞机任务的影响，例如飞机的飞行速度范围可能限
翼型,affects,速度,DOC003,11652,翼型的选择首先要受飞机的类型和飞机任务的影响，例如飞机的飞行速度范围可能限
对称,part_of,前缘,DOC003,11673,大对称翼型的最大升力系数主要是增大前缘半径、加厚翼型头部来实现。
翼型,part_of,前缘,DOC003,11673,大对称翼型的最大升力系数主要是增大前缘半径、加厚翼型头部来实现。
最大升力系数,part_of,前缘,DOC003,11673,大对称翼型的最大升力系数主要是增大前缘半径、加厚翼型头部来实现。
翼型,has_component,弯度,DOC003,11674,翼型的零升力矩是由翼型的弯度和弯度分布决定的，对称翼型的零升力矩为零。
翼型,affects,迎角,DOC003,11684,翼型头部形状决定了大迎角下气流分离流动情况，因此也是影响最大
翼型,affects,厚度,DOC003,11686,很薄翼型头部半径对最大升力系数没有影响，但中等厚度
第二,part_of,翼型,DOC003,11715,第二是翼型的最大厚度和最大弯
第三,part_of,翼型,DOC003,11717,第三是适当减小翼型前缘半径。
第三,part_of,前缘,DOC003,11717,第三是适当减小翼型前缘半径。
这些,part_of,翼型,DOC003,11718,这些措施都是为了能使翼型表面压强分
声速,part_of,翼型,DOC003,11720,跨声速飞机另一个问题是如何提高阻力发散马赫数Mdd ' 要使翼型在超临界状态下正
飞机,part_of,翼型,DOC003,11720,跨声速飞机另一个问题是如何提高阻力发散马赫数Mdd ' 要使翼型在超临界状态下正
实际,part_of,翼型,DOC003,11771,实际的飞机，不论是亚声速飞机还是超声速飞机，翼型厚度从翼根到翼尖都是变化的。
实际,part_of,翼根,DOC003,11771,实际的飞机，不论是亚声速飞机还是超声速飞机，翼型厚度从翼根到翼尖都是变化的。
实际,part_of,翼尖,DOC003,11771,实际的飞机，不论是亚声速飞机还是超声速飞机，翼型厚度从翼根到翼尖都是变化的。
实际,part_of,变化,DOC003,11771,实际的飞机，不论是亚声速飞机还是超声速飞机，翼型厚度从翼根到翼尖都是变化的。
飞机,part_of,翼型,DOC003,11771,实际的飞机，不论是亚声速飞机还是超声速飞机，翼型厚度从翼根到翼尖都是变化的。
飞机,part_of,翼根,DOC003,11771,实际的飞机，不论是亚声速飞机还是超声速飞机，翼型厚度从翼根到翼尖都是变化的。
飞机,part_of,翼尖,DOC003,11771,实际的飞机，不论是亚声速飞机还是超声速飞机，翼型厚度从翼根到翼尖都是变化的。
飞机,part_of,变化,DOC003,11771,实际的飞机，不论是亚声速飞机还是超声速飞机，翼型厚度从翼根到翼尖都是变化的。
亚声速,part_of,翼型,DOC003,11771,实际的飞机，不论是亚声速飞机还是超声速飞机，翼型厚度从翼根到翼尖都是变化的。
亚声速,part_of,翼根,DOC003,11771,实际的飞机，不论是亚声速飞机还是超声速飞机，翼型厚度从翼根到翼尖都是变化的。
亚声速,part_of,翼尖,DOC003,11771,实际的飞机，不论是亚声速飞机还是超声速飞机，翼型厚度从翼根到翼尖都是变化的。
亚声速,part_of,变化,DOC003,11771,实际的飞机，不论是亚声速飞机还是超声速飞机，翼型厚度从翼根到翼尖都是变化的。
超声速,part_of,变化,DOC003,11771,实际的飞机，不论是亚声速飞机还是超声速飞机，翼型厚度从翼根到翼尖都是变化的。
翼型,part_of,变化,DOC003,11771,实际的飞机，不论是亚声速飞机还是超声速飞机，翼型厚度从翼根到翼尖都是变化的。
厚度,part_of,变化,DOC003,11771,实际的飞机，不论是亚声速飞机还是超声速飞机，翼型厚度从翼根到翼尖都是变化的。
翼根,part_of,变化,DOC003,11771,实际的飞机，不论是亚声速飞机还是超声速飞机，翼型厚度从翼根到翼尖都是变化的。
翼尖,part_of,变化,DOC003,11771,实际的飞机，不论是亚声速飞机还是超声速飞机，翼型厚度从翼根到翼尖都是变化的。
机身,is_a,阻力,DOC003,11772,由于机身的影响，亚声速飞机根部翼型即使比尖部翼型厚20%~60％仍不会对阻力产生很
机身,is_a,产生,DOC003,11772,由于机身的影响，亚声速飞机根部翼型即使比尖部翼型厚20%~60％仍不会对阻力产生很
的影响,is_a,阻力,DOC003,11772,由于机身的影响，亚声速飞机根部翼型即使比尖部翼型厚20%~60％仍不会对阻力产生很
的影响,is_a,产生,DOC003,11772,由于机身的影响，亚声速飞机根部翼型即使比尖部翼型厚20%~60％仍不会对阻力产生很
亚声速,is_a,阻力,DOC003,11772,由于机身的影响，亚声速飞机根部翼型即使比尖部翼型厚20%~60％仍不会对阻力产生很
亚声速,is_a,产生,DOC003,11772,由于机身的影响，亚声速飞机根部翼型即使比尖部翼型厚20%~60％仍不会对阻力产生很
飞机,is_a,阻力,DOC003,11772,由于机身的影响，亚声速飞机根部翼型即使比尖部翼型厚20%~60％仍不会对阻力产生很
飞机,is_a,产生,DOC003,11772,由于机身的影响，亚声速飞机根部翼型即使比尖部翼型厚20%~60％仍不会对阻力产生很
翼型,is_a,阻力,DOC003,11772,由于机身的影响，亚声速飞机根部翼型即使比尖部翼型厚20%~60％仍不会对阻力产生很
翼型,is_a,产生,DOC003,11772,由于机身的影响，亚声速飞机根部翼型即使比尖部翼型厚20%~60％仍不会对阻力产生很
飞机,supports_mission,飞行,DOC003,11798,飞机机翼的气动设计原则是以满足设计要求的飞行技术性能为主要依据的，应该
机翼,supports_mission,飞行,DOC003,11798,飞机机翼的气动设计原则是以满足设计要求的飞行技术性能为主要依据的，应该
气动设计,supports_mission,飞行,DOC003,11798,飞机机翼的气动设计原则是以满足设计要求的飞行技术性能为主要依据的，应该
飞机,has_component,展弦比入,DOC003,11810,飞机机翼的平面形状应由展弦比入、前缘后掠角x 及梢根比g （或根梢比n ) 所确定，
飞机,has_component,前缘,DOC003,11810,飞机机翼的平面形状应由展弦比入、前缘后掠角x 及梢根比g （或根梢比n ) 所确定，
飞机,has_component,后掠角,DOC003,11810,飞机机翼的平面形状应由展弦比入、前缘后掠角x 及梢根比g （或根梢比n ) 所确定，
机翼,has_component,展弦比入,DOC003,11810,飞机机翼的平面形状应由展弦比入、前缘后掠角x 及梢根比g （或根梢比n ) 所确定，
机翼,has_component,前缘,DOC003,11810,飞机机翼的平面形状应由展弦比入、前缘后掠角x 及梢根比g （或根梢比n ) 所确定，
机翼,has_component,后掠角,DOC003,11810,飞机机翼的平面形状应由展弦比入、前缘后掠角x 及梢根比g （或根梢比n ) 所确定，
翼型,part_of,机翼,DOC003,11812,翼型是机翼的基本构成在方案设计初期，特别是对高速战斗机设计的初期，不必花太
翼型,part_of,战斗机,DOC003,11812,翼型是机翼的基本构成在方案设计初期，特别是对高速战斗机设计的初期，不必花太
机翼,part_of,战斗机,DOC003,11812,翼型是机翼的基本构成在方案设计初期，特别是对高速战斗机设计的初期，不必花太
方案设计,part_of,战斗机,DOC003,11812,翼型是机翼的基本构成在方案设计初期，特别是对高速战斗机设计的初期，不必花太
梯形翼,part_of,翼根,DOC003,11828,梯形翼是从翼根向翼尖弦长逐渐减小，其平面形状为梯形的机翼。
梯形翼,part_of,翼尖,DOC003,11828,梯形翼是从翼根向翼尖弦长逐渐减小，其平面形状为梯形的机翼。
梯形翼,part_of,机翼,DOC003,11828,梯形翼是从翼根向翼尖弦长逐渐减小，其平面形状为梯形的机翼。
飞机,has_component,机翼,DOC003,11842,对千高亚声速飞机，由千机翼后掠能提高机翼的临界马赫数，所以常用后掠翼来扩大
飞机,has_component,马赫数,DOC003,11842,对千高亚声速飞机，由千机翼后掠能提高机翼的临界马赫数，所以常用后掠翼来扩大
飞机,has_component,后掠翼,DOC003,11842,对千高亚声速飞机，由千机翼后掠能提高机翼的临界马赫数，所以常用后掠翼来扩大
后掠翼,part_of,前缘,DOC003,11859,超声速飞机使用后掠翼时，主要看机翼设计是超声速前缘还是亚声速前缘而定，对最
机翼,part_of,前缘,DOC003,11859,超声速飞机使用后掠翼时，主要看机翼设计是超声速前缘还是亚声速前缘而定，对最
机翼,part_of,飞机,DOC003,11996,机翼在机身上安装角的选择，主要是为了使巡航时飞机处于最有利升阻比状态。
机身,part_of,飞机,DOC003,11996,机翼在机身上安装角的选择，主要是为了使巡航时飞机处于最有利升阻比状态。
选择,part_of,飞机,DOC003,11996,机翼在机身上安装角的选择，主要是为了使巡航时飞机处于最有利升阻比状态。
机身,part_of,飞机,DOC003,12005,机身是飞机最复杂的部件之一，用来装载乘员、机载设备、动力装置以及燃油等，同
机身,affects,方向,DOC003,12015,其次机身对飞机的稳定件有很大影响，是产生方向不稳定的主要根源；
飞机,has_component,机身长度,DOC003,12090,在初步设计过程中，飞机起飞总质量m 确定后，就可由表7.2. 1 得到机身长度的初值。
机身,affects,超声速,DOC003,12111,当机身最大截面一定时，影响机身超声速阻力最大的因素是机身的长细比和最大截面
机身,part_of,机身长度,DOC003,12118,比的机身结果都是同一结论，最大截面位置在40％机身长度处阻力稍大。
超声速,part_of,机身,DOC003,12121,时的超声速阻力特别大，尤其是机身长细比减小时更为突出。
阻力,part_of,机身,DOC003,12121,时的超声速阻力特别大，尤其是机身长细比减小时更为突出。
讨论,part_of,机身,DOC003,12428,上面主要讨论的是截面形状对前机身气动特性的影响，而对千全机，由千涉及机尾、
运输机,part_of,战斗机,DOC003,12450,点，军用规范对运输机和轰炸机前视界标准的要求是17 ° ' 对战斗机和攻击机的要求是
轰炸机,part_of,战斗机,DOC003,12450,点，军用规范对运输机和轰炸机前视界标准的要求是17 ° ' 对战斗机和攻击机的要求是
的要求,part_of,战斗机,DOC003,12450,点，军用规范对运输机和轰炸机前视界标准的要求是17 ° ' 对战斗机和攻击机的要求是
缺点,part_of,机身,DOC003,12530,但缺点是增大了机身阻力约
机翼,is_a,超声速,DOC003,12556,小的机翼，采用跨声速面积律修形，即使在超声速情况下，也能达到减阻效果。
机翼,is_a,情况下,DOC003,12556,小的机翼，采用跨声速面积律修形，即使在超声速情况下，也能达到减阻效果。
声速,is_a,超声速,DOC003,12556,小的机翼，采用跨声速面积律修形，即使在超声速情况下，也能达到减阻效果。
声速,is_a,情况下,DOC003,12556,小的机翼，采用跨声速面积律修形，即使在超声速情况下，也能达到减阻效果。
面积,is_a,超声速,DOC003,12556,小的机翼，采用跨声速面积律修形，即使在超声速情况下，也能达到减阻效果。
面积,is_a,情况下,DOC003,12556,小的机翼，采用跨声速面积律修形，即使在超声速情况下，也能达到减阻效果。
的影响,part_of,机身,DOC003,12560,其中机翼的影响是最大的，因此机翼所在位置的机身需要
外形,part_of,战斗机,DOC003,12599,采用外形与机翼融合的机身已是现代战斗机常用的一种方式，即机翼与机身之间通过
外形,is_a,之间,DOC003,12599,采用外形与机翼融合的机身已是现代战斗机常用的一种方式，即机翼与机身之间通过
机翼,part_of,战斗机,DOC003,12599,采用外形与机翼融合的机身已是现代战斗机常用的一种方式，即机翼与机身之间通过
机翼,is_a,之间,DOC003,12599,采用外形与机翼融合的机身已是现代战斗机常用的一种方式，即机翼与机身之间通过
机身,part_of,战斗机,DOC003,12599,采用外形与机翼融合的机身已是现代战斗机常用的一种方式，即机翼与机身之间通过
机身,is_a,之间,DOC003,12599,采用外形与机翼融合的机身已是现代战斗机常用的一种方式，即机翼与机身之间通过
现代,is_a,之间,DOC003,12599,采用外形与机翼融合的机身已是现代战斗机常用的一种方式，即机翼与机身之间通过
战斗机,is_a,之间,DOC003,12599,采用外形与机翼融合的机身已是现代战斗机常用的一种方式，即机翼与机身之间通过
方式,is_a,之间,DOC003,12599,采用外形与机翼融合的机身已是现代战斗机常用的一种方式，即机翼与机身之间通过
特性,part_of,机翼,DOC003,12765,特性，因此，飞机设计者很容易想到是否能够在不同飞行阶段使机翼具有不同的后掠角，
飞机,part_of,机翼,DOC003,12765,特性，因此，飞机设计者很容易想到是否能够在不同飞行阶段使机翼具有不同的后掠角，
变后掠,part_of,机翼,DOC003,12774,"最早的变后掠翼飞机是德国在二战后期设计的F-1114, 其机翼的后掠是在地面进行"
飞机,part_of,机翼,DOC003,12774,"最早的变后掠翼飞机是德国在二战后期设计的F-1114, 其机翼的后掠是在地面进行"
变后掠,affects,气动,DOC003,12782,在变后掠的同时还前后移动机翼，以抵偿后掠角改变使气动中心移动产生的过大的纵向
机翼,affects,气动,DOC003,12782,在变后掠的同时还前后移动机翼，以抵偿后掠角改变使气动中心移动产生的过大的纵向
后掠角,affects,气动,DOC003,12782,在变后掠的同时还前后移动机翼，以抵偿后掠角改变使气动中心移动产生的过大的纵向
机翼,has_component,弦长,DOC003,12939,小后掠角时，机翼展弦比较大，由千此时顺航向弦长较短，
机翼,has_component,相对厚度,DOC003,13017,机翼处于小后掠角状态时，由千相对厚度大，展弦比大，会有很大的升力线斜率，加
机翼,has_component,展弦比,DOC003,13017,机翼处于小后掠角状态时，由千相对厚度大，展弦比大，会有很大的升力线斜率，加
机翼,has_component,升力线斜率,DOC003,13017,机翼处于小后掠角状态时，由千相对厚度大，展弦比大，会有很大的升力线斜率，加
阶段,part_of,飞机,DOC003,13051,行阶段都达到较满意的性能，这是固定翼飞机难以达到的。
发展,part_of,机翼,DOC003,13061,在发展变后掠翼飞机的过程中，主要遇到的问题有两个：第一是变后掠机翼的结构设
变后掠,part_of,机翼,DOC003,13061,在发展变后掠翼飞机的过程中，主要遇到的问题有两个：第一是变后掠机翼的结构设
飞机,part_of,机翼,DOC003,13061,在发展变后掠翼飞机的过程中，主要遇到的问题有两个：第一是变后掠机翼的结构设
过程中,part_of,机翼,DOC003,13061,在发展变后掠翼飞机的过程中，主要遇到的问题有两个：第一是变后掠机翼的结构设
的问题,part_of,机翼,DOC003,13061,在发展变后掠翼飞机的过程中，主要遇到的问题有两个：第一是变后掠机翼的结构设
第一,part_of,机翼,DOC003,13061,在发展变后掠翼飞机的过程中，主要遇到的问题有两个：第一是变后掠机翼的结构设
增加,is_a,阻力,DOC003,13066,动，要靠调整燃油量，或增加水平尾翼的向下的载荷（即增加了配平阻力）移动中心，如不
水平尾翼,is_a,阻力,DOC003,13066,动，要靠调整燃油量，或增加水平尾翼的向下的载荷（即增加了配平阻力）移动中心，如不
载荷,is_a,阻力,DOC003,13066,动，要靠调整燃油量，或增加水平尾翼的向下的载荷（即增加了配平阻力）移动中心，如不
变后掠,has_component,结构重量,DOC003,13069,与固定翼机相比，增加了一些变后掠操纵机构及由千传力所需的结构重量，会使性能
后掠翼,has_component,变后掠,DOC003,13077,后掠翼飞机的设计主要包括变后掠机翼转轴位置的选择、翼套及翼扇的设计、后掠翼
后掠翼,has_component,机翼,DOC003,13077,后掠翼飞机的设计主要包括变后掠机翼转轴位置的选择、翼套及翼扇的设计、后掠翼
后掠翼,has_component,转轴,DOC003,13077,后掠翼飞机的设计主要包括变后掠机翼转轴位置的选择、翼套及翼扇的设计、后掠翼
飞机,has_component,变后掠,DOC003,13077,后掠翼飞机的设计主要包括变后掠机翼转轴位置的选择、翼套及翼扇的设计、后掠翼
飞机,has_component,机翼,DOC003,13077,后掠翼飞机的设计主要包括变后掠机翼转轴位置的选择、翼套及翼扇的设计、后掠翼
飞机,has_component,转轴,DOC003,13077,后掠翼飞机的设计主要包括变后掠机翼转轴位置的选择、翼套及翼扇的设计、后掠翼
转轴,affects,气动力,DOC003,13120,影响，转轴位置约在20％半翼展，变后掠引起的气动中心改变量高达53％平均气动力弦
翼展,affects,气动力,DOC003,13120,影响，转轴位置约在20％半翼展，变后掠引起的气动中心改变量高达53％平均气动力弦
变后掠,affects,气动力,DOC003,13120,影响，转轴位置约在20％半翼展，变后掠引起的气动中心改变量高达53％平均气动力弦
飞机,has_component,转轴,DOC003,13126,较后期设计的F-14 飞机由千采用了展向较靠外的转轴位置，约为30％机翼半展长处，
飞机,has_component,机翼,DOC003,13126,较后期设计的F-14 飞机由千采用了展向较靠外的转轴位置，约为30％机翼半展长处，
飞机,has_component,展长,DOC003,13126,较后期设计的F-14 飞机由千采用了展向较靠外的转轴位置，约为30％机翼半展长处，
实际,part_of,转轴,DOC003,13132,实际设计变后掠机翼时，也不是转轴选得越靠外越好。
变后掠,part_of,转轴,DOC003,13132,实际设计变后掠机翼时，也不是转轴选得越靠外越好。
机翼,part_of,转轴,DOC003,13132,实际设计变后掠机翼时，也不是转轴选得越靠外越好。
这种,part_of,转轴,DOC003,13149,这种设计的优点是使转轴放在机身内部或翼－身交界处，能得到足够的结构强度。
这种,part_of,机身,DOC003,13149,这种设计的优点是使转轴放在机身内部或翼－身交界处，能得到足够的结构强度。
优点,part_of,转轴,DOC003,13149,这种设计的优点是使转轴放在机身内部或翼－身交界处，能得到足够的结构强度。
优点,part_of,机身,DOC003,13149,这种设计的优点是使转轴放在机身内部或翼－身交界处，能得到足够的结构强度。
机翼,affects,俯仰力矩,DOC003,13168,态时机翼前缘造成了转折，迎角增大时产生了涡流，对稳定性造成了影响，在俯仰力矩在
前缘,affects,俯仰力矩,DOC003,13168,态时机翼前缘造成了转折，迎角增大时产生了涡流，对稳定性造成了影响，在俯仰力矩在
迎角,affects,俯仰力矩,DOC003,13168,态时机翼前缘造成了转折，迎角增大时产生了涡流，对稳定性造成了影响，在俯仰力矩在
的作用,part_of,前缘,DOC003,13199,设置翼刀的作用是为保持住翼套前缘涡，防止涡
力矩,part_of,前缘,DOC003,13214,既然纵向力矩非线性问题的来源是翼套前缘涡，那么最直接和最好的办法是在机翼布
力矩,part_of,机翼,DOC003,13214,既然纵向力矩非线性问题的来源是翼套前缘涡，那么最直接和最好的办法是在机翼布
前缘,part_of,机翼,DOC003,13214,既然纵向力矩非线性问题的来源是翼套前缘涡，那么最直接和最好的办法是在机翼布
那么,part_of,机翼,DOC003,13214,既然纵向力矩非线性问题的来源是翼套前缘涡，那么最直接和最好的办法是在机翼布
这种,part_of,机翼,DOC003,13215,局时就考虑不要让这种前缘涡太强烈，也就是尽量保证机翼在伸展位置和全后掠位置时翼
前缘,part_of,机翼,DOC003,13215,局时就考虑不要让这种前缘涡太强烈，也就是尽量保证机翼在伸展位置和全后掠位置时翼
机翼,part_of,飞机,DOC003,13224,机翼是飞机获得升力的主要部件，我们知道，机翼的升力可表示为
飞机,has_component,机翼,DOC003,13253,飞机的增升装置一般分为两类，一类是机械增升装置，包括在机翼后缘采用各种形
飞机,has_component,后缘,DOC003,13253,飞机的增升装置一般分为两类，一类是机械增升装置，包括在机翼后缘采用各种形
这种,part_of,后缘,DOC003,13273,这种襟翼的特点是直接偏转后缘增加机翼弦
这种,part_of,机翼,DOC003,13273,这种襟翼的特点是直接偏转后缘增加机翼弦
襟翼,part_of,后缘,DOC003,13273,这种襟翼的特点是直接偏转后缘增加机翼弦
襟翼,part_of,机翼,DOC003,13273,这种襟翼的特点是直接偏转后缘增加机翼弦
特点,part_of,后缘,DOC003,13273,这种襟翼的特点是直接偏转后缘增加机翼弦
特点,part_of,机翼,DOC003,13273,这种襟翼的特点是直接偏转后缘增加机翼弦
单缝襟翼,part_of,机翼,DOC003,13295,单缝襟翼是机翼后缘襟翼在下滑偏转时，其
单缝襟翼,part_of,后缘,DOC003,13295,单缝襟翼是机翼后缘襟翼在下滑偏转时，其
单缝襟翼,part_of,襟翼,DOC003,13295,单缝襟翼是机翼后缘襟翼在下滑偏转时，其
双缝襟翼,part_of,单缝襟翼,DOC003,13311,双缝襟翼是单缝襟翼的发展，主要有两种形式。
三缝襟翼,has_component,主襟翼,DOC003,13335,三缝襟翼一般由主翼、导流片、主襟翼和后襟翼
三缝襟翼,has_component,襟翼,DOC003,13335,三缝襟翼一般由主翼、导流片、主襟翼和后襟翼
前缘襟翼,has_component,弯度,DOC003,13362,前缘襟翼下偏时，由千增加了头部附近的弯度，因此增加了升力。
前缘缝翼,part_of,机翼,DOC003,13376,前缘缝翼是一个附着在机翼前缘的小翼段，把它打开，在小翼段与机翼前缘形成一道
前缘缝翼,part_of,前缘,DOC003,13376,前缘缝翼是一个附着在机翼前缘的小翼段，把它打开，在小翼段与机翼前缘形成一道
翼面,has_component,机翼,DOC003,13377,小缝隙，下翼面的高压气流由缝隙高速流向机翼上表面，使机翼在大迎角下减缓原来前缘
翼面,has_component,迎角,DOC003,13377,小缝隙，下翼面的高压气流由缝隙高速流向机翼上表面，使机翼在大迎角下减缓原来前缘
翼面,has_component,前缘,DOC003,13377,小缝隙，下翼面的高压气流由缝隙高速流向机翼上表面，使机翼在大迎角下减缓原来前缘
襟翼,has_component,前缘,DOC003,13391,克鲁格襟翼主要有上表面延伸式、下表面旋转式和下表面前缘旋转式等类型，如
前缘,affects,方向,DOC003,13416,当前缘下偏时，在涡襟翼上产生向前倾斜的涡升力（改变了涡升力方向），使其在推力
前缘,affects,推力,DOC003,13416,当前缘下偏时，在涡襟翼上产生向前倾斜的涡升力（改变了涡升力方向），使其在推力
襟翼,affects,方向,DOC003,13416,当前缘下偏时，在涡襟翼上产生向前倾斜的涡升力（改变了涡升力方向），使其在推力
襟翼,affects,推力,DOC003,13416,当前缘下偏时，在涡襟翼上产生向前倾斜的涡升力（改变了涡升力方向），使其在推力
特点,part_of,分离,DOC003,13419,特点在千它不是消除分离，而是有效地利用前缘分离涡。
前缘襟翼,affects,弯度,DOC003,13539,自动控制的前缘襟翼可随飞机飞行马赫数和迎角变化而自动改变机翼弯度，以适应战
马赫数,affects,弯度,DOC003,13539,自动控制的前缘襟翼可随飞机飞行马赫数和迎角变化而自动改变机翼弯度，以适应战
迎角,affects,弯度,DOC003,13539,自动控制的前缘襟翼可随飞机飞行马赫数和迎角变化而自动改变机翼弯度，以适应战
变化,affects,弯度,DOC003,13539,自动控制的前缘襟翼可随飞机飞行马赫数和迎角变化而自动改变机翼弯度，以适应战
战斗机,uses_method,后缘增升装置,DOC003,13541,近、现代民用旅客机和军用战斗机很多都同时使用前、后缘增升装置。
飞机,uses_method,分离,DOC003,13555,在一些军用飞机上也有采用涡流发生器控制局部气流分离，因为它是
飞机,has_component,机翼,DOC003,13633,飞机的基本气动力特性是由机翼和机身决定的，而飞机的操纵性及稳定性主要是依靠
飞机,has_component,机身,DOC003,13633,飞机的基本气动力特性是由机翼和机身决定的，而飞机的操纵性及稳定性主要是依靠
方向,affects,飞行,DOC003,13641,矩来实现在所希望的方向上改变飞行状态的能力。
方向,affects,状态,DOC003,13641,矩来实现在所希望的方向上改变飞行状态的能力。
平尾,affects,方向,DOC003,13642,平尾影响绕横轴的运动（俯仰方向），垂
稳定,part_of,飞机,DOC003,13657,稳定性是飞机保持给定状态的
横向,part_of,机翼,DOC003,13764,最常用的横向操纵面是设置在机翼后缘靠近翼尖部分的副翼，如图7.5.2 所示。
横向,part_of,后缘,DOC003,13764,最常用的横向操纵面是设置在机翼后缘靠近翼尖部分的副翼，如图7.5.2 所示。
横向,part_of,翼尖,DOC003,13764,最常用的横向操纵面是设置在机翼后缘靠近翼尖部分的副翼，如图7.5.2 所示。
位置,part_of,转轴,DOC003,13774,其中，k 是考虑展向位置的修正，［是副翼相对展长，互为副翼相对弦长，几为副翼转轴
襟副翼,is_a,后缘,DOC003,13795,如果采用襟副翼，即后缘襟翼与副翼合成一块，既作襟翼又作副翼使用，其相对展长
襟副翼,is_a,襟翼,DOC003,13795,如果采用襟副翼，即后缘襟翼与副翼合成一块，既作襟翼又作副翼使用，其相对展长
襟副翼,is_a,副翼,DOC003,13795,如果采用襟副翼，即后缘襟翼与副翼合成一块，既作襟翼又作副翼使用，其相对展长
襟副翼,is_a,相对,DOC003,13795,如果采用襟副翼，即后缘襟翼与副翼合成一块，既作襟翼又作副翼使用，其相对展长
襟副翼,is_a,展长,DOC003,13795,如果采用襟副翼，即后缘襟翼与副翼合成一块，既作襟翼又作副翼使用，其相对展长
虽然,part_of,战斗机,DOC003,13848,减速板虽然不是战斗机机体的主要部件，但使用减速板时阻力效率的大小直接影响了
飞机,is_a,讨论,DOC003,13886,大多数飞机都把垂直尾面及水平尾面布置在飞机的尾部，即上一章讨论过的常规布
平尾,is_a,讨论,DOC003,13886,大多数飞机都把垂直尾面及水平尾面布置在飞机的尾部，即上一章讨论过的常规布
飞机,part_of,战斗机,DOC003,13912,飞机在低速大迎角飞行时，尤其是对千放宽静稳定度的战斗机，
低速,part_of,战斗机,DOC003,13912,飞机在低速大迎角飞行时，尤其是对千放宽静稳定度的战斗机，
迎角,part_of,战斗机,DOC003,13912,飞机在低速大迎角飞行时，尤其是对千放宽静稳定度的战斗机，
飞行,part_of,战斗机,DOC003,13912,飞机在低速大迎角飞行时，尤其是对千放宽静稳定度的战斗机，
临界压强,is_a,翼面,DOC003,13926,小，当出现临界压强值（即翼面出现超声速区时）舵偏的压强分布对稳定面无影响，只是舵
临界压强,is_a,超声速,DOC003,13926,小，当出现临界压强值（即翼面出现超声速区时）舵偏的压强分布对稳定面无影响，只是舵
临界压强,is_a,分布,DOC003,13926,小，当出现临界压强值（即翼面出现超声速区时）舵偏的压强分布对稳定面无影响，只是舵
临界压强,is_a,稳定,DOC003,13926,小，当出现临界压强值（即翼面出现超声速区时）舵偏的压强分布对稳定面无影响，只是舵
前翼,part_of,平尾,DOC003,13940,前翼的三翼面飞机，在大迎角下前翼能提供大的纵向力矩增量，特别是前翼和平尾同时操
翼面,part_of,平尾,DOC003,13940,前翼的三翼面飞机，在大迎角下前翼能提供大的纵向力矩增量，特别是前翼和平尾同时操
飞机,part_of,平尾,DOC003,13940,前翼的三翼面飞机，在大迎角下前翼能提供大的纵向力矩增量，特别是前翼和平尾同时操
迎角,part_of,平尾,DOC003,13940,前翼的三翼面飞机，在大迎角下前翼能提供大的纵向力矩增量，特别是前翼和平尾同时操
力矩,part_of,平尾,DOC003,13940,前翼的三翼面飞机，在大迎角下前翼能提供大的纵向力矩增量，特别是前翼和平尾同时操
平尾,has_component,机翼,DOC003,13949,而平尾面积包括两种方法：一种是与机翼相同，
平尾,part_of,飞机,DOC003,13966,平尾和前翼的主要作用是平衡飞机机翼产生的纵向力矩，它们所能提供的力矩效率与
平尾,part_of,机翼,DOC003,13966,平尾和前翼的主要作用是平衡飞机机翼产生的纵向力矩，它们所能提供的力矩效率与
前翼,part_of,飞机,DOC003,13966,平尾和前翼的主要作用是平衡飞机机翼产生的纵向力矩，它们所能提供的力矩效率与
前翼,part_of,机翼,DOC003,13966,平尾和前翼的主要作用是平衡飞机机翼产生的纵向力矩，它们所能提供的力矩效率与
作用,part_of,飞机,DOC003,13966,平尾和前翼的主要作用是平衡飞机机翼产生的纵向力矩，它们所能提供的力矩效率与
作用,part_of,机翼,DOC003,13966,平尾和前翼的主要作用是平衡飞机机翼产生的纵向力矩，它们所能提供的力矩效率与
平尾,part_of,前缘,DOC003,14006,平尾的平面参数主要是前缘后掠角、展弦比以及翼型相对厚度。
平尾,part_of,翼型,DOC003,14006,平尾的平面参数主要是前缘后掠角、展弦比以及翼型相对厚度。
平面,part_of,前缘,DOC003,14006,平尾的平面参数主要是前缘后掠角、展弦比以及翼型相对厚度。
平面,part_of,翼型,DOC003,14006,平尾的平面参数主要是前缘后掠角、展弦比以及翼型相对厚度。
参数,part_of,前缘,DOC003,14006,平尾的平面参数主要是前缘后掠角、展弦比以及翼型相对厚度。
参数,part_of,翼型,DOC003,14006,平尾的平面参数主要是前缘后掠角、展弦比以及翼型相对厚度。
升降舵,part_of,平尾,DOC003,14096,n产一－COS X ，其中，Se 是升降舵面积，SH 是平尾面积，x 是升降舵前缘后掠角。
升降舵,part_of,前缘,DOC003,14096,n产一－COS X ，其中，Se 是升降舵面积，SH 是平尾面积，x 是升降舵前缘后掠角。
面积,part_of,平尾,DOC003,14096,n产一－COS X ，其中，Se 是升降舵面积，SH 是平尾面积，x 是升降舵前缘后掠角。
面积,part_of,前缘,DOC003,14096,n产一－COS X ，其中，Se 是升降舵面积，SH 是平尾面积，x 是升降舵前缘后掠角。
平尾,part_of,前缘,DOC003,14096,n产一－COS X ，其中，Se 是升降舵面积，SH 是平尾面积，x 是升降舵前缘后掠角。
过程中,is_a,方向舵,DOC003,14129,滑跑过程中，临界发动机突然停车，有可能仅使用气动力主操纵（即方向舵操纵）来恢复对
发动机,is_a,方向舵,DOC003,14129,滑跑过程中，临界发动机突然停车，有可能仅使用气动力主操纵（即方向舵操纵）来恢复对
气动力,is_a,方向舵,DOC003,14129,滑跑过程中，临界发动机突然停车，有可能仅使用气动力主操纵（即方向舵操纵）来恢复对
方向舵,has_component,机翼,DOC003,14132,此要求是在所有飞行条件下，方向舵都应具有平衡由机翼非对称外
超声速,uses_method,方向舵,DOC003,14153,作为超声速飞机除采用带方向舵的垂直稳定面外，考虑到航向稳定性
飞机,uses_method,方向舵,DOC003,14153,作为超声速飞机除采用带方向舵的垂直稳定面外，考虑到航向稳定性
飞机,uses_method,方向舵,DOC003,14159,飞机航向操纵通常采用方向舵。
分离,affects,迎角,DOC003,14251,组合体分离流的不利侧洗影响，其效率不随迎角变化。
提高,part_of,飞机,DOC003,14261,计中，提高其隐身能力的主要措施主要是减弱飞机的雷达反射信号强度。
能力,part_of,飞机,DOC003,14261,计中，提高其隐身能力的主要措施主要是减弱飞机的雷达反射信号强度。
目标,is_a,单位,DOC003,14278,"S, 为目标位置入射雷达功率密度，即单位面积的"
目标,is_a,面积,DOC003,14278,"S, 为目标位置入射雷达功率密度，即单位面积的"
位置,is_a,单位,DOC003,14278,"S, 为目标位置入射雷达功率密度，即单位面积的"
位置,is_a,面积,DOC003,14278,"S, 为目标位置入射雷达功率密度，即单位面积的"
功率,is_a,单位,DOC003,14278,"S, 为目标位置入射雷达功率密度，即单位面积的"
功率,is_a,面积,DOC003,14278,"S, 为目标位置入射雷达功率密度，即单位面积的"
密度,is_a,单位,DOC003,14278,"S, 为目标位置入射雷达功率密度，即单位面积的"
密度,is_a,面积,DOC003,14278,"S, 为目标位置入射雷达功率密度，即单位面积的"
位置,is_a,单位,DOC003,14280,Sc 2 为天线位置目标散射功率密度，即单位面积的散射功率，w/m2
位置,is_a,面积,DOC003,14280,Sc 2 为天线位置目标散射功率密度，即单位面积的散射功率，w/m2
目标,is_a,单位,DOC003,14280,Sc 2 为天线位置目标散射功率密度，即单位面积的散射功率，w/m2
目标,is_a,面积,DOC003,14280,Sc 2 为天线位置目标散射功率密度，即单位面积的散射功率，w/m2
功率,is_a,单位,DOC003,14280,Sc 2 为天线位置目标散射功率密度，即单位面积的散射功率，w/m2
功率,is_a,面积,DOC003,14280,Sc 2 为天线位置目标散射功率密度，即单位面积的散射功率，w/m2
密度,is_a,单位,DOC003,14280,Sc 2 为天线位置目标散射功率密度，即单位面积的散射功率，w/m2
密度,is_a,面积,DOC003,14280,Sc 2 为天线位置目标散射功率密度，即单位面积的散射功率，w/m2
飞机,part_of,机身,DOC003,14470,源的数目，如F-22 和B-2 飞机（但是那样也会增大机身横截面积，增加阻力）；
机翼,has_component,展长,DOC003,14487,小展弦比机翼由千展长的
按照,part_of,尾翼,DOC003,14526,按照隐身的考虑最好是去掉尾翼（平尾和垂尾），B-2 轰炸机采用的就是这种形式。
按照,part_of,平尾,DOC003,14526,按照隐身的考虑最好是去掉尾翼（平尾和垂尾），B-2 轰炸机采用的就是这种形式。
按照,part_of,垂尾,DOC003,14526,按照隐身的考虑最好是去掉尾翼（平尾和垂尾），B-2 轰炸机采用的就是这种形式。
按照,part_of,轰炸机,DOC003,14526,按照隐身的考虑最好是去掉尾翼（平尾和垂尾），B-2 轰炸机采用的就是这种形式。
尾翼,part_of,飞机,DOC003,14528,掉尾翼有两个前提，一是有非常可靠的主动控制系统确保飞机的稳定性；
轰炸机,part_of,机身,DOC003,14549,和轰炸机，防范地面雷达的探测是主要问题，因此最好是将机身和发动机短舱等突出物完
轰炸机,part_of,发动机,DOC003,14549,和轰炸机，防范地面雷达的探测是主要问题，因此最好是将机身和发动机短舱等突出物完
飞机,part_of,机翼,DOC003,14563,F-1 17 飞机是这方面的典型，机翼前缘延伸至对称线，将机身完全遮蔽。
飞机,part_of,前缘,DOC003,14563,F-1 17 飞机是这方面的典型，机翼前缘延伸至对称线，将机身完全遮蔽。
飞机,part_of,机身,DOC003,14563,F-1 17 飞机是这方面的典型，机翼前缘延伸至对称线，将机身完全遮蔽。
空天飞机,has_component,飞机,DOC003,14612,空天飞机和弹道式导弹，也包括在大气层内以高超声速飞行的飞机和导弹。
根据,is_a,压力系数,DOC003,14921,根据上述假设过程，根据动量定理可推导出著名的正弦平方律，即壁面当地压力系数
假设,is_a,压力系数,DOC003,14921,根据上述假设过程，根据动量定理可推导出著名的正弦平方律，即壁面当地压力系数
过程,is_a,压力系数,DOC003,14921,根据上述假设过程，根据动量定理可推导出著名的正弦平方律，即壁面当地压力系数
高超声速,part_of,飞行器,DOC003,15071,在高超声速流动的特征中，黏性是很重要的存在，对千飞行器热流和摩阻的计算，必
流动,part_of,飞行器,DOC003,15071,在高超声速流动的特征中，黏性是很重要的存在，对千飞行器热流和摩阻的计算，必
随着,part_of,飞船,DOC003,15099,其中，R 是驻点处壁面曲率半径，可见随着R 的增大，qw 是减小的，这也正是飞船和航
的增大,part_of,飞船,DOC003,15099,其中，R 是驻点处壁面曲率半径，可见随着R 的增大，qw 是减小的，这也正是飞船和航
减小,part_of,飞船,DOC003,15099,其中，R 是驻点处壁面曲率半径，可见随着R 的增大，qw 是减小的，这也正是飞船和航
最大,part_of,飞行器,DOC003,15167,最大过载是弹道式再入飞行器最大，如前苏联东方号飞船，达到8~9 个g 的程度；
最大,part_of,飞船,DOC003,15167,最大过载是弹道式再入飞行器最大，如前苏联东方号飞船，达到8~9 个g 的程度；
过载,part_of,飞行器,DOC003,15167,最大过载是弹道式再入飞行器最大，如前苏联东方号飞船，达到8~9 个g 的程度；
过载,part_of,飞船,DOC003,15167,最大过载是弹道式再入飞行器最大，如前苏联东方号飞船，达到8~9 个g 的程度；
着陆,part_of,飞机,DOC003,15263,平着陆，未来的空天飞机却是像普通飞机那样水平起飞、水平着陆的。
未来,part_of,飞机,DOC003,15263,平着陆，未来的空天飞机却是像普通飞机那样水平起飞、水平着陆的。
空天飞机,part_of,飞机,DOC003,15263,平着陆，未来的空天飞机却是像普通飞机那样水平起飞、水平着陆的。
再入,part_of,变化,DOC003,15279,弹道式再入飞行器的气动设计中，考虑的主要因素是：防热、静稳定性、弹头形状变化、
飞行器,part_of,变化,DOC003,15279,弹道式再入飞行器的气动设计中，考虑的主要因素是：防热、静稳定性、弹头形状变化、
气动设计,part_of,变化,DOC003,15279,弹道式再入飞行器的气动设计中，考虑的主要因素是：防热、静稳定性、弹头形状变化、
因素,part_of,变化,DOC003,15279,弹道式再入飞行器的气动设计中，考虑的主要因素是：防热、静稳定性、弹头形状变化、
返回舱,is_a,联盟,DOC003,15402,罗号的逃逸塔只要将返回舱抛出即可，而联盟号的逃逸救生塔则要把轨道舱和返回舱一起
返回舱,is_a,轨道舱,DOC003,15402,罗号的逃逸塔只要将返回舱抛出即可，而联盟号的逃逸救生塔则要把轨道舱和返回舱一起
航天飞机,has_component,机身,DOC003,15645,航天飞机与空气直接接触的主要气动部件包括机身、机翼、尾翼及各类活动操纵控制
航天飞机,has_component,机翼,DOC003,15645,航天飞机与空气直接接触的主要气动部件包括机身、机翼、尾翼及各类活动操纵控制
航天飞机,has_component,尾翼,DOC003,15645,航天飞机与空气直接接触的主要气动部件包括机身、机翼、尾翼及各类活动操纵控制
需要,is_a,机身,DOC003,15647,需要明确航天飞机的基本形式，即机身、机翼、尾翼等主要部件的数量、几何外形
需要,is_a,机翼,DOC003,15647,需要明确航天飞机的基本形式，即机身、机翼、尾翼等主要部件的数量、几何外形
需要,is_a,尾翼,DOC003,15647,需要明确航天飞机的基本形式，即机身、机翼、尾翼等主要部件的数量、几何外形
需要,is_a,部件,DOC003,15647,需要明确航天飞机的基本形式，即机身、机翼、尾翼等主要部件的数量、几何外形
需要,is_a,数量,DOC003,15647,需要明确航天飞机的基本形式，即机身、机翼、尾翼等主要部件的数量、几何外形
需要,is_a,外形,DOC003,15647,需要明确航天飞机的基本形式，即机身、机翼、尾翼等主要部件的数量、几何外形
航天飞机,is_a,机身,DOC003,15647,需要明确航天飞机的基本形式，即机身、机翼、尾翼等主要部件的数量、几何外形
航天飞机,is_a,机翼,DOC003,15647,需要明确航天飞机的基本形式，即机身、机翼、尾翼等主要部件的数量、几何外形
航天飞机,is_a,尾翼,DOC003,15647,需要明确航天飞机的基本形式，即机身、机翼、尾翼等主要部件的数量、几何外形
航天飞机,is_a,部件,DOC003,15647,需要明确航天飞机的基本形式，即机身、机翼、尾翼等主要部件的数量、几何外形
航天飞机,is_a,数量,DOC003,15647,需要明确航天飞机的基本形式，即机身、机翼、尾翼等主要部件的数量、几何外形
航天飞机,is_a,外形,DOC003,15647,需要明确航天飞机的基本形式，即机身、机翼、尾翼等主要部件的数量、几何外形
航天飞机,part_of,飞行器,DOC003,15662,(1) 航天飞机是典型的升力式再入飞行器，需要机动滑翔几百千米甚至几千千米用以
舵面,uses_method,控制系统,DOC003,15673,密度区，气动舵面的效果微弱，需要另外利用反作用控制系统进行控制。
机身,supports_mission,着陆,DOC003,15710,和质量进行协调，在机身形状固定时，选择最佳的机翼形状和尺寸，在满足着陆和高超声
机翼,supports_mission,着陆,DOC003,15710,和质量进行协调，在机身形状固定时，选择最佳的机翼形状和尺寸，在满足着陆和高超声
方案,part_of,垂尾,DOC003,15726,有后两种方案才是稳定的，而在亚、跨、超声速，单垂尾比双垂尾更稳定。
垂尾,has_component,分离,DOC003,15730,大部分飞行时间内，垂尾由千位千分离区而失效，从而控制偏航的反作用控制系统要在来
垂尾,has_component,偏航,DOC003,15730,大部分飞行时间内，垂尾由千位千分离区而失效，从而控制偏航的反作用控制系统要在来
垂尾,has_component,控制系统,DOC003,15730,大部分飞行时间内，垂尾由千位千分离区而失效，从而控制偏航的反作用控制系统要在来
升阻比,part_of,飞行器,DOC003,16262,L/D 升阻比，是衡量飞行器气动品质和效率
根据,is_a,飞机,DOC003,16268,根据布雷盖航程方程可以看出，燃料效率越高，设计就越好，即飞机用给定的燃料
航程,is_a,飞机,DOC003,16268,根据布雷盖航程方程可以看出，燃料效率越高，设计就越好，即飞机用给定的燃料
看出,is_a,飞机,DOC003,16268,根据布雷盖航程方程可以看出，燃料效率越高，设计就越好，即飞机用给定的燃料
作用,part_of,飞行器,DOC004,895,等军用和民用领域均发挥着重要作用[1-6]，也是未来飞行器发展的重要方向之一
提高,part_of,飞机,DOC004,902,提高展弦比是降低飞机诱导阻力
展弦比,part_of,飞机,DOC004,902,提高展弦比是降低飞机诱导阻力
变体,has_component,变后掠,DOC004,915,现有的变展长变体方式包括变后掠、折叠翼尖、柔性桁
变体,has_component,折叠,DOC004,915,现有的变展长变体方式包括变后掠、折叠翼尖、柔性桁
变体,has_component,翼尖,DOC004,915,现有的变展长变体方式包括变后掠、折叠翼尖、柔性桁
对于,part_of,飞机,DOC004,922,对于亚声速飞行器来说，零升阻力和诱导阻力是飞机总阻力的两个主要组成
亚声速,part_of,飞机,DOC004,922,对于亚声速飞行器来说，零升阻力和诱导阻力是飞机总阻力的两个主要组成
飞行器,part_of,飞机,DOC004,922,对于亚声速飞行器来说，零升阻力和诱导阻力是飞机总阻力的两个主要组成
来说,part_of,飞机,DOC004,922,对于亚声速飞行器来说，零升阻力和诱导阻力是飞机总阻力的两个主要组成
阻力,part_of,飞机,DOC004,922,对于亚声速飞行器来说，零升阻力和诱导阻力是飞机总阻力的两个主要组成
部分,part_of,飞机,DOC004,956,零升阻力的主要组成部分是摩擦阻力，减阻比较困难，而诱导阻力则反比于飞机
高空,part_of,飞行器,DOC004,963,效率高，有利于高空亚声速巡航，长期以来是飞行器的主流设计方案。
亚声速,part_of,飞行器,DOC004,963,效率高，有利于高空亚声速巡航，长期以来是飞行器的主流设计方案。
巡航,part_of,飞行器,DOC004,963,效率高，有利于高空亚声速巡航，长期以来是飞行器的主流设计方案。
全球鹰,part_of,机翼,DOC004,965,4“全球鹰”无人机[26-29]（图1.1）是大展弦比平直机翼布局的典型代表，通过先
无人机,part_of,机翼,DOC004,965,4“全球鹰”无人机[26-29]（图1.1）是大展弦比平直机翼布局的典型代表，通过先
布局,part_of,机翼,DOC004,995,支撑翼布局也同样是降低机翼负载，增加机翼展弦比的创新布局形式之一。
同样,part_of,机翼,DOC004,995,支撑翼布局也同样是降低机翼负载，增加机翼展弦比的创新布局形式之一。
的问题,part_of,飞行器,DOC004,1012,最突出的问题之一是，大展弦比飞行器起降与巡航性能的矛盾。
展弦比,part_of,机翼,DOC004,1035,大展弦比飞机的另一个缺点是对气象条件要求较高，大展弦比飞机的机翼结
飞机,part_of,机翼,DOC004,1035,大展弦比飞机的另一个缺点是对气象条件要求较高，大展弦比飞机的机翼结
缺点,part_of,机翼,DOC004,1035,大展弦比飞机的另一个缺点是对气象条件要求较高，大展弦比飞机的机翼结
折叠,part_of,轰炸机,DOC004,1073,折叠翼尖的典型代表是1964 年首飞的XB-70 轰炸机（图 1.11）[54]，XB-70
翼尖,part_of,轰炸机,DOC004,1073,折叠翼尖的典型代表是1964 年首飞的XB-70 轰炸机（图 1.11）[54]，XB-70
机翼,affects,后掠角,DOC004,1096,翼变体方案[59]，通过机翼蒙皮的滑动可以改变机翼的面积和后掠角，进而改变飞
蒙皮,affects,后掠角,DOC004,1096,翼变体方案[59]，通过机翼蒙皮的滑动可以改变机翼的面积和后掠角，进而改变飞
机翼,affects,展长,DOC004,1102,2008 年，Kheong 等人研发了一种使用充气式机翼来改变飞机展长的变体方
变体,part_of,机翼,DOC004,1113,"成变体是变展长机翼发展的另一个趋势[66, 67]。"
飞机,uses_method,折叠,DOC004,1131,用，如波音777-X 飞机上首次使用了折叠翼尖，用于在滑行或停车时减少翼展，
第一,part_of,双折叠翼变体飞行器,DOC004,1182,究：第一部分是单-双折叠翼变体飞行器的设计方法研究，包括单-双折叠翼变
部分,part_of,双折叠翼变体飞行器,DOC004,1182,究：第一部分是单-双折叠翼变体飞行器的设计方法研究，包括单-双折叠翼变
双折叠翼变体飞行器,has_component,双折叠翼变,DOC004,1182,究：第一部分是单-双折叠翼变体飞行器的设计方法研究，包括单-双折叠翼变
变体,part_of,双折叠翼变体飞行器,DOC004,1185,翼变体飞机多学科总体设计方法；第二部分是单-双折叠翼变体飞行器的原理
飞机,part_of,双折叠翼变体飞行器,DOC004,1185,翼变体飞机多学科总体设计方法；第二部分是单-双折叠翼变体飞行器的原理
第二,part_of,双折叠翼变体飞行器,DOC004,1185,翼变体飞机多学科总体设计方法；第二部分是单-双折叠翼变体飞行器的原理
部分,part_of,双折叠翼变体飞行器,DOC004,1185,翼变体飞机多学科总体设计方法；第二部分是单-双折叠翼变体飞行器的原理
参数,affects,气动力,DOC004,1225,果，以及飞机平面外形设计参数对单-双折叠翼变体的影响和气动力驱动变体
双折叠翼变体,affects,气动力,DOC004,1225,果，以及飞机平面外形设计参数对单-双折叠翼变体的影响和气动力驱动变体
机翼,part_of,飞行器,DOC004,1239,机翼的展弦比是飞行器设计的最重要参数之一，大展弦比机翼可以降低诱导
展弦比,part_of,飞行器,DOC004,1239,机翼的展弦比是飞行器设计的最重要参数之一，大展弦比机翼可以降低诱导
的问题,part_of,变体,DOC004,1251,一个突出的问题是：现有的大部分变体
飞行器,has_component,升力系数,DOC004,1361,对于高空飞行器来说，由于高空空气稀薄，其巡航飞行的升力系数较高，诱导阻
航程,is_a,全球鹰,DOC004,1395,航程达到了最大值，即“全球鹰”的气动-结构重量最优展弦比在30 左右。
航程,is_a,气动,DOC004,1395,航程达到了最大值，即“全球鹰”的气动-结构重量最优展弦比在30 左右。
航程,is_a,结构重量,DOC004,1395,航程达到了最大值，即“全球鹰”的气动-结构重量最优展弦比在30 左右。
航程,is_a,展弦比,DOC004,1395,航程达到了最大值，即“全球鹰”的气动-结构重量最优展弦比在30 左右。
最大,is_a,全球鹰,DOC004,1395,航程达到了最大值，即“全球鹰”的气动-结构重量最优展弦比在30 左右。
最大,is_a,气动,DOC004,1395,航程达到了最大值，即“全球鹰”的气动-结构重量最优展弦比在30 左右。
最大,is_a,结构重量,DOC004,1395,航程达到了最大值，即“全球鹰”的气动-结构重量最优展弦比在30 左右。
最大,is_a,展弦比,DOC004,1395,航程达到了最大值，即“全球鹰”的气动-结构重量最优展弦比在30 左右。
固定机翼,has_component,飞机,DOC004,1485,状态下，固定机翼与活动机翼组成双翼式布局，此时飞机具有较小的翼展、对起
固定机翼,has_component,翼展,DOC004,1485,状态下，固定机翼与活动机翼组成双翼式布局，此时飞机具有较小的翼展、对起
活动机翼,has_component,飞机,DOC004,1485,状态下，固定机翼与活动机翼组成双翼式布局，此时飞机具有较小的翼展、对起
活动机翼,has_component,翼展,DOC004,1485,状态下，固定机翼与活动机翼组成双翼式布局，此时飞机具有较小的翼展、对起
活动机翼,has_component,展弦比,DOC004,1487,活动机翼组成大展弦比单翼布局，此时飞机具有较好的巡航升阻比。
活动机翼,has_component,飞机,DOC004,1487,活动机翼组成大展弦比单翼布局，此时飞机具有较好的巡航升阻比。
活动机翼,has_component,升阻比,DOC004,1487,活动机翼组成大展弦比单翼布局，此时飞机具有较好的巡航升阻比。
变体,has_component,机翼,DOC004,1543,在此变体过程中，每个活动机翼增加了自转和公转两个自由度，而每段机翼
活动机翼,has_component,机翼,DOC004,1543,在此变体过程中，每个活动机翼增加了自转和公转两个自由度，而每段机翼
机翼,is_a,变体,DOC004,1554,定机翼将始终保持平行，即自转角和公转角始终相等，变体的自由度减少为1，
变体飞行器,is_a,产生,DOC004,1695,传统的变体飞行器，一般采用作动器直接驱动变体，即由作动器直接产生
变体,is_a,产生,DOC004,1695,传统的变体飞行器，一般采用作动器直接驱动变体，即由作动器直接产生
机翼,affects,气动力,DOC004,1702,的偏转来改变机翼的流场结构，进而改变机翼的气动力和气动力矩，驱动机翼
飞机,has_component,双折叠翼变体,DOC004,1757,量，不同尺寸的长航时固定翼飞机，包括15 公斤级的单-双折叠翼变体原理验
飞机,part_of,机翼,DOC004,1813,双翼飞机是上下布置有两幅机翼的飞机。
翼型,has_component,参数,DOC004,1900,对于一个二维翼型而言，其升力曲线包括三个主要参数：升力线斜率、零
翼型,has_component,升力线斜率,DOC004,1900,对于一个二维翼型而言，其升力曲线包括三个主要参数：升力线斜率、零
上机翼,is_a,的距离,DOC004,1994,着上机翼和下机翼距离的减小而增强，即上机翼和下机翼的距离越近，损失的
下机翼,is_a,的距离,DOC004,1994,着上机翼和下机翼距离的减小而增强，即上机翼和下机翼的距离越近，损失的
距离,is_a,的距离,DOC004,1994,着上机翼和下机翼距离的减小而增强，即上机翼和下机翼的距离越近，损失的
减小,is_a,的距离,DOC004,1994,着上机翼和下机翼距离的减小而增强，即上机翼和下机翼的距离越近，损失的
机翼,has_component,下机翼,DOC004,2026,出，当两机翼距离较近且上机翼在前时，由于下机翼对于流场的影响，上机翼
上机翼,has_component,下机翼,DOC004,2026,出，当两机翼距离较近且上机翼在前时，由于下机翼对于流场的影响，上机翼
机翼,has_component,攻角,DOC004,2028,机翼在前时，结果则相反；当上机翼处于下机翼正上方时，由于来流攻角的原
上机翼,has_component,攻角,DOC004,2028,机翼在前时，结果则相反；当上机翼处于下机翼正上方时，由于来流攻角的原
下机翼,has_component,攻角,DOC004,2028,机翼在前时，结果则相反；当上机翼处于下机翼正上方时，由于来流攻角的原
翼型,has_component,上机翼,DOC004,2101,替换为弦长1m 的无弯度的NACA0012 翼型，重新组成了167 组上机翼弯度
翼型,has_component,上机翼,DOC004,2120,替换为弦长1m 的无弯度的NACA0012 翼型，重新组成了167 组上机翼弯度
展弦比,part_of,机翼,DOC004,2319,展弦比同样是机翼平面设计的重要参数，保持机翼的其他几何参数不变
同样,part_of,机翼,DOC004,2319,展弦比同样是机翼平面设计的重要参数，保持机翼的其他几何参数不变
的影响,is_a,增大,DOC004,2329,性的影响是一致的，即增大展弦比会降低诱导阻力，并少量提升飞机的升力。
的影响,is_a,展弦比,DOC004,2329,性的影响是一致的，即增大展弦比会降低诱导阻力，并少量提升飞机的升力。
的影响,is_a,降低,DOC004,2329,性的影响是一致的，即增大展弦比会降低诱导阻力，并少量提升飞机的升力。
的影响,is_a,阻力,DOC004,2329,性的影响是一致的，即增大展弦比会降低诱导阻力，并少量提升飞机的升力。
的影响,is_a,飞机,DOC004,2329,性的影响是一致的，即增大展弦比会降低诱导阻力，并少量提升飞机的升力。
的影响,is_a,升力,DOC004,2329,性的影响是一致的，即增大展弦比会降低诱导阻力，并少量提升飞机的升力。
双折叠翼变体飞行器来说,has_component,变体,DOC004,2332,对于单-双折叠翼变体飞行器来说，在由单翼构型变体为双翼构型后，除
下机翼,part_of,飞机,DOC004,2340,上下机翼的翼展比是双翼飞机的另一个重要设计参数，其定义如图 4.32 所
翼展,part_of,飞机,DOC004,2340,上下机翼的翼展比是双翼飞机的另一个重要设计参数，其定义如图 4.32 所
上机翼,is_a,翼展,DOC004,2354,的上机翼相较于下机翼长25%，即翼展比为1.25，第三组双翼上机翼相较于下机
上机翼,is_a,第三,DOC004,2354,的上机翼相较于下机翼长25%，即翼展比为1.25，第三组双翼上机翼相较于下机
上机翼,is_a,组双翼,DOC004,2354,的上机翼相较于下机翼长25%，即翼展比为1.25，第三组双翼上机翼相较于下机
下机翼,is_a,翼展,DOC004,2354,的上机翼相较于下机翼长25%，即翼展比为1.25，第三组双翼上机翼相较于下机
下机翼,is_a,第三,DOC004,2354,的上机翼相较于下机翼长25%，即翼展比为1.25，第三组双翼上机翼相较于下机
下机翼,is_a,组双翼,DOC004,2354,的上机翼相较于下机翼长25%，即翼展比为1.25，第三组双翼上机翼相较于下机
双折叠翼变体飞行器来说,has_component,折叠,DOC004,2400,2）对单-双折叠翼变体飞行器来说，机翼由单翼折叠为双翼后，损失的升
机翼,has_component,折叠,DOC004,2400,2）对单-双折叠翼变体飞行器来说，机翼由单翼折叠为双翼后，损失的升
固定机翼,part_of,双折叠翼变体飞行器,DOC004,2436,固定机翼和活动机翼之间的连杆是单-双折叠翼变体飞行器的重要结构，
活动机翼,part_of,双折叠翼变体飞行器,DOC004,2436,固定机翼和活动机翼之间的连杆是单-双折叠翼变体飞行器的重要结构，
之间,part_of,双折叠翼变体飞行器,DOC004,2436,固定机翼和活动机翼之间的连杆是单-双折叠翼变体飞行器的重要结构，
降低,part_of,翼尖,DOC004,2455,杆的构型有小幅降低，推测是连杆产生的端板效应抑制了翼尖涡的发展。
双折叠翼变体飞行器,uses_method,折叠,DOC004,2461,单-双折叠翼变体飞行器使用气动力驱动自主折叠和展开，在变体过程
双折叠翼变体飞行器,uses_method,展开,DOC004,2461,单-双折叠翼变体飞行器使用气动力驱动自主折叠和展开，在变体过程
气动特性,part_of,变化,DOC004,2462,中，气动特性的变化，尤其是升力变化的平稳尤为重要，如果变体过程中飞机
气动特性,part_of,变体,DOC004,2462,中，气动特性的变化，尤其是升力变化的平稳尤为重要，如果变体过程中飞机
气动特性,part_of,飞机,DOC004,2462,中，气动特性的变化，尤其是升力变化的平稳尤为重要，如果变体过程中飞机
的变化,part_of,变化,DOC004,2462,中，气动特性的变化，尤其是升力变化的平稳尤为重要，如果变体过程中飞机
的变化,part_of,变体,DOC004,2462,中，气动特性的变化，尤其是升力变化的平稳尤为重要，如果变体过程中飞机
的变化,part_of,飞机,DOC004,2462,中，气动特性的变化，尤其是升力变化的平稳尤为重要，如果变体过程中飞机
双折叠翼变体飞行器,has_component,副翼,DOC004,2466,到完整的单-双折叠翼变体飞行器模型比较复杂，包含副翼、连杆等较多结
在变体过程中,has_component,机翼,DOC004,2543,翼展长左右位置，在变体过程中，由于机翼间的相互干扰，活动机翼内侧的升
在变体过程中,has_component,活动机翼,DOC004,2543,翼展长左右位置，在变体过程中，由于机翼间的相互干扰，活动机翼内侧的升
在变体过程中,has_component,内侧,DOC004,2543,翼展长左右位置，在变体过程中，由于机翼间的相互干扰，活动机翼内侧的升
变化,is_a,变体,DOC004,2553,变化特性存在一定差异，即变体过程中存在着非定常效应。
变化,is_a,过程中,DOC004,2553,变化特性存在一定差异，即变体过程中存在着非定常效应。
特性,is_a,变体,DOC004,2553,变化特性存在一定差异，即变体过程中存在着非定常效应。
特性,is_a,过程中,DOC004,2553,变化特性存在一定差异，即变体过程中存在着非定常效应。
变体,part_of,活动机翼,DOC004,2603,变体过程中另一个值得关注的问题是变体开始阶段，活动机翼和固定机翼
变体,part_of,固定机翼,DOC004,2603,变体过程中另一个值得关注的问题是变体开始阶段，活动机翼和固定机翼
过程中,part_of,活动机翼,DOC004,2603,变体过程中另一个值得关注的问题是变体开始阶段，活动机翼和固定机翼
过程中,part_of,固定机翼,DOC004,2603,变体过程中另一个值得关注的问题是变体开始阶段，活动机翼和固定机翼
的问题,part_of,活动机翼,DOC004,2603,变体过程中另一个值得关注的问题是变体开始阶段，活动机翼和固定机翼
的问题,part_of,固定机翼,DOC004,2603,变体过程中另一个值得关注的问题是变体开始阶段，活动机翼和固定机翼
双折叠翼变体飞行器,uses_method,副翼,DOC004,2618,单-双折叠翼变体飞行器使用副翼偏转所产生的气动力驱动变体，副翼的
程中,part_of,变体,DOC004,2621,程中，副翼偏转是否能够提供足够的气动力和气动力矩，直接关系到变体的成
副翼,part_of,变体,DOC004,2621,程中，副翼偏转是否能够提供足够的气动力和气动力矩，直接关系到变体的成
角度,is_a,副翼,DOC004,2675,转角度的变化而改变，即副翼偏转产生的额外气动力的作用中心处于45%弦
角度,is_a,产生,DOC004,2675,转角度的变化而改变，即副翼偏转产生的额外气动力的作用中心处于45%弦
角度,is_a,气动力,DOC004,2675,转角度的变化而改变，即副翼偏转产生的额外气动力的作用中心处于45%弦
角度,is_a,的作用,DOC004,2675,转角度的变化而改变，即副翼偏转产生的额外气动力的作用中心处于45%弦
的变化,is_a,副翼,DOC004,2675,转角度的变化而改变，即副翼偏转产生的额外气动力的作用中心处于45%弦
的变化,is_a,产生,DOC004,2675,转角度的变化而改变，即副翼偏转产生的额外气动力的作用中心处于45%弦
的变化,is_a,气动力,DOC004,2675,转角度的变化而改变，即副翼偏转产生的额外气动力的作用中心处于45%弦
的变化,is_a,的作用,DOC004,2675,转角度的变化而改变，即副翼偏转产生的额外气动力的作用中心处于45%弦
双折叠翼变体飞行器,uses_method,副翼,DOC004,2758,单-双折叠翼变体飞行器使用副翼偏转产生的气动力驱动变体，动力学特
变体,has_component,飞机,DOC004,2761,翼的变体包含自转和公转2 个自由度，加上飞机原有的6 个自由度，全机在变
坐标,is_a,机翼,DOC004,2835,jq 为广义坐标，对于此模型即为机翼的自转和公
对于,is_a,机翼,DOC004,2835,jq 为广义坐标，对于此模型即为机翼的自转和公
以上,is_a,双折叠翼变体,DOC004,3339,以上即为单-双折叠翼变体的动力学及控制方程，其中活动机翼两侧副翼
以上,is_a,动力,DOC004,3339,以上即为单-双折叠翼变体的动力学及控制方程，其中活动机翼两侧副翼
以上,is_a,活动机翼,DOC004,3339,以上即为单-双折叠翼变体的动力学及控制方程，其中活动机翼两侧副翼
以上,is_a,副翼,DOC004,3339,以上即为单-双折叠翼变体的动力学及控制方程，其中活动机翼两侧副翼
位置,part_of,变体,DOC004,3355,位置并不重合，则系统的非线性将进一步增强；其二是气动力的非线性，变体
重合,part_of,变体,DOC004,3355,位置并不重合，则系统的非线性将进一步增强；其二是气动力的非线性，变体
进一步,part_of,变体,DOC004,3355,位置并不重合，则系统的非线性将进一步增强；其二是气动力的非线性，变体
双折叠翼变体飞行器,has_component,机身,DOC004,3374,单-双折叠翼变体飞行器在变体过程中有10 个自由度，其中机身、固定机
在变体过程中,has_component,机身,DOC004,3374,单-双折叠翼变体飞行器在变体过程中有10 个自由度，其中机身、固定机
尾翼,has_component,变体,DOC004,3375,翼及尾翼的飞行为6 个自由度，两侧的变体各自有2 个转动自由度，整个飞机
尾翼,has_component,飞机,DOC004,3375,翼及尾翼的飞行为6 个自由度，两侧的变体各自有2 个转动自由度，整个飞机
变体,has_component,飞机,DOC004,3375,翼及尾翼的飞行为6 个自由度，两侧的变体各自有2 个转动自由度，整个飞机
角度,is_a,变体,DOC004,3456,的角度，即B 连杆一侧变体的公转角度，DB 为活动机翼D 绕连杆B 转动的角
角度,is_a,活动机翼,DOC004,3456,的角度，即B 连杆一侧变体的公转角度，DB 为活动机翼D 绕连杆B 转动的角
角度,is_a,转动,DOC004,3456,的角度，即B 连杆一侧变体的公转角度，DB 为活动机翼D 绕连杆B 转动的角
转动,is_a,角速度,DOC004,3487,转动的角速度，即B 连杆一侧的公转角速度，DB 为活动机翼D 绕连杆B 转
转动,is_a,活动机翼,DOC004,3487,转动的角速度，即B 连杆一侧的公转角速度，DB 为活动机翼D 绕连杆B 转
的角速度,is_a,角速度,DOC004,3487,转动的角速度，即B 连杆一侧的公转角速度，DB 为活动机翼D 绕连杆B 转
的角速度,is_a,活动机翼,DOC004,3487,转动的角速度，即B 连杆一侧的公转角速度，DB 为活动机翼D 绕连杆B 转
的角速度,is_a,角速度,DOC004,3488,动的角速度，即B 连杆一侧的自转角速度，以此类推。
飞机,has_component,展开,DOC004,3608,小，不超过飞机原有六自由度飞行控制的控制范围，在下一节中将对此展开详
假设,is_a,在变体过程中,DOC004,3615,本节中将使用极端假设法进行分析，即假设在变体过程中，两侧变体的控
假设,is_a,变体,DOC004,3615,本节中将使用极端假设法进行分析，即假设在变体过程中，两侧变体的控
力矩,part_of,飞机,DOC004,3617,力和扰动力矩是否在飞机固定机翼副翼、方向舵和升降舵的控制范围内。
力矩,part_of,固定机翼,DOC004,3617,力和扰动力矩是否在飞机固定机翼副翼、方向舵和升降舵的控制范围内。
力矩,part_of,升降舵,DOC004,3617,力和扰动力矩是否在飞机固定机翼副翼、方向舵和升降舵的控制范围内。
机翼,is_a,角度,DOC004,3676,动机翼均处于最高点时，即两侧的公转角度均为90 度时，该俯仰力矩最大。
机翼,is_a,均为,DOC004,3676,动机翼均处于最高点时，即两侧的公转角度均为90 度时，该俯仰力矩最大。
机翼,is_a,度时,DOC004,3676,动机翼均处于最高点时，即两侧的公转角度均为90 度时，该俯仰力矩最大。
机翼,is_a,俯仰力矩,DOC004,3676,动机翼均处于最高点时，即两侧的公转角度均为90 度时，该俯仰力矩最大。
机翼,is_a,最大,DOC004,3676,动机翼均处于最高点时，即两侧的公转角度均为90 度时，该俯仰力矩最大。
升降舵,is_a,变体,DOC004,3794,ACADO 计算，升降舵产生的最大控制力矩约为50000 N·m，即变体产生的最
产生,is_a,变体,DOC004,3794,ACADO 计算，升降舵产生的最大控制力矩约为50000 N·m，即变体产生的最
最大,is_a,变体,DOC004,3794,ACADO 计算，升降舵产生的最大控制力矩约为50000 N·m，即变体产生的最
力矩,is_a,变体,DOC004,3794,ACADO 计算，升降舵产生的最大控制力矩约为50000 N·m，即变体产生的最
约为,is_a,变体,DOC004,3794,ACADO 计算，升降舵产生的最大控制力矩约为50000 N·m，即变体产生的最
双折叠翼变体,has_component,变体,DOC004,3816,本章首先建立了单-双折叠翼变体的2 自由度变体方程，分析了变体的动
飞机,has_component,变体,DOC004,3818,别控制飞机飞行的6 个自由度和两侧变体的4 个自由度的解耦控制方案，在此
变体,has_component,飞机,DOC004,3829,变体机构和包含变体机构的飞机结构设计，是单-双折叠翼变体飞行器设
变体,has_component,结构设计,DOC004,3829,变体机构和包含变体机构的飞机结构设计，是单-双折叠翼变体飞行器设
变体,has_component,双折叠翼变体飞行器,DOC004,3829,变体机构和包含变体机构的飞机结构设计，是单-双折叠翼变体飞行器设
飞机,part_of,双折叠翼变体飞行器,DOC004,3829,变体机构和包含变体机构的飞机结构设计，是单-双折叠翼变体飞行器设
结构设计,part_of,双折叠翼变体飞行器,DOC004,3829,变体机构和包含变体机构的飞机结构设计，是单-双折叠翼变体飞行器设
机翼,affects,尺寸,DOC004,3836,机翼原有的机翼结构方案的影响、变体机构的尺寸和重量代价等。
机翼,affects,重量,DOC004,3836,机翼原有的机翼结构方案的影响、变体机构的尺寸和重量代价等。
水平,is_a,度时,DOC004,3887,当连杆处于水平状态，即公转角为0 度时，这个扭矩仍以扭矩的形式在连
水平,is_a,扭矩,DOC004,3887,当连杆处于水平状态，即公转角为0 度时，这个扭矩仍以扭矩的形式在连
水平,is_a,的形式,DOC004,3887,当连杆处于水平状态，即公转角为0 度时，这个扭矩仍以扭矩的形式在连
状态,is_a,度时,DOC004,3887,当连杆处于水平状态，即公转角为0 度时，这个扭矩仍以扭矩的形式在连
状态,is_a,扭矩,DOC004,3887,当连杆处于水平状态，即公转角为0 度时，这个扭矩仍以扭矩的形式在连
状态,is_a,的形式,DOC004,3887,当连杆处于水平状态，即公转角为0 度时，这个扭矩仍以扭矩的形式在连
状态,is_a,度时,DOC004,3888,杆上传递；当连杆处于垂直状态，即公转角为90 度时，这个扭矩以弯矩的形
状态,is_a,扭矩,DOC004,3888,杆上传递；当连杆处于垂直状态，即公转角为90 度时，这个扭矩以弯矩的形
状态,is_a,弯矩,DOC004,3888,杆上传递；当连杆处于垂直状态，即公转角为90 度时，这个扭矩以弯矩的形
活动机翼,is_a,角度,DOC004,4034,当活动机翼处于变体中的最高点时，即公转角度为90 度时，连杆弯曲引
活动机翼,is_a,度时,DOC004,4034,当活动机翼处于变体中的最高点时，即公转角度为90 度时，连杆弯曲引
变体,is_a,角度,DOC004,4034,当活动机翼处于变体中的最高点时，即公转角度为90 度时，连杆弯曲引
变体,is_a,度时,DOC004,4034,当活动机翼处于变体中的最高点时，即公转角度为90 度时，连杆弯曲引
中的,is_a,角度,DOC004,4034,当活动机翼处于变体中的最高点时，即公转角度为90 度时，连杆弯曲引
中的,is_a,度时,DOC004,4034,当活动机翼处于变体中的最高点时，即公转角度为90 度时，连杆弯曲引
平面,is_a,活动机翼,DOC004,4181,在水平面内的整体扭转，即活动机翼的一端向前偏转，另一端向后偏转，如图
变体,is_a,机翼,DOC004,4337,在变体的开始和结束阶段，即机翼处于单翼或双翼构型时，活动机翼的变
变体,is_a,活动机翼,DOC004,4337,在变体的开始和结束阶段，即机翼处于单翼或双翼构型时，活动机翼的变
阶段,is_a,机翼,DOC004,4337,在变体的开始和结束阶段，即机翼处于单翼或双翼构型时，活动机翼的变
阶段,is_a,活动机翼,DOC004,4337,在变体的开始和结束阶段，即机翼处于单翼或双翼构型时，活动机翼的变
变形,affects,攻角,DOC004,4359,变形又将进一步影响机翼的攻角并对飞机的飞行控制产生扰动。
变形,affects,飞行,DOC004,4359,变形又将进一步影响机翼的攻角并对飞机的飞行控制产生扰动。
看出,part_of,双折叠,DOC004,4370,从上文的分析中可以看出，固定机翼与活动机翼之间的连杆是单-双折叠
固定机翼,part_of,双折叠,DOC004,4370,从上文的分析中可以看出，固定机翼与活动机翼之间的连杆是单-双折叠
活动机翼,part_of,双折叠,DOC004,4370,从上文的分析中可以看出，固定机翼与活动机翼之间的连杆是单-双折叠
之间,part_of,双折叠,DOC004,4370,从上文的分析中可以看出，固定机翼与活动机翼之间的连杆是单-双折叠
为负,is_a,活动机翼,DOC004,4482,为负，即活动机翼的
机翼,part_of,飞机,DOC004,4510,机翼是飞机最重要的结构部件。
机翼,has_component,蒙皮,DOC004,4518,翼和多梁式机翼，其主要结构包括蒙皮、翼肋、翼梁（包括缘条和腹板）、纵
机翼,has_component,翼梁,DOC004,4518,翼和多梁式机翼，其主要结构包括蒙皮、翼肋、翼梁（包括缘条和腹板）、纵
机翼,has_component,弯矩,DOC004,4536,块式机翼主要由壁板传递弯矩，受力比较分散；多腹板式机翼则通过厚蒙皮来
机翼,has_component,蒙皮,DOC004,4536,块式机翼主要由壁板传递弯矩，受力比较分散；多腹板式机翼则通过厚蒙皮来
其后,part_of,飞机,DOC004,4585,其后是飞机的概念设计，在概念设计中将进一步拟定和明确
第三,part_of,飞机,DOC004,4588,第三阶段是飞机的初步方案设计，在概念设计的基础上，
阶段,part_of,飞机,DOC004,4588,第三阶段是飞机的初步方案设计，在概念设计的基础上，
双折叠翼变体,applies_to,飞行器,DOC004,4611,用多学科方法，分析了单-双折叠翼变体技术应用于大展弦比飞行器的收益代
飞行器,has_component,速度,DOC004,4620,对于常规布局的固定翼飞行器，其飞行包线主要包括速度包线，过载包
飞机,has_component,速度,DOC004,4622,飞机的速度包线主要包括最小速度包线和最大速度/马赫数
飞机,has_component,最大速度,DOC004,4622,飞机的速度包线主要包括最小速度包线和最大速度/马赫数
飞机,has_component,马赫数,DOC004,4622,飞机的速度包线主要包括最小速度包线和最大速度/马赫数
飞机,has_component,下机翼,DOC004,4631,失速速度也较低，最小速度包线偏左；当飞机处于双翼构型时，由于上下机翼
双折叠翼变体飞行器,uses_method,副翼,DOC004,4636,单-双折叠翼变体飞行器使用副翼偏转产生的气动力驱动变体，在变体过
飞行器,has_mechanism,双折叠翼变体,DOC004,4657,1）在现有大展弦比飞行器的基础上，通过单-双折叠翼变体，缩减一半起
飞行器,has_mechanism,双折叠翼变体,DOC004,4665,2）在现有大展弦比飞行器的基础上，通过单-双折叠翼变体，扩展一倍巡
飞行器,has_mechanism,双折叠翼变体,DOC004,4673,起飞总重：若在现有飞行器的基础上，通过单-双折叠翼变体减小翼展，
约束,is_a,最大,DOC004,4696,约束，即在最大升限条件下，机翼需能提供足够的升力。
约束,is_a,升限,DOC004,4696,约束，即在最大升限条件下，机翼需能提供足够的升力。
约束,is_a,条件,DOC004,4696,约束，即在最大升限条件下，机翼需能提供足够的升力。
约束,is_a,机翼,DOC004,4696,约束，即在最大升限条件下，机翼需能提供足够的升力。
约束,is_a,升力,DOC004,4696,约束，即在最大升限条件下，机翼需能提供足够的升力。
飞行器,has_mechanism,双折叠翼变体,DOC004,4700,若在现有的飞行器基础上，通过单-双折叠翼变体扩
飞机,part_of,活动机翼,DOC004,4789,变了飞机原有几何外形参数的设计规律，二是增加新的外形参数，如活动机翼
外形,part_of,活动机翼,DOC004,4789,变了飞机原有几何外形参数的设计规律，二是增加新的外形参数，如活动机翼
参数,part_of,活动机翼,DOC004,4789,变了飞机原有几何外形参数的设计规律，二是增加新的外形参数，如活动机翼
气动,part_of,翼尖,DOC004,4836,包括几何扭转和气动扭转两种，前者是降低翼尖的攻角，后者是降低翼尖的翼
双折叠翼变体,affects,后掠角,DOC004,4854,平直无后掠的设计，单-双折叠翼变体基本不改变原有的机翼后掠角。
活动机翼,part_of,机翼,DOC004,4936,和活动机翼两部分，两部分的间断位置是机翼设计中的一个重要参数。
部分,part_of,机翼,DOC004,4936,和活动机翼两部分，两部分的间断位置是机翼设计中的一个重要参数。
位置,part_of,机翼,DOC004,4936,和活动机翼两部分，两部分的间断位置是机翼设计中的一个重要参数。
双折叠翼变体飞行器,uses_method,副翼,DOC004,5000,单-双折叠翼变体飞行器使用副翼偏转产生的气动力驱动变体，气动舵面
固定机翼,affects,攻角,DOC004,5134,在升力重新分配过程中，若固定机翼不改变攻角，通过副翼向下偏转来补
舵面,affects,重量,DOC004,5219,飞机的舵面，改变机翼的结构形式等使飞机付出额外重量代价；为了满足变体
双折叠翼变体,part_of,铰链,DOC004,5227,单-双折叠翼变体的直接结构增重可以分为四部分，其一是连杆和铰链的
部分,part_of,铰链,DOC004,5227,单-双折叠翼变体的直接结构增重可以分为四部分，其一是连杆和铰链的
机翼,uses_method,副翼,DOC004,5327,于机翼结构重量的计算使用部件级的工程梁方法，在计算中已经将副翼的增重
结构重量,uses_method,副翼,DOC004,5327,于机翼结构重量的计算使用部件级的工程梁方法，在计算中已经将副翼的增重
变体,part_of,双折叠翼变体飞,DOC004,5467,变体机构的增重，其二是单-双折叠翼变体飞机的在单翼状态下的展弦比相较
翼展,has_component,无人机,DOC004,5491,上，直接增大一倍翼展，虽然获得了较大的升阻比提升，但由于全球鹰无人机
双折叠翼变体,applies_to,飞机,DOC004,5624,外，单-双折叠翼变体也还可应用于大展弦比太阳能飞机等其他类型的飞行
双折叠翼变体,applies_to,飞行,DOC004,5624,外，单-双折叠翼变体也还可应用于大展弦比太阳能飞机等其他类型的飞行
双折叠翼变体,affects,展弦比,DOC004,5633,果表明，单-双折叠翼变体基本不改变大展弦比飞行器原有的设计准则和设计
双折叠翼变体,has_component,机翼,DOC004,5644,通过单-双折叠翼变体直接扩展一倍翼展，由于机翼增重较多，难以取得较好
翼展,has_component,机翼,DOC004,5644,通过单-双折叠翼变体直接扩展一倍翼展，由于机翼增重较多，难以取得较好
无人机,has_mechanism,双折叠翼变体,DOC004,5645,的航程收益；3）在“全球鹰”无人机基础上，可以通过单-双折叠翼变体，在
双折叠翼变体飞行器,part_of,双折叠翼变体飞,DOC004,5653,单-双折叠翼变体飞行器是全新的概念，本文前几章对单-双折叠翼变体飞
双折叠翼变体,supports_mission,飞行,DOC004,5668,单-双折叠翼变体原理验证机设计需求为：在满足一般大展弦比长航飞行
双折叠翼变体,applies_to,飞行器,DOC004,5674,1）翼展和展弦比：单-双折叠翼变体主要应用于大展弦比长航时飞行器，
变体,has_mechanism,折叠,DOC004,5681,4）变体能力：原理验证机可以通过气动力驱动完成从单翼到双翼的折叠
飞机,supports_mission,起飞,DOC004,5744,和双翼模式下飞机的结构强度均满足起飞、着陆和2.5 g 以上过载飞行的要
飞机,supports_mission,着陆,DOC004,5744,和双翼模式下飞机的结构强度均满足起飞、着陆和2.5 g 以上过载飞行的要
飞机,supports_mission,飞行,DOC004,5744,和双翼模式下飞机的结构强度均满足起飞、着陆和2.5 g 以上过载飞行的要
变体,has_component,飞机,DOC004,5842,测试，车载变体测试的主要目的和内容包括：检验飞机的飞行控制算法；检验
变体,has_component,算法,DOC004,5842,测试，车载变体测试的主要目的和内容包括：检验飞机的飞行控制算法；检验
变体,has_component,支架,DOC004,5845,车载变体试验平台包括去除起落架的原理验证机和三自由度支架。
机身,has_component,铰链,DOC004,5847,证机机身重心位置安装有一个三自由度球形铰链，铰链下端固连在钢制支架
机身,has_component,支架,DOC004,5847,证机机身重心位置安装有一个三自由度球形铰链，铰链下端固连在钢制支架
飞机,has_component,机身,DOC004,5849,车载试验平台的自由度包括飞机变体的4 个自由度和机身滚转、偏航、俯
飞机,has_component,偏航,DOC004,5849,车载试验平台的自由度包括飞机变体的4 个自由度和机身滚转、偏航、俯
变体,has_component,机身,DOC004,5849,车载试验平台的自由度包括飞机变体的4 个自由度和机身滚转、偏航、俯
变体,has_component,偏航,DOC004,5849,车载试验平台的自由度包括飞机变体的4 个自由度和机身滚转、偏航、俯
变体,has_component,飞机,DOC004,5852,自由度的空中变体基本相当；在俯仰方向上，由于车载试验中飞机的攻角始终
变体,has_component,攻角,DOC004,5852,自由度的空中变体基本相当；在俯仰方向上，由于车载试验中飞机的攻角始终
俯仰,has_component,飞机,DOC004,5852,自由度的空中变体基本相当；在俯仰方向上，由于车载试验中飞机的攻角始终
俯仰,has_component,攻角,DOC004,5852,自由度的空中变体基本相当；在俯仰方向上，由于车载试验中飞机的攻角始终
双折叠翼变体,has_component,变体,DOC004,5873,单-双折叠翼变体原理验证机的飞行试验包括基本飞行试验和变体飞行试
飞行器,is_a,起飞,DOC004,5927,体飞行器应用场景，即双翼构型用于起飞和复杂气象条件下的飞行，单翼构型
飞行器,is_a,气象,DOC004,5927,体飞行器应用场景，即双翼构型用于起飞和复杂气象条件下的飞行，单翼构型
飞行器,is_a,条件,DOC004,5927,体飞行器应用场景，即双翼构型用于起飞和复杂气象条件下的飞行，单翼构型
飞行器,is_a,飞行,DOC004,5927,体飞行器应用场景，即双翼构型用于起飞和复杂气象条件下的飞行，单翼构型
应用,is_a,起飞,DOC004,5927,体飞行器应用场景，即双翼构型用于起飞和复杂气象条件下的飞行，单翼构型
应用,is_a,气象,DOC004,5927,体飞行器应用场景，即双翼构型用于起飞和复杂气象条件下的飞行，单翼构型
应用,is_a,条件,DOC004,5927,体飞行器应用场景，即双翼构型用于起飞和复杂气象条件下的飞行，单翼构型
应用,is_a,飞行,DOC004,5927,体飞行器应用场景，即双翼构型用于起飞和复杂气象条件下的飞行，单翼构型
飞机,has_component,控制系统,DOC004,5942,通过遥控器向飞机输入变体开始的指令，其后变体过程由飞行控制系统自动完
变体,has_component,控制系统,DOC004,5942,通过遥控器向飞机输入变体开始的指令，其后变体过程由飞行控制系统自动完
对于单,part_of,变体,DOC004,5999,对于单-双折叠翼变体飞行器来说，另一个值得关注的问题是，当变体发
双折叠翼变体飞行器来说,part_of,变体,DOC004,5999,对于单-双折叠翼变体飞行器来说，另一个值得关注的问题是，当变体发
的问题,part_of,变体,DOC004,5999,对于单-双折叠翼变体飞行器来说，另一个值得关注的问题是，当变体发
飞机,has_component,变体,DOC004,6010,飞机自身飞行的6 个自由度和两侧变体的4 个自由度分别控制的解耦的控制策
双折叠翼变体飞行器,uses_method,副翼,DOC004,6076,单-双折叠翼变体飞行器使用副翼偏转产生的气动力驱动变体，在设计中
双折叠翼变体飞行器,has_component,飞机,DOC004,6082,（4）单-双折叠翼变体飞行器的自由度包括飞机飞行的6 个自由度和两侧
变体,has_component,飞机,DOC004,6084,自由度的飞行控制方法，可以采用变体的4 个自由度与飞机自身飞行的6 个自
飞行器结构设计,has_component,结构设计,DOC005,25,第一部分从设计全局出发，介绍飞行器结构设计的基本概念、结构的组成与分类，结构设计技术要求和规格分析等内容。
结构设计,part_of,飞行器,DOC005,48,因此，结构设计是各类飞行器设计的主要内容之一。
飞行器结构设计,has_component,结构设计,DOC005,55,第1～3章介绍了飞行器结构设计的基本概念与功能、结构的组成与分类、间述结构设计的原始条件、外载荷及基本设计要求等；
飞行器结构设计,has_component,载荷,DOC005,55,第1～3章介绍了飞行器结构设计的基本概念与功能、结构的组成与分类、间述结构设计的原始条件、外载荷及基本设计要求等；
飞行器,has_component,振动,DOC005,56,第4～8章用于讲述飞行器结构的基础力学理论与分析方法，第4～8章包括飞行器结构静强度、疲劳强度及振动特性等内容；
飞行器,is_a,部分,DOC005,178,飞行器种类不同，任务不同，它的结构系统具有不同的特点，但基本本质概念一致，即对结构部分有相同的要求。
飞行器,is_a,相同,DOC005,178,飞行器种类不同，任务不同，它的结构系统具有不同的特点，但基本本质概念一致，即对结构部分有相同的要求。
飞行器,is_a,的要求,DOC005,178,飞行器种类不同，任务不同，它的结构系统具有不同的特点，但基本本质概念一致，即对结构部分有相同的要求。
不同,is_a,部分,DOC005,178,飞行器种类不同，任务不同，它的结构系统具有不同的特点，但基本本质概念一致，即对结构部分有相同的要求。
不同,is_a,相同,DOC005,178,飞行器种类不同，任务不同，它的结构系统具有不同的特点，但基本本质概念一致，即对结构部分有相同的要求。
不同,is_a,的要求,DOC005,178,飞行器种类不同，任务不同，它的结构系统具有不同的特点，但基本本质概念一致，即对结构部分有相同的要求。
任务,is_a,部分,DOC005,178,飞行器种类不同，任务不同，它的结构系统具有不同的特点，但基本本质概念一致，即对结构部分有相同的要求。
任务,is_a,相同,DOC005,178,飞行器种类不同，任务不同，它的结构系统具有不同的特点，但基本本质概念一致，即对结构部分有相同的要求。
任务,is_a,的要求,DOC005,178,飞行器种类不同，任务不同，它的结构系统具有不同的特点，但基本本质概念一致，即对结构部分有相同的要求。
它的,is_a,部分,DOC005,178,飞行器种类不同，任务不同，它的结构系统具有不同的特点，但基本本质概念一致，即对结构部分有相同的要求。
它的,is_a,相同,DOC005,178,飞行器种类不同，任务不同，它的结构系统具有不同的特点，但基本本质概念一致，即对结构部分有相同的要求。
它的,is_a,的要求,DOC005,178,飞行器种类不同，任务不同，它的结构系统具有不同的特点，但基本本质概念一致，即对结构部分有相同的要求。
特点,is_a,部分,DOC005,178,飞行器种类不同，任务不同，它的结构系统具有不同的特点，但基本本质概念一致，即对结构部分有相同的要求。
特点,is_a,相同,DOC005,178,飞行器种类不同，任务不同，它的结构系统具有不同的特点，但基本本质概念一致，即对结构部分有相同的要求。
特点,is_a,的要求,DOC005,178,飞行器种类不同，任务不同，它的结构系统具有不同的特点，但基本本质概念一致，即对结构部分有相同的要求。
飞行器,has_component,机翼,DOC005,185,具体地说，飞行器结构是指它所组成的承力系统，包括机体结构、机翼结构、机身结构等部件。
飞行器,has_component,机身,DOC005,185,具体地说，飞行器结构是指它所组成的承力系统，包括机体结构、机翼结构、机身结构等部件。
作用,part_of,飞行器,DOC005,186,其基本作用是承受各种载荷并将其传递给外部环境，以保证飞行器的强度、刚度和稳定性。
飞行器,has_component,机身,DOC005,188,飞行器的结构有多种形式，飞机一般由机身、机翼、尾翼、起落架等组成；
飞行器,has_component,机翼,DOC005,188,飞行器的结构有多种形式，飞机一般由机身、机翼、尾翼、起落架等组成；
飞行器,has_component,尾翼,DOC005,188,飞行器的结构有多种形式，飞机一般由机身、机翼、尾翼、起落架等组成；
飞机,has_component,机身,DOC005,188,飞行器的结构有多种形式，飞机一般由机身、机翼、尾翼、起落架等组成；
飞机,has_component,机翼,DOC005,188,飞行器的结构有多种形式，飞机一般由机身、机翼、尾翼、起落架等组成；
飞机,has_component,尾翼,DOC005,188,飞行器的结构有多种形式，飞机一般由机身、机翼、尾翼、起落架等组成；
飞行器,supports_mission,任务,DOC005,190,飞行器结构通过一定的结构形式，将各个零部件连接成整体，以满足飞行器在不同工况下的任务要求。
结构形式,supports_mission,任务,DOC005,190,飞行器结构通过一定的结构形式，将各个零部件连接成整体，以满足飞行器在不同工况下的任务要求。
飞行器,has_component,载荷,DOC005,191,总之，飞行器结构是为实现飞行器功能而设计的承力与连接体系，其基本功能包括支撑载荷和传递载荷。
飞行器,has_component,刚度,DOC005,199,事先设计好飞行器结构功能系统的组成与连接形式，并在满足结构强度、刚度与稳定性要求的前提下，力求结构简单、便于安装、重量轻、可靠性高，并保证在飞行过程中能完成规定动作。
飞行器,has_component,结构简单,DOC005,199,事先设计好飞行器结构功能系统的组成与连接形式，并在满足结构强度、刚度与稳定性要求的前提下，力求结构简单、便于安装、重量轻、可靠性高，并保证在飞行过程中能完成规定动作。
飞行器,has_component,可靠性,DOC005,199,事先设计好飞行器结构功能系统的组成与连接形式，并在满足结构强度、刚度与稳定性要求的前提下，力求结构简单、便于安装、重量轻、可靠性高，并保证在飞行过程中能完成规定动作。
飞行器,has_component,分离,DOC005,203,为确定飞行器结构功能系统的组成，首先应明确飞行器任务与分离流程，进而确定机械组件的工作顺序、传力路径与连接方式。
飞行器,has_component,数据,DOC005,223,飞行器除了结构系统以外，还由动力系统、制导系统、有数据传输系统和附件组成，它们是通过结构系统处成一个整体体，协调工作。
所谓,part_of,飞行器,DOC005,271,所谓“设计”是将飞行器系统对结构与机构提出的设计任务与要求转化为可实施的全部
飞行器,has_component,载荷,DOC005,298,结构布局设计主要包括飞行器结构中各组成部分或各级设备的部位安排、协调、工作环境对进行结构布局两商面选择，确定工作载荷的结构形式、确定它们位置合力方案；
飞行器,has_component,结构形式,DOC005,298,结构布局设计主要包括飞行器结构中各组成部分或各级设备的部位安排、协调、工作环境对进行结构布局两商面选择，确定工作载荷的结构形式、确定它们位置合力方案；
飞行器,uses_method,分离,DOC005,301,结构布局是由飞行器设计、使用部件和安全等方面的需要而设置的分离面。
通常,part_of,分离,DOC005,303,它们通常是为了加强工艺，或配合需要，提供便于分离的安装空间。
飞行器,part_of,装配,DOC005,306,由于飞行器的种类、用途、工作性能的不间，随着新材料、新工艺的发展，飞行器的结构形式是多种多样的，一般有装配联合结构（薄壁结构）、整体结构、壳体结构、杆系结构等。
飞行器,part_of,整体结构,DOC005,306,由于飞行器的种类、用途、工作性能的不间，随着新材料、新工艺的发展，飞行器的结构形式是多种多样的，一般有装配联合结构（薄壁结构）、整体结构、壳体结构、杆系结构等。
飞行器,part_of,杆系结构,DOC005,306,由于飞行器的种类、用途、工作性能的不间，随着新材料、新工艺的发展，飞行器的结构形式是多种多样的，一般有装配联合结构（薄壁结构）、整体结构、壳体结构、杆系结构等。
工作,part_of,装配,DOC005,306,由于飞行器的种类、用途、工作性能的不间，随着新材料、新工艺的发展，飞行器的结构形式是多种多样的，一般有装配联合结构（薄壁结构）、整体结构、壳体结构、杆系结构等。
工作,part_of,整体结构,DOC005,306,由于飞行器的种类、用途、工作性能的不间，随着新材料、新工艺的发展，飞行器的结构形式是多种多样的，一般有装配联合结构（薄壁结构）、整体结构、壳体结构、杆系结构等。
工作,part_of,杆系结构,DOC005,306,由于飞行器的种类、用途、工作性能的不间，随着新材料、新工艺的发展，飞行器的结构形式是多种多样的，一般有装配联合结构（薄壁结构）、整体结构、壳体结构、杆系结构等。
随着,part_of,装配,DOC005,306,由于飞行器的种类、用途、工作性能的不间，随着新材料、新工艺的发展，飞行器的结构形式是多种多样的，一般有装配联合结构（薄壁结构）、整体结构、壳体结构、杆系结构等。
随着,part_of,整体结构,DOC005,306,由于飞行器的种类、用途、工作性能的不间，随着新材料、新工艺的发展，飞行器的结构形式是多种多样的，一般有装配联合结构（薄壁结构）、整体结构、壳体结构、杆系结构等。
随着,part_of,杆系结构,DOC005,306,由于飞行器的种类、用途、工作性能的不间，随着新材料、新工艺的发展，飞行器的结构形式是多种多样的，一般有装配联合结构（薄壁结构）、整体结构、壳体结构、杆系结构等。
材料,part_of,装配,DOC005,306,由于飞行器的种类、用途、工作性能的不间，随着新材料、新工艺的发展，飞行器的结构形式是多种多样的，一般有装配联合结构（薄壁结构）、整体结构、壳体结构、杆系结构等。
材料,part_of,整体结构,DOC005,306,由于飞行器的种类、用途、工作性能的不间，随着新材料、新工艺的发展，飞行器的结构形式是多种多样的，一般有装配联合结构（薄壁结构）、整体结构、壳体结构、杆系结构等。
材料,part_of,杆系结构,DOC005,306,由于飞行器的种类、用途、工作性能的不间，随着新材料、新工艺的发展，飞行器的结构形式是多种多样的，一般有装配联合结构（薄壁结构）、整体结构、壳体结构、杆系结构等。
工艺,part_of,装配,DOC005,306,由于飞行器的种类、用途、工作性能的不间，随着新材料、新工艺的发展，飞行器的结构形式是多种多样的，一般有装配联合结构（薄壁结构）、整体结构、壳体结构、杆系结构等。
工艺,part_of,整体结构,DOC005,306,由于飞行器的种类、用途、工作性能的不间，随着新材料、新工艺的发展，飞行器的结构形式是多种多样的，一般有装配联合结构（薄壁结构）、整体结构、壳体结构、杆系结构等。
工艺,part_of,杆系结构,DOC005,306,由于飞行器的种类、用途、工作性能的不间，随着新材料、新工艺的发展，飞行器的结构形式是多种多样的，一般有装配联合结构（薄壁结构）、整体结构、壳体结构、杆系结构等。
发展,part_of,装配,DOC005,306,由于飞行器的种类、用途、工作性能的不间，随着新材料、新工艺的发展，飞行器的结构形式是多种多样的，一般有装配联合结构（薄壁结构）、整体结构、壳体结构、杆系结构等。
发展,part_of,整体结构,DOC005,306,由于飞行器的种类、用途、工作性能的不间，随着新材料、新工艺的发展，飞行器的结构形式是多种多样的，一般有装配联合结构（薄壁结构）、整体结构、壳体结构、杆系结构等。
发展,part_of,杆系结构,DOC005,306,由于飞行器的种类、用途、工作性能的不间，随着新材料、新工艺的发展，飞行器的结构形式是多种多样的，一般有装配联合结构（薄壁结构）、整体结构、壳体结构、杆系结构等。
结构形式,part_of,装配,DOC005,306,由于飞行器的种类、用途、工作性能的不间，随着新材料、新工艺的发展，飞行器的结构形式是多种多样的，一般有装配联合结构（薄壁结构）、整体结构、壳体结构、杆系结构等。
结构形式,part_of,整体结构,DOC005,306,由于飞行器的种类、用途、工作性能的不间，随着新材料、新工艺的发展，飞行器的结构形式是多种多样的，一般有装配联合结构（薄壁结构）、整体结构、壳体结构、杆系结构等。
结构形式,part_of,杆系结构,DOC005,306,由于飞行器的种类、用途、工作性能的不间，随着新材料、新工艺的发展，飞行器的结构形式是多种多样的，一般有装配联合结构（薄壁结构）、整体结构、壳体结构、杆系结构等。
飞行器,part_of,铝合金,DOC005,309,飞行器用材料的选用是指，根据性能分为金属材料、复合材料、非金属材料，其中应用最广泛的有铝合金、镁合金、合金钢、钛合金、复合材料及各种特殊材料。
材料,part_of,铝合金,DOC005,309,飞行器用材料的选用是指，根据性能分为金属材料、复合材料、非金属材料，其中应用最广泛的有铝合金、镁合金、合金钢、钛合金、复合材料及各种特殊材料。
强度,is_a,变形,DOC005,313,结构强度、刚度是结构承受外载荷作用的能力，即抵抗所裂破坏、失稳、不容许变形（或位移）的能力。
刚度,is_a,变形,DOC005,313,结构强度、刚度是结构承受外载荷作用的能力，即抵抗所裂破坏、失稳、不容许变形（或位移）的能力。
载荷,is_a,变形,DOC005,313,结构强度、刚度是结构承受外载荷作用的能力，即抵抗所裂破坏、失稳、不容许变形（或位移）的能力。
作用,is_a,变形,DOC005,313,结构强度、刚度是结构承受外载荷作用的能力，即抵抗所裂破坏、失稳、不容许变形（或位移）的能力。
的能力,is_a,变形,DOC005,313,结构强度、刚度是结构承受外载荷作用的能力，即抵抗所裂破坏、失稳、不容许变形（或位移）的能力。
条件,part_of,飞行器结构设计,DOC005,330,设计的原始条件是飞行器结构设计的依据。
飞行器,has_component,数据,DOC005,335,例如对所设计的结构在外形、尺寸、质量特性(质量大小、质心、转动惯量)方面的规定，飞行器内部装载物(包括仪器设备)的相关数据与安装位置等。
所谓,part_of,飞行器,DOC005,338,所谓自然环境是指飞行器在整个使用过程中所处的地理环境，如气象与大气环境、大气污染与积尘等各种复杂的环境条件，其内容主要有以温度、湿度、气压、风、雷、雨、腐蚀性气体等为代表的气象环境，以及相隔辐射、宇航射线和核爆炸辐射等为代表的辐射环境；
环境,part_of,飞行器,DOC005,338,所谓自然环境是指飞行器在整个使用过程中所处的地理环境，如气象与大气环境、大气污染与积尘等各种复杂的环境条件，其内容主要有以温度、湿度、气压、风、雷、雨、腐蚀性气体等为代表的气象环境，以及相隔辐射、宇航射线和核爆炸辐射等为代表的辐射环境；
飞机,has_component,机身,DOC005,351,飞机结构系统由机身、机翼、尾翼、起落架、操纵机构等组成，如图1.2.1所示。
飞机,has_component,机翼,DOC005,351,飞机结构系统由机身、机翼、尾翼、起落架、操纵机构等组成，如图1.2.1所示。
飞机,has_component,尾翼,DOC005,351,飞机结构系统由机身、机翼、尾翼、起落架、操纵机构等组成，如图1.2.1所示。
机翼,part_of,尾翼,DOC005,353,机翼的用途主要是提供升力，与尾翼一起形成良好的稳定性和操纵性。
机身,part_of,固定机翼,DOC005,383,机身的作用是装载人员、货物、设备、燃油等物品，同时固定机翼、尾翼、起落架等部件与机翼纵机。
机身,part_of,尾翼,DOC005,383,机身的作用是装载人员、货物、设备、燃油等物品，同时固定机翼、尾翼、起落架等部件与机翼纵机。
机身,part_of,机翼,DOC005,383,机身的作用是装载人员、货物、设备、燃油等物品，同时固定机翼、尾翼、起落架等部件与机翼纵机。
的作用,part_of,固定机翼,DOC005,383,机身的作用是装载人员、货物、设备、燃油等物品，同时固定机翼、尾翼、起落架等部件与机翼纵机。
的作用,part_of,尾翼,DOC005,383,机身的作用是装载人员、货物、设备、燃油等物品，同时固定机翼、尾翼、起落架等部件与机翼纵机。
的作用,part_of,机翼,DOC005,383,机身的作用是装载人员、货物、设备、燃油等物品，同时固定机翼、尾翼、起落架等部件与机翼纵机。
尾翼,part_of,飞机,DOC005,390,"尾翼的主要功用是保证飞机的纵向和航向平衡,并使飞机在纵向和航向两方面具有必要的稳定性和操纵性。"
尾翼,has_component,水平尾翼,DOC005,391,一般尾翼包括水平尾翼和垂直尾翼。
尾翼,has_component,垂直尾翼,DOC005,391,一般尾翼包括水平尾翼和垂直尾翼。
通常,part_of,舵面,DOC005,392,"通常低速飞机的尾翼都是分成可动的舵面和固定的安定面两部分,如图1.2.4所示。"
低速,part_of,舵面,DOC005,392,"通常低速飞机的尾翼都是分成可动的舵面和固定的安定面两部分,如图1.2.4所示。"
飞机,part_of,舵面,DOC005,392,"通常低速飞机的尾翼都是分成可动的舵面和固定的安定面两部分,如图1.2.4所示。"
尾翼,part_of,舵面,DOC005,392,"通常低速飞机的尾翼都是分成可动的舵面和固定的安定面两部分,如图1.2.4所示。"
结构形式,has_component,机翼,DOC005,398,其受力结构形式有构架式、梁式（包括简单支柱式、撑杆支柱式、摇臂支柱式等）、机翼式(包括梁架式等)和桁架式等。
这里,part_of,飞机,DOC005,410,这里的“操纵系统”是指飞机操纵系统。
飞机,has_component,俯仰,DOC005,416,为了改变飞机飞行姿态时，需要进行的操纵主要有：俯仰操纵、滚转操纵和偏航操纵。
飞机,has_component,偏航,DOC005,416,为了改变飞机飞行姿态时，需要进行的操纵主要有：俯仰操纵、滚转操纵和偏航操纵。
转动,is_a,升降舵,DOC005,419,前后推动驾驶杆1时，驾驶杆将油绐5转动，经传动2和摆臂等传动的传动，即可操纵升降舵。
对于,part_of,飞船,DOC005,450,"对于运载火箭,它是入造地球卫星、载人飞船、空间探测器等;"
翼面,has_component,尾翼,DOC005,464,"翼面包括主要(舵翼)、尾翼、前翼、翼面积及稳定面等,它的功用主要是提供升力,形成良好的稳定性与操纵性。"
翼面,has_component,翼面积,DOC005,464,"翼面包括主要(舵翼)、尾翼、前翼、翼面积及稳定面等,它的功用主要是提供升力,形成良好的稳定性与操纵性。"
航天器,has_component,控制系统,DOC005,499,航天器的保障系统是将作业小的一般包括结构、热控、控制系统、防回电系统、姿态和轨道控制系
飞船,has_component,返回舱,DOC005,531,载人飞船一般由乘员返回舱座舱返回舱、轨道舱、服务舱、对接舱、应急救生装置、太阳翼（太阳能电池板）等部分组成见图1.2.12。
机身,part_of,翼梁,DOC005,539,与机身结构相似，受力元件主要是翼梁、隔框和桁条等。
机身,part_of,隔框,DOC005,539,与机身结构相似，受力元件主要是翼梁、隔框和桁条等。
返回舱,part_of,飞船,DOC005,540,返回舱是飞船的核心舱，在结构设计中，应具有承受内部分压力的结构强度，防护屏厚度应不致被微流量显空间内垃圾击穿，并具有一定的辐射屏蔽能力，保护航天员的健康。
返回舱,part_of,结构设计,DOC005,540,返回舱是飞船的核心舱，在结构设计中，应具有承受内部分压力的结构强度，防护屏厚度应不致被微流量显空间内垃圾击穿，并具有一定的辐射屏蔽能力，保护航天员的健康。
航天飞机,is_a,轨道,DOC005,563,航天飞机是一种可从空轨道上整往返回，具有在指定机场跑道上着陆性能的、带翼的多次重复使用的载人或不载人的航天器。
航天飞机,is_a,着陆,DOC005,563,航天飞机是一种可从空轨道上整往返回，具有在指定机场跑道上着陆性能的、带翼的多次重复使用的载人或不载人的航天器。
航天飞机,is_a,重复,DOC005,563,航天飞机是一种可从空轨道上整往返回，具有在指定机场跑道上着陆性能的、带翼的多次重复使用的载人或不载人的航天器。
航天飞机,is_a,航天器,DOC005,563,航天飞机是一种可从空轨道上整往返回，具有在指定机场跑道上着陆性能的、带翼的多次重复使用的载人或不载人的航天器。
蒙皮,has_component,的翼型,DOC005,634,蒙皮舵架结构由蒙皮和骨架组成的翼型结构。
整体结构,part_of,蒙皮,DOC005,645,整体结构是将蒙皮和骨架合为一个整体的结构（见图1.2.18）。
因为,part_of,飞行器,DOC005,704,因为论证阶段的主要工作是进行飞行器载技术指标的论证，所以论证工作由使用部门组织进行。
阶段,part_of,飞行器,DOC005,704,因为论证阶段的主要工作是进行飞行器载技术指标的论证，所以论证工作由使用部门组织进行。
工作,part_of,飞行器,DOC005,704,因为论证阶段的主要工作是进行飞行器载技术指标的论证，所以论证工作由使用部门组织进行。
阶段,part_of,飞行器,DOC005,705,设计定型阶段则是把上述工作进一步确定下来，进行有关生产准备和生产定型，从而形成飞行器的定型方案，最终确定飞行器的研制与生产任务。
工作,part_of,结构设计,DOC005,713,主要工作是根据总体设计提出下述的结构设计任务，首先进行导弹火箭的全结构总体设计，完成各部结构方案设计、部段之间的受力协调及各部设备、机载、管路的安装铺设方案的设计、分析、比较后，选择出最佳设计方案和试验验证项目，提出方案论证报告和原理样机。
布局,is_a,选择,DOC005,726,2）进行结构布局，即选择结构形式和布置主要受力构件，初步选择分离离面；
布局,is_a,结构形式,DOC005,726,2）进行结构布局，即选择结构形式和布置主要受力构件，初步选择分离离面；
布局,is_a,分离,DOC005,726,2）进行结构布局，即选择结构形式和布置主要受力构件，初步选择分离离面；
阶段,part_of,飞行器,DOC005,741,此阶段主要是考核飞行器整机结构的可靠性，检验是否满足要求的技术指标要求。
方案阶段,part_of,航天器,DOC005,771,方案阶段是航天器结构与机构正式研制工作的开始阶段。
方案设计,part_of,航天器,DOC005,781,在方案设计阶段，特别是在机构方案设计阶段，就应该引入必要的可靠性分析手段，考虑必要的可靠性指标，以保证航天器的合理可靠性。
阶段,part_of,航天器,DOC005,781,在方案设计阶段，特别是在机构方案设计阶段，就应该引入必要的可靠性分析手段，考虑必要的可靠性指标，以保证航天器的合理可靠性。
航天器,has_component,参数,DOC005,804,初样阶段的重点是通过样机产品的设计、制造和试验，对航天器结构与机构的设计进行全流程验证，包括初样材料的初样选择和设计参数的体系等方面。
航天器,has_component,数据,DOC005,846,正常阶段的重点是通过正常产品的设计、制造和试验，全配装或航天器结合与机构的飞行品质，包括对初样阶段中发现的问题，对设计和制造工艺进行改进满足设计要求，对设计工艺的复核结果，并对试验数据进行确认。
强度,is_a,设计载荷,DOC005,953,“等强度”是出于这样一种设想：即在设计载荷作用下，结构的所有元件、元件的所有前面都同时达到强度极限。
强度,is_a,作用,DOC005,953,“等强度”是出于这样一种设想：即在设计载荷作用下，结构的所有元件、元件的所有前面都同时达到强度极限。
工艺,part_of,结构设计,DOC005,987,导演结构工艺性是结构设计的基本要求之一。
目标,is_a,由此,DOC005,994,倘若设计的主要目标是提高飞行性能，即使由此而致使结构工艺性变差，工艺上也要想方设法实现设计要求。
目标,is_a,工艺,DOC005,994,倘若设计的主要目标是提高飞行性能，即使由此而致使结构工艺性变差，工艺上也要想方设法实现设计要求。
目标,is_a,实现,DOC005,994,倘若设计的主要目标是提高飞行性能，即使由此而致使结构工艺性变差，工艺上也要想方设法实现设计要求。
目标,is_a,设计要求,DOC005,994,倘若设计的主要目标是提高飞行性能，即使由此而致使结构工艺性变差，工艺上也要想方设法实现设计要求。
提高,is_a,由此,DOC005,994,倘若设计的主要目标是提高飞行性能，即使由此而致使结构工艺性变差，工艺上也要想方设法实现设计要求。
提高,is_a,工艺,DOC005,994,倘若设计的主要目标是提高飞行性能，即使由此而致使结构工艺性变差，工艺上也要想方设法实现设计要求。
提高,is_a,实现,DOC005,994,倘若设计的主要目标是提高飞行性能，即使由此而致使结构工艺性变差，工艺上也要想方设法实现设计要求。
提高,is_a,设计要求,DOC005,994,倘若设计的主要目标是提高飞行性能，即使由此而致使结构工艺性变差，工艺上也要想方设法实现设计要求。
飞行,is_a,由此,DOC005,994,倘若设计的主要目标是提高飞行性能，即使由此而致使结构工艺性变差，工艺上也要想方设法实现设计要求。
飞行,is_a,工艺,DOC005,994,倘若设计的主要目标是提高飞行性能，即使由此而致使结构工艺性变差，工艺上也要想方设法实现设计要求。
飞行,is_a,实现,DOC005,994,倘若设计的主要目标是提高飞行性能，即使由此而致使结构工艺性变差，工艺上也要想方设法实现设计要求。
飞行,is_a,设计要求,DOC005,994,倘若设计的主要目标是提高飞行性能，即使由此而致使结构工艺性变差，工艺上也要想方设法实现设计要求。
一方面,part_of,装配,DOC005,999,另一方面是装配工艺性要求，例如要求结构便于装配，使用的装配工具尽可能少。
工艺,is_a,条件,DOC005,1003,工艺要求是一种“条件性”和“发展性”要求。
工艺,is_a,发展,DOC005,1003,工艺要求是一种“条件性”和“发展性”要求。
要求,is_a,条件,DOC005,1003,工艺要求是一种“条件性”和“发展性”要求。
要求,is_a,发展,DOC005,1003,工艺要求是一种“条件性”和“发展性”要求。
条件,part_of,飞行器,DOC005,1004,“条件性”是说结构的工艺性好坏要结合飞行器生产的条件，如产品数量、产品工期、加工条件等；
装配,is_a,尺寸,DOC005,1031,互换性是结构在装配过程中表现在某一种结构性差异，即装配(行装配)时零件的尺寸、配合和相互位置也有一定互换性要求。
装配,is_a,位置,DOC005,1031,互换性是结构在装配过程中表现在某一种结构性差异，即装配(行装配)时零件的尺寸、配合和相互位置也有一定互换性要求。
装配,is_a,要求,DOC005,1031,互换性是结构在装配过程中表现在某一种结构性差异，即装配(行装配)时零件的尺寸、配合和相互位置也有一定互换性要求。
过程中,is_a,尺寸,DOC005,1031,互换性是结构在装配过程中表现在某一种结构性差异，即装配(行装配)时零件的尺寸、配合和相互位置也有一定互换性要求。
过程中,is_a,位置,DOC005,1031,互换性是结构在装配过程中表现在某一种结构性差异，即装配(行装配)时零件的尺寸、配合和相互位置也有一定互换性要求。
过程中,is_a,要求,DOC005,1031,互换性是结构在装配过程中表现在某一种结构性差异，即装配(行装配)时零件的尺寸、配合和相互位置也有一定互换性要求。
实现,is_a,装配,DOC005,1032,要实现互换性，必须在设计中采取“补偿”措施，即在装配过程中对结构制造误差和装配误差进行补偿。
实现,is_a,过程中,DOC005,1032,要实现互换性，必须在设计中采取“补偿”措施，即在装配过程中对结构制造误差和装配误差进行补偿。
实现,is_a,制造,DOC005,1032,要实现互换性，必须在设计中采取“补偿”措施，即在装配过程中对结构制造误差和装配误差进行补偿。
在设计中,is_a,装配,DOC005,1032,要实现互换性，必须在设计中采取“补偿”措施，即在装配过程中对结构制造误差和装配误差进行补偿。
在设计中,is_a,过程中,DOC005,1032,要实现互换性，必须在设计中采取“补偿”措施，即在装配过程中对结构制造误差和装配误差进行补偿。
在设计中,is_a,制造,DOC005,1032,要实现互换性，必须在设计中采取“补偿”措施，即在装配过程中对结构制造误差和装配误差进行补偿。
工艺,part_of,装配,DOC005,1043,工艺补偿 是为了改善装配工艺性而采取的工艺措施。
要求,part_of,结构设计,DOC005,1106,经济性要求是结构设计的主要要求之一，也是应当非常重视的基本要求。
未来,is_a,方案,DOC005,1116,因此对未来阶段费用（即概念设计、方案验证阶段）已确定了约85%的费用。
未来,is_a,验证,DOC005,1116,因此对未来阶段费用（即概念设计、方案验证阶段）已确定了约85%的费用。
未来,is_a,确定,DOC005,1116,因此对未来阶段费用（即概念设计、方案验证阶段）已确定了约85%的费用。
阶段,is_a,方案,DOC005,1116,因此对未来阶段费用（即概念设计、方案验证阶段）已确定了约85%的费用。
阶段,is_a,验证,DOC005,1116,因此对未来阶段费用（即概念设计、方案验证阶段）已确定了约85%的费用。
阶段,is_a,确定,DOC005,1116,因此对未来阶段费用（即概念设计、方案验证阶段）已确定了约85%的费用。
最大,part_of,结构设计,DOC005,1122,1）减少全寿命周期费用最大相的措施是保证结构设计的合理性，减少设计阶段所决定的费用。
防热,part_of,变形,DOC005,1140,防热、绝热设计的基本步骤是在热（温度场）计算的基础上，选择防热材料、涂层与相应结构，进行热力与热变形分析，完成热场与强度计算，最后进行相应的试验检测设计。
材料,is_a,载荷,DOC005,1192,结构型吸波材料是一种可同时兼顾吸波与承受载荷的材料。
它的,part_of,飞行器,DOC005,1195,它的优点之一是可以大大减小飞行器的雷达散射截面积（RCS）以及红外、音响信号。
优点,part_of,飞行器,DOC005,1195,它的优点之一是可以大大减小飞行器的雷达散射截面积（RCS）以及红外、音响信号。
最后,part_of,航天器,DOC005,1207,最后应能分别得出，以此说明的是航天器设计的“技术”要求，即仅是从技术角度提出的要求，技术要求是航天器设计中最主要和最基本的要求。
最后,is_a,角度,DOC005,1207,最后应能分别得出，以此说明的是航天器设计的“技术”要求，即仅是从技术角度提出的要求，技术要求是航天器设计中最主要和最基本的要求。
最后,is_a,的要求,DOC005,1207,最后应能分别得出，以此说明的是航天器设计的“技术”要求，即仅是从技术角度提出的要求，技术要求是航天器设计中最主要和最基本的要求。
说明,part_of,航天器,DOC005,1207,最后应能分别得出，以此说明的是航天器设计的“技术”要求，即仅是从技术角度提出的要求，技术要求是航天器设计中最主要和最基本的要求。
说明,is_a,角度,DOC005,1207,最后应能分别得出，以此说明的是航天器设计的“技术”要求，即仅是从技术角度提出的要求，技术要求是航天器设计中最主要和最基本的要求。
说明,is_a,的要求,DOC005,1207,最后应能分别得出，以此说明的是航天器设计的“技术”要求，即仅是从技术角度提出的要求，技术要求是航天器设计中最主要和最基本的要求。
航天器,is_a,角度,DOC005,1207,最后应能分别得出，以此说明的是航天器设计的“技术”要求，即仅是从技术角度提出的要求，技术要求是航天器设计中最主要和最基本的要求。
航天器,is_a,的要求,DOC005,1207,最后应能分别得出，以此说明的是航天器设计的“技术”要求，即仅是从技术角度提出的要求，技术要求是航天器设计中最主要和最基本的要求。
要求,is_a,角度,DOC005,1207,最后应能分别得出，以此说明的是航天器设计的“技术”要求，即仅是从技术角度提出的要求，技术要求是航天器设计中最主要和最基本的要求。
要求,is_a,的要求,DOC005,1207,最后应能分别得出，以此说明的是航天器设计的“技术”要求，即仅是从技术角度提出的要求，技术要求是航天器设计中最主要和最基本的要求。
航天器,is_a,要求,DOC005,1227,<td>整个航天器的固有频率（一般为基频），即是低的固有频率要求于规定值或在某个频率范围之外</td>
航天器,is_a,范围,DOC005,1227,<td>整个航天器的固有频率（一般为基频），即是低的固有频率要求于规定值或在某个频率范围之外</td>
航天器,is_a,之外,DOC005,1227,<td>整个航天器的固有频率（一般为基频），即是低的固有频率要求于规定值或在某个频率范围之外</td>
需要,is_a,范围,DOC005,1255,表明需要的本实驱加部件的一般力基准，即零点的固有频率要大于规定值或在某平峰值的范围
部件,is_a,范围,DOC005,1255,表明需要的本实驱加部件的一般力基准，即零点的固有频率要大于规定值或在某平峰值的范围
要求,part_of,航天器结构设计,DOC005,1265,基本要求是航天器结构设计中必须做出遵循的基本原则，航天器结构设计中的基本要求是强度和刚度要求。
对于,part_of,结构设计,DOC005,1286,对于运载火箭的适配要求则是：运载火箭的结构设计要满足航天器结构的适配要求，同时还要考虑其对航天器结构的耦合效应。
要求,part_of,结构设计,DOC005,1286,对于运载火箭的适配要求则是：运载火箭的结构设计要满足航天器结构的适配要求，同时还要考虑其对航天器结构的耦合效应。
参数,part_of,结构形式,DOC005,1325,变参数设计是在总体结构形式、工作原理不变的条件下，仅对结构的布置、参数或尺寸的大小加以改变，来提高性能。
结构设计,part_of,飞机,DOC005,1353,"传统的结构设计一般是根据设计任务与原始条件,根据经验或参考原理飞机的结构,结"
强度,is_a,确定,DOC005,1357,接下来进行以静力分析为主的静强度、刚度等方面的强度要求，即确定结构中要承受最大载荷时，结构要不被允许破坏，且结构变形要满足要求。
强度,is_a,最大,DOC005,1357,接下来进行以静力分析为主的静强度、刚度等方面的强度要求，即确定结构中要承受最大载荷时，结构要不被允许破坏，且结构变形要满足要求。
强度,is_a,载荷,DOC005,1357,接下来进行以静力分析为主的静强度、刚度等方面的强度要求，即确定结构中要承受最大载荷时，结构要不被允许破坏，且结构变形要满足要求。
强度,is_a,变形,DOC005,1357,接下来进行以静力分析为主的静强度、刚度等方面的强度要求，即确定结构中要承受最大载荷时，结构要不被允许破坏，且结构变形要满足要求。
刚度,is_a,确定,DOC005,1357,接下来进行以静力分析为主的静强度、刚度等方面的强度要求，即确定结构中要承受最大载荷时，结构要不被允许破坏，且结构变形要满足要求。
刚度,is_a,最大,DOC005,1357,接下来进行以静力分析为主的静强度、刚度等方面的强度要求，即确定结构中要承受最大载荷时，结构要不被允许破坏，且结构变形要满足要求。
刚度,is_a,载荷,DOC005,1357,接下来进行以静力分析为主的静强度、刚度等方面的强度要求，即确定结构中要承受最大载荷时，结构要不被允许破坏，且结构变形要满足要求。
刚度,is_a,变形,DOC005,1357,接下来进行以静力分析为主的静强度、刚度等方面的强度要求，即确定结构中要承受最大载荷时，结构要不被允许破坏，且结构变形要满足要求。
方面,is_a,确定,DOC005,1357,接下来进行以静力分析为主的静强度、刚度等方面的强度要求，即确定结构中要承受最大载荷时，结构要不被允许破坏，且结构变形要满足要求。
方面,is_a,最大,DOC005,1357,接下来进行以静力分析为主的静强度、刚度等方面的强度要求，即确定结构中要承受最大载荷时，结构要不被允许破坏，且结构变形要满足要求。
方面,is_a,载荷,DOC005,1357,接下来进行以静力分析为主的静强度、刚度等方面的强度要求，即确定结构中要承受最大载荷时，结构要不被允许破坏，且结构变形要满足要求。
方面,is_a,变形,DOC005,1357,接下来进行以静力分析为主的静强度、刚度等方面的强度要求，即确定结构中要承受最大载荷时，结构要不被允许破坏，且结构变形要满足要求。
要求,is_a,确定,DOC005,1357,接下来进行以静力分析为主的静强度、刚度等方面的强度要求，即确定结构中要承受最大载荷时，结构要不被允许破坏，且结构变形要满足要求。
要求,is_a,最大,DOC005,1357,接下来进行以静力分析为主的静强度、刚度等方面的强度要求，即确定结构中要承受最大载荷时，结构要不被允许破坏，且结构变形要满足要求。
要求,is_a,载荷,DOC005,1357,接下来进行以静力分析为主的静强度、刚度等方面的强度要求，即确定结构中要承受最大载荷时，结构要不被允许破坏，且结构变形要满足要求。
要求,is_a,变形,DOC005,1357,接下来进行以静力分析为主的静强度、刚度等方面的强度要求，即确定结构中要承受最大载荷时，结构要不被允许破坏，且结构变形要满足要求。
即为,is_a,应力,DOC005,1375,当元件承受过时，即为元件材料的抗拉强度，即为允许应力；
材料,is_a,应力,DOC005,1375,当元件承受过时，即为元件材料的抗拉强度，即为允许应力；
强度,is_a,应力,DOC005,1375,当元件承受过时，即为元件材料的抗拉强度，即为允许应力；
动力,is_a,振动,DOC005,1380,· 结构的动力学的特征性分析，即固有频率、主振型和振动阻尼分析；
飞行器,has_component,系数,DOC005,1445,本章主要阐述飞行器结构载荷分析的基本理论和方法，包括作用在飞行器上的外载荷、载袭系数、导弹（或平台）的载荷计算，以及里程和强度分析等方面的载荷分析。
载荷,part_of,变化,DOC005,1474,静载荷通常是指某作用时间变化时同载荷的因有幅度的。
通常,part_of,变化,DOC005,1474,静载荷通常是指某作用时间变化时同载荷的因有幅度的。
载荷,part_of,变化,DOC005,1476,动载荷是指随时间变化的载荷，如爆炸、冲击、振动等。
过载系数,part_of,飞行器,DOC005,1487,过载系数是飞行器所承受的全部表面力的合力与飞行器的重力的比值（约为 mg0 之比值）。
过载,is_a,的表达式,DOC005,1532,上面得到的过载的三种表达式，即以外力表示的表达式（2.2.1），以质量力表示的表达式（2.2.3），用加速度表示的表达式（2.2.6），它们实质上是统一的，其中任何一式都可以导出其他式。
过载,is_a,质量,DOC005,1532,上面得到的过载的三种表达式，即以外力表示的表达式（2.2.1），以质量力表示的表达式（2.2.3），用加速度表示的表达式（2.2.6），它们实质上是统一的，其中任何一式都可以导出其他式。
过载,is_a,速度,DOC005,1532,上面得到的过载的三种表达式，即以外力表示的表达式（2.2.1），以质量力表示的表达式（2.2.3），用加速度表示的表达式（2.2.6），它们实质上是统一的，其中任何一式都可以导出其他式。
讨论,part_of,飞行器,DOC005,1541,上述讨论的过载系数是在把飞行器当做一个质点的条件下导出，即相当于飞行器质心处的过载。
讨论,is_a,质心,DOC005,1541,上述讨论的过载系数是在把飞行器当做一个质点的条件下导出，即相当于飞行器质心处的过载。
讨论,is_a,过载,DOC005,1541,上述讨论的过载系数是在把飞行器当做一个质点的条件下导出，即相当于飞行器质心处的过载。
过载系数,part_of,飞行器,DOC005,1541,上述讨论的过载系数是在把飞行器当做一个质点的条件下导出，即相当于飞行器质心处的过载。
过载系数,is_a,质心,DOC005,1541,上述讨论的过载系数是在把飞行器当做一个质点的条件下导出，即相当于飞行器质心处的过载。
过载系数,is_a,过载,DOC005,1541,上述讨论的过载系数是在把飞行器当做一个质点的条件下导出，即相当于飞行器质心处的过载。
飞行器,is_a,质心,DOC005,1541,上述讨论的过载系数是在把飞行器当做一个质点的条件下导出，即相当于飞行器质心处的过载。
飞行器,is_a,过载,DOC005,1541,上述讨论的过载系数是在把飞行器当做一个质点的条件下导出，即相当于飞行器质心处的过载。
条件,is_a,质心,DOC005,1541,上述讨论的过载系数是在把飞行器当做一个质点的条件下导出，即相当于飞行器质心处的过载。
条件,is_a,过载,DOC005,1541,上述讨论的过载系数是在把飞行器当做一个质点的条件下导出，即相当于飞行器质心处的过载。
过载,is_a,质心,DOC005,1560,旋转过载 △n_{x1i} 在绕性旋转中（即质心），当它与 x1 轴方向一致时为正。
过载,is_a,方向,DOC005,1560,旋转过载 △n_{x1i} 在绕性旋转中（即质心），当它与 x1 轴方向一致时为正。
过载,is_a,为正,DOC005,1560,旋转过载 △n_{x1i} 在绕性旋转中（即质心），当它与 x1 轴方向一致时为正。
飞行器,is_a,状态,DOC005,1566,飞行器在垂直平面内飞行是一种常见的飞行状态。
平面,is_a,状态,DOC005,1566,飞行器在垂直平面内飞行是一种常见的飞行状态。
飞行,is_a,状态,DOC005,1566,飞行器在垂直平面内飞行是一种常见的飞行状态。
飞行,is_a,飞行器,DOC005,1576,直线飞行时，法向表面力与重力分量相等，即 \(Y+Psin\alpha=Gcos\theta\)，为飞行器所处加速度矢量与水平面之间的夹角，即航迹角（详见预例角） 。
飞行,is_a,速度矢量,DOC005,1576,直线飞行时，法向表面力与重力分量相等，即 \(Y+Psin\alpha=Gcos\theta\)，为飞行器所处加速度矢量与水平面之间的夹角，即航迹角（详见预例角） 。
飞行,is_a,平面,DOC005,1576,直线飞行时，法向表面力与重力分量相等，即 \(Y+Psin\alpha=Gcos\theta\)，为飞行器所处加速度矢量与水平面之间的夹角，即航迹角（详见预例角） 。
飞行,is_a,之间的夹角,DOC005,1576,直线飞行时，法向表面力与重力分量相等，即 \(Y+Psin\alpha=Gcos\theta\)，为飞行器所处加速度矢量与水平面之间的夹角，即航迹角（详见预例角） 。
重力,is_a,飞行器,DOC005,1576,直线飞行时，法向表面力与重力分量相等，即 \(Y+Psin\alpha=Gcos\theta\)，为飞行器所处加速度矢量与水平面之间的夹角，即航迹角（详见预例角） 。
重力,is_a,速度矢量,DOC005,1576,直线飞行时，法向表面力与重力分量相等，即 \(Y+Psin\alpha=Gcos\theta\)，为飞行器所处加速度矢量与水平面之间的夹角，即航迹角（详见预例角） 。
重力,is_a,平面,DOC005,1576,直线飞行时，法向表面力与重力分量相等，即 \(Y+Psin\alpha=Gcos\theta\)，为飞行器所处加速度矢量与水平面之间的夹角，即航迹角（详见预例角） 。
重力,is_a,之间的夹角,DOC005,1576,直线飞行时，法向表面力与重力分量相等，即 \(Y+Psin\alpha=Gcos\theta\)，为飞行器所处加速度矢量与水平面之间的夹角，即航迹角（详见预例角） 。
分量,is_a,飞行器,DOC005,1576,直线飞行时，法向表面力与重力分量相等，即 \(Y+Psin\alpha=Gcos\theta\)，为飞行器所处加速度矢量与水平面之间的夹角，即航迹角（详见预例角） 。
分量,is_a,速度矢量,DOC005,1576,直线飞行时，法向表面力与重力分量相等，即 \(Y+Psin\alpha=Gcos\theta\)，为飞行器所处加速度矢量与水平面之间的夹角，即航迹角（详见预例角） 。
分量,is_a,平面,DOC005,1576,直线飞行时，法向表面力与重力分量相等，即 \(Y+Psin\alpha=Gcos\theta\)，为飞行器所处加速度矢量与水平面之间的夹角，即航迹角（详见预例角） 。
分量,is_a,之间的夹角,DOC005,1576,直线飞行时，法向表面力与重力分量相等，即 \(Y+Psin\alpha=Gcos\theta\)，为飞行器所处加速度矢量与水平面之间的夹角，即航迹角（详见预例角） 。
在式,is_a,越大,DOC005,1616,在式或表面力比飞行器重力大时，可视为由转速变更多，飞行器受力越大，表明飞行器在转弯时有时40～50°。
在式,is_a,50°,DOC005,1616,在式或表面力比飞行器重力大时，可视为由转速变更多，飞行器受力越大，表明飞行器在转弯时有时40～50°。
飞行器,is_a,越大,DOC005,1616,在式或表面力比飞行器重力大时，可视为由转速变更多，飞行器受力越大，表明飞行器在转弯时有时40～50°。
飞行器,is_a,50°,DOC005,1616,在式或表面力比飞行器重力大时，可视为由转速变更多，飞行器受力越大，表明飞行器在转弯时有时40～50°。
重力,is_a,越大,DOC005,1616,在式或表面力比飞行器重力大时，可视为由转速变更多，飞行器受力越大，表明飞行器在转弯时有时40～50°。
重力,is_a,50°,DOC005,1616,在式或表面力比飞行器重力大时，可视为由转速变更多，飞行器受力越大，表明飞行器在转弯时有时40～50°。
函数,is_a,作用,DOC005,1628,在频率域内表示为扰动函数，要采用动态分析方法确定柔性结构的响应，并建立两种设计准则，即作用分摊原理和设计包线准则。
确定,is_a,作用,DOC005,1628,在频率域内表示为扰动函数，要采用动态分析方法确定柔性结构的响应，并建立两种设计准则，即作用分摊原理和设计包线准则。
飞行器,has_component,状态,DOC005,1672,许多飞行试验数据表明，由于作为控制对象的飞行器在空中为自由状态的弹性体，受到实际作用有一个响应过程，又因飞行器自身的稳定性总是力图减小其变形，所以，实际最关键是小形式式(2.2.18)中之值，而由计算得到的附加过载比较大较快(2.2.22)计确影响效果。
飞行器,has_component,变形,DOC005,1672,许多飞行试验数据表明，由于作为控制对象的飞行器在空中为自由状态的弹性体，受到实际作用有一个响应过程，又因飞行器自身的稳定性总是力图减小其变形，所以，实际最关键是小形式式(2.2.18)中之值，而由计算得到的附加过载比较大较快(2.2.22)计确影响效果。
状态,part_of,变形,DOC005,1672,许多飞行试验数据表明，由于作为控制对象的飞行器在空中为自由状态的弹性体，受到实际作用有一个响应过程，又因飞行器自身的稳定性总是力图减小其变形，所以，实际最关键是小形式式(2.2.18)中之值，而由计算得到的附加过载比较大较快(2.2.22)计确影响效果。
实际,part_of,变形,DOC005,1672,许多飞行试验数据表明，由于作为控制对象的飞行器在空中为自由状态的弹性体，受到实际作用有一个响应过程，又因飞行器自身的稳定性总是力图减小其变形，所以，实际最关键是小形式式(2.2.18)中之值，而由计算得到的附加过载比较大较快(2.2.22)计确影响效果。
作用,part_of,变形,DOC005,1672,许多飞行试验数据表明，由于作为控制对象的飞行器在空中为自由状态的弹性体，受到实际作用有一个响应过程，又因飞行器自身的稳定性总是力图减小其变形，所以，实际最关键是小形式式(2.2.18)中之值，而由计算得到的附加过载比较大较快(2.2.22)计确影响效果。
过程,part_of,变形,DOC005,1672,许多飞行试验数据表明，由于作为控制对象的飞行器在空中为自由状态的弹性体，受到实际作用有一个响应过程，又因飞行器自身的稳定性总是力图减小其变形，所以，实际最关键是小形式式(2.2.18)中之值，而由计算得到的附加过载比较大较快(2.2.22)计确影响效果。
稳定,part_of,变形,DOC005,1672,许多飞行试验数据表明，由于作为控制对象的飞行器在空中为自由状态的弹性体，受到实际作用有一个响应过程，又因飞行器自身的稳定性总是力图减小其变形，所以，实际最关键是小形式式(2.2.18)中之值，而由计算得到的附加过载比较大较快(2.2.22)计确影响效果。
速度,affects,振动,DOC005,1753,此时运动速度一般是不大的，作用在导弹上的气动力和轨道摩擦力可以忽略不计，应考虑的作用在导弹上的转动主要为：发射装置产生的冲击惯性力、支反力，地面风的影响和发射时装弹体振动引起的载荷增荷。
发射,is_a,推进,DOC005,1757,冷发射即雷首开体飞了掀装推进出而，到口上一定高度时，发射机点火使发射上升。
发射,is_a,度时,DOC005,1757,冷发射即雷首开体飞了掀装推进出而，到口上一定高度时，发射机点火使发射上升。
和速度,affects,载荷,DOC005,1775,一般在动力交换的状态下，由于导弹的弹性（气筒的）位置的变化和速度变化造成的影响，对飞行器中的载荷主要作用。
变化,affects,载荷,DOC005,1775,一般在动力交换的状态下，由于导弹的弹性（气筒的）位置的变化和速度变化造成的影响，对飞行器中的载荷主要作用。
一般而言,is_a,最大速度,DOC005,1776,一般而言，在动力交换阶段内的变化不是增大的，之后由于增的影响，所以在多段导弹（火箭）而言，各段飞行中的最大轴向受力状态往往出现着各发发发动机工作的末点，即该工作段中的最大速度、最大质量点。
动力,is_a,最大速度,DOC005,1776,一般而言，在动力交换阶段内的变化不是增大的，之后由于增的影响，所以在多段导弹（火箭）而言，各段飞行中的最大轴向受力状态往往出现着各发发发动机工作的末点，即该工作段中的最大速度、最大质量点。
阶段,is_a,最大速度,DOC005,1776,一般而言，在动力交换阶段内的变化不是增大的，之后由于增的影响，所以在多段导弹（火箭）而言，各段飞行中的最大轴向受力状态往往出现着各发发发动机工作的末点，即该工作段中的最大速度、最大质量点。
阶段,is_a,质量,DOC005,1776,一般而言，在动力交换阶段内的变化不是增大的，之后由于增的影响，所以在多段导弹（火箭）而言，各段飞行中的最大轴向受力状态往往出现着各发发发动机工作的末点，即该工作段中的最大速度、最大质量点。
的变化,is_a,最大速度,DOC005,1776,一般而言，在动力交换阶段内的变化不是增大的，之后由于增的影响，所以在多段导弹（火箭）而言，各段飞行中的最大轴向受力状态往往出现着各发发发动机工作的末点，即该工作段中的最大速度、最大质量点。
的变化,is_a,质量,DOC005,1776,一般而言，在动力交换阶段内的变化不是增大的，之后由于增的影响，所以在多段导弹（火箭）而言，各段飞行中的最大轴向受力状态往往出现着各发发发动机工作的末点，即该工作段中的最大速度、最大质量点。
增大,is_a,最大速度,DOC005,1776,一般而言，在动力交换阶段内的变化不是增大的，之后由于增的影响，所以在多段导弹（火箭）而言，各段飞行中的最大轴向受力状态往往出现着各发发发动机工作的末点，即该工作段中的最大速度、最大质量点。
增大,is_a,质量,DOC005,1776,一般而言，在动力交换阶段内的变化不是增大的，之后由于增的影响，所以在多段导弹（火箭）而言，各段飞行中的最大轴向受力状态往往出现着各发发发动机工作的末点，即该工作段中的最大速度、最大质量点。
之后,is_a,最大速度,DOC005,1776,一般而言，在动力交换阶段内的变化不是增大的，之后由于增的影响，所以在多段导弹（火箭）而言，各段飞行中的最大轴向受力状态往往出现着各发发发动机工作的末点，即该工作段中的最大速度、最大质量点。
之后,is_a,质量,DOC005,1776,一般而言，在动力交换阶段内的变化不是增大的，之后由于增的影响，所以在多段导弹（火箭）而言，各段飞行中的最大轴向受力状态往往出现着各发发发动机工作的末点，即该工作段中的最大速度、最大质量点。
的影响,is_a,最大速度,DOC005,1776,一般而言，在动力交换阶段内的变化不是增大的，之后由于增的影响，所以在多段导弹（火箭）而言，各段飞行中的最大轴向受力状态往往出现着各发发发动机工作的末点，即该工作段中的最大速度、最大质量点。
的影响,is_a,质量,DOC005,1776,一般而言，在动力交换阶段内的变化不是增大的，之后由于增的影响，所以在多段导弹（火箭）而言，各段飞行中的最大轴向受力状态往往出现着各发发发动机工作的末点，即该工作段中的最大速度、最大质量点。
飞行,is_a,最大速度,DOC005,1776,一般而言，在动力交换阶段内的变化不是增大的，之后由于增的影响，所以在多段导弹（火箭）而言，各段飞行中的最大轴向受力状态往往出现着各发发发动机工作的末点，即该工作段中的最大速度、最大质量点。
飞行,is_a,质量,DOC005,1776,一般而言，在动力交换阶段内的变化不是增大的，之后由于增的影响，所以在多段导弹（火箭）而言，各段飞行中的最大轴向受力状态往往出现着各发发发动机工作的末点，即该工作段中的最大速度、最大质量点。
中的,is_a,最大速度,DOC005,1776,一般而言，在动力交换阶段内的变化不是增大的，之后由于增的影响，所以在多段导弹（火箭）而言，各段飞行中的最大轴向受力状态往往出现着各发发发动机工作的末点，即该工作段中的最大速度、最大质量点。
中的,is_a,质量,DOC005,1776,一般而言，在动力交换阶段内的变化不是增大的，之后由于增的影响，所以在多段导弹（火箭）而言，各段飞行中的最大轴向受力状态往往出现着各发发发动机工作的末点，即该工作段中的最大速度、最大质量点。
最大,is_a,最大速度,DOC005,1776,一般而言，在动力交换阶段内的变化不是增大的，之后由于增的影响，所以在多段导弹（火箭）而言，各段飞行中的最大轴向受力状态往往出现着各发发发动机工作的末点，即该工作段中的最大速度、最大质量点。
最大,is_a,质量,DOC005,1776,一般而言，在动力交换阶段内的变化不是增大的，之后由于增的影响，所以在多段导弹（火箭）而言，各段飞行中的最大轴向受力状态往往出现着各发发发动机工作的末点，即该工作段中的最大速度、最大质量点。
轴向,is_a,最大速度,DOC005,1776,一般而言，在动力交换阶段内的变化不是增大的，之后由于增的影响，所以在多段导弹（火箭）而言，各段飞行中的最大轴向受力状态往往出现着各发发发动机工作的末点，即该工作段中的最大速度、最大质量点。
轴向,is_a,质量,DOC005,1776,一般而言，在动力交换阶段内的变化不是增大的，之后由于增的影响，所以在多段导弹（火箭）而言，各段飞行中的最大轴向受力状态往往出现着各发发发动机工作的末点，即该工作段中的最大速度、最大质量点。
状态,is_a,最大速度,DOC005,1776,一般而言，在动力交换阶段内的变化不是增大的，之后由于增的影响，所以在多段导弹（火箭）而言，各段飞行中的最大轴向受力状态往往出现着各发发发动机工作的末点，即该工作段中的最大速度、最大质量点。
状态,is_a,质量,DOC005,1776,一般而言，在动力交换阶段内的变化不是增大的，之后由于增的影响，所以在多段导弹（火箭）而言，各段飞行中的最大轴向受力状态往往出现着各发发发动机工作的末点，即该工作段中的最大速度、最大质量点。
发动机,is_a,最大速度,DOC005,1776,一般而言，在动力交换阶段内的变化不是增大的，之后由于增的影响，所以在多段导弹（火箭）而言，各段飞行中的最大轴向受力状态往往出现着各发发发动机工作的末点，即该工作段中的最大速度、最大质量点。
发动机,is_a,质量,DOC005,1776,一般而言，在动力交换阶段内的变化不是增大的，之后由于增的影响，所以在多段导弹（火箭）而言，各段飞行中的最大轴向受力状态往往出现着各发发发动机工作的末点，即该工作段中的最大速度、最大质量点。
工作,is_a,最大速度,DOC005,1776,一般而言，在动力交换阶段内的变化不是增大的，之后由于增的影响，所以在多段导弹（火箭）而言，各段飞行中的最大轴向受力状态往往出现着各发发发动机工作的末点，即该工作段中的最大速度、最大质量点。
工作,is_a,质量,DOC005,1776,一般而言，在动力交换阶段内的变化不是增大的，之后由于增的影响，所以在多段导弹（火箭）而言，各段飞行中的最大轴向受力状态往往出现着各发发发动机工作的末点，即该工作段中的最大速度、最大质量点。
飞行器,has_component,速度,DOC005,1792,飞行器在运动中，由于速度变化和飞行器姿态变化等因素，横向力将影响飞行器的运动轨迹。
飞行器,has_component,变化,DOC005,1792,飞行器在运动中，由于速度变化和飞行器姿态变化等因素，横向力将影响飞行器的运动轨迹。
首先,is_a,飞行,DOC005,1818,在初步分析中都可以首先进行简单的叠加，即在飞行的程序时载荷输出上叠加动迎误差。
首先,is_a,载荷,DOC005,1818,在初步分析中都可以首先进行简单的叠加，即在飞行的程序时载荷输出上叠加动迎误差。
首先,is_a,输出,DOC005,1818,在初步分析中都可以首先进行简单的叠加，即在飞行的程序时载荷输出上叠加动迎误差。
简单,is_a,飞行,DOC005,1818,在初步分析中都可以首先进行简单的叠加，即在飞行的程序时载荷输出上叠加动迎误差。
简单,is_a,载荷,DOC005,1818,在初步分析中都可以首先进行简单的叠加，即在飞行的程序时载荷输出上叠加动迎误差。
简单,is_a,输出,DOC005,1818,在初步分析中都可以首先进行简单的叠加，即在飞行的程序时载荷输出上叠加动迎误差。
速度,affects,载荷,DOC005,1820,一般来说，全程联举阵风速度可取得很大，如取99%的包络风速，再在此基础上附加10%～15%的其他影响因素的横向载荷。
这里,is_a,为了,DOC005,1828,这里研究的控制不只是前述的程序控制，而且用来控制，即为了纠正现时飞行轨道出现的偏差，或引导控制到某一需要的目标。
这里,is_a,飞行,DOC005,1828,这里研究的控制不只是前述的程序控制，而且用来控制，即为了纠正现时飞行轨道出现的偏差，或引导控制到某一需要的目标。
这里,is_a,轨道,DOC005,1828,这里研究的控制不只是前述的程序控制，而且用来控制，即为了纠正现时飞行轨道出现的偏差，或引导控制到某一需要的目标。
这里,is_a,偏差,DOC005,1828,这里研究的控制不只是前述的程序控制，而且用来控制，即为了纠正现时飞行轨道出现的偏差，或引导控制到某一需要的目标。
这里,is_a,需要,DOC005,1828,这里研究的控制不只是前述的程序控制，而且用来控制，即为了纠正现时飞行轨道出现的偏差，或引导控制到某一需要的目标。
这里,is_a,目标,DOC005,1828,这里研究的控制不只是前述的程序控制，而且用来控制，即为了纠正现时飞行轨道出现的偏差，或引导控制到某一需要的目标。
而且,is_a,为了,DOC005,1828,这里研究的控制不只是前述的程序控制，而且用来控制，即为了纠正现时飞行轨道出现的偏差，或引导控制到某一需要的目标。
而且,is_a,飞行,DOC005,1828,这里研究的控制不只是前述的程序控制，而且用来控制，即为了纠正现时飞行轨道出现的偏差，或引导控制到某一需要的目标。
而且,is_a,轨道,DOC005,1828,这里研究的控制不只是前述的程序控制，而且用来控制，即为了纠正现时飞行轨道出现的偏差，或引导控制到某一需要的目标。
而且,is_a,偏差,DOC005,1828,这里研究的控制不只是前述的程序控制，而且用来控制，即为了纠正现时飞行轨道出现的偏差，或引导控制到某一需要的目标。
而且,is_a,需要,DOC005,1828,这里研究的控制不只是前述的程序控制，而且用来控制，即为了纠正现时飞行轨道出现的偏差，或引导控制到某一需要的目标。
而且,is_a,目标,DOC005,1828,这里研究的控制不只是前述的程序控制，而且用来控制，即为了纠正现时飞行轨道出现的偏差，或引导控制到某一需要的目标。
中的,is_a,作用,DOC005,1839,此时，式（2.3.10）中的（xp-xT）可用于推力方向的延长线与质心所夹的最短距离，即是一个变量，是推力作用点 xp 到质心 xT 之间的距离与 sinδm 之乘积，所以
中的,is_a,之间,DOC005,1839,此时，式（2.3.10）中的（xp-xT）可用于推力方向的延长线与质心所夹的最短距离，即是一个变量，是推力作用点 xp 到质心 xT 之间的距离与 sinδm 之乘积，所以
中的,is_a,的距离,DOC005,1839,此时，式（2.3.10）中的（xp-xT）可用于推力方向的延长线与质心所夹的最短距离，即是一个变量，是推力作用点 xp 到质心 xT 之间的距离与 sinδm 之乘积，所以
可用,is_a,作用,DOC005,1839,此时，式（2.3.10）中的（xp-xT）可用于推力方向的延长线与质心所夹的最短距离，即是一个变量，是推力作用点 xp 到质心 xT 之间的距离与 sinδm 之乘积，所以
可用,is_a,之间,DOC005,1839,此时，式（2.3.10）中的（xp-xT）可用于推力方向的延长线与质心所夹的最短距离，即是一个变量，是推力作用点 xp 到质心 xT 之间的距离与 sinδm 之乘积，所以
可用,is_a,的距离,DOC005,1839,此时，式（2.3.10）中的（xp-xT）可用于推力方向的延长线与质心所夹的最短距离，即是一个变量，是推力作用点 xp 到质心 xT 之间的距离与 sinδm 之乘积，所以
推力,is_a,作用,DOC005,1839,此时，式（2.3.10）中的（xp-xT）可用于推力方向的延长线与质心所夹的最短距离，即是一个变量，是推力作用点 xp 到质心 xT 之间的距离与 sinδm 之乘积，所以
推力,is_a,之间,DOC005,1839,此时，式（2.3.10）中的（xp-xT）可用于推力方向的延长线与质心所夹的最短距离，即是一个变量，是推力作用点 xp 到质心 xT 之间的距离与 sinδm 之乘积，所以
推力,is_a,的距离,DOC005,1839,此时，式（2.3.10）中的（xp-xT）可用于推力方向的延长线与质心所夹的最短距离，即是一个变量，是推力作用点 xp 到质心 xT 之间的距离与 sinδm 之乘积，所以
方向,is_a,作用,DOC005,1839,此时，式（2.3.10）中的（xp-xT）可用于推力方向的延长线与质心所夹的最短距离，即是一个变量，是推力作用点 xp 到质心 xT 之间的距离与 sinδm 之乘积，所以
方向,is_a,之间,DOC005,1839,此时，式（2.3.10）中的（xp-xT）可用于推力方向的延长线与质心所夹的最短距离，即是一个变量，是推力作用点 xp 到质心 xT 之间的距离与 sinδm 之乘积，所以
方向,is_a,的距离,DOC005,1839,此时，式（2.3.10）中的（xp-xT）可用于推力方向的延长线与质心所夹的最短距离，即是一个变量，是推力作用点 xp 到质心 xT 之间的距离与 sinδm 之乘积，所以
质心,is_a,作用,DOC005,1839,此时，式（2.3.10）中的（xp-xT）可用于推力方向的延长线与质心所夹的最短距离，即是一个变量，是推力作用点 xp 到质心 xT 之间的距离与 sinδm 之乘积，所以
质心,is_a,之间,DOC005,1839,此时，式（2.3.10）中的（xp-xT）可用于推力方向的延长线与质心所夹的最短距离，即是一个变量，是推力作用点 xp 到质心 xT 之间的距离与 sinδm 之乘积，所以
质心,is_a,的距离,DOC005,1839,此时，式（2.3.10）中的（xp-xT）可用于推力方向的延长线与质心所夹的最短距离，即是一个变量，是推力作用点 xp 到质心 xT 之间的距离与 sinδm 之乘积，所以
距离,is_a,作用,DOC005,1839,此时，式（2.3.10）中的（xp-xT）可用于推力方向的延长线与质心所夹的最短距离，即是一个变量，是推力作用点 xp 到质心 xT 之间的距离与 sinδm 之乘积，所以
距离,is_a,之间,DOC005,1839,此时，式（2.3.10）中的（xp-xT）可用于推力方向的延长线与质心所夹的最短距离，即是一个变量，是推力作用点 xp 到质心 xT 之间的距离与 sinδm 之乘积，所以
距离,is_a,的距离,DOC005,1839,此时，式（2.3.10）中的（xp-xT）可用于推力方向的延长线与质心所夹的最短距离，即是一个变量，是推力作用点 xp 到质心 xT 之间的距离与 sinδm 之乘积，所以
根据,part_of,变化,DOC005,1840,根据 ΔM 可以算出导弹偏航角的转动角速度 ε＝ΔM/J，于是，导弹在该瞬间的进境被设为 x 方向及总过程中所开以为分的偏航又事分为其角速度的偏航角度变化
偏航角,part_of,变化,DOC005,1840,根据 ΔM 可以算出导弹偏航角的转动角速度 ε＝ΔM/J，于是，导弹在该瞬间的进境被设为 x 方向及总过程中所开以为分的偏航又事分为其角速度的偏航角度变化
转动,part_of,变化,DOC005,1840,根据 ΔM 可以算出导弹偏航角的转动角速度 ε＝ΔM/J，于是，导弹在该瞬间的进境被设为 x 方向及总过程中所开以为分的偏航又事分为其角速度的偏航角度变化
角速度,part_of,变化,DOC005,1840,根据 ΔM 可以算出导弹偏航角的转动角速度 ε＝ΔM/J，于是，导弹在该瞬间的进境被设为 x 方向及总过程中所开以为分的偏航又事分为其角速度的偏航角度变化
控制系统,has_component,系数,DOC005,1868,由于 bang-bang 控制，或者适应控制系统，由于控制系统的过调系数近于 1，因此，进入机动的转衕情况，退化为机动平衡情况。
机动,part_of,飞行器,DOC005,1880,在以往的设计中有两种极限的作法，其一是认为导弹处在机动平衡之后退出机动，另一种是考虑飞行器进入机动与退出机动动作相连。
平衡,part_of,飞行器,DOC005,1880,在以往的设计中有两种极限的作法，其一是认为导弹处在机动平衡之后退出机动，另一种是考虑飞行器进入机动与退出机动动作相连。
之后,part_of,飞行器,DOC005,1880,在以往的设计中有两种极限的作法，其一是认为导弹处在机动平衡之后退出机动，另一种是考虑飞行器进入机动与退出机动动作相连。
机动,is_a,情况下,DOC005,1887,退出机动的起点是在αc即情况下偏角由θm¯下降到α0。
机动,is_a,下降,DOC005,1887,退出机动的起点是在αc即情况下偏角由θm¯下降到α0。
实际上,is_a,情况,DOC005,1900,实际上，进出机动也是一种常型的突偏值情况。
机动,is_a,情况,DOC005,1900,实际上，进出机动也是一种常型的突偏值情况。
机动,is_a,平衡,DOC005,1948,上述的机动飞行后的 3）、4）、5）三个特征点，每个点都含有三种状态，即进入机动状态、平衡机动状态和退出机动状态。
飞行,is_a,平衡,DOC005,1948,上述的机动飞行后的 3）、4）、5）三个特征点，每个点都含有三种状态，即进入机动状态、平衡机动状态和退出机动状态。
状态,is_a,平衡,DOC005,1948,上述的机动飞行后的 3）、4）、5）三个特征点，每个点都含有三种状态，即进入机动状态、平衡机动状态和退出机动状态。
最大,is_a,升力,DOC005,1960,例如，典型弹道的最大浩向载荷Y\_{max}（即总升力）为
载荷,is_a,升力,DOC005,1960,例如，典型弹道的最大浩向载荷Y\_{max}（即总升力）为
曲线,is_a,方向,DOC005,1965,这样，沿弹道计算并找出 n\_{max}G曲线的最大点A，即找出了弹道方向过载最大的弹道点和时间t\_{A}；
曲线,is_a,过载,DOC005,1965,这样，沿弹道计算并找出 n\_{max}G曲线的最大点A，即找出了弹道方向过载最大的弹道点和时间t\_{A}；
最大,is_a,方向,DOC005,1965,这样，沿弹道计算并找出 n\_{max}G曲线的最大点A，即找出了弹道方向过载最大的弹道点和时间t\_{A}；
最大,is_a,过载,DOC005,1965,这样，沿弹道计算并找出 n\_{max}G曲线的最大点A，即找出了弹道方向过载最大的弹道点和时间t\_{A}；
载荷,part_of,飞行器,DOC005,1976,载荷计算是指在各种受载情况下，对作用在飞行器上的气动力、发动机推力、惯性力、重力以及由液力之间所联产生的计算。
载荷,part_of,飞行器结构设计,DOC005,1978,载荷分析结果是飞行器结构设计的主要依据之一。
载荷,part_of,变形,DOC005,1988,由于结构静力学或载荷一般属于小变形，故此假设对静载荷的计算是可行的，但在计算结构动力强度（包括振动和动力性分析时），会导致较大的误差，甚至会产生质量上的错误。
变形,has_component,振动,DOC005,1988,由于结构静力学或载荷一般属于小变形，故此假设对静载荷的计算是可行的，但在计算结构动力强度（包括振动和动力性分析时），会导致较大的误差，甚至会产生质量上的错误。
平衡,part_of,飞行器,DOC005,1991,平衡原则是确定飞行器整体、部件及零件的外力时所必须遵守的原则。
载荷,part_of,发动机,DOC005,2013,载荷计算的原始数据是：导弹（火箭）的总体设计数据（战术技术指标、质量、质心和转动惯量、部位安排等），发动机计算数据，弹道计算数据以及系统参数数据；
数据,part_of,发动机,DOC005,2013,载荷计算的原始数据是：导弹（火箭）的总体设计数据（战术技术指标、质量、质心和转动惯量、部位安排等），发动机计算数据，弹道计算数据以及系统参数数据；
为了,is_a,求出,DOC005,2026,为了对结构进行设计和强度分析，必须确定结构在外载荷作用下的内力及其分布，即求出弹（筒）体各横截面上的轴向力、剪力和弯矩等。
为了,is_a,轴向力,DOC005,2026,为了对结构进行设计和强度分析，必须确定结构在外载荷作用下的内力及其分布，即求出弹（筒）体各横截面上的轴向力、剪力和弯矩等。
为了,is_a,弯矩,DOC005,2026,为了对结构进行设计和强度分析，必须确定结构在外载荷作用下的内力及其分布，即求出弹（筒）体各横截面上的轴向力、剪力和弯矩等。
强度,is_a,求出,DOC005,2026,为了对结构进行设计和强度分析，必须确定结构在外载荷作用下的内力及其分布，即求出弹（筒）体各横截面上的轴向力、剪力和弯矩等。
强度,is_a,轴向力,DOC005,2026,为了对结构进行设计和强度分析，必须确定结构在外载荷作用下的内力及其分布，即求出弹（筒）体各横截面上的轴向力、剪力和弯矩等。
强度,is_a,弯矩,DOC005,2026,为了对结构进行设计和强度分析，必须确定结构在外载荷作用下的内力及其分布，即求出弹（筒）体各横截面上的轴向力、剪力和弯矩等。
确定,is_a,求出,DOC005,2026,为了对结构进行设计和强度分析，必须确定结构在外载荷作用下的内力及其分布，即求出弹（筒）体各横截面上的轴向力、剪力和弯矩等。
确定,is_a,轴向力,DOC005,2026,为了对结构进行设计和强度分析，必须确定结构在外载荷作用下的内力及其分布，即求出弹（筒）体各横截面上的轴向力、剪力和弯矩等。
确定,is_a,弯矩,DOC005,2026,为了对结构进行设计和强度分析，必须确定结构在外载荷作用下的内力及其分布，即求出弹（筒）体各横截面上的轴向力、剪力和弯矩等。
载荷,is_a,求出,DOC005,2026,为了对结构进行设计和强度分析，必须确定结构在外载荷作用下的内力及其分布，即求出弹（筒）体各横截面上的轴向力、剪力和弯矩等。
载荷,is_a,轴向力,DOC005,2026,为了对结构进行设计和强度分析，必须确定结构在外载荷作用下的内力及其分布，即求出弹（筒）体各横截面上的轴向力、剪力和弯矩等。
载荷,is_a,弯矩,DOC005,2026,为了对结构进行设计和强度分析，必须确定结构在外载荷作用下的内力及其分布，即求出弹（筒）体各横截面上的轴向力、剪力和弯矩等。
作用,is_a,求出,DOC005,2026,为了对结构进行设计和强度分析，必须确定结构在外载荷作用下的内力及其分布，即求出弹（筒）体各横截面上的轴向力、剪力和弯矩等。
作用,is_a,轴向力,DOC005,2026,为了对结构进行设计和强度分析，必须确定结构在外载荷作用下的内力及其分布，即求出弹（筒）体各横截面上的轴向力、剪力和弯矩等。
作用,is_a,弯矩,DOC005,2026,为了对结构进行设计和强度分析，必须确定结构在外载荷作用下的内力及其分布，即求出弹（筒）体各横截面上的轴向力、剪力和弯矩等。
分布,is_a,求出,DOC005,2026,为了对结构进行设计和强度分析，必须确定结构在外载荷作用下的内力及其分布，即求出弹（筒）体各横截面上的轴向力、剪力和弯矩等。
分布,is_a,轴向力,DOC005,2026,为了对结构进行设计和强度分析，必须确定结构在外载荷作用下的内力及其分布，即求出弹（筒）体各横截面上的轴向力、剪力和弯矩等。
分布,is_a,弯矩,DOC005,2026,为了对结构进行设计和强度分析，必须确定结构在外载荷作用下的内力及其分布，即求出弹（筒）体各横截面上的轴向力、剪力和弯矩等。
材料,is_a,求出,DOC005,2039,运用材料力学中的切面法，根据内力与外力的平衡条件，即可求出剪力 1 － 1 的内力，其表达式为
材料,is_a,其表达式为,DOC005,2039,运用材料力学中的切面法，根据内力与外力的平衡条件，即可求出剪力 1 － 1 的内力，其表达式为
中的,is_a,求出,DOC005,2039,运用材料力学中的切面法，根据内力与外力的平衡条件，即可求出剪力 1 － 1 的内力，其表达式为
中的,is_a,其表达式为,DOC005,2039,运用材料力学中的切面法，根据内力与外力的平衡条件，即可求出剪力 1 － 1 的内力，其表达式为
根据,is_a,求出,DOC005,2039,运用材料力学中的切面法，根据内力与外力的平衡条件，即可求出剪力 1 － 1 的内力，其表达式为
根据,is_a,其表达式为,DOC005,2039,运用材料力学中的切面法，根据内力与外力的平衡条件，即可求出剪力 1 － 1 的内力，其表达式为
平衡,is_a,求出,DOC005,2039,运用材料力学中的切面法，根据内力与外力的平衡条件，即可求出剪力 1 － 1 的内力，其表达式为
平衡,is_a,其表达式为,DOC005,2039,运用材料力学中的切面法，根据内力与外力的平衡条件，即可求出剪力 1 － 1 的内力，其表达式为
条件,is_a,求出,DOC005,2039,运用材料力学中的切面法，根据内力与外力的平衡条件，即可求出剪力 1 － 1 的内力，其表达式为
条件,is_a,其表达式为,DOC005,2039,运用材料力学中的切面法，根据内力与外力的平衡条件，即可求出剪力 1 － 1 的内力，其表达式为
算法,part_of,弹簧,DOC005,2051,具体算法是：把弹簧沿高度分为n段，取段为ΔZ。
变化,has_component,气动,DOC005,2092,图中各段上连续变化的力是由分布质量和气动作用力引起的。
载荷,is_a,所谓,DOC005,2161,实践经验表明，导弹（火箭）的某些结构件所承受的载荷比较静力学方法计算出来的要求，这些较大的载荷是由惯性力和结构弹性引起的，即所谓动载荷。
比较,is_a,所谓,DOC005,2161,实践经验表明，导弹（火箭）的某些结构件所承受的载荷比较静力学方法计算出来的要求，这些较大的载荷是由惯性力和结构弹性引起的，即所谓动载荷。
计算出,is_a,所谓,DOC005,2161,实践经验表明，导弹（火箭）的某些结构件所承受的载荷比较静力学方法计算出来的要求，这些较大的载荷是由惯性力和结构弹性引起的，即所谓动载荷。
的要求,is_a,所谓,DOC005,2161,实践经验表明，导弹（火箭）的某些结构件所承受的载荷比较静力学方法计算出来的要求，这些较大的载荷是由惯性力和结构弹性引起的，即所谓动载荷。
这些,is_a,所谓,DOC005,2161,实践经验表明，导弹（火箭）的某些结构件所承受的载荷比较静力学方法计算出来的要求，这些较大的载荷是由惯性力和结构弹性引起的，即所谓动载荷。
发动机,has_component,分离,DOC005,2165,1）用于除压的两级性的激励主要有火焰推力、发动机推力、火箭发动机两处的内压动，起飞碎放、机动飞行（包括飞行中操作）、缓闭分离、火工品事件等。
卫星,part_of,航天器,DOC005,2186,人造卫星是典型的航天器，本节也卫星为例介绍航天器的载荷分析。
载荷,part_of,变化,DOC005,2258,静载荷分析是确定在缓慢变化的环境事件作用下结构静部产生的载荷。
载荷,part_of,变化,DOC005,2284,动载荷分析是确定在迅速变化的环境事件作用下在卫星结构部件上所产生的载荷。
物理,is_a,连续,DOC005,2339,物理模型是把卫星实际的结构划分成若干个单元类型的单元结构，即将卫星的连续结构做数学方法处理。
卫星,is_a,连续,DOC005,2339,物理模型是把卫星实际的结构划分成若干个单元类型的单元结构，即将卫星的连续结构做数学方法处理。
实际,is_a,连续,DOC005,2339,物理模型是把卫星实际的结构划分成若干个单元类型的单元结构，即将卫星的连续结构做数学方法处理。
可以得到,is_a,状态,DOC005,2345,对数学模型中弯曲变换方程的输入可以得到各方向的频率范围内能获得卫星整星的动力特征，即应包括卫星整体状态、关键子系统和部件的力学响应。
可以得到,is_a,部件,DOC005,2345,对数学模型中弯曲变换方程的输入可以得到各方向的频率范围内能获得卫星整星的动力特征，即应包括卫星整体状态、关键子系统和部件的力学响应。
方向,is_a,状态,DOC005,2345,对数学模型中弯曲变换方程的输入可以得到各方向的频率范围内能获得卫星整星的动力特征，即应包括卫星整体状态、关键子系统和部件的力学响应。
方向,is_a,部件,DOC005,2345,对数学模型中弯曲变换方程的输入可以得到各方向的频率范围内能获得卫星整星的动力特征，即应包括卫星整体状态、关键子系统和部件的力学响应。
范围,is_a,状态,DOC005,2345,对数学模型中弯曲变换方程的输入可以得到各方向的频率范围内能获得卫星整星的动力特征，即应包括卫星整体状态、关键子系统和部件的力学响应。
范围,is_a,部件,DOC005,2345,对数学模型中弯曲变换方程的输入可以得到各方向的频率范围内能获得卫星整星的动力特征，即应包括卫星整体状态、关键子系统和部件的力学响应。
获得,is_a,状态,DOC005,2345,对数学模型中弯曲变换方程的输入可以得到各方向的频率范围内能获得卫星整星的动力特征，即应包括卫星整体状态、关键子系统和部件的力学响应。
获得,is_a,部件,DOC005,2345,对数学模型中弯曲变换方程的输入可以得到各方向的频率范围内能获得卫星整星的动力特征，即应包括卫星整体状态、关键子系统和部件的力学响应。
卫星,is_a,状态,DOC005,2345,对数学模型中弯曲变换方程的输入可以得到各方向的频率范围内能获得卫星整星的动力特征，即应包括卫星整体状态、关键子系统和部件的力学响应。
卫星,is_a,部件,DOC005,2345,对数学模型中弯曲变换方程的输入可以得到各方向的频率范围内能获得卫星整星的动力特征，即应包括卫星整体状态、关键子系统和部件的力学响应。
动力,is_a,状态,DOC005,2345,对数学模型中弯曲变换方程的输入可以得到各方向的频率范围内能获得卫星整星的动力特征，即应包括卫星整体状态、关键子系统和部件的力学响应。
动力,is_a,部件,DOC005,2345,对数学模型中弯曲变换方程的输入可以得到各方向的频率范围内能获得卫星整星的动力特征，即应包括卫星整体状态、关键子系统和部件的力学响应。
数据,affects,载荷,DOC005,2359,"在发动登全人机阶段发动合力分析的力应数据的作用于运载火箭,动力载荷分析必须用工里/"
航天飞机,has_component,载荷,DOC005,2423,"如航天飞机在上升阶段由稳态载荷与再短期振动载荷组合, 当静负回时由稳态载荷与热载荷组合。"
航天飞机,has_component,振动,DOC005,2423,"如航天飞机在上升阶段由稳态载荷与再短期振动载荷组合, 当静负回时由稳态载荷与热载荷组合。"
结构设计,has_component,安全系数,DOC005,2524,在现代寻导(火箭)结构设计中，由于许多设计因素基本上都已掌握，为了充分发挥先进材料的作用，建筑一般采用最小安全系数来计算。
缺点,part_of,飞行器,DOC005,2533,"更重要的缺点是传统安全因数不能科学地反映飞行器的工作环境、结构和材料等方面的性能参数的分散性和统计特性，涉及靠性设计时采用更可靠设计体系表达, 这一相应将有规律的可靠性保证结构的可靠性。"
强度,part_of,飞行器结构设计,DOC005,2579,强度分析是飞行器结构设计的一个重要环节。
飞行器,has_component,应变,DOC005,2586,飞行器结构强度分析可分为强度分析（包括应力、应变和稳定性）、动强度分析（包括振动、冲击等情况）、强度寿命分析（包括疲劳和寿命）及残余强度分析。
飞行器,has_component,振动,DOC005,2586,飞行器结构强度分析可分为强度分析（包括应力、应变和稳定性）、动强度分析（包括振动、冲击等情况）、强度寿命分析（包括疲劳和寿命）及残余强度分析。
方案设计,part_of,结构设计,DOC005,2672,在方案设计阶段，材料选择与工艺要求等必须综合考虑，因此，结构方案设计是结构设计过程中的十分重要的技术关键。
阶段,part_of,结构设计,DOC005,2672,在方案设计阶段，材料选择与工艺要求等必须综合考虑，因此，结构方案设计是结构设计过程中的十分重要的技术关键。
材料,part_of,结构设计,DOC005,2672,在方案设计阶段，材料选择与工艺要求等必须综合考虑，因此，结构方案设计是结构设计过程中的十分重要的技术关键。
选择,part_of,结构设计,DOC005,2672,在方案设计阶段，材料选择与工艺要求等必须综合考虑，因此，结构方案设计是结构设计过程中的十分重要的技术关键。
工艺,part_of,结构设计,DOC005,2672,在方案设计阶段，材料选择与工艺要求等必须综合考虑，因此，结构方案设计是结构设计过程中的十分重要的技术关键。
要求,part_of,结构设计,DOC005,2672,在方案设计阶段，材料选择与工艺要求等必须综合考虑，因此，结构方案设计是结构设计过程中的十分重要的技术关键。
结构设计,has_component,分离,DOC005,2681,因此，弹（箭）结构设计应当与总体设计紧密配合，在保证总体设计技术要求的前提下，导弹结构各组成部分在分离面设计，结构形式、受力传作用等方面的最佳布局与合理设计。
结构设计,has_component,结构形式,DOC005,2681,因此，弹（箭）结构设计应当与总体设计紧密配合，在保证总体设计技术要求的前提下，导弹结构各组成部分在分离面设计，结构形式、受力传作用等方面的最佳布局与合理设计。
质量,is_a,质心,DOC005,2704,5）全弹（箭）质量特性分析，即全弹（箭）质量、质心、转动惯量的分析。
质量,is_a,转动,DOC005,2704,5）全弹（箭）质量特性分析，即全弹（箭）质量、质心、转动惯量的分析。
特性,is_a,质心,DOC005,2704,5）全弹（箭）质量特性分析，即全弹（箭）质量、质心、转动惯量的分析。
特性,is_a,转动,DOC005,2704,5）全弹（箭）质量特性分析，即全弹（箭）质量、质心、转动惯量的分析。
要求,part_of,结构设计,DOC005,2725,1）弹（箭）体结构必须满足总体设计提出的技术要求，特别是结构设计技术要求，在规定的使用条件下，弹（箭）舱段各部结构都必须满足作用于其上的载荷要求。
弹簧,uses_method,折叠,DOC005,2889,2）当导弹采用箱式或式弹簧式时应采用折叠翼面。
翼面,has_component,相对厚度,DOC005,2890,3）翼面的结构形式选择主要由外载大小、相对厚度、翼型形式、质量大小、固有频率与刚度要求决定。
翼面,has_component,翼型,DOC005,2890,3）翼面的结构形式选择主要由外载大小、相对厚度、翼型形式、质量大小、固有频率与刚度要求决定。
翼面,has_component,刚度要求,DOC005,2890,3）翼面的结构形式选择主要由外载大小、相对厚度、翼型形式、质量大小、固有频率与刚度要求决定。
结构形式,has_component,相对厚度,DOC005,2890,3）翼面的结构形式选择主要由外载大小、相对厚度、翼型形式、质量大小、固有频率与刚度要求决定。
结构形式,has_component,翼型,DOC005,2890,3）翼面的结构形式选择主要由外载大小、相对厚度、翼型形式、质量大小、固有频率与刚度要求决定。
结构形式,has_component,刚度要求,DOC005,2890,3）翼面的结构形式选择主要由外载大小、相对厚度、翼型形式、质量大小、固有频率与刚度要求决定。
设备,part_of,结构设计,DOC005,2896,弹（筒）装载设备布置通常是与总体设计、结构设计，控制系统设计以及进行的，在往需要及修改。
通常,part_of,结构设计,DOC005,2896,弹（筒）装载设备布置通常是与总体设计、结构设计，控制系统设计以及进行的，在往需要及修改。
工作,part_of,发动机,DOC005,2911,其功能随子级工作结果而失去作用，分别布置在属于子级的舱段（如段间隔、尾段或发动机外壳封装上便于适用地轨。
作用,part_of,发动机,DOC005,2911,其功能随子级工作结果而失去作用，分别布置在属于子级的舱段（如段间隔、尾段或发动机外壳封装上便于适用地轨。
推力,is_a,质心,DOC005,2953,当推力不对称时，要求即推器的推力通过全弹（箭）的质心，一般贯穿做保不大于20°；
推力,is_a,20°,DOC005,2953,当推力不对称时，要求即推器的推力通过全弹（箭）的质心，一般贯穿做保不大于20°；
对称,is_a,质心,DOC005,2953,当推力不对称时，要求即推器的推力通过全弹（箭）的质心，一般贯穿做保不大于20°；
对称,is_a,20°,DOC005,2953,当推力不对称时，要求即推器的推力通过全弹（箭）的质心，一般贯穿做保不大于20°；
要求,is_a,质心,DOC005,2953,当推力不对称时，要求即推器的推力通过全弹（箭）的质心，一般贯穿做保不大于20°；
要求,is_a,20°,DOC005,2953,当推力不对称时，要求即推器的推力通过全弹（箭）的质心，一般贯穿做保不大于20°；
分离,part_of,变化,DOC005,2955,此类分离形式通常有翼装导弹（例如地空弹、海防弹）应用较多，总的来说，一般是在串联惯滑（箭）时的长轴比过去大、质心变化在大时采用。
通常,part_of,变化,DOC005,2955,此类分离形式通常有翼装导弹（例如地空弹、海防弹）应用较多，总的来说，一般是在串联惯滑（箭）时的长轴比过去大、质心变化在大时采用。
应用,part_of,变化,DOC005,2955,此类分离形式通常有翼装导弹（例如地空弹、海防弹）应用较多，总的来说，一般是在串联惯滑（箭）时的长轴比过去大、质心变化在大时采用。
总的来说,part_of,变化,DOC005,2955,此类分离形式通常有翼装导弹（例如地空弹、海防弹）应用较多，总的来说，一般是在串联惯滑（箭）时的长轴比过去大、质心变化在大时采用。
分离,is_a,工作,DOC005,2964,热分离指下方级发动机推力尚未消失，上面级发功即将点火工作，当其推动推工产生一定推力时将“上级及被分离”结构推开并由推开力将动力分离。
分离,is_a,产生,DOC005,2964,热分离指下方级发动机推力尚未消失，上面级发功即将点火工作，当其推动推工产生一定推力时将“上级及被分离”结构推开并由推开力将动力分离。
分离,is_a,推力,DOC005,2964,热分离指下方级发动机推力尚未消失，上面级发功即将点火工作，当其推动推工产生一定推力时将“上级及被分离”结构推开并由推开力将动力分离。
分离,is_a,动力,DOC005,2964,热分离指下方级发动机推力尚未消失，上面级发功即将点火工作，当其推动推工产生一定推力时将“上级及被分离”结构推开并由推开力将动力分离。
发动机推力,is_a,工作,DOC005,2964,热分离指下方级发动机推力尚未消失，上面级发功即将点火工作，当其推动推工产生一定推力时将“上级及被分离”结构推开并由推开力将动力分离。
发动机推力,is_a,产生,DOC005,2964,热分离指下方级发动机推力尚未消失，上面级发功即将点火工作，当其推动推工产生一定推力时将“上级及被分离”结构推开并由推开力将动力分离。
发动机推力,is_a,推力,DOC005,2964,热分离指下方级发动机推力尚未消失，上面级发功即将点火工作，当其推动推工产生一定推力时将“上级及被分离”结构推开并由推开力将动力分离。
发动机推力,is_a,动力,DOC005,2964,热分离指下方级发动机推力尚未消失，上面级发功即将点火工作，当其推动推工产生一定推力时将“上级及被分离”结构推开并由推开力将动力分离。
分离,is_a,作用,DOC005,2985,②分离中间套键设置：采用何种多的还是或完成头体分离，即采用反推火箭或正推气装作用在弹体上。
分离,is_a,在弹,DOC005,2985,②分离中间套键设置：采用何种多的还是或完成头体分离，即采用反推火箭或正推气装作用在弹体上。
通常,part_of,发动机,DOC005,2997,通常是在导弹末级发动机前端设置反推火箭作用分离冲击装置，采用无导爆炸药来解锁装置，并在母舱与发动机间设计导轨（见图3.1.13）或滚轮导轨等辅助驱动高构件。
通常,part_of,分离,DOC005,2997,通常是在导弹末级发动机前端设置反推火箭作用分离冲击装置，采用无导爆炸药来解锁装置，并在母舱与发动机间设计导轨（见图3.1.13）或滚轮导轨等辅助驱动高构件。
优点,part_of,分离,DOC005,3015,其优点是皆有导向装置，分离冲程大，但可靠性比一个火箭低。
分离,part_of,结构简单,DOC005,3019,头罩整体分离的优点是头罩结构简单，分离面小，但分离面在头罩底部，倾斜后的头罩只能沿轴向前抛出后再同向运动实现分离，以致不能直接脱离于弹头。
优点,part_of,结构简单,DOC005,3019,头罩整体分离的优点是头罩结构简单，分离面小，但分离面在头罩底部，倾斜后的头罩只能沿轴向前抛出后再同向运动实现分离，以致不能直接脱离于弹头。
分离,part_of,分离时,DOC005,3021,2）两半单罩开倒向平移分离离：此种方案的特点是头罩增加了沿分线的横向分离面，分离时首先轴向分离倾段，紧接着横向分离面分离，把头罩切成两半平半回时，将两半单罩向外（侧）推进，并由于两半平分罩的旋转角加速起离线较快，故称平分罩，如图3.1.15(a)所示。
方案,part_of,分离时,DOC005,3021,2）两半单罩开倒向平移分离离：此种方案的特点是头罩增加了沿分线的横向分离面，分离时首先轴向分离倾段，紧接着横向分离面分离，把头罩切成两半平半回时，将两半单罩向外（侧）推进，并由于两半平分罩的旋转角加速起离线较快，故称平分罩，如图3.1.15(a)所示。
特点,part_of,分离时,DOC005,3021,2）两半单罩开倒向平移分离离：此种方案的特点是头罩增加了沿分线的横向分离面，分离时首先轴向分离倾段，紧接着横向分离面分离，把头罩切成两半平半回时，将两半单罩向外（侧）推进，并由于两半平分罩的旋转角加速起离线较快，故称平分罩，如图3.1.15(a)所示。
其他,part_of,分离,DOC005,3024,其他点是技术成熟，缺点是分离装置需要片用一定空间，结构重量较大。
其他,part_of,结构重量,DOC005,3024,其他点是技术成熟，缺点是分离装置需要片用一定空间，结构重量较大。
缺点,part_of,分离,DOC005,3024,其他点是技术成熟，缺点是分离装置需要片用一定空间，结构重量较大。
缺点,part_of,结构重量,DOC005,3024,其他点是技术成熟，缺点是分离装置需要片用一定空间，结构重量较大。
这种,part_of,分离时,DOC005,3053,这种分离方式的优点是：头罩有效截取头罩体结构灵活性高，分离时间可利用导轨加速度来实现分离运动的部件，由而分离间隙相对较小。
分离,part_of,分离时,DOC005,3053,这种分离方式的优点是：头罩有效截取头罩体结构灵活性高，分离时间可利用导轨加速度来实现分离运动的部件，由而分离间隙相对较小。
方式,part_of,分离时,DOC005,3053,这种分离方式的优点是：头罩有效截取头罩体结构灵活性高，分离时间可利用导轨加速度来实现分离运动的部件，由而分离间隙相对较小。
优点,part_of,分离时,DOC005,3053,这种分离方式的优点是：头罩有效截取头罩体结构灵活性高，分离时间可利用导轨加速度来实现分离运动的部件，由而分离间隙相对较小。
分离,part_of,弹簧,DOC005,3055,头部蓬盖罩分离方式和分离系统结构方案的选择，主要是根据总体设计要求、弹簧(箭)和头罩外形尺寸、头罩内腔空间尺寸、制造工艺和技术水平等条件，通过分析论证确定。
方式,part_of,弹簧,DOC005,3055,头部蓬盖罩分离方式和分离系统结构方案的选择，主要是根据总体设计要求、弹簧(箭)和头罩外形尺寸、头罩内腔空间尺寸、制造工艺和技术水平等条件，通过分析论证确定。
方案,part_of,弹簧,DOC005,3055,头部蓬盖罩分离方式和分离系统结构方案的选择，主要是根据总体设计要求、弹簧(箭)和头罩外形尺寸、头罩内腔空间尺寸、制造工艺和技术水平等条件，通过分析论证确定。
选择,part_of,弹簧,DOC005,3055,头部蓬盖罩分离方式和分离系统结构方案的选择，主要是根据总体设计要求、弹簧(箭)和头罩外形尺寸、头罩内腔空间尺寸、制造工艺和技术水平等条件，通过分析论证确定。
这时,is_a,实现,DOC005,3170,原来的器加×上H2就会减少，如图3.1.24(b)所示，这时电池的高度由原来的H1变为H2，即可实现由
高度,is_a,实现,DOC005,3170,原来的器加×上H2就会减少，如图3.1.24(b)所示，这时电池的高度由原来的H1变为H2，即可实现由
变为,is_a,实现,DOC005,3170,原来的器加×上H2就会减少，如图3.1.24(b)所示，这时电池的高度由原来的H1变为H2，即可实现由
需要,part_of,装配,DOC005,3201,需要强调的是，结构协调工作应贯穿于研制全过程，特别是在装配阶段要不断优化调整方案。
工作,part_of,装配,DOC005,3201,需要强调的是，结构协调工作应贯穿于研制全过程，特别是在装配阶段要不断优化调整方案。
过程,part_of,装配,DOC005,3201,需要强调的是，结构协调工作应贯穿于研制全过程，特别是在装配阶段要不断优化调整方案。
航天器,supports_mission,任务,DOC005,3314,航天器的构型设计要根据航天器系统方案决策，充分考虑各种系统的外部载荷、密封特性、尺寸、可制造性、可操作性、热控、电磁兼容性、装配和操作工艺性等多方面要求，还要满足任务和需求等，进行综合设计。
载荷,supports_mission,任务,DOC005,3314,航天器的构型设计要根据航天器系统方案决策，充分考虑各种系统的外部载荷、密封特性、尺寸、可制造性、可操作性、热控、电磁兼容性、装配和操作工艺性等多方面要求，还要满足任务和需求等，进行综合设计。
装配,supports_mission,任务,DOC005,3314,航天器的构型设计要根据航天器系统方案决策，充分考虑各种系统的外部载荷、密封特性、尺寸、可制造性、可操作性、热控、电磁兼容性、装配和操作工艺性等多方面要求，还要满足任务和需求等，进行综合设计。
选择,part_of,航天器结构设计,DOC005,3325,它们的选择与航天器任务要求和系统设计要素有关，特别是与航天器结构设计有直接关系。
航天器,part_of,航天器结构设计,DOC005,3325,它们的选择与航天器任务要求和系统设计要素有关，特别是与航天器结构设计有直接关系。
任务,part_of,航天器结构设计,DOC005,3325,它们的选择与航天器任务要求和系统设计要素有关，特别是与航天器结构设计有直接关系。
要求,part_of,航天器结构设计,DOC005,3325,它们的选择与航天器任务要求和系统设计要素有关，特别是与航天器结构设计有直接关系。
有关,part_of,航天器结构设计,DOC005,3325,它们的选择与航天器任务要求和系统设计要素有关，特别是与航天器结构设计有直接关系。
航天器,is_a,方案,DOC005,3329,航天器构型设计和结构设计的“点”（即设计方案的基本组成）就构成了航天器结构构型；
结构设计,is_a,方案,DOC005,3329,航天器构型设计和结构设计的“点”（即设计方案的基本组成）就构成了航天器结构构型；
结构设计,has_component,尺寸,DOC005,3334,另一方面也可以了解获得对结构设计更有利的合逻辑机构类型，包括合理的结构形状、尺寸和布局等，从而在确定航天器构型设计时打下良好的基础。
结构设计,has_component,航天器,DOC005,3334,另一方面也可以了解获得对结构设计更有利的合逻辑机构类型，包括合理的结构形状、尺寸和布局等，从而在确定航天器构型设计时打下良好的基础。
结构形式,has_component,杆系结构,DOC005,3342,结构形式是指组成结构的具体方式，例如，杆系结构可采用桁架或梁式结构形式和不同的杆件配置方式等；
结构设计,has_component,尺寸,DOC005,3457,一般可通过以下内容来确定结构设计方案的可行性与优选性：包括结构的整体布置、构件形式、尺寸范围、材料与工艺、连接方式等。
飞行器,part_of,飞行器结构设计,DOC005,3510,飞行器的结构材料是飞行器结构设计必需的物质基础。
材料,part_of,飞行器结构设计,DOC005,3510,飞行器的结构材料是飞行器结构设计必需的物质基础。
飞行器,has_component,密度,DOC005,3530,现阶段在飞行器结构材料中应用的复合材料比以往有所增加，同时由于其密度低、比强度高等优点，其应用更为广泛。
材料,is_a,随着,DOC005,3541,另外，材料的强度值还需考虑其在不同温度条件下的变化，即材料的抗拉、抗压、抗弯强度会随着温度升高而降低，因此材料的选用要考虑温度环境。
材料,is_a,降低,DOC005,3541,另外，材料的强度值还需考虑其在不同温度条件下的变化，即材料的抗拉、抗压、抗弯强度会随着温度升高而降低，因此材料的选用要考虑温度环境。
材料,is_a,环境,DOC005,3541,另外，材料的强度值还需考虑其在不同温度条件下的变化，即材料的抗拉、抗压、抗弯强度会随着温度升高而降低，因此材料的选用要考虑温度环境。
强度,is_a,随着,DOC005,3541,另外，材料的强度值还需考虑其在不同温度条件下的变化，即材料的抗拉、抗压、抗弯强度会随着温度升高而降低，因此材料的选用要考虑温度环境。
强度,is_a,降低,DOC005,3541,另外，材料的强度值还需考虑其在不同温度条件下的变化，即材料的抗拉、抗压、抗弯强度会随着温度升高而降低，因此材料的选用要考虑温度环境。
强度,is_a,环境,DOC005,3541,另外，材料的强度值还需考虑其在不同温度条件下的变化，即材料的抗拉、抗压、抗弯强度会随着温度升高而降低，因此材料的选用要考虑温度环境。
不同,is_a,随着,DOC005,3541,另外，材料的强度值还需考虑其在不同温度条件下的变化，即材料的抗拉、抗压、抗弯强度会随着温度升高而降低，因此材料的选用要考虑温度环境。
不同,is_a,降低,DOC005,3541,另外，材料的强度值还需考虑其在不同温度条件下的变化，即材料的抗拉、抗压、抗弯强度会随着温度升高而降低，因此材料的选用要考虑温度环境。
不同,is_a,环境,DOC005,3541,另外，材料的强度值还需考虑其在不同温度条件下的变化，即材料的抗拉、抗压、抗弯强度会随着温度升高而降低，因此材料的选用要考虑温度环境。
条件,is_a,随着,DOC005,3541,另外，材料的强度值还需考虑其在不同温度条件下的变化，即材料的抗拉、抗压、抗弯强度会随着温度升高而降低，因此材料的选用要考虑温度环境。
条件,is_a,降低,DOC005,3541,另外，材料的强度值还需考虑其在不同温度条件下的变化，即材料的抗拉、抗压、抗弯强度会随着温度升高而降低，因此材料的选用要考虑温度环境。
条件,is_a,环境,DOC005,3541,另外，材料的强度值还需考虑其在不同温度条件下的变化，即材料的抗拉、抗压、抗弯强度会随着温度升高而降低，因此材料的选用要考虑温度环境。
的变化,is_a,随着,DOC005,3541,另外，材料的强度值还需考虑其在不同温度条件下的变化，即材料的抗拉、抗压、抗弯强度会随着温度升高而降低，因此材料的选用要考虑温度环境。
的变化,is_a,降低,DOC005,3541,另外，材料的强度值还需考虑其在不同温度条件下的变化，即材料的抗拉、抗压、抗弯强度会随着温度升高而降低，因此材料的选用要考虑温度环境。
的变化,is_a,环境,DOC005,3541,另外，材料的强度值还需考虑其在不同温度条件下的变化，即材料的抗拉、抗压、抗弯强度会随着温度升高而降低，因此材料的选用要考虑温度环境。
应用,part_of,铝合金,DOC005,3604,硬铝中应用最多的是2A12(LY12)铝合金，常用来制造飞机器结构的骨架、蒙皮、整体铆接结构件。
应用,part_of,飞机,DOC005,3604,硬铝中应用最多的是2A12(LY12)铝合金，常用来制造飞机器结构的骨架、蒙皮、整体铆接结构件。
应用,part_of,蒙皮,DOC005,3604,硬铝中应用最多的是2A12(LY12)铝合金，常用来制造飞机器结构的骨架、蒙皮、整体铆接结构件。
优点,part_of,铝合金,DOC005,3648,镁合金的主要优点是：①密度小，比较合金低于1/3，虽然其强度和弹性模量没有铝合金高，但在较高温度下比铝合金有较好的导热性和电性。
以上,is_a,可得到,DOC005,3658,以上这些问题只要在使用镀合金中，并能随时采取一些注意事项即可得到妥善解决。
这些,is_a,可得到,DOC005,3658,以上这些问题只要在使用镀合金中，并能随时采取一些注意事项即可得到妥善解决。
缺点,part_of,变形,DOC005,3690,"缺点是加工时对变形抗力大,常温下强度不能高。"
碳纤维,part_of,飞行器,DOC005,3720,碳纤维增强树脂复合材料是目前飞行器上最常用的结构复合材料。
复合材料,part_of,飞行器,DOC005,3720,碳纤维增强树脂复合材料是目前飞行器上最常用的结构复合材料。
材料,part_of,飞行器,DOC005,3766,热防护材料一般是用喷涂、刮涂、包覆、粘接等方法使其附着于飞行器结构的表面，防止外界的热量侵入结构体从而起到保护作用。
玻璃,part_of,飞机,DOC005,3784,玻璃/酚醛基增强塑料属于在飞机上使用最早的一种烧蚀隔热材料。
它的,is_a,防热,DOC005,3810,由于碳（石墨）在高温下可直接升华，它的升华热高达50.2MJ/kg，因此，可以带走大量热量，是一种比火焰般的烧蚀防热材料。
它的,is_a,材料,DOC005,3810,由于碳（石墨）在高温下可直接升华，它的升华热高达50.2MJ/kg，因此，可以带走大量热量，是一种比火焰般的烧蚀防热材料。
防热,is_a,基础,DOC005,3824,烧蚀防热涂层是一种以熔掉为基础，加入固化剂、阻燃剂、无机填料等配制而成的涂料，涂层在舱壁基础表面，通常以形成一层厚度适当的炭化层、隔热层等。
防热,is_a,固化,DOC005,3824,烧蚀防热涂层是一种以熔掉为基础，加入固化剂、阻燃剂、无机填料等配制而成的涂料，涂层在舱壁基础表面，通常以形成一层厚度适当的炭化层、隔热层等。
防热,is_a,通常,DOC005,3824,烧蚀防热涂层是一种以熔掉为基础，加入固化剂、阻燃剂、无机填料等配制而成的涂料，涂层在舱壁基础表面，通常以形成一层厚度适当的炭化层、隔热层等。
防热,is_a,形成,DOC005,3824,烧蚀防热涂层是一种以熔掉为基础，加入固化剂、阻燃剂、无机填料等配制而成的涂料，涂层在舱壁基础表面，通常以形成一层厚度适当的炭化层、隔热层等。
防热,is_a,厚度,DOC005,3824,烧蚀防热涂层是一种以熔掉为基础，加入固化剂、阻燃剂、无机填料等配制而成的涂料，涂层在舱壁基础表面，通常以形成一层厚度适当的炭化层、隔热层等。
防热,is_a,隔热层,DOC005,3824,烧蚀防热涂层是一种以熔掉为基础，加入固化剂、阻燃剂、无机填料等配制而成的涂料，涂层在舱壁基础表面，通常以形成一层厚度适当的炭化层、隔热层等。
工作,part_of,变化,DOC005,3826,其工作机理主要是：涂层在高温作用下先发生物理变化，如吸热、分解、挥发和熔融，随后发生化学变化，如炭化和形成隔热层，从而降低热传导和辐射强度，达到防热目的。
工作,part_of,隔热层,DOC005,3826,其工作机理主要是：涂层在高温作用下先发生物理变化，如吸热、分解、挥发和熔融，随后发生化学变化，如炭化和形成隔热层，从而降低热传导和辐射强度，达到防热目的。
材料,part_of,飞行器,DOC005,3858,隔热材料是指一种以低导热性为主要特征的功能材料，它在飞行器上是应用长的一种防护材料。
因为,is_a,材料,DOC005,3866,因为它是一种低导热的材料结构，具有良好的耐温、耐水和吸音性能。
材料,is_a,较好,DOC005,3869,3）软木隔热材料：这种材料具有薄厚均匀、热导率低、弹性好等特点，是一种较好的隔热材料。
这种,is_a,较好,DOC005,3869,3）软木隔热材料：这种材料具有薄厚均匀、热导率低、弹性好等特点，是一种较好的隔热材料。
热导率,is_a,较好,DOC005,3869,3）软木隔热材料：这种材料具有薄厚均匀、热导率低、弹性好等特点，是一种较好的隔热材料。
特点,is_a,较好,DOC005,3869,3）软木隔热材料：这种材料具有薄厚均匀、热导率低、弹性好等特点，是一种较好的隔热材料。
翼面,part_of,飞机,DOC005,3887,翼面是飞机机翼的重要组成部分。
翼面,part_of,机翼,DOC005,3887,翼面是飞机机翼的重要组成部分。
翼面,part_of,的翼型,DOC005,3889,翼面结构设计的任务是根据任务并总体系设计要求的翼型面积形状、翼翼、翼身和对位面质量特性等要求完成全部零部件的分析和设计，并提供完整的图纸和技术文件。
结构设计,part_of,的翼型,DOC005,3889,翼面结构设计的任务是根据任务并总体系设计要求的翼型面积形状、翼翼、翼身和对位面质量特性等要求完成全部零部件的分析和设计，并提供完整的图纸和技术文件。
任务,part_of,的翼型,DOC005,3889,翼面结构设计的任务是根据任务并总体系设计要求的翼型面积形状、翼翼、翼身和对位面质量特性等要求完成全部零部件的分析和设计，并提供完整的图纸和技术文件。
飞机,has_component,尾翼,DOC005,3892,飞机器的翼面是指各种空气动力面，它包括主翼、尾翼（包括安定面、前翼、操纵面(航空面、前翼面等）。
翼面,has_component,尾翼,DOC005,3892,飞机器的翼面是指各种空气动力面，它包括主翼、尾翼（包括安定面、前翼、操纵面(航空面、前翼面等）。
翼面,has_component,蒙皮,DOC005,3922,翼面翼面而言，其结构形式多为梁式结构或整体结构，机翼由几根肋、桁、梁和蒙皮组成，蒙皮形成机翼的工作外表面，具有良好的力学性能。
结构形式,has_component,蒙皮,DOC005,3922,翼面翼面而言，其结构形式多为梁式结构或整体结构，机翼由几根肋、桁、梁和蒙皮组成，蒙皮形成机翼的工作外表面，具有良好的力学性能。
整体结构,has_component,蒙皮,DOC005,3922,翼面翼面而言，其结构形式多为梁式结构或整体结构，机翼由几根肋、桁、梁和蒙皮组成，蒙皮形成机翼的工作外表面，具有良好的力学性能。
机翼,has_component,蒙皮,DOC005,3922,翼面翼面而言，其结构形式多为梁式结构或整体结构，机翼由几根肋、桁、梁和蒙皮组成，蒙皮形成机翼的工作外表面，具有良好的力学性能。
翼梁,has_component,翼面,DOC005,3940,4）翼梁：由冼缘（缘条）和腹板组成，它是梁式翼面的主要纵向受力元件。
翼面,has_component,翼梁,DOC005,3942,因而，翼面上的全部或大部分弯矩、大部分剪力和由扭矩引起的力都要通过翼梁传递到所处的机跨段上。
翼面,has_component,翼梁,DOC005,3947,此翼面是由翼皮、栋条、翼助、翼梁、纵槽及连接件等组成的（见图4.2.1）。
翼梁,has_mechanism,变化,DOC005,3948,翼皮较薄，翼梁很强，栋条弱，翼梁沿翼面最大厚度分布，这种布置能使其具有最大的剖面高度，且沿翼展展方向线形变化，在强度和刚度上都育利。
翼面,has_mechanism,变化,DOC005,3948,翼皮较薄，翼梁很强，栋条弱，翼梁沿翼面最大厚度分布，这种布置能使其具有最大的剖面高度，且沿翼展展方向线形变化，在强度和刚度上都育利。
翼面,has_component,弯矩,DOC005,3973,单式翼面通常支承处，与长待、翼梁条缘条各组成可承受力的壁板，用以承受大部分弯矩。
翼梁,has_component,弯矩,DOC005,3973,单式翼面通常支承处，与长待、翼梁条缘条各组成可承受力的壁板，用以承受大部分弯矩。
翼面,has_component,翼梁,DOC005,3974,桁条布置较密，其截面积与翼翼翼面大组成有等式故的要求可使翼翼面构件或某件成为翼梁结构。
翼面,has_component,重量,DOC005,3981,翼面板主要由闭合翼板和与其相邻的翼翼结构组成，单式翼翼面板优点是抗弯抗扭能力较强，结构较简单，重量较轻。
强度,part_of,整体结构,DOC005,3993,为了减小阻力和提高翼面的承载能力，需要减少翼面高度和增加梁皮厚度，若仍采用翼支骨架结构，常常难以满足足够强度而重，因重会带来工作带来困难，于是便出现了整体结构翼面。
工作,part_of,整体结构,DOC005,3993,为了减小阻力和提高翼面的承载能力，需要减少翼面高度和增加梁皮厚度，若仍采用翼支骨架结构，常常难以满足足够强度而重，因重会带来工作带来困难，于是便出现了整体结构翼面。
它的,part_of,翼面,DOC005,3994,它的特点是：翼皮与骨架合为一体，整体之间的连接性小，翼面承受的载荷容易实现传递到筋梁与主梁上，强度可靠性好，承载能力大，气动外形较好，结构简单，材料单一，装配方便，生产效率高，成本低。
它的,part_of,结构简单,DOC005,3994,它的特点是：翼皮与骨架合为一体，整体之间的连接性小，翼面承受的载荷容易实现传递到筋梁与主梁上，强度可靠性好，承载能力大，气动外形较好，结构简单，材料单一，装配方便，生产效率高，成本低。
它的,part_of,装配,DOC005,3994,它的特点是：翼皮与骨架合为一体，整体之间的连接性小，翼面承受的载荷容易实现传递到筋梁与主梁上，强度可靠性好，承载能力大，气动外形较好，结构简单，材料单一，装配方便，生产效率高，成本低。
特点,part_of,翼面,DOC005,3994,它的特点是：翼皮与骨架合为一体，整体之间的连接性小，翼面承受的载荷容易实现传递到筋梁与主梁上，强度可靠性好，承载能力大，气动外形较好，结构简单，材料单一，装配方便，生产效率高，成本低。
特点,part_of,结构简单,DOC005,3994,它的特点是：翼皮与骨架合为一体，整体之间的连接性小，翼面承受的载荷容易实现传递到筋梁与主梁上，强度可靠性好，承载能力大，气动外形较好，结构简单，材料单一，装配方便，生产效率高，成本低。
特点,part_of,装配,DOC005,3994,它的特点是：翼皮与骨架合为一体，整体之间的连接性小，翼面承受的载荷容易实现传递到筋梁与主梁上，强度可靠性好，承载能力大，气动外形较好，结构简单，材料单一，装配方便，生产效率高，成本低。
前缘,has_component,螺钉,DOC005,4009,壁板的前缘与后缘起着处所铰的作用，加强筋把由底部加强筋的支承连接成一体，壁板上有14对扭板螺钉，它们构成翼面的分段式传力连接。
前缘,has_component,翼面,DOC005,4009,壁板的前缘与后缘起着处所铰的作用，加强筋把由底部加强筋的支承连接成一体，壁板上有14对扭板螺钉，它们构成翼面的分段式传力连接。
后缘,has_component,螺钉,DOC005,4009,壁板的前缘与后缘起着处所铰的作用，加强筋把由底部加强筋的支承连接成一体，壁板上有14对扭板螺钉，它们构成翼面的分段式传力连接。
后缘,has_component,翼面,DOC005,4009,壁板的前缘与后缘起着处所铰的作用，加强筋把由底部加强筋的支承连接成一体，壁板上有14对扭板螺钉，它们构成翼面的分段式传力连接。
所谓,is_a,描述,DOC005,4122,所谓“传力路线”是一种形象化的描述，它描述外载荷由作用处结构内部传给支座的传递路线。
所谓,is_a,载荷,DOC005,4122,所谓“传力路线”是一种形象化的描述，它描述外载荷由作用处结构内部传给支座的传递路线。
所谓,is_a,作用,DOC005,4122,所谓“传力路线”是一种形象化的描述，它描述外载荷由作用处结构内部传给支座的传递路线。
所谓,is_a,支座,DOC005,4122,所谓“传力路线”是一种形象化的描述，它描述外载荷由作用处结构内部传给支座的传递路线。
实际,is_a,所谓,DOC005,4128,由于实际结构的复杂性，传力不可避免地也要些弯路(即所谓传力路径变长)。
特性,part_of,变化,DOC005,4136,构件的受力特性是指它在各方向(平面)上承受及变化的能量/应力、而各板件在各方向上作用时能否满足要求及稳定性。
刚度,part_of,变形,DOC005,4208,刚度分配法的基本思想是：在外载荷作用下结构的各个部件的变形与传递的能力与其刚度成正比。
前缘,has_component,翼梁,DOC005,4248,翼缘由前缘助、中助和尾助组成，前缘助垂直于弹助梁，中助和尾助垂直于翼梁。
作用,part_of,蒙皮,DOC005,4268,作用在橡皮上的气动吸力或压力是垂直于蒙皮中面的横向载荷。
气动,part_of,蒙皮,DOC005,4268,作用在橡皮上的气动吸力或压力是垂直于蒙皮中面的横向载荷。
压力,part_of,蒙皮,DOC005,4268,作用在橡皮上的气动吸力或压力是垂直于蒙皮中面的横向载荷。
可知,is_a,作用,DOC005,4279,由上述分析可知，杆条的载荷（即作用力）是蒙皮传来的，当蒙皮受吸力作用时，它蒙皮的蒙皮通过每个顾点的力传递，由蒙皮传来的压块力传递给杆条，并垂直于杆条的轴线上。
可知,is_a,蒙皮,DOC005,4279,由上述分析可知，杆条的载荷（即作用力）是蒙皮传来的，当蒙皮受吸力作用时，它蒙皮的蒙皮通过每个顾点的力传递，由蒙皮传来的压块力传递给杆条，并垂直于杆条的轴线上。
载荷,is_a,作用,DOC005,4279,由上述分析可知，杆条的载荷（即作用力）是蒙皮传来的，当蒙皮受吸力作用时，它蒙皮的蒙皮通过每个顾点的力传递，由蒙皮传来的压块力传递给杆条，并垂直于杆条的轴线上。
载荷,is_a,蒙皮,DOC005,4279,由上述分析可知，杆条的载荷（即作用力）是蒙皮传来的，当蒙皮受吸力作用时，它蒙皮的蒙皮通过每个顾点的力传递，由蒙皮传来的压块力传递给杆条，并垂直于杆条的轴线上。
作用,part_of,蒙皮,DOC005,4279,由上述分析可知，杆条的载荷（即作用力）是蒙皮传来的，当蒙皮受吸力作用时，它蒙皮的蒙皮通过每个顾点的力传递，由蒙皮传来的压块力传递给杆条，并垂直于杆条的轴线上。
压力中心,is_a,形成,DOC005,4298,若压力中心与刚心O′重合，力△Q使翼肋只沿翼肋方向移动，则心上除有△Q作用外，还通常要为中心O′是不会产生弯矩的，即形成的合力△Q作用在翼肋上，并且在平面内为：若压力中心与刚心O′不重合（即在某个方向上偏离），则翼肋除受合力△Q外，还要产生平面内的偏心弯矩，并由此形成翼肋的附加弯矩。
压力中心,is_a,并且,DOC005,4298,若压力中心与刚心O′重合，力△Q使翼肋只沿翼肋方向移动，则心上除有△Q作用外，还通常要为中心O′是不会产生弯矩的，即形成的合力△Q作用在翼肋上，并且在平面内为：若压力中心与刚心O′不重合（即在某个方向上偏离），则翼肋除受合力△Q外，还要产生平面内的偏心弯矩，并由此形成翼肋的附加弯矩。
压力中心,is_a,平面,DOC005,4298,若压力中心与刚心O′重合，力△Q使翼肋只沿翼肋方向移动，则心上除有△Q作用外，还通常要为中心O′是不会产生弯矩的，即形成的合力△Q作用在翼肋上，并且在平面内为：若压力中心与刚心O′不重合（即在某个方向上偏离），则翼肋除受合力△Q外，还要产生平面内的偏心弯矩，并由此形成翼肋的附加弯矩。
重合,is_a,形成,DOC005,4298,若压力中心与刚心O′重合，力△Q使翼肋只沿翼肋方向移动，则心上除有△Q作用外，还通常要为中心O′是不会产生弯矩的，即形成的合力△Q作用在翼肋上，并且在平面内为：若压力中心与刚心O′不重合（即在某个方向上偏离），则翼肋除受合力△Q外，还要产生平面内的偏心弯矩，并由此形成翼肋的附加弯矩。
重合,is_a,并且,DOC005,4298,若压力中心与刚心O′重合，力△Q使翼肋只沿翼肋方向移动，则心上除有△Q作用外，还通常要为中心O′是不会产生弯矩的，即形成的合力△Q作用在翼肋上，并且在平面内为：若压力中心与刚心O′不重合（即在某个方向上偏离），则翼肋除受合力△Q外，还要产生平面内的偏心弯矩，并由此形成翼肋的附加弯矩。
重合,is_a,平面,DOC005,4298,若压力中心与刚心O′重合，力△Q使翼肋只沿翼肋方向移动，则心上除有△Q作用外，还通常要为中心O′是不会产生弯矩的，即形成的合力△Q作用在翼肋上，并且在平面内为：若压力中心与刚心O′不重合（即在某个方向上偏离），则翼肋除受合力△Q外，还要产生平面内的偏心弯矩，并由此形成翼肋的附加弯矩。
翼肋,is_a,形成,DOC005,4298,若压力中心与刚心O′重合，力△Q使翼肋只沿翼肋方向移动，则心上除有△Q作用外，还通常要为中心O′是不会产生弯矩的，即形成的合力△Q作用在翼肋上，并且在平面内为：若压力中心与刚心O′不重合（即在某个方向上偏离），则翼肋除受合力△Q外，还要产生平面内的偏心弯矩，并由此形成翼肋的附加弯矩。
翼肋,is_a,并且,DOC005,4298,若压力中心与刚心O′重合，力△Q使翼肋只沿翼肋方向移动，则心上除有△Q作用外，还通常要为中心O′是不会产生弯矩的，即形成的合力△Q作用在翼肋上，并且在平面内为：若压力中心与刚心O′不重合（即在某个方向上偏离），则翼肋除受合力△Q外，还要产生平面内的偏心弯矩，并由此形成翼肋的附加弯矩。
翼肋,is_a,平面,DOC005,4298,若压力中心与刚心O′重合，力△Q使翼肋只沿翼肋方向移动，则心上除有△Q作用外，还通常要为中心O′是不会产生弯矩的，即形成的合力△Q作用在翼肋上，并且在平面内为：若压力中心与刚心O′不重合（即在某个方向上偏离），则翼肋除受合力△Q外，还要产生平面内的偏心弯矩，并由此形成翼肋的附加弯矩。
方向,is_a,形成,DOC005,4298,若压力中心与刚心O′重合，力△Q使翼肋只沿翼肋方向移动，则心上除有△Q作用外，还通常要为中心O′是不会产生弯矩的，即形成的合力△Q作用在翼肋上，并且在平面内为：若压力中心与刚心O′不重合（即在某个方向上偏离），则翼肋除受合力△Q外，还要产生平面内的偏心弯矩，并由此形成翼肋的附加弯矩。
方向,is_a,并且,DOC005,4298,若压力中心与刚心O′重合，力△Q使翼肋只沿翼肋方向移动，则心上除有△Q作用外，还通常要为中心O′是不会产生弯矩的，即形成的合力△Q作用在翼肋上，并且在平面内为：若压力中心与刚心O′不重合（即在某个方向上偏离），则翼肋除受合力△Q外，还要产生平面内的偏心弯矩，并由此形成翼肋的附加弯矩。
方向,is_a,平面,DOC005,4298,若压力中心与刚心O′重合，力△Q使翼肋只沿翼肋方向移动，则心上除有△Q作用外，还通常要为中心O′是不会产生弯矩的，即形成的合力△Q作用在翼肋上，并且在平面内为：若压力中心与刚心O′不重合（即在某个方向上偏离），则翼肋除受合力△Q外，还要产生平面内的偏心弯矩，并由此形成翼肋的附加弯矩。
作用,is_a,形成,DOC005,4298,若压力中心与刚心O′重合，力△Q使翼肋只沿翼肋方向移动，则心上除有△Q作用外，还通常要为中心O′是不会产生弯矩的，即形成的合力△Q作用在翼肋上，并且在平面内为：若压力中心与刚心O′不重合（即在某个方向上偏离），则翼肋除受合力△Q外，还要产生平面内的偏心弯矩，并由此形成翼肋的附加弯矩。
作用,is_a,并且,DOC005,4298,若压力中心与刚心O′重合，力△Q使翼肋只沿翼肋方向移动，则心上除有△Q作用外，还通常要为中心O′是不会产生弯矩的，即形成的合力△Q作用在翼肋上，并且在平面内为：若压力中心与刚心O′不重合（即在某个方向上偏离），则翼肋除受合力△Q外，还要产生平面内的偏心弯矩，并由此形成翼肋的附加弯矩。
作用,is_a,平面,DOC005,4298,若压力中心与刚心O′重合，力△Q使翼肋只沿翼肋方向移动，则心上除有△Q作用外，还通常要为中心O′是不会产生弯矩的，即形成的合力△Q作用在翼肋上，并且在平面内为：若压力中心与刚心O′不重合（即在某个方向上偏离），则翼肋除受合力△Q外，还要产生平面内的偏心弯矩，并由此形成翼肋的附加弯矩。
通常,is_a,形成,DOC005,4298,若压力中心与刚心O′重合，力△Q使翼肋只沿翼肋方向移动，则心上除有△Q作用外，还通常要为中心O′是不会产生弯矩的，即形成的合力△Q作用在翼肋上，并且在平面内为：若压力中心与刚心O′不重合（即在某个方向上偏离），则翼肋除受合力△Q外，还要产生平面内的偏心弯矩，并由此形成翼肋的附加弯矩。
通常,is_a,并且,DOC005,4298,若压力中心与刚心O′重合，力△Q使翼肋只沿翼肋方向移动，则心上除有△Q作用外，还通常要为中心O′是不会产生弯矩的，即形成的合力△Q作用在翼肋上，并且在平面内为：若压力中心与刚心O′不重合（即在某个方向上偏离），则翼肋除受合力△Q外，还要产生平面内的偏心弯矩，并由此形成翼肋的附加弯矩。
通常,is_a,平面,DOC005,4298,若压力中心与刚心O′重合，力△Q使翼肋只沿翼肋方向移动，则心上除有△Q作用外，还通常要为中心O′是不会产生弯矩的，即形成的合力△Q作用在翼肋上，并且在平面内为：若压力中心与刚心O′不重合（即在某个方向上偏离），则翼肋除受合力△Q外，还要产生平面内的偏心弯矩，并由此形成翼肋的附加弯矩。
产生,is_a,形成,DOC005,4298,若压力中心与刚心O′重合，力△Q使翼肋只沿翼肋方向移动，则心上除有△Q作用外，还通常要为中心O′是不会产生弯矩的，即形成的合力△Q作用在翼肋上，并且在平面内为：若压力中心与刚心O′不重合（即在某个方向上偏离），则翼肋除受合力△Q外，还要产生平面内的偏心弯矩，并由此形成翼肋的附加弯矩。
产生,is_a,并且,DOC005,4298,若压力中心与刚心O′重合，力△Q使翼肋只沿翼肋方向移动，则心上除有△Q作用外，还通常要为中心O′是不会产生弯矩的，即形成的合力△Q作用在翼肋上，并且在平面内为：若压力中心与刚心O′不重合（即在某个方向上偏离），则翼肋除受合力△Q外，还要产生平面内的偏心弯矩，并由此形成翼肋的附加弯矩。
产生,is_a,平面,DOC005,4298,若压力中心与刚心O′重合，力△Q使翼肋只沿翼肋方向移动，则心上除有△Q作用外，还通常要为中心O′是不会产生弯矩的，即形成的合力△Q作用在翼肋上，并且在平面内为：若压力中心与刚心O′不重合（即在某个方向上偏离），则翼肋除受合力△Q外，还要产生平面内的偏心弯矩，并由此形成翼肋的附加弯矩。
产生,is_a,由此,DOC005,4298,若压力中心与刚心O′重合，力△Q使翼肋只沿翼肋方向移动，则心上除有△Q作用外，还通常要为中心O′是不会产生弯矩的，即形成的合力△Q作用在翼肋上，并且在平面内为：若压力中心与刚心O′不重合（即在某个方向上偏离），则翼肋除受合力△Q外，还要产生平面内的偏心弯矩，并由此形成翼肋的附加弯矩。
弯矩,is_a,形成,DOC005,4298,若压力中心与刚心O′重合，力△Q使翼肋只沿翼肋方向移动，则心上除有△Q作用外，还通常要为中心O′是不会产生弯矩的，即形成的合力△Q作用在翼肋上，并且在平面内为：若压力中心与刚心O′不重合（即在某个方向上偏离），则翼肋除受合力△Q外，还要产生平面内的偏心弯矩，并由此形成翼肋的附加弯矩。
弯矩,is_a,并且,DOC005,4298,若压力中心与刚心O′重合，力△Q使翼肋只沿翼肋方向移动，则心上除有△Q作用外，还通常要为中心O′是不会产生弯矩的，即形成的合力△Q作用在翼肋上，并且在平面内为：若压力中心与刚心O′不重合（即在某个方向上偏离），则翼肋除受合力△Q外，还要产生平面内的偏心弯矩，并由此形成翼肋的附加弯矩。
弯矩,is_a,平面,DOC005,4298,若压力中心与刚心O′重合，力△Q使翼肋只沿翼肋方向移动，则心上除有△Q作用外，还通常要为中心O′是不会产生弯矩的，即形成的合力△Q作用在翼肋上，并且在平面内为：若压力中心与刚心O′不重合（即在某个方向上偏离），则翼肋除受合力△Q外，还要产生平面内的偏心弯矩，并由此形成翼肋的附加弯矩。
弯矩,is_a,由此,DOC005,4298,若压力中心与刚心O′重合，力△Q使翼肋只沿翼肋方向移动，则心上除有△Q作用外，还通常要为中心O′是不会产生弯矩的，即形成的合力△Q作用在翼肋上，并且在平面内为：若压力中心与刚心O′不重合（即在某个方向上偏离），则翼肋除受合力△Q外，还要产生平面内的偏心弯矩，并由此形成翼肋的附加弯矩。
形成,is_a,由此,DOC005,4298,若压力中心与刚心O′重合，力△Q使翼肋只沿翼肋方向移动，则心上除有△Q作用外，还通常要为中心O′是不会产生弯矩的，即形成的合力△Q作用在翼肋上，并且在平面内为：若压力中心与刚心O′不重合（即在某个方向上偏离），则翼肋除受合力△Q外，还要产生平面内的偏心弯矩，并由此形成翼肋的附加弯矩。
并且,is_a,由此,DOC005,4298,若压力中心与刚心O′重合，力△Q使翼肋只沿翼肋方向移动，则心上除有△Q作用外，还通常要为中心O′是不会产生弯矩的，即形成的合力△Q作用在翼肋上，并且在平面内为：若压力中心与刚心O′不重合（即在某个方向上偏离），则翼肋除受合力△Q外，还要产生平面内的偏心弯矩，并由此形成翼肋的附加弯矩。
平面,is_a,由此,DOC005,4298,若压力中心与刚心O′重合，力△Q使翼肋只沿翼肋方向移动，则心上除有△Q作用外，还通常要为中心O′是不会产生弯矩的，即形成的合力△Q作用在翼肋上，并且在平面内为：若压力中心与刚心O′不重合（即在某个方向上偏离），则翼肋除受合力△Q外，还要产生平面内的偏心弯矩，并由此形成翼肋的附加弯矩。
重合,is_a,方向,DOC005,4299,假如△Q与刚心O′重合，则翼肋受纯剪力作用，即翼肋只沿翼肋方向发生平移，矩形弯矩方向为由O到O′。
重合,is_a,弯矩,DOC005,4299,假如△Q与刚心O′重合，则翼肋受纯剪力作用，即翼肋只沿翼肋方向发生平移，矩形弯矩方向为由O到O′。
翼肋,is_a,方向,DOC005,4299,假如△Q与刚心O′重合，则翼肋受纯剪力作用，即翼肋只沿翼肋方向发生平移，矩形弯矩方向为由O到O′。
翼肋,is_a,弯矩,DOC005,4299,假如△Q与刚心O′重合，则翼肋受纯剪力作用，即翼肋只沿翼肋方向发生平移，矩形弯矩方向为由O到O′。
作用,is_a,方向,DOC005,4299,假如△Q与刚心O′重合，则翼肋受纯剪力作用，即翼肋只沿翼肋方向发生平移，矩形弯矩方向为由O到O′。
作用,is_a,弯矩,DOC005,4299,假如△Q与刚心O′重合，则翼肋受纯剪力作用，即翼肋只沿翼肋方向发生平移，矩形弯矩方向为由O到O′。
的作用,is_a,平面,DOC005,4305,在△Q的作用方向上，即垂直于翼平面方向上，由于杆架和翼板的刚度远比翼肋的刚度小，根据传力按原度的分配方向，可以认为△Q基于上由隔梁的腹板提供反支支撑为R₁
的作用,is_a,刚度,DOC005,4305,在△Q的作用方向上，即垂直于翼平面方向上，由于杆架和翼板的刚度远比翼肋的刚度小，根据传力按原度的分配方向，可以认为△Q基于上由隔梁的腹板提供反支支撑为R₁
的作用,is_a,翼肋,DOC005,4305,在△Q的作用方向上，即垂直于翼平面方向上，由于杆架和翼板的刚度远比翼肋的刚度小，根据传力按原度的分配方向，可以认为△Q基于上由隔梁的腹板提供反支支撑为R₁
的作用,is_a,根据,DOC005,4305,在△Q的作用方向上，即垂直于翼平面方向上，由于杆架和翼板的刚度远比翼肋的刚度小，根据传力按原度的分配方向，可以认为△Q基于上由隔梁的腹板提供反支支撑为R₁
的作用,is_a,可以认为,DOC005,4305,在△Q的作用方向上，即垂直于翼平面方向上，由于杆架和翼板的刚度远比翼肋的刚度小，根据传力按原度的分配方向，可以认为△Q基于上由隔梁的腹板提供反支支撑为R₁
方向,is_a,平面,DOC005,4305,在△Q的作用方向上，即垂直于翼平面方向上，由于杆架和翼板的刚度远比翼肋的刚度小，根据传力按原度的分配方向，可以认为△Q基于上由隔梁的腹板提供反支支撑为R₁
方向,is_a,刚度,DOC005,4305,在△Q的作用方向上，即垂直于翼平面方向上，由于杆架和翼板的刚度远比翼肋的刚度小，根据传力按原度的分配方向，可以认为△Q基于上由隔梁的腹板提供反支支撑为R₁
方向,is_a,翼肋,DOC005,4305,在△Q的作用方向上，即垂直于翼平面方向上，由于杆架和翼板的刚度远比翼肋的刚度小，根据传力按原度的分配方向，可以认为△Q基于上由隔梁的腹板提供反支支撑为R₁
方向,is_a,根据,DOC005,4305,在△Q的作用方向上，即垂直于翼平面方向上，由于杆架和翼板的刚度远比翼肋的刚度小，根据传力按原度的分配方向，可以认为△Q基于上由隔梁的腹板提供反支支撑为R₁
方向,is_a,可以认为,DOC005,4305,在△Q的作用方向上，即垂直于翼平面方向上，由于杆架和翼板的刚度远比翼肋的刚度小，根据传力按原度的分配方向，可以认为△Q基于上由隔梁的腹板提供反支支撑为R₁
蒙皮,has_component,翼面,DOC005,4309,"对于矩矩 DМt，由于单独的梁或粱系承受矩的刚度远比蒙皮的K、小,可认为 ΔМt，由翼面"
这些,part_of,蒙皮,DOC005,4350,将这些支反力反方向，就是中助传给梁系和蒙皮的力。
方向,part_of,蒙皮,DOC005,4350,将这些支反力反方向，就是中助传给梁系和蒙皮的力。
副翼,is_a,翼助,DOC005,4356,当力N和力P缆副翼转轴的力矩相等时，副翼就保持一定的偏转状态，即时，支持翼助的如水的支反力，图中支反力的大小如图4.3.20所示，该时，支反力要提供在两个加强翼助间需要的传力和水平的支反力，使其在与平衡。
副翼,is_a,需要,DOC005,4356,当力N和力P缆副翼转轴的力矩相等时，副翼就保持一定的偏转状态，即时，支持翼助的如水的支反力，图中支反力的大小如图4.3.20所示，该时，支反力要提供在两个加强翼助间需要的传力和水平的支反力，使其在与平衡。
副翼,is_a,水平,DOC005,4356,当力N和力P缆副翼转轴的力矩相等时，副翼就保持一定的偏转状态，即时，支持翼助的如水的支反力，图中支反力的大小如图4.3.20所示，该时，支反力要提供在两个加强翼助间需要的传力和水平的支反力，使其在与平衡。
转轴,is_a,翼助,DOC005,4356,当力N和力P缆副翼转轴的力矩相等时，副翼就保持一定的偏转状态，即时，支持翼助的如水的支反力，图中支反力的大小如图4.3.20所示，该时，支反力要提供在两个加强翼助间需要的传力和水平的支反力，使其在与平衡。
转轴,is_a,需要,DOC005,4356,当力N和力P缆副翼转轴的力矩相等时，副翼就保持一定的偏转状态，即时，支持翼助的如水的支反力，图中支反力的大小如图4.3.20所示，该时，支反力要提供在两个加强翼助间需要的传力和水平的支反力，使其在与平衡。
转轴,is_a,水平,DOC005,4356,当力N和力P缆副翼转轴的力矩相等时，副翼就保持一定的偏转状态，即时，支持翼助的如水的支反力，图中支反力的大小如图4.3.20所示，该时，支反力要提供在两个加强翼助间需要的传力和水平的支反力，使其在与平衡。
力矩,is_a,翼助,DOC005,4356,当力N和力P缆副翼转轴的力矩相等时，副翼就保持一定的偏转状态，即时，支持翼助的如水的支反力，图中支反力的大小如图4.3.20所示，该时，支反力要提供在两个加强翼助间需要的传力和水平的支反力，使其在与平衡。
力矩,is_a,需要,DOC005,4356,当力N和力P缆副翼转轴的力矩相等时，副翼就保持一定的偏转状态，即时，支持翼助的如水的支反力，图中支反力的大小如图4.3.20所示，该时，支反力要提供在两个加强翼助间需要的传力和水平的支反力，使其在与平衡。
力矩,is_a,水平,DOC005,4356,当力N和力P缆副翼转轴的力矩相等时，副翼就保持一定的偏转状态，即时，支持翼助的如水的支反力，图中支反力的大小如图4.3.20所示，该时，支反力要提供在两个加强翼助间需要的传力和水平的支反力，使其在与平衡。
状态,is_a,翼助,DOC005,4356,当力N和力P缆副翼转轴的力矩相等时，副翼就保持一定的偏转状态，即时，支持翼助的如水的支反力，图中支反力的大小如图4.3.20所示，该时，支反力要提供在两个加强翼助间需要的传力和水平的支反力，使其在与平衡。
状态,is_a,需要,DOC005,4356,当力N和力P缆副翼转轴的力矩相等时，副翼就保持一定的偏转状态，即时，支持翼助的如水的支反力，图中支反力的大小如图4.3.20所示，该时，支反力要提供在两个加强翼助间需要的传力和水平的支反力，使其在与平衡。
状态,is_a,水平,DOC005,4356,当力N和力P缆副翼转轴的力矩相等时，副翼就保持一定的偏转状态，即时，支持翼助的如水的支反力，图中支反力的大小如图4.3.20所示，该时，支反力要提供在两个加强翼助间需要的传力和水平的支反力，使其在与平衡。
状态,is_a,平衡,DOC005,4356,当力N和力P缆副翼转轴的力矩相等时，副翼就保持一定的偏转状态，即时，支持翼助的如水的支反力，图中支反力的大小如图4.3.20所示，该时，支反力要提供在两个加强翼助间需要的传力和水平的支反力，使其在与平衡。
必须指出,is_a,剪流,DOC005,4362,必须指出，梁腹板的支反力也是一种支反剪流。
由图可见,part_of,结构设计,DOC005,4372,考虑到翼肋的中下部分主要由梁腹板承受，由图可见，弦矩的变化规律是中间大两头小，结构设计中应使嵌合的面积适应内力的变化规律。
的变化,part_of,结构设计,DOC005,4372,考虑到翼肋的中下部分主要由梁腹板承受，由图可见，弦矩的变化规律是中间大两头小，结构设计中应使嵌合的面积适应内力的变化规律。
翼面,has_component,状态,DOC005,4402,对翼面端处不与弹举相连的情况，由翼外端沿离绕为翼支反提供支反而，使翼支反处于平衡状态。
载荷,part_of,翼面,DOC005,4433,该模型的载荷是翼面气动荷时节点荷算出的，如图4.3.28(a)所示。
部分,part_of,翼梁,DOC005,4438,图4.3.28(b)所示，图中阴影部分是翼梁，辅助梁、翼和肢条的受压内力分布，图中箭流表示梁条的受剪应力和上下喷皮的受剪状态。
剪流,part_of,弹簧,DOC005,4459,剪流，它是弹簧的剪力和扭矩引起的剪流之和。
翼面,part_of,结构形式,DOC005,4485,由于覆度骨架式钢板结构翼面是传统的结构形式，其构造原理、基本设计理论与方法都具
优点,part_of,变化,DOC005,4555,按等百分锁布置（见图4.2.2（a）的优点是翼架度较直变化，稳定的加工工好；
优点,part_of,翼梁,DOC005,4559,后ー种布置(见图4.2.2(b))的优点是翼梁将等直传给机身或机舱或上传机构(如机舱盖、封盖等)；
优点,part_of,机身,DOC005,4559,后ー种布置(见图4.2.2(b))的优点是翼梁将等直传给机身或机舱或上传机构(如机舱盖、封盖等)；
翼面,has_component,刚度,DOC005,4566,对后壳翼面前墙—般没装垫等于合线布置在，并与翼梁的距离由翼板到翼梁逐渐增大，有利于提高翼面垂直的扭转刚度。
翼梁,has_component,刚度,DOC005,4566,对后壳翼面前墙—般没装垫等于合线布置在，并与翼梁的距离由翼板到翼梁逐渐增大，有利于提高翼面垂直的扭转刚度。
飞行器,has_component,翼面,DOC005,4586,随着飞行器飞行速度的提高，翼皮由单纯承载为翼面的主要受力元件，从点阵构和锚接结构的薄翼皮(厚度为0.6～2.0mm)到现在铰扇切割或焊接的复杂厚度，以及整体结构和表层结构
飞行器,has_component,厚度,DOC005,4586,随着飞行器飞行速度的提高，翼皮由单纯承载为翼面的主要受力元件，从点阵构和锚接结构的薄翼皮(厚度为0.6～2.0mm)到现在铰扇切割或焊接的复杂厚度，以及整体结构和表层结构
飞行器,has_component,整体结构,DOC005,4586,随着飞行器飞行速度的提高，翼皮由单纯承载为翼面的主要受力元件，从点阵构和锚接结构的薄翼皮(厚度为0.6～2.0mm)到现在铰扇切割或焊接的复杂厚度，以及整体结构和表层结构
翼梁,part_of,翼面,DOC005,4618,翼梁是梁式翼梁中占主要的受力元件，在翼面质量中所占比重较大，因此应合理地选择梁的结构形式： 剖面形状和材料等。
翼梁,part_of,结构形式,DOC005,4618,翼梁是梁式翼梁中占主要的受力元件，在翼面质量中所占比重较大，因此应合理地选择梁的结构形式： 剖面形状和材料等。
翼梁,has_component,铝合金,DOC005,4620,组合式翼梁可由高强度铝合金型材如LC4）或合金钢（如30CrMnSiA）材料制成的凸梁和板构通过铆接或冲铆构成的材料；
工艺,part_of,装配,DOC005,4638,该工艺的优点是装配简单、工艺方便，但对于翼架的外形和装配误差直接影响翼面的外形准确度。
优点,part_of,装配,DOC005,4638,该工艺的优点是装配简单、工艺方便，但对于翼架的外形和装配误差直接影响翼面的外形准确度。
工艺,part_of,翼面,DOC005,4641,该工艺的优点是翼面的外形精度较高，结构简单，工艺方便，但装配时需要较高的装配精度。
工艺,part_of,结构简单,DOC005,4641,该工艺的优点是翼面的外形精度较高，结构简单，工艺方便，但装配时需要较高的装配精度。
工艺,part_of,装配,DOC005,4641,该工艺的优点是翼面的外形精度较高，结构简单，工艺方便，但装配时需要较高的装配精度。
优点,part_of,翼面,DOC005,4641,该工艺的优点是翼面的外形精度较高，结构简单，工艺方便，但装配时需要较高的装配精度。
优点,part_of,结构简单,DOC005,4641,该工艺的优点是翼面的外形精度较高，结构简单，工艺方便，但装配时需要较高的装配精度。
优点,part_of,装配,DOC005,4641,该工艺的优点是翼面的外形精度较高，结构简单，工艺方便，但装配时需要较高的装配精度。
整体结构,part_of,蒙皮,DOC005,4667,整体结构翼面是在蒙皮骨架或锚接翼面基础上发展起来的，它通常是由整体壁板组合而成，结构设计时所考虑的问题是基本上是相同的。
整体结构,has_component,结构设计,DOC005,4667,整体结构翼面是在蒙皮骨架或锚接翼面基础上发展起来的，它通常是由整体壁板组合而成，结构设计时所考虑的问题是基本上是相同的。
翼面,part_of,蒙皮,DOC005,4667,整体结构翼面是在蒙皮骨架或锚接翼面基础上发展起来的，它通常是由整体壁板组合而成，结构设计时所考虑的问题是基本上是相同的。
翼面,has_component,结构设计,DOC005,4667,整体结构翼面是在蒙皮骨架或锚接翼面基础上发展起来的，它通常是由整体壁板组合而成，结构设计时所考虑的问题是基本上是相同的。
蒙皮,has_component,结构设计,DOC005,4667,整体结构翼面是在蒙皮骨架或锚接翼面基础上发展起来的，它通常是由整体壁板组合而成，结构设计时所考虑的问题是基本上是相同的。
飞行器,has_component,可靠性,DOC005,4697,气动加热对飞行器的影响是多方面的，例如飞行器表面温升过高，会恶化由部设备的工作环境，降低工作的可靠性。
翼面,has_component,后缘,DOC005,4716,②热压力引起结构形状或表面磨蚀或拉转，特别对高速翼面，由于前后缘较薄，叠叠塞较小，中部较厚，热容壁较大，因此前后缘温度比中部的高（见图4.6.1）。
后缘,has_component,翼面,DOC005,4717,这样，前后缘必须由陡的膨胀或翼面由中部的强烈形变，使前后缘附近的螺弈发生成偏加发变力。
防热,part_of,环氧树脂,DOC005,4749,片状防热层是以环氧树脂或酚醛树脂为基料，加石棉等填料制成的板状产品。
接头,part_of,装配,DOC005,4821,这样连接头的优点是构筒简单，装配工作量小，协调容易、装拆较方便。
优点,part_of,装配,DOC005,4821,这样连接头的优点是构筒简单，装配工作量小，协调容易、装拆较方便。
翼面,has_component,翼型,DOC005,4841,翼面垂直截荷引起的弯矩和动力会部由主接头传递，通过主接头的轴承O转向回转工形，翼型轴和连接段的输入力更近在起作用时连接段的输入力更通过主接头的轴承在上，并具有增加拱形的管壁。
翼面,has_component,状态,DOC005,4853,翼面重直截荷引起的扭矩使翼面转动，主要由前后轴轴接头提供支受力，使翼面处于受力平衡状态（见图4.7.4（d））。
装配,has_component,翼面,DOC005,4898,装配时，由前向后沿滞性接头上的槽把翼面推进入拧下时，用螺丝刀按箭头方向旋转定位螺钉，使卡板露出凹地，由后向前把翼面伸出。
装配,has_component,方向,DOC005,4898,装配时，由前向后沿滞性接头上的槽把翼面推进入拧下时，用螺丝刀按箭头方向旋转定位螺钉，使卡板露出凹地，由后向前把翼面伸出。
装配,has_component,螺钉,DOC005,4898,装配时，由前向后沿滞性接头上的槽把翼面推进入拧下时，用螺丝刀按箭头方向旋转定位螺钉，使卡板露出凹地，由后向前把翼面伸出。
舵面,has_component,尾翼,DOC005,4908,在助推器工作阶段，舵面被锁住，此时，由稳定尾翼保证导弹的俯仰稳定性（纵向稳定性）和偏航稳定性（航向稳定性），由前翼保证导弹的横向稳定性（波动稳定性）。
舵面,has_component,俯仰,DOC005,4908,在助推器工作阶段，舵面被锁住，此时，由稳定尾翼保证导弹的俯仰稳定性（纵向稳定性）和偏航稳定性（航向稳定性），由前翼保证导弹的横向稳定性（波动稳定性）。
舵面,has_component,偏航,DOC005,4908,在助推器工作阶段，舵面被锁住，此时，由稳定尾翼保证导弹的俯仰稳定性（纵向稳定性）和偏航稳定性（航向稳定性），由前翼保证导弹的横向稳定性（波动稳定性）。
舵面,has_component,动稳定性,DOC005,4908,在助推器工作阶段，舵面被锁住，此时，由稳定尾翼保证导弹的俯仰稳定性（纵向稳定性）和偏航稳定性（航向稳定性），由前翼保证导弹的横向稳定性（波动稳定性）。
尾翼,has_component,动稳定性,DOC005,4908,在助推器工作阶段，舵面被锁住，此时，由稳定尾翼保证导弹的俯仰稳定性（纵向稳定性）和偏航稳定性（航向稳定性），由前翼保证导弹的横向稳定性（波动稳定性）。
俯仰,has_component,动稳定性,DOC005,4908,在助推器工作阶段，舵面被锁住，此时，由稳定尾翼保证导弹的俯仰稳定性（纵向稳定性）和偏航稳定性（航向稳定性），由前翼保证导弹的横向稳定性（波动稳定性）。
偏航,has_component,动稳定性,DOC005,4908,在助推器工作阶段，舵面被锁住，此时，由稳定尾翼保证导弹的俯仰稳定性（纵向稳定性）和偏航稳定性（航向稳定性），由前翼保证导弹的横向稳定性（波动稳定性）。
舵面,has_component,副翼,DOC005,4910,导弹的纵向、航向操纵性和稳定性由4个舵面间向偏转来保证，横向稳定性由I-Ⅱ舵施向偏转来保证，故又称I-Ⅱ舵为副翼舵。
铰链,part_of,转轴,DOC005,4922,求：①铰链力矩是小、铰链力矩是靠绕组件上面的空气动力对转轴的力矩，该力矩由推劢操纵面偏转的机个力矩所平衡。
力矩,part_of,转轴,DOC005,4922,求：①铰链力矩是小、铰链力矩是靠绕组件上面的空气动力对转轴的力矩，该力矩由推劢操纵面偏转的机个力矩所平衡。
副翼,has_component,翼梁,DOC005,4934,单翼式舵拣副翼（见4.8.4a）主要由铰块梁、翼梁、线皮和配重组成。
副翼,has_component,方向,DOC005,4951,当副翼受力时，因阵蝶转于被动面而运动并产生扭矩，使舵面能沿原始转轴旋转，从而自由控制舵面的位置，使其形成的副翼运动方向与舵面运动方向一致。
舵面,has_component,方向,DOC005,4951,当副翼受力时，因阵蝶转于被动面而运动并产生扭矩，使舵面能沿原始转轴旋转，从而自由控制舵面的位置，使其形成的副翼运动方向与舵面运动方向一致。
转轴,has_component,方向,DOC005,4951,当副翼受力时，因阵蝶转于被动面而运动并产生扭矩，使舵面能沿原始转轴旋转，从而自由控制舵面的位置，使其形成的副翼运动方向与舵面运动方向一致。
缺点,part_of,弹簧,DOC005,4972,其缺点是操纵协调较困难，施面效率低，偏转时能与弹簧同轴安内间隙，气动性能变坏。
为零,part_of,转轴,DOC005,4983,后者即为零段锥级或支点是能面许的转轴，另一个支点是螺纵头。
的作用,part_of,转轴,DOC005,4988,滚珠轴承的作用是减小转轴的滚动摩擦。
翼面,supports_mission,飞行,DOC005,5049,不同翼面在展开状态下的几何形状和相对位置应满足飞行要求。
展开,supports_mission,飞行,DOC005,5049,不同翼面在展开状态下的几何形状和相对位置应满足飞行要求。
折叠,affects,气动,DOC005,5068,5）由于折叠机构的影响，翼面上容易出现突出物，应注意整襞的气动外形要求。
卡块,is_a,转动,DOC005,5083,折罩时，把工具从槽口伸入，顶压锁条（卡块6）使之离开罩翼装上凹处的缺口，翼面就可绕转轴5（是一种弹性轴）转动从而入罩入前扭内。
卡块,is_a,从而,DOC005,5083,折罩时，把工具从槽口伸入，顶压锁条（卡块6）使之离开罩翼装上凹处的缺口，翼面就可绕转轴5（是一种弹性轴）转动从而入罩入前扭内。
翼面,is_a,转动,DOC005,5083,折罩时，把工具从槽口伸入，顶压锁条（卡块6）使之离开罩翼装上凹处的缺口，翼面就可绕转轴5（是一种弹性轴）转动从而入罩入前扭内。
翼面,is_a,从而,DOC005,5083,折罩时，把工具从槽口伸入，顶压锁条（卡块6）使之离开罩翼装上凹处的缺口，翼面就可绕转轴5（是一种弹性轴）转动从而入罩入前扭内。
转轴,is_a,转动,DOC005,5083,折罩时，把工具从槽口伸入，顶压锁条（卡块6）使之离开罩翼装上凹处的缺口，翼面就可绕转轴5（是一种弹性轴）转动从而入罩入前扭内。
转轴,is_a,从而,DOC005,5083,折罩时，把工具从槽口伸入，顶压锁条（卡块6）使之离开罩翼装上凹处的缺口，翼面就可绕转轴5（是一种弹性轴）转动从而入罩入前扭内。
弹簧,has_component,展开,DOC005,5101,弹簧人工折叠，沿图上所示的方向，由壳用于弹簧5下压，使弹簧5展开时压翼面，顺手将弹簧向后收拢，使扇1收靠于弹体之内（灌伏型）并及时将弹放入发射筒中（也是包装筒），依靠筒壁进行约束，使其处于收缩状态。
弹簧,has_component,翼面,DOC005,5101,弹簧人工折叠，沿图上所示的方向，由壳用于弹簧5下压，使弹簧5展开时压翼面，顺手将弹簧向后收拢，使扇1收靠于弹体之内（灌伏型）并及时将弹放入发射筒中（也是包装筒），依靠筒壁进行约束，使其处于收缩状态。
折叠,has_component,展开,DOC005,5101,弹簧人工折叠，沿图上所示的方向，由壳用于弹簧5下压，使弹簧5展开时压翼面，顺手将弹簧向后收拢，使扇1收靠于弹体之内（灌伏型）并及时将弹放入发射筒中（也是包装筒），依靠筒壁进行约束，使其处于收缩状态。
折叠,has_component,翼面,DOC005,5101,弹簧人工折叠，沿图上所示的方向，由壳用于弹簧5下压，使弹簧5展开时压翼面，顺手将弹簧向后收拢，使扇1收靠于弹体之内（灌伏型）并及时将弹放入发射筒中（也是包装筒），依靠筒壁进行约束，使其处于收缩状态。
展开,has_component,支架,DOC005,5114,展开时的推进4.0由输出展开，其转动取决于支架和转动的连杆，展开到某一位置的时，推进停在槽底。
横向,part_of,分离,DOC005,5127,横向折叠翼面是在翼面的根部或中部，沿气流方向设置一弧向分离面，使外翼部分可分离而上的轴转折翼面展开。
横向,part_of,展开,DOC005,5127,横向折叠翼面是在翼面的根部或中部，沿气流方向设置一弧向分离面，使外翼部分可分离而上的轴转折翼面展开。
折叠,part_of,分离,DOC005,5127,横向折叠翼面是在翼面的根部或中部，沿气流方向设置一弧向分离面，使外翼部分可分离而上的轴转折翼面展开。
折叠,part_of,展开,DOC005,5127,横向折叠翼面是在翼面的根部或中部，沿气流方向设置一弧向分离面，使外翼部分可分离而上的轴转折翼面展开。
翼面,part_of,分离,DOC005,5127,横向折叠翼面是在翼面的根部或中部，沿气流方向设置一弧向分离面，使外翼部分可分离而上的轴转折翼面展开。
翼面,part_of,展开,DOC005,5127,横向折叠翼面是在翼面的根部或中部，沿气流方向设置一弧向分离面，使外翼部分可分离而上的轴转折翼面展开。
发射,is_a,作用,DOC005,5143,如果导弹—经发射，眼离翼面之后，受出弹簧即可发挥作用，将翼转动到展开位置。
发射,is_a,转动,DOC005,5143,如果导弹—经发射，眼离翼面之后，受出弹簧即可发挥作用，将翼转动到展开位置。
发射,is_a,展开,DOC005,5143,如果导弹—经发射，眼离翼面之后，受出弹簧即可发挥作用，将翼转动到展开位置。
发射,is_a,位置,DOC005,5143,如果导弹—经发射，眼离翼面之后，受出弹簧即可发挥作用，将翼转动到展开位置。
翼面,is_a,作用,DOC005,5143,如果导弹—经发射，眼离翼面之后，受出弹簧即可发挥作用，将翼转动到展开位置。
翼面,is_a,转动,DOC005,5143,如果导弹—经发射，眼离翼面之后，受出弹簧即可发挥作用，将翼转动到展开位置。
翼面,is_a,展开,DOC005,5143,如果导弹—经发射，眼离翼面之后，受出弹簧即可发挥作用，将翼转动到展开位置。
翼面,is_a,位置,DOC005,5143,如果导弹—经发射，眼离翼面之后，受出弹簧即可发挥作用，将翼转动到展开位置。
之后,is_a,作用,DOC005,5143,如果导弹—经发射，眼离翼面之后，受出弹簧即可发挥作用，将翼转动到展开位置。
之后,is_a,转动,DOC005,5143,如果导弹—经发射，眼离翼面之后，受出弹簧即可发挥作用，将翼转动到展开位置。
之后,is_a,展开,DOC005,5143,如果导弹—经发射，眼离翼面之后，受出弹簧即可发挥作用，将翼转动到展开位置。
之后,is_a,位置,DOC005,5143,如果导弹—经发射，眼离翼面之后，受出弹簧即可发挥作用，将翼转动到展开位置。
弹簧,is_a,作用,DOC005,5143,如果导弹—经发射，眼离翼面之后，受出弹簧即可发挥作用，将翼转动到展开位置。
弹簧,is_a,转动,DOC005,5143,如果导弹—经发射，眼离翼面之后，受出弹簧即可发挥作用，将翼转动到展开位置。
弹簧,is_a,展开,DOC005,5143,如果导弹—经发射，眼离翼面之后，受出弹簧即可发挥作用，将翼转动到展开位置。
弹簧,is_a,位置,DOC005,5143,如果导弹—经发射，眼离翼面之后，受出弹簧即可发挥作用，将翼转动到展开位置。
发射,is_a,操作,DOC005,5161,"如果一旦发射,导弹飞离发射筒后,扳簧10即将操作作用,将弹翼转到工作位。"
发射,is_a,作用,DOC005,5161,"如果一旦发射,导弹飞离发射筒后,扳簧10即将操作作用,将弹翼转到工作位。"
发射,is_a,工作,DOC005,5161,"如果一旦发射,导弹飞离发射筒后,扳簧10即将操作作用,将弹翼转到工作位。"
根据,is_a,计算出,DOC005,5206,"根据弹簧刚度k值和所需要的结构状况、初始条件, 即可计算出符合要求的扭力元件。"
根据,is_a,要求,DOC005,5206,"根据弹簧刚度k值和所需要的结构状况、初始条件, 即可计算出符合要求的扭力元件。"
弹簧,is_a,计算出,DOC005,5206,"根据弹簧刚度k值和所需要的结构状况、初始条件, 即可计算出符合要求的扭力元件。"
弹簧,is_a,要求,DOC005,5206,"根据弹簧刚度k值和所需要的结构状况、初始条件, 即可计算出符合要求的扭力元件。"
刚度,is_a,计算出,DOC005,5206,"根据弹簧刚度k值和所需要的结构状况、初始条件, 即可计算出符合要求的扭力元件。"
刚度,is_a,要求,DOC005,5206,"根据弹簧刚度k值和所需要的结构状况、初始条件, 即可计算出符合要求的扭力元件。"
需要,is_a,计算出,DOC005,5206,"根据弹簧刚度k值和所需要的结构状况、初始条件, 即可计算出符合要求的扭力元件。"
需要,is_a,要求,DOC005,5206,"根据弹簧刚度k值和所需要的结构状况、初始条件, 即可计算出符合要求的扭力元件。"
初始条件,is_a,计算出,DOC005,5206,"根据弹簧刚度k值和所需要的结构状况、初始条件, 即可计算出符合要求的扭力元件。"
初始条件,is_a,要求,DOC005,5206,"根据弹簧刚度k值和所需要的结构状况、初始条件, 即可计算出符合要求的扭力元件。"
一方面,part_of,翼面,DOC005,5210,"一方面, 折垫梁设计必须知道能量作用下的主动力与折垫翼展开过程中翼罩及结构运动几何参数之间的密切关系, 从而应检量要面和机构运动过程中是否与周期结构发生干涉, 确定翼面是否滑满折垫位置和展开到位的位置要求, 并且为展开动力学分析提供必要条件。"
作用,part_of,翼面,DOC005,5210,"一方面, 折垫梁设计必须知道能量作用下的主动力与折垫翼展开过程中翼罩及结构运动几何参数之间的密切关系, 从而应检量要面和机构运动过程中是否与周期结构发生干涉, 确定翼面是否滑满折垫位置和展开到位的位置要求, 并且为展开动力学分析提供必要条件。"
动力,part_of,翼面,DOC005,5210,"一方面, 折垫梁设计必须知道能量作用下的主动力与折垫翼展开过程中翼罩及结构运动几何参数之间的密切关系, 从而应检量要面和机构运动过程中是否与周期结构发生干涉, 确定翼面是否滑满折垫位置和展开到位的位置要求, 并且为展开动力学分析提供必要条件。"
展开,part_of,翼面,DOC005,5210,"一方面, 折垫梁设计必须知道能量作用下的主动力与折垫翼展开过程中翼罩及结构运动几何参数之间的密切关系, 从而应检量要面和机构运动过程中是否与周期结构发生干涉, 确定翼面是否滑满折垫位置和展开到位的位置要求, 并且为展开动力学分析提供必要条件。"
过程中,part_of,翼面,DOC005,5210,"一方面, 折垫梁设计必须知道能量作用下的主动力与折垫翼展开过程中翼罩及结构运动几何参数之间的密切关系, 从而应检量要面和机构运动过程中是否与周期结构发生干涉, 确定翼面是否滑满折垫位置和展开到位的位置要求, 并且为展开动力学分析提供必要条件。"
运动,part_of,翼面,DOC005,5210,"一方面, 折垫梁设计必须知道能量作用下的主动力与折垫翼展开过程中翼罩及结构运动几何参数之间的密切关系, 从而应检量要面和机构运动过程中是否与周期结构发生干涉, 确定翼面是否滑满折垫位置和展开到位的位置要求, 并且为展开动力学分析提供必要条件。"
参数,part_of,翼面,DOC005,5210,"一方面, 折垫梁设计必须知道能量作用下的主动力与折垫翼展开过程中翼罩及结构运动几何参数之间的密切关系, 从而应检量要面和机构运动过程中是否与周期结构发生干涉, 确定翼面是否滑满折垫位置和展开到位的位置要求, 并且为展开动力学分析提供必要条件。"
之间,part_of,翼面,DOC005,5210,"一方面, 折垫梁设计必须知道能量作用下的主动力与折垫翼展开过程中翼罩及结构运动几何参数之间的密切关系, 从而应检量要面和机构运动过程中是否与周期结构发生干涉, 确定翼面是否滑满折垫位置和展开到位的位置要求, 并且为展开动力学分析提供必要条件。"
关系,part_of,翼面,DOC005,5210,"一方面, 折垫梁设计必须知道能量作用下的主动力与折垫翼展开过程中翼罩及结构运动几何参数之间的密切关系, 从而应检量要面和机构运动过程中是否与周期结构发生干涉, 确定翼面是否滑满折垫位置和展开到位的位置要求, 并且为展开动力学分析提供必要条件。"
从而,part_of,翼面,DOC005,5210,"一方面, 折垫梁设计必须知道能量作用下的主动力与折垫翼展开过程中翼罩及结构运动几何参数之间的密切关系, 从而应检量要面和机构运动过程中是否与周期结构发生干涉, 确定翼面是否滑满折垫位置和展开到位的位置要求, 并且为展开动力学分析提供必要条件。"
一方面,part_of,变化,DOC005,5214,另一方面，折叠翼在工作过程中，主动力（能源作用力）和空气动力等都是从零开始变化的，翼面转动的角加速度也是从零开始变化的。
一方面,part_of,翼面,DOC005,5214,另一方面，折叠翼在工作过程中，主动力（能源作用力）和空气动力等都是从零开始变化的，翼面转动的角加速度也是从零开始变化的。
折叠,part_of,变化,DOC005,5214,另一方面，折叠翼在工作过程中，主动力（能源作用力）和空气动力等都是从零开始变化的，翼面转动的角加速度也是从零开始变化的。
折叠,part_of,翼面,DOC005,5214,另一方面，折叠翼在工作过程中，主动力（能源作用力）和空气动力等都是从零开始变化的，翼面转动的角加速度也是从零开始变化的。
工作,part_of,变化,DOC005,5214,另一方面，折叠翼在工作过程中，主动力（能源作用力）和空气动力等都是从零开始变化的，翼面转动的角加速度也是从零开始变化的。
工作,part_of,翼面,DOC005,5214,另一方面，折叠翼在工作过程中，主动力（能源作用力）和空气动力等都是从零开始变化的，翼面转动的角加速度也是从零开始变化的。
过程中,part_of,变化,DOC005,5214,另一方面，折叠翼在工作过程中，主动力（能源作用力）和空气动力等都是从零开始变化的，翼面转动的角加速度也是从零开始变化的。
过程中,part_of,翼面,DOC005,5214,另一方面，折叠翼在工作过程中，主动力（能源作用力）和空气动力等都是从零开始变化的，翼面转动的角加速度也是从零开始变化的。
动力,part_of,变化,DOC005,5214,另一方面，折叠翼在工作过程中，主动力（能源作用力）和空气动力等都是从零开始变化的，翼面转动的角加速度也是从零开始变化的。
动力,part_of,翼面,DOC005,5214,另一方面，折叠翼在工作过程中，主动力（能源作用力）和空气动力等都是从零开始变化的，翼面转动的角加速度也是从零开始变化的。
作用,part_of,变化,DOC005,5214,另一方面，折叠翼在工作过程中，主动力（能源作用力）和空气动力等都是从零开始变化的，翼面转动的角加速度也是从零开始变化的。
作用,part_of,翼面,DOC005,5214,另一方面，折叠翼在工作过程中，主动力（能源作用力）和空气动力等都是从零开始变化的，翼面转动的角加速度也是从零开始变化的。
气动力,part_of,变化,DOC005,5214,另一方面，折叠翼在工作过程中，主动力（能源作用力）和空气动力等都是从零开始变化的，翼面转动的角加速度也是从零开始变化的。
气动力,part_of,翼面,DOC005,5214,另一方面，折叠翼在工作过程中，主动力（能源作用力）和空气动力等都是从零开始变化的，翼面转动的角加速度也是从零开始变化的。
折叠,part_of,变化,DOC005,5217,由于折叠翼工作过程中载荷是随时间变化的动载荷，它在运动过程中存在较大的加速度，所以设计分析中结构动力分析是必不可少的，重点进行以下工作。
工作,part_of,变化,DOC005,5217,由于折叠翼工作过程中载荷是随时间变化的动载荷，它在运动过程中存在较大的加速度，所以设计分析中结构动力分析是必不可少的，重点进行以下工作。
过程中,part_of,变化,DOC005,5217,由于折叠翼工作过程中载荷是随时间变化的动载荷，它在运动过程中存在较大的加速度，所以设计分析中结构动力分析是必不可少的，重点进行以下工作。
载荷,part_of,变化,DOC005,5217,由于折叠翼工作过程中载荷是随时间变化的动载荷，它在运动过程中存在较大的加速度，所以设计分析中结构动力分析是必不可少的，重点进行以下工作。
而在,part_of,折叠,DOC005,5231,而在实验装置中如何正确模拟变化的外载荷（主要是气动）又是技术关键之一，总之，折叠翼设计中必须充分的实验验证工作。
装置,part_of,折叠,DOC005,5231,而在实验装置中如何正确模拟变化的外载荷（主要是气动）又是技术关键之一，总之，折叠翼设计中必须充分的实验验证工作。
变化,part_of,折叠,DOC005,5231,而在实验装置中如何正确模拟变化的外载荷（主要是气动）又是技术关键之一，总之，折叠翼设计中必须充分的实验验证工作。
载荷,part_of,折叠,DOC005,5231,而在实验装置中如何正确模拟变化的外载荷（主要是气动）又是技术关键之一，总之，折叠翼设计中必须充分的实验验证工作。
气动,part_of,折叠,DOC005,5231,而在实验装置中如何正确模拟变化的外载荷（主要是气动）又是技术关键之一，总之，折叠翼设计中必须充分的实验验证工作。
气动,is_a,质量,DOC005,5236,椭格翼具有很好的气动优越性，也是一种质量轻、刚度好的薄壁框架结构。
气动,is_a,刚度,DOC005,5236,椭格翼具有很好的气动优越性，也是一种质量轻、刚度好的薄壁框架结构。
简称,part_of,翼面,DOC005,5359,弹（简称）身的主要功用是用来装载有效载荷（例如战斗部），推进剂和各种仪器设备，连接翼面、发动机等其他部件，形成一个完整的飞行器并承受它们所带来的载荷。
简称,part_of,发动机,DOC005,5359,弹（简称）身的主要功用是用来装载有效载荷（例如战斗部），推进剂和各种仪器设备，连接翼面、发动机等其他部件，形成一个完整的飞行器并承受它们所带来的载荷。
简称,part_of,飞行器,DOC005,5359,弹（简称）身的主要功用是用来装载有效载荷（例如战斗部），推进剂和各种仪器设备，连接翼面、发动机等其他部件，形成一个完整的飞行器并承受它们所带来的载荷。
发动机,supports_mission,飞行,DOC005,5363,弹（简称）身在发动机工作时，应能承受气动载荷、压力载荷和热载荷，同时还要满足飞行稳定性要求。
气动,supports_mission,飞行,DOC005,5363,弹（简称）身在发动机工作时，应能承受气动载荷、压力载荷和热载荷，同时还要满足飞行稳定性要求。
载荷,supports_mission,飞行,DOC005,5363,弹（简称）身在发动机工作时，应能承受气动载荷、压力载荷和热载荷，同时还要满足飞行稳定性要求。
缺点,part_of,蒙皮,DOC005,5452,"缺点是承受纵向集束力的能力较弱,因蒙皮承受弯矩而附带不高,不宜开槽口,若必须开口,一般均应采用翼力式口盖以补偿拴托的蒙皮。"
可靠,part_of,蒙皮,DOC005,5453,"更或试结构适用于可靠承轴中的单(箔)量,其主要是避免蒙皮下承受拉力的作用。"
中的,part_of,蒙皮,DOC005,5453,"更或试结构适用于可靠承轴中的单(箔)量,其主要是避免蒙皮下承受拉力的作用。"
可靠,part_of,蒙皮,DOC005,5455,"更或试结构适用于可靠承轴中的单(箔)量,其主要是避免蒙皮下承受拉力的作用。"
中的,part_of,蒙皮,DOC005,5455,"更或试结构适用于可靠承轴中的单(箔)量,其主要是避免蒙皮下承受拉力的作用。"
整体结构,part_of,蒙皮,DOC005,5464,整体结构是将蒙皮和骨架(梁、框、衍条)元件加工成一体的结构形式。
整体结构,part_of,结构形式,DOC005,5464,整体结构是将蒙皮和骨架(梁、框、衍条)元件加工成一体的结构形式。
优点,part_of,装配,DOC005,5465,"这种结构形成除了承具有单项硬度结构的优点外,还是有强度,刚度好,结构整体性好,装配工作量少,外形质量高等优点。"
螺钉,has_component,整体结构,DOC005,5476,在受集中力或大或时，压夹式通过螺钉连接而形成的装配，由5.2.6所示是由4块壁板焊接而成的整体结构，工艺过程中管头所示。
装配,has_component,整体结构,DOC005,5476,在受集中力或大或时，压夹式通过螺钉连接而形成的装配，由5.2.6所示是由4块壁板焊接而成的整体结构，工艺过程中管头所示。
为了,part_of,螺栓,DOC005,5578,为了提高连接框在锚垫框平面内的刚度，常用增加框绞间面积尺寸，特别是加长治出螺栓（筒）身细线方向的尺寸来实现。
提高,part_of,螺栓,DOC005,5578,为了提高连接框在锚垫框平面内的刚度，常用增加框绞间面积尺寸，特别是加长治出螺栓（筒）身细线方向的尺寸来实现。
连接,part_of,螺栓,DOC005,5578,为了提高连接框在锚垫框平面内的刚度，常用增加框绞间面积尺寸，特别是加长治出螺栓（筒）身细线方向的尺寸来实现。
平面,part_of,螺栓,DOC005,5578,为了提高连接框在锚垫框平面内的刚度，常用增加框绞间面积尺寸，特别是加长治出螺栓（筒）身细线方向的尺寸来实现。
刚度,part_of,螺栓,DOC005,5578,为了提高连接框在锚垫框平面内的刚度，常用增加框绞间面积尺寸，特别是加长治出螺栓（筒）身细线方向的尺寸来实现。
增加,part_of,螺栓,DOC005,5578,为了提高连接框在锚垫框平面内的刚度，常用增加框绞间面积尺寸，特别是加长治出螺栓（筒）身细线方向的尺寸来实现。
面积,part_of,螺栓,DOC005,5578,为了提高连接框在锚垫框平面内的刚度，常用增加框绞间面积尺寸，特别是加长治出螺栓（筒）身细线方向的尺寸来实现。
尺寸,part_of,螺栓,DOC005,5578,为了提高连接框在锚垫框平面内的刚度，常用增加框绞间面积尺寸，特别是加长治出螺栓（筒）身细线方向的尺寸来实现。
这里,part_of,飞行器,DOC005,5673,这里有两种情况：一叶情况是当飞行器的飞行速度v=0时，传给普通通的载荷是由蒙平而来的时，此载荷是由弹（箭）身平衡通的传力由下、如图5.3.8(a)所示。
情况,part_of,飞行器,DOC005,5673,这里有两种情况：一叶情况是当飞行器的飞行速度v=0时，传给普通通的载荷是由蒙平而来的时，此载荷是由弹（箭）身平衡通的传力由下、如图5.3.8(a)所示。
情况,part_of,飞行器,DOC005,5674,另一种情况是当飞行器的飞行速度v>0时，传给普通通的载荷的合力是向上的，如图5.3.8(b)所示。
对于,is_a,载荷,DOC005,5687,对于别框架，蒙皮提供的支反势流是弓形规律分布的，它在框的两侧处最大，即载荷不宜沿作用方向传给支座的；
对于,is_a,作用,DOC005,5687,对于别框架，蒙皮提供的支反势流是弓形规律分布的，它在框的两侧处最大，即载荷不宜沿作用方向传给支座的；
对于,is_a,方向,DOC005,5687,对于别框架，蒙皮提供的支反势流是弓形规律分布的，它在框的两侧处最大，即载荷不宜沿作用方向传给支座的；
对于,is_a,支座,DOC005,5687,对于别框架，蒙皮提供的支反势流是弓形规律分布的，它在框的两侧处最大，即载荷不宜沿作用方向传给支座的；
蒙皮,is_a,载荷,DOC005,5687,对于别框架，蒙皮提供的支反势流是弓形规律分布的，它在框的两侧处最大，即载荷不宜沿作用方向传给支座的；
蒙皮,is_a,作用,DOC005,5687,对于别框架，蒙皮提供的支反势流是弓形规律分布的，它在框的两侧处最大，即载荷不宜沿作用方向传给支座的；
蒙皮,is_a,方向,DOC005,5687,对于别框架，蒙皮提供的支反势流是弓形规律分布的，它在框的两侧处最大，即载荷不宜沿作用方向传给支座的；
蒙皮,is_a,支座,DOC005,5687,对于别框架，蒙皮提供的支反势流是弓形规律分布的，它在框的两侧处最大，即载荷不宜沿作用方向传给支座的；
分布,is_a,载荷,DOC005,5687,对于别框架，蒙皮提供的支反势流是弓形规律分布的，它在框的两侧处最大，即载荷不宜沿作用方向传给支座的；
分布,is_a,作用,DOC005,5687,对于别框架，蒙皮提供的支反势流是弓形规律分布的，它在框的两侧处最大，即载荷不宜沿作用方向传给支座的；
分布,is_a,方向,DOC005,5687,对于别框架，蒙皮提供的支反势流是弓形规律分布的，它在框的两侧处最大，即载荷不宜沿作用方向传给支座的；
分布,is_a,支座,DOC005,5687,对于别框架，蒙皮提供的支反势流是弓形规律分布的，它在框的两侧处最大，即载荷不宜沿作用方向传给支座的；
最大,is_a,载荷,DOC005,5687,对于别框架，蒙皮提供的支反势流是弓形规律分布的，它在框的两侧处最大，即载荷不宜沿作用方向传给支座的；
最大,is_a,作用,DOC005,5687,对于别框架，蒙皮提供的支反势流是弓形规律分布的，它在框的两侧处最大，即载荷不宜沿作用方向传给支座的；
最大,is_a,方向,DOC005,5687,对于别框架，蒙皮提供的支反势流是弓形规律分布的，它在框的两侧处最大，即载荷不宜沿作用方向传给支座的；
最大,is_a,支座,DOC005,5687,对于别框架，蒙皮提供的支反势流是弓形规律分布的，它在框的两侧处最大，即载荷不宜沿作用方向传给支座的；
工作,is_a,横向,DOC005,5773,对杆梁式结构而言，其主要的工作是将翼皮的受力在相应面上分担，即梁与翼皮共同传递横向载荷。
工作,is_a,载荷,DOC005,5773,对杆梁式结构而言，其主要的工作是将翼皮的受力在相应面上分担，即梁与翼皮共同传递横向载荷。
结构设计,part_of,结构形式,DOC005,5793,弹（箭）身的结构设计，其是结构布局，受弹（箭）体的功用、结构形式、受弯传力特点和内部装载以及弹（箭）身与相部件的连接形式等因素的影响。
装配,part_of,整体结构,DOC005,5880,如“横焊—2”导引板装配上时，受力式口盖如图5.4.5所示，口盖结构与铝体一样，都是整体结构。
力矩,is_a,最大,DOC005,5924,为使力矩均匀，一般均用承接扣的接头，即工靠计算时算出计算接头需力最大应力处的接头强度，同时还应检查口盖和铆孔上连接孔拙压、剪切等强度。
力矩,is_a,应力,DOC005,5924,为使力矩均匀，一般均用承接扣的接头，即工靠计算时算出计算接头需力最大应力处的接头强度，同时还应检查口盖和铆孔上连接孔拙压、剪切等强度。
力矩,is_a,强度,DOC005,5924,为使力矩均匀，一般均用承接扣的接头，即工靠计算时算出计算接头需力最大应力处的接头强度，同时还应检查口盖和铆孔上连接孔拙压、剪切等强度。
力矩,is_a,连接,DOC005,5924,为使力矩均匀，一般均用承接扣的接头，即工靠计算时算出计算接头需力最大应力处的接头强度，同时还应检查口盖和铆孔上连接孔拙压、剪切等强度。
接头,is_a,最大,DOC005,5924,为使力矩均匀，一般均用承接扣的接头，即工靠计算时算出计算接头需力最大应力处的接头强度，同时还应检查口盖和铆孔上连接孔拙压、剪切等强度。
接头,is_a,应力,DOC005,5924,为使力矩均匀，一般均用承接扣的接头，即工靠计算时算出计算接头需力最大应力处的接头强度，同时还应检查口盖和铆孔上连接孔拙压、剪切等强度。
接头,is_a,强度,DOC005,5924,为使力矩均匀，一般均用承接扣的接头，即工靠计算时算出计算接头需力最大应力处的接头强度，同时还应检查口盖和铆孔上连接孔拙压、剪切等强度。
接头,is_a,连接,DOC005,5924,为使力矩均匀，一般均用承接扣的接头，即工靠计算时算出计算接头需力最大应力处的接头强度，同时还应检查口盖和铆孔上连接孔拙压、剪切等强度。
维护,is_a,气动,DOC005,5928,口盖仅起维护作用，即仅承受在口盖上的局部气动载荷。
维护,is_a,载荷,DOC005,5928,口盖仅起维护作用，即仅承受在口盖上的局部气动载荷。
作用,is_a,气动,DOC005,5928,口盖仅起维护作用，即仅承受在口盖上的局部气动载荷。
作用,is_a,载荷,DOC005,5928,口盖仅起维护作用，即仅承受在口盖上的局部气动载荷。
外形,is_a,连接,DOC005,6049,当舵体外形有锥度时，还可使其间的夹角减小一些，只要在拆装时不使其锥线表面即可，这样连接形式（见图5.5.6）的优点是装拆方便，迅速。
外形,is_a,优点,DOC005,6049,当舵体外形有锥度时，还可使其间的夹角减小一些，只要在拆装时不使其锥线表面即可，这样连接形式（见图5.5.6）的优点是装拆方便，迅速。
外形,is_a,迅速,DOC005,6049,当舵体外形有锥度时，还可使其间的夹角减小一些，只要在拆装时不使其锥线表面即可，这样连接形式（见图5.5.6）的优点是装拆方便，迅速。
度时,is_a,连接,DOC005,6049,当舵体外形有锥度时，还可使其间的夹角减小一些，只要在拆装时不使其锥线表面即可，这样连接形式（见图5.5.6）的优点是装拆方便，迅速。
度时,is_a,优点,DOC005,6049,当舵体外形有锥度时，还可使其间的夹角减小一些，只要在拆装时不使其锥线表面即可，这样连接形式（见图5.5.6）的优点是装拆方便，迅速。
度时,is_a,迅速,DOC005,6049,当舵体外形有锥度时，还可使其间的夹角减小一些，只要在拆装时不使其锥线表面即可，这样连接形式（见图5.5.6）的优点是装拆方便，迅速。
的夹角,is_a,连接,DOC005,6049,当舵体外形有锥度时，还可使其间的夹角减小一些，只要在拆装时不使其锥线表面即可，这样连接形式（见图5.5.6）的优点是装拆方便，迅速。
的夹角,is_a,优点,DOC005,6049,当舵体外形有锥度时，还可使其间的夹角减小一些，只要在拆装时不使其锥线表面即可，这样连接形式（见图5.5.6）的优点是装拆方便，迅速。
的夹角,is_a,迅速,DOC005,6049,当舵体外形有锥度时，还可使其间的夹角减小一些，只要在拆装时不使其锥线表面即可，这样连接形式（见图5.5.6）的优点是装拆方便，迅速。
减小,is_a,连接,DOC005,6049,当舵体外形有锥度时，还可使其间的夹角减小一些，只要在拆装时不使其锥线表面即可，这样连接形式（见图5.5.6）的优点是装拆方便，迅速。
减小,is_a,优点,DOC005,6049,当舵体外形有锥度时，还可使其间的夹角减小一些，只要在拆装时不使其锥线表面即可，这样连接形式（见图5.5.6）的优点是装拆方便，迅速。
减小,is_a,迅速,DOC005,6049,当舵体外形有锥度时，还可使其间的夹角减小一些，只要在拆装时不使其锥线表面即可，这样连接形式（见图5.5.6）的优点是装拆方便，迅速。
缺点,part_of,螺栓,DOC005,6050,缺点是斜向螺杆与螺栓端有较长的重叠接触，从而降低了舵体的可靠性。
装配,affects,可靠性,DOC005,6092,否则将引起相对位置偏差，导致装配困难，影响结构可靠性。
特点,part_of,螺栓,DOC005,6110,其特点是轻便、加工不复杂，将相适合小直径的薄壁整体从螺栓外进行连接的情况。
缺点,part_of,装配,DOC005,6112,缺点是为了保证装配精度，需要更高的加工精度。
这种,part_of,装配,DOC005,6123,这种连接形式的主要优点是装配迅速，常用于战斗部舱的连接。
连接,part_of,装配,DOC005,6123,这种连接形式的主要优点是装配迅速，常用于战斗部舱的连接。
优点,part_of,装配,DOC005,6123,这种连接形式的主要优点是装配迅速，常用于战斗部舱的连接。
螺钉,has_component,结构形式,DOC005,6184,斜材套螺钉连接捂是仅包含连接的形式获得耦合的结构形式，它具有连接方便、连接尺寸小、设备安装空间大、连接到度大的特性，是目前导弹上使用的一种新型连接，且其结构复杂，斜材套斜面加垂工要求较高，并须专用工具拆装。
螺钉,has_component,尺寸,DOC005,6184,斜材套螺钉连接捂是仅包含连接的形式获得耦合的结构形式，它具有连接方便、连接尺寸小、设备安装空间大、连接到度大的特性，是目前导弹上使用的一种新型连接，且其结构复杂，斜材套斜面加垂工要求较高，并须专用工具拆装。
之间,is_a,作用,DOC005,6214,密封胶的密封方法是在接触面之间涂以液态密封胶（液体密封填料）形成一种具有粘性的密封材料，它在常温下是一种粘稠物体，当涂到金属表面之间，在紧固力作用下，根据其所粘附的特征，在一个方向受力，另一方向体积会加大如与之间填隙由此形成密封。
之间,is_a,根据,DOC005,6214,密封胶的密封方法是在接触面之间涂以液态密封胶（液体密封填料）形成一种具有粘性的密封材料，它在常温下是一种粘稠物体，当涂到金属表面之间，在紧固力作用下，根据其所粘附的特征，在一个方向受力，另一方向体积会加大如与之间填隙由此形成密封。
之间,is_a,方向,DOC005,6214,密封胶的密封方法是在接触面之间涂以液态密封胶（液体密封填料）形成一种具有粘性的密封材料，它在常温下是一种粘稠物体，当涂到金属表面之间，在紧固力作用下，根据其所粘附的特征，在一个方向受力，另一方向体积会加大如与之间填隙由此形成密封。
形成,is_a,作用,DOC005,6214,密封胶的密封方法是在接触面之间涂以液态密封胶（液体密封填料）形成一种具有粘性的密封材料，它在常温下是一种粘稠物体，当涂到金属表面之间，在紧固力作用下，根据其所粘附的特征，在一个方向受力，另一方向体积会加大如与之间填隙由此形成密封。
形成,is_a,根据,DOC005,6214,密封胶的密封方法是在接触面之间涂以液态密封胶（液体密封填料）形成一种具有粘性的密封材料，它在常温下是一种粘稠物体，当涂到金属表面之间，在紧固力作用下，根据其所粘附的特征，在一个方向受力，另一方向体积会加大如与之间填隙由此形成密封。
形成,is_a,方向,DOC005,6214,密封胶的密封方法是在接触面之间涂以液态密封胶（液体密封填料）形成一种具有粘性的密封材料，它在常温下是一种粘稠物体，当涂到金属表面之间，在紧固力作用下，根据其所粘附的特征，在一个方向受力，另一方向体积会加大如与之间填隙由此形成密封。
形成,is_a,由此,DOC005,6214,密封胶的密封方法是在接触面之间涂以液态密封胶（液体密封填料）形成一种具有粘性的密封材料，它在常温下是一种粘稠物体，当涂到金属表面之间，在紧固力作用下，根据其所粘附的特征，在一个方向受力，另一方向体积会加大如与之间填隙由此形成密封。
材料,is_a,作用,DOC005,6214,密封胶的密封方法是在接触面之间涂以液态密封胶（液体密封填料）形成一种具有粘性的密封材料，它在常温下是一种粘稠物体，当涂到金属表面之间，在紧固力作用下，根据其所粘附的特征，在一个方向受力，另一方向体积会加大如与之间填隙由此形成密封。
材料,is_a,根据,DOC005,6214,密封胶的密封方法是在接触面之间涂以液态密封胶（液体密封填料）形成一种具有粘性的密封材料，它在常温下是一种粘稠物体，当涂到金属表面之间，在紧固力作用下，根据其所粘附的特征，在一个方向受力，另一方向体积会加大如与之间填隙由此形成密封。
材料,is_a,方向,DOC005,6214,密封胶的密封方法是在接触面之间涂以液态密封胶（液体密封填料）形成一种具有粘性的密封材料，它在常温下是一种粘稠物体，当涂到金属表面之间，在紧固力作用下，根据其所粘附的特征，在一个方向受力，另一方向体积会加大如与之间填隙由此形成密封。
材料,is_a,由此,DOC005,6214,密封胶的密封方法是在接触面之间涂以液态密封胶（液体密封填料）形成一种具有粘性的密封材料，它在常温下是一种粘稠物体，当涂到金属表面之间，在紧固力作用下，根据其所粘附的特征，在一个方向受力，另一方向体积会加大如与之间填隙由此形成密封。
密封圈,uses_method,变形,DOC005,6219,O型密封圈是指截面为圆形的橡胶环，如图5.6.1所示，O型密封圈一般安装在矩形槽（密封槽）内使用，依靠密封件的压缩变形产生密封作用等。
密封圈,has_component,状态,DOC005,6236,式中　d₂——O型密封圈由中出状态下的截面直径（mm）；
通常,is_a,材料,DOC005,6255,通常密封的方式有三种（见图5.6.4），即缝外密封（用密封材料覆盖整个
方式,is_a,材料,DOC005,6255,通常密封的方式有三种（见图5.6.4），即缝外密封（用密封材料覆盖整个
下表面,is_a,产生,DOC005,6281,对铅配后的带下表面处的连接槽的对接处，还可用橡子密封带（见图 5.6.5），即在接缝面上涂下产生胶段。
连接,is_a,产生,DOC005,6281,对铅配后的带下表面处的连接槽的对接处，还可用橡子密封带（见图 5.6.5），即在接缝面上涂下产生胶段。
对接,is_a,产生,DOC005,6281,对铅配后的带下表面处的连接槽的对接处，还可用橡子密封带（见图 5.6.5），即在接缝面上涂下产生胶段。
可用,is_a,产生,DOC005,6281,对铅配后的带下表面处的连接槽的对接处，还可用橡子密封带（见图 5.6.5），即在接缝面上涂下产生胶段。
飞行器,has_component,控制系统,DOC005,6331,飞行器上的仪器设备分屏备合集系统，包括控制系统、交互自联合系统、外部遥测系统、通讯
设备,is_a,特点,DOC005,6336,"仪器设备安装设计是一种复杂的综合性设计,设计者既要了解系统中设备的功能、特点和安装要求,又要全面衡量飞行器的总体特性和各分系统的布局情况,更要熟悉各功能能级的结构布局及其有机协作,才能做到安装位置合理,相互协调,保证系统正常工作。"
设备,is_a,要求,DOC005,6336,"仪器设备安装设计是一种复杂的综合性设计,设计者既要了解系统中设备的功能、特点和安装要求,又要全面衡量飞行器的总体特性和各分系统的布局情况,更要熟悉各功能能级的结构布局及其有机协作,才能做到安装位置合理,相互协调,保证系统正常工作。"
设备,is_a,飞行器,DOC005,6336,"仪器设备安装设计是一种复杂的综合性设计,设计者既要了解系统中设备的功能、特点和安装要求,又要全面衡量飞行器的总体特性和各分系统的布局情况,更要熟悉各功能能级的结构布局及其有机协作,才能做到安装位置合理,相互协调,保证系统正常工作。"
设备,is_a,特性,DOC005,6336,"仪器设备安装设计是一种复杂的综合性设计,设计者既要了解系统中设备的功能、特点和安装要求,又要全面衡量飞行器的总体特性和各分系统的布局情况,更要熟悉各功能能级的结构布局及其有机协作,才能做到安装位置合理,相互协调,保证系统正常工作。"
设备,is_a,布局,DOC005,6336,"仪器设备安装设计是一种复杂的综合性设计,设计者既要了解系统中设备的功能、特点和安装要求,又要全面衡量飞行器的总体特性和各分系统的布局情况,更要熟悉各功能能级的结构布局及其有机协作,才能做到安装位置合理,相互协调,保证系统正常工作。"
设备,is_a,情况,DOC005,6336,"仪器设备安装设计是一种复杂的综合性设计,设计者既要了解系统中设备的功能、特点和安装要求,又要全面衡量飞行器的总体特性和各分系统的布局情况,更要熟悉各功能能级的结构布局及其有机协作,才能做到安装位置合理,相互协调,保证系统正常工作。"
优点,part_of,支架,DOC005,6367,该形式的优点是支架的刚度大，缺点是机砣加工量大、质量较大。
这种,part_of,支架,DOC005,6398,这种形式是将若干个支架(或单座)安装在舱体内，再把设备安装在支架上，由软个支架(或耳座)形成水平面质量和度平面校准，在
飞行器,has_component,发动机,DOC005,6490,飞行器在飞行中由于助推器、发动机和气动噪声所造成的振动和冲击，会给设备造成了恶劣的工作环境。
飞行器,has_component,气动,DOC005,6490,飞行器在飞行中由于助推器、发动机和气动噪声所造成的振动和冲击，会给设备造成了恶劣的工作环境。
简单,is_a,对于,DOC005,6502,简单、成本低，占空间不大，是一种高频减振器，对于隔离高频振动却有有效。
简单,is_a,振动,DOC005,6502,简单、成本低，占空间不大，是一种高频减振器，对于隔离高频振动却有有效。
成本低,is_a,对于,DOC005,6502,简单、成本低，占空间不大，是一种高频减振器，对于隔离高频振动却有有效。
成本低,is_a,振动,DOC005,6502,简单、成本低，占空间不大，是一种高频减振器，对于隔离高频振动却有有效。
发动机,has_component,载荷,DOC005,6536,储箱的主要功用包括：用干盛放发动机正常工作所需要的推进剂，火箭完整外形的重要组成部分，并通过前后部件、使火箭具有质量特性、参加总体的结构受力，承受及产生各种载荷，并为其他部件提供安装基准等。
求解,is_a,求得,DOC005,6741,"将式（6.2.3）(6.2.4)(6.2.5)联立求解，清去ΔV_s,γ_f,R即可求得 V_k,进一步化简后得"
求解,is_a,进一步,DOC005,6741,"将式（6.2.3）(6.2.4)(6.2.5)联立求解，清去ΔV_s,γ_f,R即可求得 V_k,进一步化简后得"
载荷,part_of,变化,DOC005,6825,各种载荷的数值是随着时间变化的，
较小,is_a,刚度,DOC005,6848,当内压较小而轴向载荷较大时，即t1＞t2时，纵向刚度远大于环向刚度，按稳定性设计要求，需要用加强筋来承受或接受更多的轴向载荷。
较小,is_a,稳定,DOC005,6848,当内压较小而轴向载荷较大时，即t1＞t2时，纵向刚度远大于环向刚度，按稳定性设计要求，需要用加强筋来承受或接受更多的轴向载荷。
较小,is_a,设计要求,DOC005,6848,当内压较小而轴向载荷较大时，即t1＞t2时，纵向刚度远大于环向刚度，按稳定性设计要求，需要用加强筋来承受或接受更多的轴向载荷。
较小,is_a,需要,DOC005,6848,当内压较小而轴向载荷较大时，即t1＞t2时，纵向刚度远大于环向刚度，按稳定性设计要求，需要用加强筋来承受或接受更多的轴向载荷。
轴向,is_a,刚度,DOC005,6848,当内压较小而轴向载荷较大时，即t1＞t2时，纵向刚度远大于环向刚度，按稳定性设计要求，需要用加强筋来承受或接受更多的轴向载荷。
轴向,is_a,稳定,DOC005,6848,当内压较小而轴向载荷较大时，即t1＞t2时，纵向刚度远大于环向刚度，按稳定性设计要求，需要用加强筋来承受或接受更多的轴向载荷。
轴向,is_a,设计要求,DOC005,6848,当内压较小而轴向载荷较大时，即t1＞t2时，纵向刚度远大于环向刚度，按稳定性设计要求，需要用加强筋来承受或接受更多的轴向载荷。
轴向,is_a,需要,DOC005,6848,当内压较小而轴向载荷较大时，即t1＞t2时，纵向刚度远大于环向刚度，按稳定性设计要求，需要用加强筋来承受或接受更多的轴向载荷。
载荷,is_a,刚度,DOC005,6848,当内压较小而轴向载荷较大时，即t1＞t2时，纵向刚度远大于环向刚度，按稳定性设计要求，需要用加强筋来承受或接受更多的轴向载荷。
载荷,is_a,稳定,DOC005,6848,当内压较小而轴向载荷较大时，即t1＞t2时，纵向刚度远大于环向刚度，按稳定性设计要求，需要用加强筋来承受或接受更多的轴向载荷。
载荷,is_a,设计要求,DOC005,6848,当内压较小而轴向载荷较大时，即t1＞t2时，纵向刚度远大于环向刚度，按稳定性设计要求，需要用加强筋来承受或接受更多的轴向载荷。
载荷,is_a,需要,DOC005,6848,当内压较小而轴向载荷较大时，即t1＞t2时，纵向刚度远大于环向刚度，按稳定性设计要求，需要用加强筋来承受或接受更多的轴向载荷。
横向,part_of,装配,DOC005,6864,用纵向或横向筋条增强的壳体结构，筋条可以是型材，也可以是铆金片，并开敷装配或焊接方式进行装配成上道下的组合或外部构件。
根据,is_a,平面,DOC005,6912,根据试验的结果，把防果板固定于储箱内防果效果最好的位置上，一般都非对称配置，即同一水平面上的入组的防果板均固定在箱体内防果效果最好的位置上。
试验,is_a,平面,DOC005,6912,根据试验的结果，把防果板固定于储箱内防果效果最好的位置上，一般都非对称配置，即同一水平面上的入组的防果板均固定在箱体内防果效果最好的位置上。
的结果,is_a,平面,DOC005,6912,根据试验的结果，把防果板固定于储箱内防果效果最好的位置上，一般都非对称配置，即同一水平面上的入组的防果板均固定在箱体内防果效果最好的位置上。
固定,is_a,平面,DOC005,6912,根据试验的结果，把防果板固定于储箱内防果效果最好的位置上，一般都非对称配置，即同一水平面上的入组的防果板均固定在箱体内防果效果最好的位置上。
位置,is_a,平面,DOC005,6912,根据试验的结果，把防果板固定于储箱内防果效果最好的位置上，一般都非对称配置，即同一水平面上的入组的防果板均固定在箱体内防果效果最好的位置上。
对称,is_a,平面,DOC005,6912,根据试验的结果，把防果板固定于储箱内防果效果最好的位置上，一般都非对称配置，即同一水平面上的入组的防果板均固定在箱体内防果效果最好的位置上。
厚度,affects,弯矩,DOC005,7125,"由于两者厚度相等,并且受连接处效应的影响,连接处的弯矩M_x与M_x0等于零,不是说其他地方的M_x均匀为零。"
试验,is_a,质量,DOC005,7298,破坏试验是一种抽样检查试验，破坏试验的目的是全面检验箱体质量，考核强度储箱情况及工艺质量稳定情况，检查破坏压力是否满足设计要求。
试验,is_a,强度,DOC005,7298,破坏试验是一种抽样检查试验，破坏试验的目的是全面检验箱体质量，考核强度储箱情况及工艺质量稳定情况，检查破坏压力是否满足设计要求。
试验,is_a,情况,DOC005,7298,破坏试验是一种抽样检查试验，破坏试验的目的是全面检验箱体质量，考核强度储箱情况及工艺质量稳定情况，检查破坏压力是否满足设计要求。
试验,is_a,工艺,DOC005,7298,破坏试验是一种抽样检查试验，破坏试验的目的是全面检验箱体质量，考核强度储箱情况及工艺质量稳定情况，检查破坏压力是否满足设计要求。
试验,is_a,稳定,DOC005,7298,破坏试验是一种抽样检查试验，破坏试验的目的是全面检验箱体质量，考核强度储箱情况及工艺质量稳定情况，检查破坏压力是否满足设计要求。
试验,is_a,压力,DOC005,7298,破坏试验是一种抽样检查试验，破坏试验的目的是全面检验箱体质量，考核强度储箱情况及工艺质量稳定情况，检查破坏压力是否满足设计要求。
试验,is_a,设计要求,DOC005,7298,破坏试验是一种抽样检查试验，破坏试验的目的是全面检验箱体质量，考核强度储箱情况及工艺质量稳定情况，检查破坏压力是否满足设计要求。
航天器,has_component,飞行器,DOC005,7323,无人航天器包括在地球上空、空间或深空里进行探察、观测、实验和试验任务的航天器和航天飞行器等。
航天器,has_component,结构分析,DOC005,7325,本章主要以卫星为例介绍无人航天器结构的特点和设计，包括卫星结构的功能和设计要求、卫星结构的构型设计、卫星结构分析设计，还介绍载人飞船的结构设计及航天器的结构设计等内容。
航天器,has_component,飞船,DOC005,7325,本章主要以卫星为例介绍无人航天器结构的特点和设计，包括卫星结构的功能和设计要求、卫星结构的构型设计、卫星结构分析设计，还介绍载人飞船的结构设计及航天器的结构设计等内容。
航天器,has_component,结构设计,DOC005,7325,本章主要以卫星为例介绍无人航天器结构的特点和设计，包括卫星结构的功能和设计要求、卫星结构的构型设计、卫星结构分析设计，还介绍载人飞船的结构设计及航天器的结构设计等内容。
卫星,is_a,强度,DOC005,7333,卫星结构应保证在以上各种载荷作用下不产生破坏，即结构具有一定的强度。
以上,is_a,强度,DOC005,7333,卫星结构应保证在以上各种载荷作用下不产生破坏，即结构具有一定的强度。
载荷,is_a,强度,DOC005,7333,卫星结构应保证在以上各种载荷作用下不产生破坏，即结构具有一定的强度。
作用,is_a,强度,DOC005,7333,卫星结构应保证在以上各种载荷作用下不产生破坏，即结构具有一定的强度。
产生,is_a,强度,DOC005,7333,卫星结构应保证在以上各种载荷作用下不产生破坏，即结构具有一定的强度。
卫星,uses_method,展开,DOC005,7355,"卫星结构除要使用主要结构以外,还要满足展开要求。"
卫星,uses_method,变形,DOC005,7365,"因此,卫星结构必须采用合适的材料和结构形式,并对热应力和热变形进行分析和设计。"
工艺,is_a,可得到,DOC005,7415,通过采用另一种新的工艺和材料，结构质量即可得到一定减小，但目前卫星质量仍比较大。
工艺,is_a,减小,DOC005,7415,通过采用另一种新的工艺和材料，结构质量即可得到一定减小，但目前卫星质量仍比较大。
工艺,is_a,卫星,DOC005,7415,通过采用另一种新的工艺和材料，结构质量即可得到一定减小，但目前卫星质量仍比较大。
工艺,is_a,比较,DOC005,7415,通过采用另一种新的工艺和材料，结构质量即可得到一定减小，但目前卫星质量仍比较大。
材料,is_a,可得到,DOC005,7415,通过采用另一种新的工艺和材料，结构质量即可得到一定减小，但目前卫星质量仍比较大。
材料,is_a,减小,DOC005,7415,通过采用另一种新的工艺和材料，结构质量即可得到一定减小，但目前卫星质量仍比较大。
材料,is_a,卫星,DOC005,7415,通过采用另一种新的工艺和材料，结构质量即可得到一定减小，但目前卫星质量仍比较大。
材料,is_a,比较,DOC005,7415,通过采用另一种新的工艺和材料，结构质量即可得到一定减小，但目前卫星质量仍比较大。
质量,is_a,可得到,DOC005,7415,通过采用另一种新的工艺和材料，结构质量即可得到一定减小，但目前卫星质量仍比较大。
质量,is_a,减小,DOC005,7415,通过采用另一种新的工艺和材料，结构质量即可得到一定减小，但目前卫星质量仍比较大。
质量,is_a,卫星,DOC005,7415,通过采用另一种新的工艺和材料，结构质量即可得到一定减小，但目前卫星质量仍比较大。
质量,is_a,比较,DOC005,7415,通过采用另一种新的工艺和材料，结构质量即可得到一定减小，但目前卫星质量仍比较大。
杆系结构,part_of,结构形式,DOC005,7418,杆系结构是在研究的另一类结构形式，其特点是当载荷沿任方向作用在节点上时，各构件主要承受轴向载荷作用。
展开,applies_to,卫星,DOC005,7437,网状可展开反射面天线口径一般较大，通常在4.2m以上，甚至达150m，主要用于跟踪数据中卫星上，并同步通信卫星和电子侦察卫星，美国的“大海燕”卫星上采用的平飞编织助展开反射面口径约80m。
防热,part_of,航天器,DOC005,7441,防热结构及材料全已经历几代改进，最初防热方法是简单的增加航天器表皮的厚度或直接在加热单置上扣大块铜或铝合金，利 用材料本身的热容来吸热。
防热,part_of,铝合金,DOC005,7441,防热结构及材料全已经历几代改进，最初防热方法是简单的增加航天器表皮的厚度或直接在加热单置上扣大块铜或铝合金，利 用材料本身的热容来吸热。
材料,part_of,航天器,DOC005,7441,防热结构及材料全已经历几代改进，最初防热方法是简单的增加航天器表皮的厚度或直接在加热单置上扣大块铜或铝合金，利 用材料本身的热容来吸热。
材料,part_of,铝合金,DOC005,7441,防热结构及材料全已经历几代改进，最初防热方法是简单的增加航天器表皮的厚度或直接在加热单置上扣大块铜或铝合金，利 用材料本身的热容来吸热。
作用,part_of,变形,DOC005,7470,由于不直接作用在杆系结构上的外载荷较小，使得杆系结构的设计主要是在各种工况下分析其受力与变形情况，从而保证其安全有效及经济合理等。
杆系结构,part_of,变形,DOC005,7470,由于不直接作用在杆系结构上的外载荷较小，使得杆系结构的设计主要是在各种工况下分析其受力与变形情况，从而保证其安全有效及经济合理等。
载荷,part_of,变形,DOC005,7470,由于不直接作用在杆系结构上的外载荷较小，使得杆系结构的设计主要是在各种工况下分析其受力与变形情况，从而保证其安全有效及经济合理等。
较小,part_of,变形,DOC005,7470,由于不直接作用在杆系结构上的外载荷较小，使得杆系结构的设计主要是在各种工况下分析其受力与变形情况，从而保证其安全有效及经济合理等。
使得,part_of,变形,DOC005,7470,由于不直接作用在杆系结构上的外载荷较小，使得杆系结构的设计主要是在各种工况下分析其受力与变形情况，从而保证其安全有效及经济合理等。
杆系结构,has_component,铝合金,DOC005,7473,杆系结构可用于建立大型空间站（如自由导向的主龙骨结构），用于一些大型空间望远镜的主结构（如铝合金空间望远镜支撑结构），用于一些卫星的结构（如大型桁架结构、空间天线支撑结构）等。
杆系结构,affects,发射,DOC005,7474,杆系结构在空间站中主要起到承力的作用，稳定卫星外形，并且承受各种载荷和环境影响，如发射时的冲击载荷、在轨工作时的热环境载荷等。
杆系结构,affects,任务,DOC005,7486,杆系结构在卫星承受的各种载荷作用下，不应产生影响卫星任务完成的永久变形或失效，如强度不足、结构屈曲等。
中的,is_a,的要求,DOC005,7525,在网架中，在杆上构架中的体系要求只承受压力和拉力，其中节点又通常并有杆件之间并无连接，节点即能满足承受的要求。
要求,is_a,的要求,DOC005,7525,在网架中，在杆上构架中的体系要求只承受压力和拉力，其中节点又通常并有杆件之间并无连接，节点即能满足承受的要求。
压力,is_a,的要求,DOC005,7525,在网架中，在杆上构架中的体系要求只承受压力和拉力，其中节点又通常并有杆件之间并无连接，节点即能满足承受的要求。
通常,is_a,的要求,DOC005,7525,在网架中，在杆上构架中的体系要求只承受压力和拉力，其中节点又通常并有杆件之间并无连接，节点即能满足承受的要求。
之间,is_a,的要求,DOC005,7525,在网架中，在杆上构架中的体系要求只承受压力和拉力，其中节点又通常并有杆件之间并无连接，节点即能满足承受的要求。
连接,is_a,的要求,DOC005,7525,在网架中，在杆上构架中的体系要求只承受压力和拉力，其中节点又通常并有杆件之间并无连接，节点即能满足承受的要求。
杆系结构,has_component,弯矩,DOC005,7538,实际的杆系结构节常点较大能设计成自由转动，杆架杆件将承受剪力和弯矩。
杆系结构,has_component,方向,DOC005,7546,杆系结构一股由一配置数量和配置方向的杆件连接后形成某种整体构型，从而形成某种构架结构。
首先,is_a,面积,DOC005,7563,首先要分析杆件是受拉还是受压，对于拉杆件，只要使设计应力等于或小于材料的屈服或极限应力，即只要保证足够的横截面面积就杆件不破坏或满足要求；
首先,is_a,要求,DOC005,7563,首先要分析杆件是受拉还是受压，对于拉杆件，只要使设计应力等于或小于材料的屈服或极限应力，即只要保证足够的横截面面积就杆件不破坏或满足要求；
对于,is_a,面积,DOC005,7563,首先要分析杆件是受拉还是受压，对于拉杆件，只要使设计应力等于或小于材料的屈服或极限应力，即只要保证足够的横截面面积就杆件不破坏或满足要求；
对于,is_a,要求,DOC005,7563,首先要分析杆件是受拉还是受压，对于拉杆件，只要使设计应力等于或小于材料的屈服或极限应力，即只要保证足够的横截面面积就杆件不破坏或满足要求；
拉杆,is_a,面积,DOC005,7563,首先要分析杆件是受拉还是受压，对于拉杆件，只要使设计应力等于或小于材料的屈服或极限应力，即只要保证足够的横截面面积就杆件不破坏或满足要求；
拉杆,is_a,要求,DOC005,7563,首先要分析杆件是受拉还是受压，对于拉杆件，只要使设计应力等于或小于材料的屈服或极限应力，即只要保证足够的横截面面积就杆件不破坏或满足要求；
应力,is_a,面积,DOC005,7563,首先要分析杆件是受拉还是受压，对于拉杆件，只要使设计应力等于或小于材料的屈服或极限应力，即只要保证足够的横截面面积就杆件不破坏或满足要求；
应力,is_a,要求,DOC005,7563,首先要分析杆件是受拉还是受压，对于拉杆件，只要使设计应力等于或小于材料的屈服或极限应力，即只要保证足够的横截面面积就杆件不破坏或满足要求；
材料,is_a,面积,DOC005,7563,首先要分析杆件是受拉还是受压，对于拉杆件，只要使设计应力等于或小于材料的屈服或极限应力，即只要保证足够的横截面面积就杆件不破坏或满足要求；
材料,is_a,要求,DOC005,7563,首先要分析杆件是受拉还是受压，对于拉杆件，只要使设计应力等于或小于材料的屈服或极限应力，即只要保证足够的横截面面积就杆件不破坏或满足要求；
载荷,is_a,稳定,DOC005,7566,这样，大多数杆件由压缩载荷确定截面尺寸，即设计的杆件要满足弹性稳定性要求。
载荷,is_a,要求,DOC005,7566,这样，大多数杆件由压缩载荷确定截面尺寸，即设计的杆件要满足弹性稳定性要求。
确定,is_a,稳定,DOC005,7566,这样，大多数杆件由压缩载荷确定截面尺寸，即设计的杆件要满足弹性稳定性要求。
确定,is_a,要求,DOC005,7566,这样，大多数杆件由压缩载荷确定截面尺寸，即设计的杆件要满足弹性稳定性要求。
尺寸,is_a,稳定,DOC005,7566,这样，大多数杆件由压缩载荷确定截面尺寸，即设计的杆件要满足弹性稳定性要求。
尺寸,is_a,要求,DOC005,7566,这样，大多数杆件由压缩载荷确定截面尺寸，即设计的杆件要满足弹性稳定性要求。
胶接,uses_method,变形,DOC005,7598,此处需要知道胶接接头在使用期间的可靠性要求，接头必须满足在使用工况下的强度、变形等要求。
杆系结构,has_component,变形,DOC005,7622,除了上述的强度、刚度等性能试验外，杆系结构在有的情况下还需要验证其尺寸稳定性，这里主要包括地基对不同工况的影响，例如，当杆系结构作为空间光学系统的主结构时，对其整体的纵向和横向变形有极高的要求，基于温度等，这就需要在模拟热真空环境条件下，测量结构的变形情况，以验证是否满足结构尺寸稳定性设计指标。
卫星,part_of,装配,DOC005,7644,在以中心承力筒为主承力结构的卫星结构中，其他一些结构件，如仪器安装板都是与中心承力筒进行连接装配形成工程的主结构；
其他,part_of,装配,DOC005,7644,在以中心承力筒为主承力结构的卫星结构中，其他一些结构件，如仪器安装板都是与中心承力筒进行连接装配形成工程的主结构；
装配,affects,高度,DOC005,7724,这些精度对装坐结构的装配有重要影响，甚至对工程上的设备安装精度有重大影响，因此在设计中应高度重视。
相对于,part_of,铝合金,DOC005,7781,相对于金属材料，不论是铝合金还是铝合金，碳纤维复合材料都具有比材质更高的明显优势。
材料,part_of,铝合金,DOC005,7781,相对于金属材料，不论是铝合金还是铝合金，碳纤维复合材料都具有比材质更高的明显优势。
的影响,part_of,装配,DOC005,7810,其布局主要要两方面因素的影响：一是力学性能，另一个是装配结构型
载荷,is_a,参数,DOC005,7819,抹条的密垂程度，主要取决于中小承力所原受的载荷情况和力学性能，为了提高抗失稳载荷的能力，可以通过增加抹条的数量，即增加单根抹条的垂弯参数，从而增加抹条的数量，而且通过调整抹条的截面参数，即增加单根抹条的抗弯惯性矩来实现。
载荷,is_a,从而,DOC005,7819,抹条的密垂程度，主要取决于中小承力所原受的载荷情况和力学性能，为了提高抗失稳载荷的能力，可以通过增加抹条的数量，即增加单根抹条的垂弯参数，从而增加抹条的数量，而且通过调整抹条的截面参数，即增加单根抹条的抗弯惯性矩来实现。
载荷,is_a,而且,DOC005,7819,抹条的密垂程度，主要取决于中小承力所原受的载荷情况和力学性能，为了提高抗失稳载荷的能力，可以通过增加抹条的数量，即增加单根抹条的垂弯参数，从而增加抹条的数量，而且通过调整抹条的截面参数，即增加单根抹条的抗弯惯性矩来实现。
情况,is_a,参数,DOC005,7819,抹条的密垂程度，主要取决于中小承力所原受的载荷情况和力学性能，为了提高抗失稳载荷的能力，可以通过增加抹条的数量，即增加单根抹条的垂弯参数，从而增加抹条的数量，而且通过调整抹条的截面参数，即增加单根抹条的抗弯惯性矩来实现。
情况,is_a,从而,DOC005,7819,抹条的密垂程度，主要取决于中小承力所原受的载荷情况和力学性能，为了提高抗失稳载荷的能力，可以通过增加抹条的数量，即增加单根抹条的垂弯参数，从而增加抹条的数量，而且通过调整抹条的截面参数，即增加单根抹条的抗弯惯性矩来实现。
情况,is_a,而且,DOC005,7819,抹条的密垂程度，主要取决于中小承力所原受的载荷情况和力学性能，为了提高抗失稳载荷的能力，可以通过增加抹条的数量，即增加单根抹条的垂弯参数，从而增加抹条的数量，而且通过调整抹条的截面参数，即增加单根抹条的抗弯惯性矩来实现。
为了,is_a,参数,DOC005,7819,抹条的密垂程度，主要取决于中小承力所原受的载荷情况和力学性能，为了提高抗失稳载荷的能力，可以通过增加抹条的数量，即增加单根抹条的垂弯参数，从而增加抹条的数量，而且通过调整抹条的截面参数，即增加单根抹条的抗弯惯性矩来实现。
为了,is_a,从而,DOC005,7819,抹条的密垂程度，主要取决于中小承力所原受的载荷情况和力学性能，为了提高抗失稳载荷的能力，可以通过增加抹条的数量，即增加单根抹条的垂弯参数，从而增加抹条的数量，而且通过调整抹条的截面参数，即增加单根抹条的抗弯惯性矩来实现。
为了,is_a,而且,DOC005,7819,抹条的密垂程度，主要取决于中小承力所原受的载荷情况和力学性能，为了提高抗失稳载荷的能力，可以通过增加抹条的数量，即增加单根抹条的垂弯参数，从而增加抹条的数量，而且通过调整抹条的截面参数，即增加单根抹条的抗弯惯性矩来实现。
为了,is_a,实现,DOC005,7819,抹条的密垂程度，主要取决于中小承力所原受的载荷情况和力学性能，为了提高抗失稳载荷的能力，可以通过增加抹条的数量，即增加单根抹条的垂弯参数，从而增加抹条的数量，而且通过调整抹条的截面参数，即增加单根抹条的抗弯惯性矩来实现。
提高,is_a,参数,DOC005,7819,抹条的密垂程度，主要取决于中小承力所原受的载荷情况和力学性能，为了提高抗失稳载荷的能力，可以通过增加抹条的数量，即增加单根抹条的垂弯参数，从而增加抹条的数量，而且通过调整抹条的截面参数，即增加单根抹条的抗弯惯性矩来实现。
提高,is_a,从而,DOC005,7819,抹条的密垂程度，主要取决于中小承力所原受的载荷情况和力学性能，为了提高抗失稳载荷的能力，可以通过增加抹条的数量，即增加单根抹条的垂弯参数，从而增加抹条的数量，而且通过调整抹条的截面参数，即增加单根抹条的抗弯惯性矩来实现。
提高,is_a,而且,DOC005,7819,抹条的密垂程度，主要取决于中小承力所原受的载荷情况和力学性能，为了提高抗失稳载荷的能力，可以通过增加抹条的数量，即增加单根抹条的垂弯参数，从而增加抹条的数量，而且通过调整抹条的截面参数，即增加单根抹条的抗弯惯性矩来实现。
提高,is_a,实现,DOC005,7819,抹条的密垂程度，主要取决于中小承力所原受的载荷情况和力学性能，为了提高抗失稳载荷的能力，可以通过增加抹条的数量，即增加单根抹条的垂弯参数，从而增加抹条的数量，而且通过调整抹条的截面参数，即增加单根抹条的抗弯惯性矩来实现。
的能力,is_a,参数,DOC005,7819,抹条的密垂程度，主要取决于中小承力所原受的载荷情况和力学性能，为了提高抗失稳载荷的能力，可以通过增加抹条的数量，即增加单根抹条的垂弯参数，从而增加抹条的数量，而且通过调整抹条的截面参数，即增加单根抹条的抗弯惯性矩来实现。
的能力,is_a,从而,DOC005,7819,抹条的密垂程度，主要取决于中小承力所原受的载荷情况和力学性能，为了提高抗失稳载荷的能力，可以通过增加抹条的数量，即增加单根抹条的垂弯参数，从而增加抹条的数量，而且通过调整抹条的截面参数，即增加单根抹条的抗弯惯性矩来实现。
的能力,is_a,而且,DOC005,7819,抹条的密垂程度，主要取决于中小承力所原受的载荷情况和力学性能，为了提高抗失稳载荷的能力，可以通过增加抹条的数量，即增加单根抹条的垂弯参数，从而增加抹条的数量，而且通过调整抹条的截面参数，即增加单根抹条的抗弯惯性矩来实现。
的能力,is_a,实现,DOC005,7819,抹条的密垂程度，主要取决于中小承力所原受的载荷情况和力学性能，为了提高抗失稳载荷的能力，可以通过增加抹条的数量，即增加单根抹条的垂弯参数，从而增加抹条的数量，而且通过调整抹条的截面参数，即增加单根抹条的抗弯惯性矩来实现。
增加,is_a,参数,DOC005,7819,抹条的密垂程度，主要取决于中小承力所原受的载荷情况和力学性能，为了提高抗失稳载荷的能力，可以通过增加抹条的数量，即增加单根抹条的垂弯参数，从而增加抹条的数量，而且通过调整抹条的截面参数，即增加单根抹条的抗弯惯性矩来实现。
增加,is_a,从而,DOC005,7819,抹条的密垂程度，主要取决于中小承力所原受的载荷情况和力学性能，为了提高抗失稳载荷的能力，可以通过增加抹条的数量，即增加单根抹条的垂弯参数，从而增加抹条的数量，而且通过调整抹条的截面参数，即增加单根抹条的抗弯惯性矩来实现。
增加,is_a,而且,DOC005,7819,抹条的密垂程度，主要取决于中小承力所原受的载荷情况和力学性能，为了提高抗失稳载荷的能力，可以通过增加抹条的数量，即增加单根抹条的垂弯参数，从而增加抹条的数量，而且通过调整抹条的截面参数，即增加单根抹条的抗弯惯性矩来实现。
增加,is_a,实现,DOC005,7819,抹条的密垂程度，主要取决于中小承力所原受的载荷情况和力学性能，为了提高抗失稳载荷的能力，可以通过增加抹条的数量，即增加单根抹条的垂弯参数，从而增加抹条的数量，而且通过调整抹条的截面参数，即增加单根抹条的抗弯惯性矩来实现。
数量,is_a,参数,DOC005,7819,抹条的密垂程度，主要取决于中小承力所原受的载荷情况和力学性能，为了提高抗失稳载荷的能力，可以通过增加抹条的数量，即增加单根抹条的垂弯参数，从而增加抹条的数量，而且通过调整抹条的截面参数，即增加单根抹条的抗弯惯性矩来实现。
数量,is_a,从而,DOC005,7819,抹条的密垂程度，主要取决于中小承力所原受的载荷情况和力学性能，为了提高抗失稳载荷的能力，可以通过增加抹条的数量，即增加单根抹条的垂弯参数，从而增加抹条的数量，而且通过调整抹条的截面参数，即增加单根抹条的抗弯惯性矩来实现。
数量,is_a,而且,DOC005,7819,抹条的密垂程度，主要取决于中小承力所原受的载荷情况和力学性能，为了提高抗失稳载荷的能力，可以通过增加抹条的数量，即增加单根抹条的垂弯参数，从而增加抹条的数量，而且通过调整抹条的截面参数，即增加单根抹条的抗弯惯性矩来实现。
数量,is_a,实现,DOC005,7819,抹条的密垂程度，主要取决于中小承力所原受的载荷情况和力学性能，为了提高抗失稳载荷的能力，可以通过增加抹条的数量，即增加单根抹条的垂弯参数，从而增加抹条的数量，而且通过调整抹条的截面参数，即增加单根抹条的抗弯惯性矩来实现。
参数,is_a,实现,DOC005,7819,抹条的密垂程度，主要取决于中小承力所原受的载荷情况和力学性能，为了提高抗失稳载荷的能力，可以通过增加抹条的数量，即增加单根抹条的垂弯参数，从而增加抹条的数量，而且通过调整抹条的截面参数，即增加单根抹条的抗弯惯性矩来实现。
从而,is_a,实现,DOC005,7819,抹条的密垂程度，主要取决于中小承力所原受的载荷情况和力学性能，为了提高抗失稳载荷的能力，可以通过增加抹条的数量，即增加单根抹条的垂弯参数，从而增加抹条的数量，而且通过调整抹条的截面参数，即增加单根抹条的抗弯惯性矩来实现。
而且,is_a,实现,DOC005,7819,抹条的密垂程度，主要取决于中小承力所原受的载荷情况和力学性能，为了提高抗失稳载荷的能力，可以通过增加抹条的数量，即增加单根抹条的垂弯参数，从而增加抹条的数量，而且通过调整抹条的截面参数，即增加单根抹条的抗弯惯性矩来实现。
之间,is_a,公式,DOC005,7893,相邻槽板与相邻析条之间的蒙皮可视为曲板，其长度大于宽度，可按长曲板的近似公式计算
蒙皮,is_a,公式,DOC005,7893,相邻槽板与相邻析条之间的蒙皮可视为曲板，其长度大于宽度，可按长曲板的近似公式计算
服务,part_of,铝合金,DOC005,7982,"服务舱是以碳纤维复合材料中芯承力前3为主体与大块铝合金蜂窝夹层板相上,下铺台?"
设计要求,is_a,部件,DOC005,7986,"板式结构的设计要求同所有其他卫星结构一样,即板式结构组成的各零部件应由足够的强度,则度和精度,支撑上有有效载荷和其他部分系统的正常工作。"
设计要求,is_a,强度,DOC005,7986,"板式结构的设计要求同所有其他卫星结构一样,即板式结构组成的各零部件应由足够的强度,则度和精度,支撑上有有效载荷和其他部分系统的正常工作。"
设计要求,is_a,精度,DOC005,7986,"板式结构的设计要求同所有其他卫星结构一样,即板式结构组成的各零部件应由足够的强度,则度和精度,支撑上有有效载荷和其他部分系统的正常工作。"
设计要求,is_a,载荷,DOC005,7986,"板式结构的设计要求同所有其他卫星结构一样,即板式结构组成的各零部件应由足够的强度,则度和精度,支撑上有有效载荷和其他部分系统的正常工作。"
设计要求,is_a,部分,DOC005,7986,"板式结构的设计要求同所有其他卫星结构一样,即板式结构组成的各零部件应由足够的强度,则度和精度,支撑上有有效载荷和其他部分系统的正常工作。"
设计要求,is_a,工作,DOC005,7986,"板式结构的设计要求同所有其他卫星结构一样,即板式结构组成的各零部件应由足够的强度,则度和精度,支撑上有有效载荷和其他部分系统的正常工作。"
其他,is_a,部件,DOC005,7986,"板式结构的设计要求同所有其他卫星结构一样,即板式结构组成的各零部件应由足够的强度,则度和精度,支撑上有有效载荷和其他部分系统的正常工作。"
其他,is_a,强度,DOC005,7986,"板式结构的设计要求同所有其他卫星结构一样,即板式结构组成的各零部件应由足够的强度,则度和精度,支撑上有有效载荷和其他部分系统的正常工作。"
其他,is_a,精度,DOC005,7986,"板式结构的设计要求同所有其他卫星结构一样,即板式结构组成的各零部件应由足够的强度,则度和精度,支撑上有有效载荷和其他部分系统的正常工作。"
其他,is_a,载荷,DOC005,7986,"板式结构的设计要求同所有其他卫星结构一样,即板式结构组成的各零部件应由足够的强度,则度和精度,支撑上有有效载荷和其他部分系统的正常工作。"
其他,is_a,部分,DOC005,7986,"板式结构的设计要求同所有其他卫星结构一样,即板式结构组成的各零部件应由足够的强度,则度和精度,支撑上有有效载荷和其他部分系统的正常工作。"
其他,is_a,工作,DOC005,7986,"板式结构的设计要求同所有其他卫星结构一样,即板式结构组成的各零部件应由足够的强度,则度和精度,支撑上有有效载荷和其他部分系统的正常工作。"
卫星,is_a,部件,DOC005,7986,"板式结构的设计要求同所有其他卫星结构一样,即板式结构组成的各零部件应由足够的强度,则度和精度,支撑上有有效载荷和其他部分系统的正常工作。"
卫星,is_a,强度,DOC005,7986,"板式结构的设计要求同所有其他卫星结构一样,即板式结构组成的各零部件应由足够的强度,则度和精度,支撑上有有效载荷和其他部分系统的正常工作。"
卫星,is_a,精度,DOC005,7986,"板式结构的设计要求同所有其他卫星结构一样,即板式结构组成的各零部件应由足够的强度,则度和精度,支撑上有有效载荷和其他部分系统的正常工作。"
卫星,is_a,载荷,DOC005,7986,"板式结构的设计要求同所有其他卫星结构一样,即板式结构组成的各零部件应由足够的强度,则度和精度,支撑上有有效载荷和其他部分系统的正常工作。"
卫星,is_a,部分,DOC005,7986,"板式结构的设计要求同所有其他卫星结构一样,即板式结构组成的各零部件应由足够的强度,则度和精度,支撑上有有效载荷和其他部分系统的正常工作。"
卫星,is_a,工作,DOC005,7986,"板式结构的设计要求同所有其他卫星结构一样,即板式结构组成的各零部件应由足够的强度,则度和精度,支撑上有有效载荷和其他部分系统的正常工作。"
飞船,has_component,返回舱,DOC005,8106,以中国“神舟”号飞船为例，它由附加段、轨道舱、返回舱和推进舱等４个舱段组成（见图7.3.1）。
结构设计,is_a,强度,DOC005,8109,舱段结构设计应当满足以下基本要求：在质量最小的条件下具有最大的容积，能够承受在各种不同使用阶段受到的载荷，即必须有足够的强度和刚度；
结构设计,is_a,刚度,DOC005,8109,舱段结构设计应当满足以下基本要求：在质量最小的条件下具有最大的容积，能够承受在各种不同使用阶段受到的载荷，即必须有足够的强度和刚度；
以下,is_a,强度,DOC005,8109,舱段结构设计应当满足以下基本要求：在质量最小的条件下具有最大的容积，能够承受在各种不同使用阶段受到的载荷，即必须有足够的强度和刚度；
以下,is_a,刚度,DOC005,8109,舱段结构设计应当满足以下基本要求：在质量最小的条件下具有最大的容积，能够承受在各种不同使用阶段受到的载荷，即必须有足够的强度和刚度；
要求,is_a,强度,DOC005,8109,舱段结构设计应当满足以下基本要求：在质量最小的条件下具有最大的容积，能够承受在各种不同使用阶段受到的载荷，即必须有足够的强度和刚度；
要求,is_a,刚度,DOC005,8109,舱段结构设计应当满足以下基本要求：在质量最小的条件下具有最大的容积，能够承受在各种不同使用阶段受到的载荷，即必须有足够的强度和刚度；
质量,is_a,强度,DOC005,8109,舱段结构设计应当满足以下基本要求：在质量最小的条件下具有最大的容积，能够承受在各种不同使用阶段受到的载荷，即必须有足够的强度和刚度；
质量,is_a,刚度,DOC005,8109,舱段结构设计应当满足以下基本要求：在质量最小的条件下具有最大的容积，能够承受在各种不同使用阶段受到的载荷，即必须有足够的强度和刚度；
最小,is_a,强度,DOC005,8109,舱段结构设计应当满足以下基本要求：在质量最小的条件下具有最大的容积，能够承受在各种不同使用阶段受到的载荷，即必须有足够的强度和刚度；
最小,is_a,刚度,DOC005,8109,舱段结构设计应当满足以下基本要求：在质量最小的条件下具有最大的容积，能够承受在各种不同使用阶段受到的载荷，即必须有足够的强度和刚度；
条件,is_a,强度,DOC005,8109,舱段结构设计应当满足以下基本要求：在质量最小的条件下具有最大的容积，能够承受在各种不同使用阶段受到的载荷，即必须有足够的强度和刚度；
条件,is_a,刚度,DOC005,8109,舱段结构设计应当满足以下基本要求：在质量最小的条件下具有最大的容积，能够承受在各种不同使用阶段受到的载荷，即必须有足够的强度和刚度；
最大,is_a,强度,DOC005,8109,舱段结构设计应当满足以下基本要求：在质量最小的条件下具有最大的容积，能够承受在各种不同使用阶段受到的载荷，即必须有足够的强度和刚度；
最大,is_a,刚度,DOC005,8109,舱段结构设计应当满足以下基本要求：在质量最小的条件下具有最大的容积，能够承受在各种不同使用阶段受到的载荷，即必须有足够的强度和刚度；
不同,is_a,强度,DOC005,8109,舱段结构设计应当满足以下基本要求：在质量最小的条件下具有最大的容积，能够承受在各种不同使用阶段受到的载荷，即必须有足够的强度和刚度；
不同,is_a,刚度,DOC005,8109,舱段结构设计应当满足以下基本要求：在质量最小的条件下具有最大的容积，能够承受在各种不同使用阶段受到的载荷，即必须有足够的强度和刚度；
阶段,is_a,强度,DOC005,8109,舱段结构设计应当满足以下基本要求：在质量最小的条件下具有最大的容积，能够承受在各种不同使用阶段受到的载荷，即必须有足够的强度和刚度；
阶段,is_a,刚度,DOC005,8109,舱段结构设计应当满足以下基本要求：在质量最小的条件下具有最大的容积，能够承受在各种不同使用阶段受到的载荷，即必须有足够的强度和刚度；
载荷,is_a,强度,DOC005,8109,舱段结构设计应当满足以下基本要求：在质量最小的条件下具有最大的容积，能够承受在各种不同使用阶段受到的载荷，即必须有足够的强度和刚度；
载荷,is_a,刚度,DOC005,8109,舱段结构设计应当满足以下基本要求：在质量最小的条件下具有最大的容积，能够承受在各种不同使用阶段受到的载荷，即必须有足够的强度和刚度；
根据,part_of,航天器,DOC005,8130,根据是否有人居住的特征，还可以把载人航天器密封舱分为三类：居住舱、无人居住舱、部分居住舱封舱。
根据,part_of,密封圈,DOC005,8228,设计时根据这一条件来确定密封材料的总面积，也就是密封材料的总面积应当大于密封圈轴向的总面积（或许其并不相等）。
条件,part_of,密封圈,DOC005,8228,设计时根据这一条件来确定密封材料的总面积，也就是密封材料的总面积应当大于密封圈轴向的总面积（或许其并不相等）。
来确定,part_of,密封圈,DOC005,8228,设计时根据这一条件来确定密封材料的总面积，也就是密封材料的总面积应当大于密封圈轴向的总面积（或许其并不相等）。
材料,part_of,密封圈,DOC005,8228,设计时根据这一条件来确定密封材料的总面积，也就是密封材料的总面积应当大于密封圈轴向的总面积（或许其并不相等）。
面积,part_of,密封圈,DOC005,8228,设计时根据这一条件来确定密封材料的总面积，也就是密封材料的总面积应当大于密封圈轴向的总面积（或许其并不相等）。
考虑到,part_of,变化,DOC005,8297,与密封舱的区别是它可认为其结构、也可以是不考虑到设备仪器舱内的环境是对外变化的，非密封舱内部以相对真空和低压为主。
设备,part_of,变化,DOC005,8297,与密封舱的区别是它可认为其结构、也可以是不考虑到设备仪器舱内的环境是对外变化的，非密封舱内部以相对真空和低压为主。
环境,part_of,变化,DOC005,8297,与密封舱的区别是它可认为其结构、也可以是不考虑到设备仪器舱内的环境是对外变化的，非密封舱内部以相对真空和低压为主。
防热,part_of,飞船,DOC005,8301,防热结构是返回式卫星、载人飞船的返回舱及航天飞机构等有一种结构形式，能够对航天器返回时发生的气动力热冲击的返回舱外部介质。
防热,part_of,返回舱,DOC005,8301,防热结构是返回式卫星、载人飞船的返回舱及航天飞机构等有一种结构形式，能够对航天器返回时发生的气动力热冲击的返回舱外部介质。
防热,part_of,航天飞机,DOC005,8301,防热结构是返回式卫星、载人飞船的返回舱及航天飞机构等有一种结构形式，能够对航天器返回时发生的气动力热冲击的返回舱外部介质。
防热,part_of,结构形式,DOC005,8301,防热结构是返回式卫星、载人飞船的返回舱及航天飞机构等有一种结构形式，能够对航天器返回时发生的气动力热冲击的返回舱外部介质。
防热,part_of,航天器,DOC005,8301,防热结构是返回式卫星、载人飞船的返回舱及航天飞机构等有一种结构形式，能够对航天器返回时发生的气动力热冲击的返回舱外部介质。
返回舱,has_component,气动热,DOC005,8307,返回舱以近第一宇宙速度（7.8km/s）或更大速度进入大气层后，虽然可以充分利用大气的阻力来达到减速的目的，然而返回舱的动能由于速度转换成非常严重的气动热。
公式,is_a,为零,DOC005,8346,公式（7.4.2）中的 \(\Delta E_k\) 一般变化不大，即由 \(\upsilon=7.8\text{ km/s}\) 或少为零的动能转化。
中的,is_a,为零,DOC005,8346,公式（7.4.2）中的 \(\Delta E_k\) 一般变化不大，即由 \(\upsilon=7.8\text{ km/s}\) 或少为零的动能转化。
变化,is_a,为零,DOC005,8346,公式（7.4.2）中的 \(\Delta E_k\) 一般变化不大，即由 \(\upsilon=7.8\text{ km/s}\) 或少为零的动能转化。
以上,part_of,铝合金,DOC005,8364,"应该指出,以上的计算是比较保守的，实际中,铝合金、铜合金等能承受的范围,由于热量集中,结构的温升过得超过 600℃。"
外形,is_a,返回舱,DOC005,8366,"所以,除了采用适当的外形减少辐射热之外,结构上还要采取防热措施,即返回舱必须采用防热结构。"
之外,is_a,返回舱,DOC005,8366,"所以,除了采用适当的外形减少辐射热之外,结构上还要采取防热措施,即返回舱必须采用防热结构。"
防热,is_a,返回舱,DOC005,8366,"所以,除了采用适当的外形减少辐射热之外,结构上还要采取防热措施,即返回舱必须采用防热结构。"
防热,part_of,航天器,DOC005,8399,进行一个型号防热结构设计的主要依据是航天器系统设计所规定的指标和要求，其中主要包括以下参数和内容：
结构设计,part_of,航天器,DOC005,8399,进行一个型号防热结构设计的主要依据是航天器系统设计所规定的指标和要求，其中主要包括以下参数和内容：
结构设计,has_component,参数,DOC005,8399,进行一个型号防热结构设计的主要依据是航天器系统设计所规定的指标和要求，其中主要包括以下参数和内容：
航天器,has_component,参数,DOC005,8399,进行一个型号防热结构设计的主要依据是航天器系统设计所规定的指标和要求，其中主要包括以下参数和内容：
试验,part_of,航天器,DOC005,8432,地面试验是航天器发射前验证设计的最重要的环节。
防热,is_a,的方法,DOC005,8506,吸热防热是一种防热效率不高的方法，但它简单易行，所以吸早期的就无所用。
防热,is_a,简单,DOC005,8506,吸热防热是一种防热效率不高的方法，但它简单易行，所以吸早期的就无所用。
防热,is_a,早期,DOC005,8506,吸热防热是一种防热效率不高的方法，但它简单易行，所以吸早期的就无所用。
材料,is_a,热流,DOC005,8523,如采取到一组理想的隔热材料，其热导率为0，则由蒸发，未贴合的气动热完全被辐射散热，即 qₙ（净传入内部的热流密度）为零。
材料,is_a,密度,DOC005,8523,如采取到一组理想的隔热材料，其热导率为0，则由蒸发，未贴合的气动热完全被辐射散热，即 qₙ（净传入内部的热流密度）为零。
材料,is_a,为零,DOC005,8523,如采取到一组理想的隔热材料，其热导率为0，则由蒸发，未贴合的气动热完全被辐射散热，即 qₙ（净传入内部的热流密度）为零。
热导率,is_a,热流,DOC005,8523,如采取到一组理想的隔热材料，其热导率为0，则由蒸发，未贴合的气动热完全被辐射散热，即 qₙ（净传入内部的热流密度）为零。
热导率,is_a,密度,DOC005,8523,如采取到一组理想的隔热材料，其热导率为0，则由蒸发，未贴合的气动热完全被辐射散热，即 qₙ（净传入内部的热流密度）为零。
热导率,is_a,为零,DOC005,8523,如采取到一组理想的隔热材料，其热导率为0，则由蒸发，未贴合的气动热完全被辐射散热，即 qₙ（净传入内部的热流密度）为零。
气动热,is_a,热流,DOC005,8523,如采取到一组理想的隔热材料，其热导率为0，则由蒸发，未贴合的气动热完全被辐射散热，即 qₙ（净传入内部的热流密度）为零。
气动热,is_a,密度,DOC005,8523,如采取到一组理想的隔热材料，其热导率为0，则由蒸发，未贴合的气动热完全被辐射散热，即 qₙ（净传入内部的热流密度）为零。
气动热,is_a,为零,DOC005,8523,如采取到一组理想的隔热材料，其热导率为0，则由蒸发，未贴合的气动热完全被辐射散热，即 qₙ（净传入内部的热流密度）为零。
在这种情况下,is_a,气动热,DOC005,8527,在这种情况下也会出现式（7.4.10）的情况，即表面接收的气动热全部由表面辐射散热。
的情况,is_a,气动热,DOC005,8527,在这种情况下也会出现式（7.4.10）的情况，即表面接收的气动热全部由表面辐射散热。
由此可以看出,part_of,蒙皮,DOC005,8528,由此可以看出，辐射防热的最佳结构是：蒙皮或表面的辐射系数等于零，或者蒙皮下而隔热层的热导率等于零。
由此可以看出,part_of,隔热层,DOC005,8528,由此可以看出，辐射防热的最佳结构是：蒙皮或表面的辐射系数等于零，或者蒙皮下而隔热层的热导率等于零。
防热,part_of,蒙皮,DOC005,8528,由此可以看出，辐射防热的最佳结构是：蒙皮或表面的辐射系数等于零，或者蒙皮下而隔热层的热导率等于零。
防热,part_of,隔热层,DOC005,8528,由此可以看出，辐射防热的最佳结构是：蒙皮或表面的辐射系数等于零，或者蒙皮下而隔热层的热导率等于零。
根据,part_of,蒙皮,DOC005,8532,根据式（7.4.10）取最大热流度算出的就是外蒙皮的最高温度。
最大热流,part_of,蒙皮,DOC005,8532,根据式（7.4.10）取最大热流度算出的就是外蒙皮的最高温度。
看出,is_a,防热,DOC005,8537,以看出加热时间越长，即加热越超大，辐射防热结构的效率越高。
加热,is_a,防热,DOC005,8537,以看出加热时间越长，即加热越超大，辐射防热结构的效率越高。
整体结构,has_component,隔热层,DOC005,8551,一维模型中，认为整体结构由3部分组成：外表皮、隔热层和内部结构，如图7.4.6所示。
稳定,is_a,材料,DOC005,8608,3）热稳定性好，即高温时材料性能稳定。
形成,is_a,材料,DOC005,8644,形成3个不同的分段，即发化层、熟解层和原始材料层。
不同,is_a,材料,DOC005,8644,形成3个不同的分段，即发化层、熟解层和原始材料层。
速度,is_a,甲烷,DOC005,8650,内边界温度为Tp1，外边界温度为Tp2，两个边界均以一定速度向内移动，层内主要现象是材料的热解、炭解有两种产物，即气体产物（如甲烷、乙烯、等）和固体产物（炭）。
现象,is_a,甲烷,DOC005,8650,内边界温度为Tp1，外边界温度为Tp2，两个边界均以一定速度向内移动，层内主要现象是材料的热解、炭解有两种产物，即气体产物（如甲烷、乙烯、等）和固体产物（炭）。
材料,is_a,甲烷,DOC005,8650,内边界温度为Tp1，外边界温度为Tp2，两个边界均以一定速度向内移动，层内主要现象是材料的热解、炭解有两种产物，即气体产物（如甲烷、乙烯、等）和固体产物（炭）。
现象,is_a,加热,DOC005,8662,表面发生着复杂的热现象，即有加热，也有放热。
材料,is_a,坐标,DOC005,8694,1）炭胭材料形成后为7.4.12所示的4个不同区域，即炭层段、板反应区及背反应区、刚烫层的坐标为S，背垫坐标为L，坐标轴x垂直于防爆层表面；
形成,is_a,坐标,DOC005,8694,1）炭胭材料形成后为7.4.12所示的4个不同区域，即炭层段、板反应区及背反应区、刚烫层的坐标为S，背垫坐标为L，坐标轴x垂直于防爆层表面；
所示的,is_a,坐标,DOC005,8694,1）炭胭材料形成后为7.4.12所示的4个不同区域，即炭层段、板反应区及背反应区、刚烫层的坐标为S，背垫坐标为L，坐标轴x垂直于防爆层表面；
不同,is_a,坐标,DOC005,8694,1）炭胭材料形成后为7.4.12所示的4个不同区域，即炭层段、板反应区及背反应区、刚烫层的坐标为S，背垫坐标为L，坐标轴x垂直于防爆层表面；
密度,is_a,单位,DOC005,8715,\(\dot{m}_p\)——热解气体的流量密度，即单位时间通过单位面面积的热解气体质量，kg/m²；
密度,is_a,通过单,DOC005,8715,\(\dot{m}_p\)——热解气体的流量密度，即单位时间通过单位面面积的热解气体质量，kg/m²；
密度,is_a,面积,DOC005,8715,\(\dot{m}_p\)——热解气体的流量密度，即单位时间通过单位面面积的热解气体质量，kg/m²；
密度,is_a,质量,DOC005,8715,\(\dot{m}_p\)——热解气体的流量密度，即单位时间通过单位面面积的热解气体质量，kg/m²；
求解,is_a,求出,DOC005,8821,通过上述烘烙力程的求解，即可求出在已知防热层温度时某防热层的温度分布，也可以根据允许的最大背壁结构温升，通过多次试决得出最佳的防热层厚度（一致为设计厚度）。
求解,is_a,已知,DOC005,8821,通过上述烘烙力程的求解，即可求出在已知防热层温度时某防热层的温度分布，也可以根据允许的最大背壁结构温升，通过多次试决得出最佳的防热层厚度（一致为设计厚度）。
求解,is_a,防热,DOC005,8821,通过上述烘烙力程的求解，即可求出在已知防热层温度时某防热层的温度分布，也可以根据允许的最大背壁结构温升，通过多次试决得出最佳的防热层厚度（一致为设计厚度）。
求解,is_a,度时,DOC005,8821,通过上述烘烙力程的求解，即可求出在已知防热层温度时某防热层的温度分布，也可以根据允许的最大背壁结构温升，通过多次试决得出最佳的防热层厚度（一致为设计厚度）。
求解,is_a,分布,DOC005,8821,通过上述烘烙力程的求解，即可求出在已知防热层温度时某防热层的温度分布，也可以根据允许的最大背壁结构温升，通过多次试决得出最佳的防热层厚度（一致为设计厚度）。
求解,is_a,根据,DOC005,8821,通过上述烘烙力程的求解，即可求出在已知防热层温度时某防热层的温度分布，也可以根据允许的最大背壁结构温升，通过多次试决得出最佳的防热层厚度（一致为设计厚度）。
求解,is_a,最大,DOC005,8821,通过上述烘烙力程的求解，即可求出在已知防热层温度时某防热层的温度分布，也可以根据允许的最大背壁结构温升，通过多次试决得出最佳的防热层厚度（一致为设计厚度）。
求解,is_a,厚度,DOC005,8821,通过上述烘烙力程的求解，即可求出在已知防热层温度时某防热层的温度分布，也可以根据允许的最大背壁结构温升，通过多次试决得出最佳的防热层厚度（一致为设计厚度）。
隔热层,has_component,热导率,DOC005,8835,在图（b）中隔热层由热导率较低的靠背层材料制成，且阻热层呈弧装形式，在图（b）结构层材料由（c）牵引热层和金属承力结构间采用滑动杆来实现内部、外层结构之间的不同膨胀量。
返回舱,has_component,密度,DOC005,8845,铅层返回舱的侧壁结构是由铅合金壳体、其露高工性温度为 200℃，所以外面用弹性强硅基合密度烃枣材料制作。
讨论,part_of,飞行器,DOC005,8869,本章讨论的机结构是只与飞行器结构相关的机构，而不包括飞行器所有于系统中的机结构。
飞行器,part_of,飞船,DOC005,8889,飞行器上需要飞行器本体分离的部分可以是助推器、舵轮或弹头、卫星、飞船等有效載荷。
需要,part_of,飞船,DOC005,8889,飞行器上需要飞行器本体分离的部分可以是助推器、舵轮或弹头、卫星、飞船等有效載荷。
分离,part_of,飞船,DOC005,8889,飞行器上需要飞行器本体分离的部分可以是助推器、舵轮或弹头、卫星、飞船等有效載荷。
部分,part_of,飞船,DOC005,8889,飞行器上需要飞行器本体分离的部分可以是助推器、舵轮或弹头、卫星、飞船等有效載荷。
运动,is_a,参数,DOC005,8915,②运动平动和动力学要求，即保证机构运动的下列参数达到设计要求。
运动,is_a,设计要求,DOC005,8915,②运动平动和动力学要求，即保证机构运动的下列参数达到设计要求。
动力,is_a,参数,DOC005,8915,②运动平动和动力学要求，即保证机构运动的下列参数达到设计要求。
动力,is_a,设计要求,DOC005,8915,②运动平动和动力学要求，即保证机构运动的下列参数达到设计要求。
要求,is_a,参数,DOC005,8915,②运动平动和动力学要求，即保证机构运动的下列参数达到设计要求。
要求,is_a,设计要求,DOC005,8915,②运动平动和动力学要求，即保证机构运动的下列参数达到设计要求。
飞机,is_a,部件,DOC005,8950,"由飞机机本身主要是一种机械部件,也承受载荷,因此所有的结构要求又平均适用于机构,主要是强度和刚度要求。"
飞机,is_a,载荷,DOC005,8950,"由飞机机本身主要是一种机械部件,也承受载荷,因此所有的结构要求又平均适用于机构,主要是强度和刚度要求。"
飞机,is_a,要求,DOC005,8950,"由飞机机本身主要是一种机械部件,也承受载荷,因此所有的结构要求又平均适用于机构,主要是强度和刚度要求。"
飞机,is_a,强度,DOC005,8950,"由飞机机本身主要是一种机械部件,也承受载荷,因此所有的结构要求又平均适用于机构,主要是强度和刚度要求。"
飞机,is_a,刚度要求,DOC005,8950,"由飞机机本身主要是一种机械部件,也承受载荷,因此所有的结构要求又平均适用于机构,主要是强度和刚度要求。"
为了,part_of,航天器,DOC005,8968,为了保证机构运动功能顺利实现，在需要产生运动的飞行器（主要是航天器）机构设计中，规定了机构的静力矩（力）裕度和动力（力）裕度要求。
运动,part_of,航天器,DOC005,8968,为了保证机构运动功能顺利实现，在需要产生运动的飞行器（主要是航天器）机构设计中，规定了机构的静力矩（力）裕度和动力（力）裕度要求。
实现,part_of,航天器,DOC005,8968,为了保证机构运动功能顺利实现，在需要产生运动的飞行器（主要是航天器）机构设计中，规定了机构的静力矩（力）裕度和动力（力）裕度要求。
需要,part_of,航天器,DOC005,8968,为了保证机构运动功能顺利实现，在需要产生运动的飞行器（主要是航天器）机构设计中，规定了机构的静力矩（力）裕度和动力（力）裕度要求。
产生,part_of,航天器,DOC005,8968,为了保证机构运动功能顺利实现，在需要产生运动的飞行器（主要是航天器）机构设计中，规定了机构的静力矩（力）裕度和动力（力）裕度要求。
飞行器,part_of,航天器,DOC005,8968,为了保证机构运动功能顺利实现，在需要产生运动的飞行器（主要是航天器）机构设计中，规定了机构的静力矩（力）裕度和动力（力）裕度要求。
舵面,has_component,转轴,DOC005,9017,3）舵面的铰轴力矩 M₀ 和最大气动载荷载荷，包括压并心位于转轴前的最大反操纵力矩；
舵面,has_component,振动,DOC005,9024,10）对舵面操纵机构相合的弓扭自由振动频率要求；
刚度,is_a,舵面,DOC005,9026,12）刚度指标要求，即对舵面弹性件的限制；
要求,is_a,舵面,DOC005,9026,12）刚度指标要求，即对舵面弹性件的限制；
飞机,is_a,最大,DOC005,9035,1）当飞机运动到极限位置，即达到最大行程时，垂纵面
运动,is_a,最大,DOC005,9035,1）当飞机运动到极限位置，即达到最大行程时，垂纵面
位置,is_a,最大,DOC005,9035,1）当飞机运动到极限位置，即达到最大行程时，垂纵面
对称,part_of,舵面,DOC005,9068,"对称性要求的要求是操纵形式偏角（例如偏气舵机若整前后位移）相等时,两个舵面舵的偏转"
要求,part_of,舵面,DOC005,9068,"对称性要求的要求是操纵形式偏角（例如偏气舵机若整前后位移）相等时,两个舵面舵的偏转"
的要求,part_of,舵面,DOC005,9068,"对称性要求的要求是操纵形式偏角（例如偏气舵机若整前后位移）相等时,两个舵面舵的偏转"
变形,is_a,精度,DOC005,9078,用于、反馈允许件的弹性变形的最终表现形式，即旋偏角的弹性偏转量Δδ 小于总体精度的值 Δδ：例如某些空导弹需要求为 Δδ 为 1.0°。
变形,is_a,的值,DOC005,9078,用于、反馈允许件的弹性变形的最终表现形式，即旋偏角的弹性偏转量Δδ 小于总体精度的值 Δδ：例如某些空导弹需要求为 Δδ 为 1.0°。
变形,is_a,要求,DOC005,9078,用于、反馈允许件的弹性变形的最终表现形式，即旋偏角的弹性偏转量Δδ 小于总体精度的值 Δδ：例如某些空导弹需要求为 Δδ 为 1.0°。
变形,is_a,1.0°,DOC005,9078,用于、反馈允许件的弹性变形的最终表现形式，即旋偏角的弹性偏转量Δδ 小于总体精度的值 Δδ：例如某些空导弹需要求为 Δδ 为 1.0°。
最终,is_a,精度,DOC005,9078,用于、反馈允许件的弹性变形的最终表现形式，即旋偏角的弹性偏转量Δδ 小于总体精度的值 Δδ：例如某些空导弹需要求为 Δδ 为 1.0°。
最终,is_a,的值,DOC005,9078,用于、反馈允许件的弹性变形的最终表现形式，即旋偏角的弹性偏转量Δδ 小于总体精度的值 Δδ：例如某些空导弹需要求为 Δδ 为 1.0°。
最终,is_a,要求,DOC005,9078,用于、反馈允许件的弹性变形的最终表现形式，即旋偏角的弹性偏转量Δδ 小于总体精度的值 Δδ：例如某些空导弹需要求为 Δδ 为 1.0°。
最终,is_a,1.0°,DOC005,9078,用于、反馈允许件的弹性变形的最终表现形式，即旋偏角的弹性偏转量Δδ 小于总体精度的值 Δδ：例如某些空导弹需要求为 Δδ 为 1.0°。
运动,is_a,作用,DOC005,9100,运动独立性要求是对运动方式施加时（即对某领域面、或可作用向位移转矩配置作用），而可操作反馈矩对所选的弹性偏转的运动独立性要求。
运动,is_a,操作,DOC005,9100,运动独立性要求是对运动方式施加时（即对某领域面、或可作用向位移转矩配置作用），而可操作反馈矩对所选的弹性偏转的运动独立性要求。
要求,is_a,作用,DOC005,9100,运动独立性要求是对运动方式施加时（即对某领域面、或可作用向位移转矩配置作用），而可操作反馈矩对所选的弹性偏转的运动独立性要求。
要求,is_a,操作,DOC005,9100,运动独立性要求是对运动方式施加时（即对某领域面、或可作用向位移转矩配置作用），而可操作反馈矩对所选的弹性偏转的运动独立性要求。
方式,is_a,作用,DOC005,9100,运动独立性要求是对运动方式施加时（即对某领域面、或可作用向位移转矩配置作用），而可操作反馈矩对所选的弹性偏转的运动独立性要求。
方式,is_a,操作,DOC005,9100,运动独立性要求是对运动方式施加时（即对某领域面、或可作用向位移转矩配置作用），而可操作反馈矩对所选的弹性偏转的运动独立性要求。
这些,part_of,结构简单,DOC005,9227,也有采用简帛轮和带轮等，使对这些操纵机构的要求是结构简单、紧凑、间隙小、效率高。
的要求,part_of,结构简单,DOC005,9227,也有采用简帛轮和带轮等，使对这些操纵机构的要求是结构简单、紧凑、间隙小、效率高。
特点,part_of,结构简单,DOC005,9229,电动旋机主要特点是结构简单、质量小、使用维护方便，没有油气的泄漏和污染问题，可靠性高，符合能源单一化的要求。
升降舵,has_component,支架,DOC005,9257,图8.3.11所示的某导弹升降舵螺轨机构是典型的同向操纵机构，它由滑臂、支架、转轴等机构组成。
升降舵,has_component,转轴,DOC005,9257,图8.3.11所示的某导弹升降舵螺轨机构是典型的同向操纵机构，它由滑臂、支架、转轴等机构组成。
舵面,is_a,力矩,DOC005,9261,这样操纵机构实质上是一摆动的导杆机构，航机行程与舵面偏转角之间有舵面偏转一个角度，能面上产生气动作用力Y，其压在中心一般位于舵面转轴之凸，这样就形成了对舵轴的扭矩，即锉链力矩M，这个力矩与舵机力矩相平衡（实际上舵机力矩应停较于舵轮的摩擦力矩和前进力矩），转轴上的螺轨增弹的支反力（图8.3.11（b）及如图所示为）
舵面,is_a,平衡,DOC005,9261,这样操纵机构实质上是一摆动的导杆机构，航机行程与舵面偏转角之间有舵面偏转一个角度，能面上产生气动作用力Y，其压在中心一般位于舵面转轴之凸，这样就形成了对舵轴的扭矩，即锉链力矩M，这个力矩与舵机力矩相平衡（实际上舵机力矩应停较于舵轮的摩擦力矩和前进力矩），转轴上的螺轨增弹的支反力（图8.3.11（b）及如图所示为）
舵面,is_a,实际上,DOC005,9261,这样操纵机构实质上是一摆动的导杆机构，航机行程与舵面偏转角之间有舵面偏转一个角度，能面上产生气动作用力Y，其压在中心一般位于舵面转轴之凸，这样就形成了对舵轴的扭矩，即锉链力矩M，这个力矩与舵机力矩相平衡（实际上舵机力矩应停较于舵轮的摩擦力矩和前进力矩），转轴上的螺轨增弹的支反力（图8.3.11（b）及如图所示为）
之间,is_a,力矩,DOC005,9261,这样操纵机构实质上是一摆动的导杆机构，航机行程与舵面偏转角之间有舵面偏转一个角度，能面上产生气动作用力Y，其压在中心一般位于舵面转轴之凸，这样就形成了对舵轴的扭矩，即锉链力矩M，这个力矩与舵机力矩相平衡（实际上舵机力矩应停较于舵轮的摩擦力矩和前进力矩），转轴上的螺轨增弹的支反力（图8.3.11（b）及如图所示为）
之间,is_a,平衡,DOC005,9261,这样操纵机构实质上是一摆动的导杆机构，航机行程与舵面偏转角之间有舵面偏转一个角度，能面上产生气动作用力Y，其压在中心一般位于舵面转轴之凸，这样就形成了对舵轴的扭矩，即锉链力矩M，这个力矩与舵机力矩相平衡（实际上舵机力矩应停较于舵轮的摩擦力矩和前进力矩），转轴上的螺轨增弹的支反力（图8.3.11（b）及如图所示为）
之间,is_a,实际上,DOC005,9261,这样操纵机构实质上是一摆动的导杆机构，航机行程与舵面偏转角之间有舵面偏转一个角度，能面上产生气动作用力Y，其压在中心一般位于舵面转轴之凸，这样就形成了对舵轴的扭矩，即锉链力矩M，这个力矩与舵机力矩相平衡（实际上舵机力矩应停较于舵轮的摩擦力矩和前进力矩），转轴上的螺轨增弹的支反力（图8.3.11（b）及如图所示为）
角度,is_a,力矩,DOC005,9261,这样操纵机构实质上是一摆动的导杆机构，航机行程与舵面偏转角之间有舵面偏转一个角度，能面上产生气动作用力Y，其压在中心一般位于舵面转轴之凸，这样就形成了对舵轴的扭矩，即锉链力矩M，这个力矩与舵机力矩相平衡（实际上舵机力矩应停较于舵轮的摩擦力矩和前进力矩），转轴上的螺轨增弹的支反力（图8.3.11（b）及如图所示为）
角度,is_a,平衡,DOC005,9261,这样操纵机构实质上是一摆动的导杆机构，航机行程与舵面偏转角之间有舵面偏转一个角度，能面上产生气动作用力Y，其压在中心一般位于舵面转轴之凸，这样就形成了对舵轴的扭矩，即锉链力矩M，这个力矩与舵机力矩相平衡（实际上舵机力矩应停较于舵轮的摩擦力矩和前进力矩），转轴上的螺轨增弹的支反力（图8.3.11（b）及如图所示为）
角度,is_a,实际上,DOC005,9261,这样操纵机构实质上是一摆动的导杆机构，航机行程与舵面偏转角之间有舵面偏转一个角度，能面上产生气动作用力Y，其压在中心一般位于舵面转轴之凸，这样就形成了对舵轴的扭矩，即锉链力矩M，这个力矩与舵机力矩相平衡（实际上舵机力矩应停较于舵轮的摩擦力矩和前进力矩），转轴上的螺轨增弹的支反力（图8.3.11（b）及如图所示为）
产生,is_a,力矩,DOC005,9261,这样操纵机构实质上是一摆动的导杆机构，航机行程与舵面偏转角之间有舵面偏转一个角度，能面上产生气动作用力Y，其压在中心一般位于舵面转轴之凸，这样就形成了对舵轴的扭矩，即锉链力矩M，这个力矩与舵机力矩相平衡（实际上舵机力矩应停较于舵轮的摩擦力矩和前进力矩），转轴上的螺轨增弹的支反力（图8.3.11（b）及如图所示为）
产生,is_a,平衡,DOC005,9261,这样操纵机构实质上是一摆动的导杆机构，航机行程与舵面偏转角之间有舵面偏转一个角度，能面上产生气动作用力Y，其压在中心一般位于舵面转轴之凸，这样就形成了对舵轴的扭矩，即锉链力矩M，这个力矩与舵机力矩相平衡（实际上舵机力矩应停较于舵轮的摩擦力矩和前进力矩），转轴上的螺轨增弹的支反力（图8.3.11（b）及如图所示为）
产生,is_a,实际上,DOC005,9261,这样操纵机构实质上是一摆动的导杆机构，航机行程与舵面偏转角之间有舵面偏转一个角度，能面上产生气动作用力Y，其压在中心一般位于舵面转轴之凸，这样就形成了对舵轴的扭矩，即锉链力矩M，这个力矩与舵机力矩相平衡（实际上舵机力矩应停较于舵轮的摩擦力矩和前进力矩），转轴上的螺轨增弹的支反力（图8.3.11（b）及如图所示为）
气动,is_a,力矩,DOC005,9261,这样操纵机构实质上是一摆动的导杆机构，航机行程与舵面偏转角之间有舵面偏转一个角度，能面上产生气动作用力Y，其压在中心一般位于舵面转轴之凸，这样就形成了对舵轴的扭矩，即锉链力矩M，这个力矩与舵机力矩相平衡（实际上舵机力矩应停较于舵轮的摩擦力矩和前进力矩），转轴上的螺轨增弹的支反力（图8.3.11（b）及如图所示为）
气动,is_a,平衡,DOC005,9261,这样操纵机构实质上是一摆动的导杆机构，航机行程与舵面偏转角之间有舵面偏转一个角度，能面上产生气动作用力Y，其压在中心一般位于舵面转轴之凸，这样就形成了对舵轴的扭矩，即锉链力矩M，这个力矩与舵机力矩相平衡（实际上舵机力矩应停较于舵轮的摩擦力矩和前进力矩），转轴上的螺轨增弹的支反力（图8.3.11（b）及如图所示为）
气动,is_a,实际上,DOC005,9261,这样操纵机构实质上是一摆动的导杆机构，航机行程与舵面偏转角之间有舵面偏转一个角度，能面上产生气动作用力Y，其压在中心一般位于舵面转轴之凸，这样就形成了对舵轴的扭矩，即锉链力矩M，这个力矩与舵机力矩相平衡（实际上舵机力矩应停较于舵轮的摩擦力矩和前进力矩），转轴上的螺轨增弹的支反力（图8.3.11（b）及如图所示为）
作用,is_a,力矩,DOC005,9261,这样操纵机构实质上是一摆动的导杆机构，航机行程与舵面偏转角之间有舵面偏转一个角度，能面上产生气动作用力Y，其压在中心一般位于舵面转轴之凸，这样就形成了对舵轴的扭矩，即锉链力矩M，这个力矩与舵机力矩相平衡（实际上舵机力矩应停较于舵轮的摩擦力矩和前进力矩），转轴上的螺轨增弹的支反力（图8.3.11（b）及如图所示为）
作用,is_a,平衡,DOC005,9261,这样操纵机构实质上是一摆动的导杆机构，航机行程与舵面偏转角之间有舵面偏转一个角度，能面上产生气动作用力Y，其压在中心一般位于舵面转轴之凸，这样就形成了对舵轴的扭矩，即锉链力矩M，这个力矩与舵机力矩相平衡（实际上舵机力矩应停较于舵轮的摩擦力矩和前进力矩），转轴上的螺轨增弹的支反力（图8.3.11（b）及如图所示为）
作用,is_a,实际上,DOC005,9261,这样操纵机构实质上是一摆动的导杆机构，航机行程与舵面偏转角之间有舵面偏转一个角度，能面上产生气动作用力Y，其压在中心一般位于舵面转轴之凸，这样就形成了对舵轴的扭矩，即锉链力矩M，这个力矩与舵机力矩相平衡（实际上舵机力矩应停较于舵轮的摩擦力矩和前进力矩），转轴上的螺轨增弹的支反力（图8.3.11（b）及如图所示为）
转轴,is_a,力矩,DOC005,9261,这样操纵机构实质上是一摆动的导杆机构，航机行程与舵面偏转角之间有舵面偏转一个角度，能面上产生气动作用力Y，其压在中心一般位于舵面转轴之凸，这样就形成了对舵轴的扭矩，即锉链力矩M，这个力矩与舵机力矩相平衡（实际上舵机力矩应停较于舵轮的摩擦力矩和前进力矩），转轴上的螺轨增弹的支反力（图8.3.11（b）及如图所示为）
转轴,is_a,平衡,DOC005,9261,这样操纵机构实质上是一摆动的导杆机构，航机行程与舵面偏转角之间有舵面偏转一个角度，能面上产生气动作用力Y，其压在中心一般位于舵面转轴之凸，这样就形成了对舵轴的扭矩，即锉链力矩M，这个力矩与舵机力矩相平衡（实际上舵机力矩应停较于舵轮的摩擦力矩和前进力矩），转轴上的螺轨增弹的支反力（图8.3.11（b）及如图所示为）
转轴,is_a,实际上,DOC005,9261,这样操纵机构实质上是一摆动的导杆机构，航机行程与舵面偏转角之间有舵面偏转一个角度，能面上产生气动作用力Y，其压在中心一般位于舵面转轴之凸，这样就形成了对舵轴的扭矩，即锉链力矩M，这个力矩与舵机力矩相平衡（实际上舵机力矩应停较于舵轮的摩擦力矩和前进力矩），转轴上的螺轨增弹的支反力（图8.3.11（b）及如图所示为）
形成,is_a,力矩,DOC005,9261,这样操纵机构实质上是一摆动的导杆机构，航机行程与舵面偏转角之间有舵面偏转一个角度，能面上产生气动作用力Y，其压在中心一般位于舵面转轴之凸，这样就形成了对舵轴的扭矩，即锉链力矩M，这个力矩与舵机力矩相平衡（实际上舵机力矩应停较于舵轮的摩擦力矩和前进力矩），转轴上的螺轨增弹的支反力（图8.3.11（b）及如图所示为）
形成,is_a,平衡,DOC005,9261,这样操纵机构实质上是一摆动的导杆机构，航机行程与舵面偏转角之间有舵面偏转一个角度，能面上产生气动作用力Y，其压在中心一般位于舵面转轴之凸，这样就形成了对舵轴的扭矩，即锉链力矩M，这个力矩与舵机力矩相平衡（实际上舵机力矩应停较于舵轮的摩擦力矩和前进力矩），转轴上的螺轨增弹的支反力（图8.3.11（b）及如图所示为）
形成,is_a,实际上,DOC005,9261,这样操纵机构实质上是一摆动的导杆机构，航机行程与舵面偏转角之间有舵面偏转一个角度，能面上产生气动作用力Y，其压在中心一般位于舵面转轴之凸，这样就形成了对舵轴的扭矩，即锉链力矩M，这个力矩与舵机力矩相平衡（实际上舵机力矩应停较于舵轮的摩擦力矩和前进力矩），转轴上的螺轨增弹的支反力（图8.3.11（b）及如图所示为）
形成,is_a,所示为,DOC005,9261,这样操纵机构实质上是一摆动的导杆机构，航机行程与舵面偏转角之间有舵面偏转一个角度，能面上产生气动作用力Y，其压在中心一般位于舵面转轴之凸，这样就形成了对舵轴的扭矩，即锉链力矩M，这个力矩与舵机力矩相平衡（实际上舵机力矩应停较于舵轮的摩擦力矩和前进力矩），转轴上的螺轨增弹的支反力（图8.3.11（b）及如图所示为）
扭矩,is_a,力矩,DOC005,9261,这样操纵机构实质上是一摆动的导杆机构，航机行程与舵面偏转角之间有舵面偏转一个角度，能面上产生气动作用力Y，其压在中心一般位于舵面转轴之凸，这样就形成了对舵轴的扭矩，即锉链力矩M，这个力矩与舵机力矩相平衡（实际上舵机力矩应停较于舵轮的摩擦力矩和前进力矩），转轴上的螺轨增弹的支反力（图8.3.11（b）及如图所示为）
扭矩,is_a,平衡,DOC005,9261,这样操纵机构实质上是一摆动的导杆机构，航机行程与舵面偏转角之间有舵面偏转一个角度，能面上产生气动作用力Y，其压在中心一般位于舵面转轴之凸，这样就形成了对舵轴的扭矩，即锉链力矩M，这个力矩与舵机力矩相平衡（实际上舵机力矩应停较于舵轮的摩擦力矩和前进力矩），转轴上的螺轨增弹的支反力（图8.3.11（b）及如图所示为）
扭矩,is_a,实际上,DOC005,9261,这样操纵机构实质上是一摆动的导杆机构，航机行程与舵面偏转角之间有舵面偏转一个角度，能面上产生气动作用力Y，其压在中心一般位于舵面转轴之凸，这样就形成了对舵轴的扭矩，即锉链力矩M，这个力矩与舵机力矩相平衡（实际上舵机力矩应停较于舵轮的摩擦力矩和前进力矩），转轴上的螺轨增弹的支反力（图8.3.11（b）及如图所示为）
扭矩,is_a,所示为,DOC005,9261,这样操纵机构实质上是一摆动的导杆机构，航机行程与舵面偏转角之间有舵面偏转一个角度，能面上产生气动作用力Y，其压在中心一般位于舵面转轴之凸，这样就形成了对舵轴的扭矩，即锉链力矩M，这个力矩与舵机力矩相平衡（实际上舵机力矩应停较于舵轮的摩擦力矩和前进力矩），转轴上的螺轨增弹的支反力（图8.3.11（b）及如图所示为）
这种,is_a,较好,DOC005,9279,这种机构由于传动环节少，传力直接关系变形也小，拘造此较简单，因此是一种较好的同向操纵机构。
关系,is_a,较好,DOC005,9279,这种机构由于传动环节少，传力直接关系变形也小，拘造此较简单，因此是一种较好的同向操纵机构。
变形,is_a,较好,DOC005,9279,这种机构由于传动环节少，传力直接关系变形也小，拘造此较简单，因此是一种较好的同向操纵机构。
简单,is_a,较好,DOC005,9279,这种机构由于传动环节少，传力直接关系变形也小，拘造此较简单，因此是一种较好的同向操纵机构。
副翼,is_a,方向,DOC005,9289,图8.3.13为某导弹舵—副翼集氮机构，它所集氮的舵面1′1′，即能向同方向转动起舵的作用，又能反向转动起副翼的作用。
副翼,is_a,转动,DOC005,9289,图8.3.13为某导弹舵—副翼集氮机构，它所集氮的舵面1′1′，即能向同方向转动起舵的作用，又能反向转动起副翼的作用。
副翼,is_a,的作用,DOC005,9289,图8.3.13为某导弹舵—副翼集氮机构，它所集氮的舵面1′1′，即能向同方向转动起舵的作用，又能反向转动起副翼的作用。
舵面,is_a,方向,DOC005,9289,图8.3.13为某导弹舵—副翼集氮机构，它所集氮的舵面1′1′，即能向同方向转动起舵的作用，又能反向转动起副翼的作用。
舵面,is_a,转动,DOC005,9289,图8.3.13为某导弹舵—副翼集氮机构，它所集氮的舵面1′1′，即能向同方向转动起舵的作用，又能反向转动起副翼的作用。
舵面,is_a,的作用,DOC005,9289,图8.3.13为某导弹舵—副翼集氮机构，它所集氮的舵面1′1′，即能向同方向转动起舵的作用，又能反向转动起副翼的作用。
对于,is_a,要求,DOC005,9386,③对于摇臂和拉杆之间的角度，为便于保证良好的线性传动关系，在旋转处于中立位置 时，拉杆可能应达到30°，即可满足等要求。
拉杆,is_a,要求,DOC005,9386,③对于摇臂和拉杆之间的角度，为便于保证良好的线性传动关系，在旋转处于中立位置 时，拉杆可能应达到30°，即可满足等要求。
之间的角度,is_a,要求,DOC005,9386,③对于摇臂和拉杆之间的角度，为便于保证良好的线性传动关系，在旋转处于中立位置 时，拉杆可能应达到30°，即可满足等要求。
关系,is_a,要求,DOC005,9386,③对于摇臂和拉杆之间的角度，为便于保证良好的线性传动关系，在旋转处于中立位置 时，拉杆可能应达到30°，即可满足等要求。
位置,is_a,要求,DOC005,9386,③对于摇臂和拉杆之间的角度，为便于保证良好的线性传动关系，在旋转处于中立位置 时，拉杆可能应达到30°，即可满足等要求。
30°,is_a,要求,DOC005,9386,③对于摇臂和拉杆之间的角度，为便于保证良好的线性传动关系，在旋转处于中立位置 时，拉杆可能应达到30°，即可满足等要求。
分离,has_component,飞行器,DOC005,9434,连接与分离机构设计的初始条件主要是由飞行器总体设计与系统设计来提供。
分离,part_of,分离时,DOC005,9455,3）在分离过程中的要求是要确保分离时机被分离载荷以某种方式作用于被分离部件上，并使其按要求分离。
过程中,part_of,分离时,DOC005,9455,3）在分离过程中的要求是要确保分离时机被分离载荷以某种方式作用于被分离部件上，并使其按要求分离。
的要求,part_of,分离时,DOC005,9455,3）在分离过程中的要求是要确保分离时机被分离载荷以某种方式作用于被分离部件上，并使其按要求分离。
连接,part_of,分离时,DOC005,9470,"连接解锁装置的功用就是在分离时将分离部分中与飞行器本体可带地锁解除压紧在一起,在分离时两时可能地将解锁(释放)即可。"
连接,part_of,分离,DOC005,9470,"连接解锁装置的功用就是在分离时将分离部分中与飞行器本体可带地锁解除压紧在一起,在分离时两时可能地将解锁(释放)即可。"
连接,part_of,飞行器,DOC005,9470,"连接解锁装置的功用就是在分离时将分离部分中与飞行器本体可带地锁解除压紧在一起,在分离时两时可能地将解锁(释放)即可。"
装置,part_of,分离时,DOC005,9470,"连接解锁装置的功用就是在分离时将分离部分中与飞行器本体可带地锁解除压紧在一起,在分离时两时可能地将解锁(释放)即可。"
装置,part_of,分离,DOC005,9470,"连接解锁装置的功用就是在分离时将分离部分中与飞行器本体可带地锁解除压紧在一起,在分离时两时可能地将解锁(释放)即可。"
装置,part_of,飞行器,DOC005,9470,"连接解锁装置的功用就是在分离时将分离部分中与飞行器本体可带地锁解除压紧在一起,在分离时两时可能地将解锁(释放)即可。"
爆炸螺栓,has_component,分离,DOC005,9475,以包带与爆炸螺栓组成的串联或身开解锁分离装置为例，如图8.4.1所示。
分离,has_component,爆炸螺栓,DOC005,9476,"此装置由分离剪断或发动机的串联金属串帽,若干个V形火束和无承爆煤质组成,顶端金属包带上的切向爆炸螺栓,在预爆的作用下通过V形块将被连接的两部分的对接连接在一起。"
发动机,has_component,爆炸螺栓,DOC005,9476,"此装置由分离剪断或发动机的串联金属串帽,若干个V形火束和无承爆煤质组成,顶端金属包带上的切向爆炸螺栓,在预爆的作用下通过V形块将被连接的两部分的对接连接在一起。"
爆炸螺栓,uses_method,分离,DOC005,9477,"在地面运输和发射时,由夹块和包带承受连接被,分离时,爆炸螺栓起爆解锁,所包带的周向连接被解除,进而将被连接的两部分解锁,可以采用分离前解锁动作对分离。"
分离,has_component,分离时,DOC005,9479,"这种连接与分离装置可靠性高,分离由先被捕、也可退进分离时提供力分离。"
爆炸螺栓,uses_method,分离,DOC005,9483,爆炸螺栓多用于多点连接法离面，它利用爆纹连接将飞行器基本体与被分离部分连接起 来。
爆炸螺栓,part_of,结构形式,DOC005,9486,爆炸螺栓和无仿离装置螺栓属于串联 类装置的结构形式。
装置,part_of,结构形式,DOC005,9486,爆炸螺栓和无仿离装置螺栓属于串联 类装置的结构形式。
螺栓,part_of,结构形式,DOC005,9486,爆炸螺栓和无仿离装置螺栓属于串联 类装置的结构形式。
装置,part_of,结构简单,DOC005,9487,其装置的优点是承载能力大，尺寸小，质量轻，结构简单，工作可靠，使用方便，不 只是由于弹致故障可用较长时间，且能提高分离精度。
优点,part_of,结构简单,DOC005,9487,其装置的优点是承载能力大，尺寸小，质量轻，结构简单，工作可靠，使用方便，不 只是由于弹致故障可用较长时间，且能提高分离精度。
结构简单,has_component,分离,DOC005,9487,其装置的优点是承载能力大，尺寸小，质量轻，结构简单，工作可靠，使用方便，不 只是由于弹致故障可用较长时间，且能提高分离精度。
发动机,has_component,发动机推力,DOC005,9576,导弹发射后，一段导弹工作结束，二级发动机点火，将低除点组合金条带隔断，锚倒系统解锁，由二级发动机推力、一级导弹的气动升力，产生两级加速度差，实现分离。
发动机,has_component,气动,DOC005,9576,导弹发射后，一段导弹工作结束，二级发动机点火，将低除点组合金条带隔断，锚倒系统解锁，由二级发动机推力、一级导弹的气动升力，产生两级加速度差，实现分离。
发动机,has_component,速度,DOC005,9576,导弹发射后，一段导弹工作结束，二级发动机点火，将低除点组合金条带隔断，锚倒系统解锁，由二级发动机推力、一级导弹的气动升力，产生两级加速度差，实现分离。
发动机,has_component,分离,DOC005,9576,导弹发射后，一段导弹工作结束，二级发动机点火，将低除点组合金条带隔断，锚倒系统解锁，由二级发动机推力、一级导弹的气动升力，产生两级加速度差，实现分离。
连接,part_of,结构简单,DOC005,9608,卡环式连接与分离机构的主要特点是结构简单，占能1—外卡环，2—爆炸螺栓，3—可分离器的内部空间很小，只要爆炸螺栓可靠完成即可保证可靠分离。
连接,part_of,爆炸螺栓,DOC005,9608,卡环式连接与分离机构的主要特点是结构简单，占能1—外卡环，2—爆炸螺栓，3—可分离器的内部空间很小，只要爆炸螺栓可靠完成即可保证可靠分离。
分离,part_of,结构简单,DOC005,9608,卡环式连接与分离机构的主要特点是结构简单，占能1—外卡环，2—爆炸螺栓，3—可分离器的内部空间很小，只要爆炸螺栓可靠完成即可保证可靠分离。
分离,part_of,爆炸螺栓,DOC005,9608,卡环式连接与分离机构的主要特点是结构简单，占能1—外卡环，2—爆炸螺栓，3—可分离器的内部空间很小，只要爆炸螺栓可靠完成即可保证可靠分离。
特点,part_of,结构简单,DOC005,9608,卡环式连接与分离机构的主要特点是结构简单，占能1—外卡环，2—爆炸螺栓，3—可分离器的内部空间很小，只要爆炸螺栓可靠完成即可保证可靠分离。
特点,part_of,爆炸螺栓,DOC005,9608,卡环式连接与分离机构的主要特点是结构简单，占能1—外卡环，2—爆炸螺栓，3—可分离器的内部空间很小，只要爆炸螺栓可靠完成即可保证可靠分离。
发动机,has_component,推力,DOC005,9637,当一级发动机点火后，断止发动前，由前接头顶住弹体传送推力。
发动机,is_a,支座,DOC005,9638,一■级发动机工作结束瞬间，气动阻力使其迅速后滑，当后接头角片从其大孔的一端滑到另一端时，前接头小轴即滑出弹体，释放弹升方■级发动机就完全支座释放预延旋方角度（见图8.4.15），后接头将弹座的固定螺折拆断，一级发动机和弹座一起与弹体分离。
发动机,is_a,角度,DOC005,9638,一■级发动机工作结束瞬间，气动阻力使其迅速后滑，当后接头角片从其大孔的一端滑到另一端时，前接头小轴即滑出弹体，释放弹升方■级发动机就完全支座释放预延旋方角度（见图8.4.15），后接头将弹座的固定螺折拆断，一级发动机和弹座一起与弹体分离。
工作,is_a,支座,DOC005,9638,一■级发动机工作结束瞬间，气动阻力使其迅速后滑，当后接头角片从其大孔的一端滑到另一端时，前接头小轴即滑出弹体，释放弹升方■级发动机就完全支座释放预延旋方角度（见图8.4.15），后接头将弹座的固定螺折拆断，一级发动机和弹座一起与弹体分离。
工作,is_a,角度,DOC005,9638,一■级发动机工作结束瞬间，气动阻力使其迅速后滑，当后接头角片从其大孔的一端滑到另一端时，前接头小轴即滑出弹体，释放弹升方■级发动机就完全支座释放预延旋方角度（见图8.4.15），后接头将弹座的固定螺折拆断，一级发动机和弹座一起与弹体分离。
气动,is_a,支座,DOC005,9638,一■级发动机工作结束瞬间，气动阻力使其迅速后滑，当后接头角片从其大孔的一端滑到另一端时，前接头小轴即滑出弹体，释放弹升方■级发动机就完全支座释放预延旋方角度（见图8.4.15），后接头将弹座的固定螺折拆断，一级发动机和弹座一起与弹体分离。
气动,is_a,角度,DOC005,9638,一■级发动机工作结束瞬间，气动阻力使其迅速后滑，当后接头角片从其大孔的一端滑到另一端时，前接头小轴即滑出弹体，释放弹升方■级发动机就完全支座释放预延旋方角度（见图8.4.15），后接头将弹座的固定螺折拆断，一级发动机和弹座一起与弹体分离。
阻力,is_a,支座,DOC005,9638,一■级发动机工作结束瞬间，气动阻力使其迅速后滑，当后接头角片从其大孔的一端滑到另一端时，前接头小轴即滑出弹体，释放弹升方■级发动机就完全支座释放预延旋方角度（见图8.4.15），后接头将弹座的固定螺折拆断，一级发动机和弹座一起与弹体分离。
阻力,is_a,角度,DOC005,9638,一■级发动机工作结束瞬间，气动阻力使其迅速后滑，当后接头角片从其大孔的一端滑到另一端时，前接头小轴即滑出弹体，释放弹升方■级发动机就完全支座释放预延旋方角度（见图8.4.15），后接头将弹座的固定螺折拆断，一级发动机和弹座一起与弹体分离。
阻力,is_a,固定,DOC005,9638,一■级发动机工作结束瞬间，气动阻力使其迅速后滑，当后接头角片从其大孔的一端滑到另一端时，前接头小轴即滑出弹体，释放弹升方■级发动机就完全支座释放预延旋方角度（见图8.4.15），后接头将弹座的固定螺折拆断，一级发动机和弹座一起与弹体分离。
迅速,is_a,支座,DOC005,9638,一■级发动机工作结束瞬间，气动阻力使其迅速后滑，当后接头角片从其大孔的一端滑到另一端时，前接头小轴即滑出弹体，释放弹升方■级发动机就完全支座释放预延旋方角度（见图8.4.15），后接头将弹座的固定螺折拆断，一级发动机和弹座一起与弹体分离。
迅速,is_a,角度,DOC005,9638,一■级发动机工作结束瞬间，气动阻力使其迅速后滑，当后接头角片从其大孔的一端滑到另一端时，前接头小轴即滑出弹体，释放弹升方■级发动机就完全支座释放预延旋方角度（见图8.4.15），后接头将弹座的固定螺折拆断，一级发动机和弹座一起与弹体分离。
迅速,is_a,固定,DOC005,9638,一■级发动机工作结束瞬间，气动阻力使其迅速后滑，当后接头角片从其大孔的一端滑到另一端时，前接头小轴即滑出弹体，释放弹升方■级发动机就完全支座释放预延旋方角度（见图8.4.15），后接头将弹座的固定螺折拆断，一级发动机和弹座一起与弹体分离。
接头,is_a,支座,DOC005,9638,一■级发动机工作结束瞬间，气动阻力使其迅速后滑，当后接头角片从其大孔的一端滑到另一端时，前接头小轴即滑出弹体，释放弹升方■级发动机就完全支座释放预延旋方角度（见图8.4.15），后接头将弹座的固定螺折拆断，一级发动机和弹座一起与弹体分离。
接头,is_a,角度,DOC005,9638,一■级发动机工作结束瞬间，气动阻力使其迅速后滑，当后接头角片从其大孔的一端滑到另一端时，前接头小轴即滑出弹体，释放弹升方■级发动机就完全支座释放预延旋方角度（见图8.4.15），后接头将弹座的固定螺折拆断，一级发动机和弹座一起与弹体分离。
接头,is_a,固定,DOC005,9638,一■级发动机工作结束瞬间，气动阻力使其迅速后滑，当后接头角片从其大孔的一端滑到另一端时，前接头小轴即滑出弹体，释放弹升方■级发动机就完全支座释放预延旋方角度（见图8.4.15），后接头将弹座的固定螺折拆断，一级发动机和弹座一起与弹体分离。
这种,part_of,发动机,DOC005,9641,这种连接方式随两的特点是：四台一级发动机弹分离时，用前支座保证同步分离。
这种,part_of,分离时,DOC005,9641,这种连接方式随两的特点是：四台一级发动机弹分离时，用前支座保证同步分离。
这种,part_of,分离,DOC005,9641,这种连接方式随两的特点是：四台一级发动机弹分离时，用前支座保证同步分离。
连接,part_of,发动机,DOC005,9641,这种连接方式随两的特点是：四台一级发动机弹分离时，用前支座保证同步分离。
连接,part_of,分离时,DOC005,9641,这种连接方式随两的特点是：四台一级发动机弹分离时，用前支座保证同步分离。
连接,part_of,分离,DOC005,9641,这种连接方式随两的特点是：四台一级发动机弹分离时，用前支座保证同步分离。
方式,part_of,发动机,DOC005,9641,这种连接方式随两的特点是：四台一级发动机弹分离时，用前支座保证同步分离。
方式,part_of,分离时,DOC005,9641,这种连接方式随两的特点是：四台一级发动机弹分离时，用前支座保证同步分离。
方式,part_of,分离,DOC005,9641,这种连接方式随两的特点是：四台一级发动机弹分离时，用前支座保证同步分离。
特点,part_of,发动机,DOC005,9641,这种连接方式随两的特点是：四台一级发动机弹分离时，用前支座保证同步分离。
特点,part_of,分离时,DOC005,9641,这种连接方式随两的特点是：四台一级发动机弹分离时，用前支座保证同步分离。
特点,part_of,分离,DOC005,9641,这种连接方式随两的特点是：四台一级发动机弹分离时，用前支座保证同步分离。
工作,part_of,分离,DOC005,9650,悬挂式的工作原理是：在助推器点火后作，燃气流从尾喷口喷出，冲击位于后悬挂头的弹座，并将其分离。
接头,part_of,分离,DOC005,9683,前接头（见1调图）是用助推头作同属于型式分离机构前接头，后接头（见图A-A图）是用导向头。
分离,has_component,爆炸螺栓,DOC005,9684,分离环由4个带槽矩形块、3对锥钉及一个爆炸螺栓组成（见图B-B）。
工作,part_of,分离,DOC005,9705,机构的工作原理是在分离机构中的爆炸螺栓接通电信号后，爆炸螺栓起爆，将分离环打开；
工作,part_of,爆炸螺栓,DOC005,9705,机构的工作原理是在分离机构中的爆炸螺栓接通电信号后，爆炸螺栓起爆，将分离环打开；
特点,part_of,分离,DOC005,9707,机构的特点是：该连接均分离结构设计合理，具有悬挂式与卡环式分离机构的优点。
特点,part_of,结构设计,DOC005,9707,机构的特点是：该连接均分离结构设计合理，具有悬挂式与卡环式分离机构的优点。
螺栓,is_a,刚度,DOC005,9797,如果各螺栓的材料、结构和尺寸相同，即它们的刚度相同，在假设对接栓刚度近远大于螺栓
螺栓,is_a,假设,DOC005,9797,如果各螺栓的材料、结构和尺寸相同，即它们的刚度相同，在假设对接栓刚度近远大于螺栓
螺栓,is_a,对接,DOC005,9797,如果各螺栓的材料、结构和尺寸相同，即它们的刚度相同，在假设对接栓刚度近远大于螺栓
材料,is_a,刚度,DOC005,9797,如果各螺栓的材料、结构和尺寸相同，即它们的刚度相同，在假设对接栓刚度近远大于螺栓
材料,is_a,假设,DOC005,9797,如果各螺栓的材料、结构和尺寸相同，即它们的刚度相同，在假设对接栓刚度近远大于螺栓
材料,is_a,对接,DOC005,9797,如果各螺栓的材料、结构和尺寸相同，即它们的刚度相同，在假设对接栓刚度近远大于螺栓
尺寸,is_a,刚度,DOC005,9797,如果各螺栓的材料、结构和尺寸相同，即它们的刚度相同，在假设对接栓刚度近远大于螺栓
尺寸,is_a,假设,DOC005,9797,如果各螺栓的材料、结构和尺寸相同，即它们的刚度相同，在假设对接栓刚度近远大于螺栓
尺寸,is_a,对接,DOC005,9797,如果各螺栓的材料、结构和尺寸相同，即它们的刚度相同，在假设对接栓刚度近远大于螺栓
相同,is_a,刚度,DOC005,9797,如果各螺栓的材料、结构和尺寸相同，即它们的刚度相同，在假设对接栓刚度近远大于螺栓
相同,is_a,假设,DOC005,9797,如果各螺栓的材料、结构和尺寸相同，即它们的刚度相同，在假设对接栓刚度近远大于螺栓
相同,is_a,对接,DOC005,9797,如果各螺栓的材料、结构和尺寸相同，即它们的刚度相同，在假设对接栓刚度近远大于螺栓
爆炸螺栓,has_mechanism,分离,DOC005,9825,爆炸螺栓数量的确定首先是依据卫星系统布局的需要，通过对星／箭分离高度工作的分析结果确定，然后根据分配到每个爆炸螺栓上的载荷和 / 箭释放的可靠性要求，确定爆炸螺栓的类型和规格。
飞船,has_component,返回舱,DOC005,9840,该型号飞船由轨道舱、返回舱、推进舱和附加舱段组成，如图 8.4.21 所示。
之间,is_a,轨道舱,DOC005,9841,舱段之间共有两个机械对接口， 即轨道舱与返回舱对接口（Ⅰ－Ⅰ面）和推进舱与返回舱对接口（Ⅱ－Ⅱ面）。
之间,is_a,返回舱,DOC005,9841,舱段之间共有两个机械对接口， 即轨道舱与返回舱对接口（Ⅰ－Ⅰ面）和推进舱与返回舱对接口（Ⅱ－Ⅱ面）。
之间,is_a,推进,DOC005,9841,舱段之间共有两个机械对接口， 即轨道舱与返回舱对接口（Ⅰ－Ⅰ面）和推进舱与返回舱对接口（Ⅱ－Ⅱ面）。
对接,is_a,轨道舱,DOC005,9841,舱段之间共有两个机械对接口， 即轨道舱与返回舱对接口（Ⅰ－Ⅰ面）和推进舱与返回舱对接口（Ⅱ－Ⅱ面）。
对接,is_a,返回舱,DOC005,9841,舱段之间共有两个机械对接口， 即轨道舱与返回舱对接口（Ⅰ－Ⅰ面）和推进舱与返回舱对接口（Ⅱ－Ⅱ面）。
对接,is_a,推进,DOC005,9841,舱段之间共有两个机械对接口， 即轨道舱与返回舱对接口（Ⅰ－Ⅰ面）和推进舱与返回舱对接口（Ⅱ－Ⅱ面）。
分离,has_component,弹簧,DOC005,9892,"由于推出推送的质心仍存在偏心，为了保证正确的分离速度和分离姿态，因此采用两不同分离方向的分离螺囊组成：安装在1条限线上的小弹簧分离座推杆相较大加力2 kN,其余4个大觉道分离座推杆最大推力为3 kN。"
分离,has_component,推力,DOC005,9892,"由于推出推送的质心仍存在偏心，为了保证正确的分离速度和分离姿态，因此采用两不同分离方向的分离螺囊组成：安装在1条限线上的小弹簧分离座推杆相较大加力2 kN,其余4个大觉道分离座推杆最大推力为3 kN。"
分离,is_a,弹簧,DOC005,9901,内套筒外表面为滑动面，涂覆固润滑质，分离筒在弹簧筒的作用使其分离时被推出外筒之外，并滑动到下的外部动作实现分离，当内套筒上的限位活动面台阶到达限位处时，推动即被限制，弹簧筒被限制在外套筒内。
在弹,is_a,弹簧,DOC005,9901,内套筒外表面为滑动面，涂覆固润滑质，分离筒在弹簧筒的作用使其分离时被推出外筒之外，并滑动到下的外部动作实现分离，当内套筒上的限位活动面台阶到达限位处时，推动即被限制，弹簧筒被限制在外套筒内。
的作用,is_a,弹簧,DOC005,9901,内套筒外表面为滑动面，涂覆固润滑质，分离筒在弹簧筒的作用使其分离时被推出外筒之外，并滑动到下的外部动作实现分离，当内套筒上的限位活动面台阶到达限位处时，推动即被限制，弹簧筒被限制在外套筒内。
分离时,is_a,弹簧,DOC005,9901,内套筒外表面为滑动面，涂覆固润滑质，分离筒在弹簧筒的作用使其分离时被推出外筒之外，并滑动到下的外部动作实现分离，当内套筒上的限位活动面台阶到达限位处时，推动即被限制，弹簧筒被限制在外套筒内。
之外,is_a,弹簧,DOC005,9901,内套筒外表面为滑动面，涂覆固润滑质，分离筒在弹簧筒的作用使其分离时被推出外筒之外，并滑动到下的外部动作实现分离，当内套筒上的限位活动面台阶到达限位处时，推动即被限制，弹簧筒被限制在外套筒内。
实现,is_a,弹簧,DOC005,9901,内套筒外表面为滑动面，涂覆固润滑质，分离筒在弹簧筒的作用使其分离时被推出外筒之外，并滑动到下的外部动作实现分离，当内套筒上的限位活动面台阶到达限位处时，推动即被限制，弹簧筒被限制在外套筒内。
载荷,part_of,分离,DOC005,9908,载荷条件是进行连接与分离机构设计的重要输入条件，所以设计时首先必须明确飞行器是在地面停放、起吊、翻转等操作过程中，以及在运输、发射、飞行等阶段的载荷。
载荷,part_of,飞行器,DOC005,9908,载荷条件是进行连接与分离机构设计的重要输入条件，所以设计时首先必须明确飞行器是在地面停放、起吊、翻转等操作过程中，以及在运输、发射、飞行等阶段的载荷。
条件,part_of,分离,DOC005,9908,载荷条件是进行连接与分离机构设计的重要输入条件，所以设计时首先必须明确飞行器是在地面停放、起吊、翻转等操作过程中，以及在运输、发射、飞行等阶段的载荷。
条件,part_of,飞行器,DOC005,9908,载荷条件是进行连接与分离机构设计的重要输入条件，所以设计时首先必须明确飞行器是在地面停放、起吊、翻转等操作过程中，以及在运输、发射、飞行等阶段的载荷。
连接,part_of,螺栓,DOC005,9915,问题是连接能力与分离功能的可靠性在相互矛盾，比较典型的是连接螺栓的可靠性和分离机构的可靠性之间的相互制约。
能力,part_of,螺栓,DOC005,9915,问题是连接能力与分离功能的可靠性在相互矛盾，比较典型的是连接螺栓的可靠性和分离机构的可靠性之间的相互制约。
分离,part_of,螺栓,DOC005,9915,问题是连接能力与分离功能的可靠性在相互矛盾，比较典型的是连接螺栓的可靠性和分离机构的可靠性之间的相互制约。
可靠性,part_of,螺栓,DOC005,9915,问题是连接能力与分离功能的可靠性在相互矛盾，比较典型的是连接螺栓的可靠性和分离机构的可靠性之间的相互制约。
比较,part_of,螺栓,DOC005,9915,问题是连接能力与分离功能的可靠性在相互矛盾，比较典型的是连接螺栓的可靠性和分离机构的可靠性之间的相互制约。
分离,has_component,飞行器,DOC005,10034,连接与分离机构为连接点处的受力状态，对整体的运动性影响较大（包括飞行器整体结构的形态和动稳定性等）。
分离,has_component,整体结构,DOC005,10034,连接与分离机构为连接点处的受力状态，对整体的运动性影响较大（包括飞行器整体结构的形态和动稳定性等）。
分离,has_component,动稳定性,DOC005,10034,连接与分离机构为连接点处的受力状态，对整体的运动性影响较大（包括飞行器整体结构的形态和动稳定性等）。
太阳,part_of,航天器,DOC005,10048,太阳能电池板机构的功能是先把太阳能电池板放固定在航天器本体上，在航天器发射时，再把太阳能电池板展开到预定的状态与位置。
太阳,part_of,展开,DOC005,10048,太阳能电池板机构的功能是先把太阳能电池板放固定在航天器本体上，在航天器发射时，再把太阳能电池板展开到预定的状态与位置。
首先,part_of,航天器,DOC005,10052,压紧与释放机构的功能首先是把太阳能电池板固定在航天器本体的适当位置上，在航天器发射时，保证太阳能电池板的最好可靠幕不超出运送火箭的动态包括范围并且最受发射载荷条件，尤其在发射和人为航天器与加载和展开控制等方面范围强上提供可靠的压紧与约束的固定要求。
航天器,has_component,载荷,DOC005,10052,压紧与释放机构的功能首先是把太阳能电池板固定在航天器本体的适当位置上，在航天器发射时，保证太阳能电池板的最好可靠幕不超出运送火箭的动态包括范围并且最受发射载荷条件，尤其在发射和人为航天器与加载和展开控制等方面范围强上提供可靠的压紧与约束的固定要求。
航天器,has_component,展开,DOC005,10052,压紧与释放机构的功能首先是把太阳能电池板固定在航天器本体的适当位置上，在航天器发射时，保证太阳能电池板的最好可靠幕不超出运送火箭的动态包括范围并且最受发射载荷条件，尤其在发射和人为航天器与加载和展开控制等方面范围强上提供可靠的压紧与约束的固定要求。
航天器,part_of,展开,DOC005,10070,"由于航天器本体是按一定的轨道姿态在空间运行,因此要求已展开的太阳能电池板可相对航天器本体作转动,因此需要在太阳能电池板与航天器本体之间添加一个太阳能电池板转动机构。"
太阳,part_of,航天器,DOC005,10071,"太阳能电池板转动机构的功能是:一方面驱动太阳能电池板转动,另一方面驱动太阳能电池板上太阳能电池产生的电功率输送到航天器本体中。"
转动,part_of,航天器,DOC005,10071,"太阳能电池板转动机构的功能是:一方面驱动太阳能电池板转动,另一方面驱动太阳能电池板上太阳能电池产生的电功率输送到航天器本体中。"
应用,part_of,折叠,DOC005,10075,"目前应用最广泛的太阳能电池板形成是刚性基板折叠式太阳能电池板,所以本章讨论的内容均是这种被展开式的太阳能电池板形成形式。"
应用,part_of,展开,DOC005,10075,"目前应用最广泛的太阳能电池板形成是刚性基板折叠式太阳能电池板,所以本章讨论的内容均是这种被展开式的太阳能电池板形成形式。"
太阳,part_of,折叠,DOC005,10075,"目前应用最广泛的太阳能电池板形成是刚性基板折叠式太阳能电池板,所以本章讨论的内容均是这种被展开式的太阳能电池板形成形式。"
太阳,part_of,展开,DOC005,10075,"目前应用最广泛的太阳能电池板形成是刚性基板折叠式太阳能电池板,所以本章讨论的内容均是这种被展开式的太阳能电池板形成形式。"
形成,part_of,折叠,DOC005,10075,"目前应用最广泛的太阳能电池板形成是刚性基板折叠式太阳能电池板,所以本章讨论的内容均是这种被展开式的太阳能电池板形成形式。"
形成,part_of,展开,DOC005,10075,"目前应用最广泛的太阳能电池板形成是刚性基板折叠式太阳能电池板,所以本章讨论的内容均是这种被展开式的太阳能电池板形成形式。"
折叠,part_of,展开,DOC005,10075,"目前应用最广泛的太阳能电池板形成是刚性基板折叠式太阳能电池板,所以本章讨论的内容均是这种被展开式的太阳能电池板形成形式。"
讨论,part_of,展开,DOC005,10075,"目前应用最广泛的太阳能电池板形成是刚性基板折叠式太阳能电池板,所以本章讨论的内容均是这种被展开式的太阳能电池板形成形式。"
作用,part_of,折叠,DOC005,10122,"压紧杆(7,8) 具有两个重要作用：一是保证设备和部件之间在折叠时的正确配合, 二是保证基座与外板之间的可靠压紧。"
强度,part_of,展开,DOC005,10188,但仍应保证以强度和刚度，特别是在太阳能电池板展开过程中下，其
刚度,part_of,展开,DOC005,10188,但仍应保证以强度和刚度，特别是在太阳能电池板展开过程中下，其
最大,part_of,展开,DOC005,10198,"通过装销分析可以得出最大载荷,一般是在展开开锁定的冲击载荷下最大平量,由此计算"
载荷,part_of,展开,DOC005,10198,"通过装销分析可以得出最大载荷,一般是在展开开锁定的冲击载荷下最大平量,由此计算"
装置,part_of,展开,DOC005,10243,锁定装置的目的是在饱全展开开状态（如图8.5.3所示状态不下使公铰9与伺段1相对位置固定，从而使得相关的太阳能电池板实现这种运动状态，锁定了太阳能电池板的展开状态。
状态,is_a,工作,DOC005,10247,在拆拆状态时（此时图8.5.3中俯视图左侧的每轮1应转到右侧位置，即位于图中公位置9同队上面的，也使锁定件11工作时，锁定了7上的挂杆8在滑道17上）。
俯视,is_a,工作,DOC005,10247,在拆拆状态时（此时图8.5.3中俯视图左侧的每轮1应转到右侧位置，即位于图中公位置9同队上面的，也使锁定件11工作时，锁定了7上的挂杆8在滑道17上）。
位置,is_a,工作,DOC005,10247,在拆拆状态时（此时图8.5.3中俯视图左侧的每轮1应转到右侧位置，即位于图中公位置9同队上面的，也使锁定件11工作时，锁定了7上的挂杆8在滑道17上）。
装置,part_of,展开,DOC005,10299,联动装置中的绳索是保证太阳能电池板同步展开和在各太阳板之间传递扭矩的重要条件，因此应特别重视它的设计。
中的,part_of,展开,DOC005,10299,联动装置中的绳索是保证太阳能电池板同步展开和在各太阳板之间传递扭矩的重要条件，因此应特别重视它的设计。
需要,part_of,展开,DOC005,10340,需要强调的是，联动轮的轴与绳索之间的连接应可靠，以确保在展开过程中链条保持在一定的受力状态。
轴与,part_of,航天器,DOC005,10352,另外，如图8.5.4所示，设置在A 轴轴上的联动轴与固定在根部的公关部件之间的密部配分为3上，实际上是固定在法兰盘1上，与航天器本 体相对应。
固定,part_of,航天器,DOC005,10352,另外，如图8.5.4所示，设置在A 轴轴上的联动轴与固定在根部的公关部件之间的密部配分为3上，实际上是固定在法兰盘1上，与航天器本 体相对应。
部件,part_of,航天器,DOC005,10352,另外，如图8.5.4所示，设置在A 轴轴上的联动轴与固定在根部的公关部件之间的密部配分为3上，实际上是固定在法兰盘1上，与航天器本 体相对应。
之间,part_of,航天器,DOC005,10352,另外，如图8.5.4所示，设置在A 轴轴上的联动轴与固定在根部的公关部件之间的密部配分为3上，实际上是固定在法兰盘1上，与航天器本 体相对应。
实际上,part_of,航天器,DOC005,10352,另外，如图8.5.4所示，设置在A 轴轴上的联动轴与固定在根部的公关部件之间的密部配分为3上，实际上是固定在法兰盘1上，与航天器本 体相对应。
在图8,part_of,展开,DOC005,10367,12. 在图8.5.1所示的刚性基板开式装置式大阳舵电是否中，展开机构由哪些部分组成？
所示的,part_of,展开,DOC005,10367,12. 在图8.5.1所示的刚性基板开式装置式大阳舵电是否中，展开机构由哪些部分组成？
装置,part_of,展开,DOC005,10367,12. 在图8.5.1所示的刚性基板开式装置式大阳舵电是否中，展开机构由哪些部分组成？
复合材料,part_of,飞行器,DOC005,10383,复合材料强度低，比强度和比模量高，是飞行器理想的结构材料。
强度,part_of,飞行器,DOC005,10383,复合材料强度低，比强度和比模量高，是飞行器理想的结构材料。
复合材料,is_a,形状,DOC005,10420,制成复合材料的可在成形过程中即成形为所需形状、尺寸的构件。
复合材料,is_a,尺寸,DOC005,10420,制成复合材料的可在成形过程中即成形为所需形状、尺寸的构件。
过程中,is_a,形状,DOC005,10420,制成复合材料的可在成形过程中即成形为所需形状、尺寸的构件。
过程中,is_a,尺寸,DOC005,10420,制成复合材料的可在成形过程中即成形为所需形状、尺寸的构件。
部件,part_of,装配,DOC005,10477,金属零部件的材料生产与零部件制造一般是两个独立的阶段，结构的成形是经过对材料的再加工与装配实现的。
材料,part_of,装配,DOC005,10477,金属零部件的材料生产与零部件制造一般是两个独立的阶段，结构的成形是经过对材料的再加工与装配实现的。
制造,part_of,装配,DOC005,10477,金属零部件的材料生产与零部件制造一般是两个独立的阶段，结构的成形是经过对材料的再加工与装配实现的。
阶段,part_of,装配,DOC005,10477,金属零部件的材料生产与零部件制造一般是两个独立的阶段，结构的成形是经过对材料的再加工与装配实现的。
情况,is_a,0°,DOC005,10697,情况 下，即θ≠0°或90°时，掺合分量Q₁₆和Q₂₆不为零，掺层内存在拉-剪或压-剪耦合效应。
情况,is_a,90°,DOC005,10697,情况 下，即θ≠0°或90°时，掺合分量Q₁₆和Q₂₆不为零，掺层内存在拉-剪或压-剪耦合效应。
情况,is_a,分量,DOC005,10697,情况 下，即θ≠0°或90°时，掺合分量Q₁₆和Q₂₆不为零，掺层内存在拉-剪或压-剪耦合效应。
情况,is_a,为零,DOC005,10697,情况 下，即θ≠0°或90°时，掺合分量Q₁₆和Q₂₆不为零，掺层内存在拉-剪或压-剪耦合效应。
这里,is_a,第一,DOC005,10705,这里采用最大应变失效准则，即其中κ上常用的第一种准则，即由屈服准则得到的准则。
这里,is_a,则得,DOC005,10705,这里采用最大应变失效准则，即其中κ上常用的第一种准则，即由屈服准则得到的准则。
最大,is_a,第一,DOC005,10705,这里采用最大应变失效准则，即其中κ上常用的第一种准则，即由屈服准则得到的准则。
最大,is_a,则得,DOC005,10705,这里采用最大应变失效准则，即其中κ上常用的第一种准则，即由屈服准则得到的准则。
应变,is_a,第一,DOC005,10705,这里采用最大应变失效准则，即其中κ上常用的第一种准则，即由屈服准则得到的准则。
应变,is_a,则得,DOC005,10705,这里采用最大应变失效准则，即其中κ上常用的第一种准则，即由屈服准则得到的准则。
第一,is_a,则得,DOC005,10705,这里采用最大应变失效准则，即其中κ上常用的第一种准则，即由屈服准则得到的准则。
层压板,is_a,假设,DOC005,10712,层压板刚度是基于经典层压理论给出，由即假设层压板各铺层是紧密粘接的，变形符合直线假设，各铺层各面应力状态计 算，并忽略ε₁，由此给出层压板的刚度特性。
层压板,is_a,变形,DOC005,10712,层压板刚度是基于经典层压理论给出，由即假设层压板各铺层是紧密粘接的，变形符合直线假设，各铺层各面应力状态计 算，并忽略ε₁，由此给出层压板的刚度特性。
层压板,is_a,应力,DOC005,10712,层压板刚度是基于经典层压理论给出，由即假设层压板各铺层是紧密粘接的，变形符合直线假设，各铺层各面应力状态计 算，并忽略ε₁，由此给出层压板的刚度特性。
层压板,is_a,状态,DOC005,10712,层压板刚度是基于经典层压理论给出，由即假设层压板各铺层是紧密粘接的，变形符合直线假设，各铺层各面应力状态计 算，并忽略ε₁，由此给出层压板的刚度特性。
层压板,is_a,由此,DOC005,10712,层压板刚度是基于经典层压理论给出，由即假设层压板各铺层是紧密粘接的，变形符合直线假设，各铺层各面应力状态计 算，并忽略ε₁，由此给出层压板的刚度特性。
层压板,is_a,特性,DOC005,10712,层压板刚度是基于经典层压理论给出，由即假设层压板各铺层是紧密粘接的，变形符合直线假设，各铺层各面应力状态计 算，并忽略ε₁，由此给出层压板的刚度特性。
刚度,is_a,假设,DOC005,10712,层压板刚度是基于经典层压理论给出，由即假设层压板各铺层是紧密粘接的，变形符合直线假设，各铺层各面应力状态计 算，并忽略ε₁，由此给出层压板的刚度特性。
刚度,is_a,变形,DOC005,10712,层压板刚度是基于经典层压理论给出，由即假设层压板各铺层是紧密粘接的，变形符合直线假设，各铺层各面应力状态计 算，并忽略ε₁，由此给出层压板的刚度特性。
刚度,is_a,应力,DOC005,10712,层压板刚度是基于经典层压理论给出，由即假设层压板各铺层是紧密粘接的，变形符合直线假设，各铺层各面应力状态计 算，并忽略ε₁，由此给出层压板的刚度特性。
刚度,is_a,状态,DOC005,10712,层压板刚度是基于经典层压理论给出，由即假设层压板各铺层是紧密粘接的，变形符合直线假设，各铺层各面应力状态计 算，并忽略ε₁，由此给出层压板的刚度特性。
刚度,is_a,由此,DOC005,10712,层压板刚度是基于经典层压理论给出，由即假设层压板各铺层是紧密粘接的，变形符合直线假设，各铺层各面应力状态计 算，并忽略ε₁，由此给出层压板的刚度特性。
刚度,is_a,特性,DOC005,10712,层压板刚度是基于经典层压理论给出，由即假设层压板各铺层是紧密粘接的，变形符合直线假设，各铺层各面应力状态计 算，并忽略ε₁，由此给出层压板的刚度特性。
给出,is_a,假设,DOC005,10712,层压板刚度是基于经典层压理论给出，由即假设层压板各铺层是紧密粘接的，变形符合直线假设，各铺层各面应力状态计 算，并忽略ε₁，由此给出层压板的刚度特性。
给出,is_a,变形,DOC005,10712,层压板刚度是基于经典层压理论给出，由即假设层压板各铺层是紧密粘接的，变形符合直线假设，各铺层各面应力状态计 算，并忽略ε₁，由此给出层压板的刚度特性。
给出,is_a,应力,DOC005,10712,层压板刚度是基于经典层压理论给出，由即假设层压板各铺层是紧密粘接的，变形符合直线假设，各铺层各面应力状态计 算，并忽略ε₁，由此给出层压板的刚度特性。
给出,is_a,状态,DOC005,10712,层压板刚度是基于经典层压理论给出，由即假设层压板各铺层是紧密粘接的，变形符合直线假设，各铺层各面应力状态计 算，并忽略ε₁，由此给出层压板的刚度特性。
给出,is_a,由此,DOC005,10712,层压板刚度是基于经典层压理论给出，由即假设层压板各铺层是紧密粘接的，变形符合直线假设，各铺层各面应力状态计 算，并忽略ε₁，由此给出层压板的刚度特性。
给出,is_a,特性,DOC005,10712,层压板刚度是基于经典层压理论给出，由即假设层压板各铺层是紧密粘接的，变形符合直线假设，各铺层各面应力状态计 算，并忽略ε₁，由此给出层压板的刚度特性。
假设,part_of,变形,DOC005,10712,层压板刚度是基于经典层压理论给出，由即假设层压板各铺层是紧密粘接的，变形符合直线假设，各铺层各面应力状态计 算，并忽略ε₁，由此给出层压板的刚度特性。
层压板,part_of,飞行器,DOC005,10746,式（9.3.7）中\(B\)矩阵的存在使层压板出现了耦合现象，这正是飞行器翼面气动弹性等设计的基础。
层压板,part_of,翼面,DOC005,10746,式（9.3.7）中\(B\)矩阵的存在使层压板出现了耦合现象，这正是飞行器翼面气动弹性等设计的基础。
现象,part_of,飞行器,DOC005,10746,式（9.3.7）中\(B\)矩阵的存在使层压板出现了耦合现象，这正是飞行器翼面气动弹性等设计的基础。
现象,part_of,翼面,DOC005,10746,式（9.3.7）中\(B\)矩阵的存在使层压板出现了耦合现象，这正是飞行器翼面气动弹性等设计的基础。
对称,is_a,第一,DOC005,10749,1）对称层压板：\(B_{ij}=0\)，即没有拉—弯，矩—弯第一耦合效应。
层压板,is_a,第一,DOC005,10749,1）对称层压板：\(B_{ij}=0\)，即没有拉—弯，矩—弯第一耦合效应。
对称,is_a,之外,DOC005,10752,2）正交对称层压板，即只有\(0^\circ\)和\(90^\circ\)两种铺层构成的对称层压板：\(B_{ij}=0\)，之外，\(A_{16}=A_{26}=0\)，\(D_{16}=D_{26}=0\)。
层压板,is_a,之外,DOC005,10752,2）正交对称层压板，即只有\(0^\circ\)和\(90^\circ\)两种铺层构成的对称层压板：\(B_{ij}=0\)，之外，\(A_{16}=A_{26}=0\)，\(D_{16}=D_{26}=0\)。
层压板,is_a,方向,DOC005,10757,5) ±π/4 层压板，即具有四个锚角方向，被此相隔 45°（或 π/4），且各锚层组中具有任意厚度的对称层压板：B̄ij = 0，A16 = A26。
层压板,is_a,45°,DOC005,10757,5) ±π/4 层压板，即具有四个锚角方向，被此相隔 45°（或 π/4），且各锚层组中具有任意厚度的对称层压板：B̄ij = 0，A16 = A26。
层压板,is_a,任意,DOC005,10757,5) ±π/4 层压板，即具有四个锚角方向，被此相隔 45°（或 π/4），且各锚层组中具有任意厚度的对称层压板：B̄ij = 0，A16 = A26。
层压板,is_a,厚度,DOC005,10757,5) ±π/4 层压板，即具有四个锚角方向，被此相隔 45°（或 π/4），且各锚层组中具有任意厚度的对称层压板：B̄ij = 0，A16 = A26。
层压板,is_a,对称,DOC005,10757,5) ±π/4 层压板，即具有四个锚角方向，被此相隔 45°（或 π/4），且各锚层组中具有任意厚度的对称层压板：B̄ij = 0，A16 = A26。
分层,is_a,根据,DOC005,10781,目，研究分层破坏主要有两类方法：材料力学方法，即根据层间应力直接确定分层破坏是否发生；
分层,is_a,应力,DOC005,10781,目，研究分层破坏主要有两类方法：材料力学方法，即根据层间应力直接确定分层破坏是否发生；
分层,is_a,确定,DOC005,10781,目，研究分层破坏主要有两类方法：材料力学方法，即根据层间应力直接确定分层破坏是否发生；
材料,is_a,根据,DOC005,10781,目，研究分层破坏主要有两类方法：材料力学方法，即根据层间应力直接确定分层破坏是否发生；
材料,is_a,应力,DOC005,10781,目，研究分层破坏主要有两类方法：材料力学方法，即根据层间应力直接确定分层破坏是否发生；
材料,is_a,确定,DOC005,10781,目，研究分层破坏主要有两类方法：材料力学方法，即根据层间应力直接确定分层破坏是否发生；
结构设计,has_component,结构形式,DOC005,10820,结构设计则包括结构形式的确定、结构元件设计、结构轴和连接设计等内容。
材料,part_of,变化,DOC005,10877,在增强材料的层合结构中，无纬布在复合材料中应用广泛，特别是在受力方向变化较大的构件中，如蒙皮、舱壁、翼面等部件。
材料,part_of,蒙皮,DOC005,10877,在增强材料的层合结构中，无纬布在复合材料中应用广泛，特别是在受力方向变化较大的构件中，如蒙皮、舱壁、翼面等部件。
材料,part_of,翼面,DOC005,10877,在增强材料的层合结构中，无纬布在复合材料中应用广泛，特别是在受力方向变化较大的构件中，如蒙皮、舱壁、翼面等部件。
复合材料,part_of,变化,DOC005,10877,在增强材料的层合结构中，无纬布在复合材料中应用广泛，特别是在受力方向变化较大的构件中，如蒙皮、舱壁、翼面等部件。
复合材料,part_of,蒙皮,DOC005,10877,在增强材料的层合结构中，无纬布在复合材料中应用广泛，特别是在受力方向变化较大的构件中，如蒙皮、舱壁、翼面等部件。
复合材料,part_of,翼面,DOC005,10877,在增强材料的层合结构中，无纬布在复合材料中应用广泛，特别是在受力方向变化较大的构件中，如蒙皮、舱壁、翼面等部件。
应用,part_of,变化,DOC005,10877,在增强材料的层合结构中，无纬布在复合材料中应用广泛，特别是在受力方向变化较大的构件中，如蒙皮、舱壁、翼面等部件。
应用,part_of,蒙皮,DOC005,10877,在增强材料的层合结构中，无纬布在复合材料中应用广泛，特别是在受力方向变化较大的构件中，如蒙皮、舱壁、翼面等部件。
应用,part_of,翼面,DOC005,10877,在增强材料的层合结构中，无纬布在复合材料中应用广泛，特别是在受力方向变化较大的构件中，如蒙皮、舱壁、翼面等部件。
对于,is_a,试验,DOC005,10944,对于复合材料，由于它的可变性、即使复合材料的批次性能试验环节中，可能会改变部分性能，因此需确定复合材料结构的设计作用值。
对于,is_a,部分,DOC005,10944,对于复合材料，由于它的可变性、即使复合材料的批次性能试验环节中，可能会改变部分性能，因此需确定复合材料结构的设计作用值。
对于,is_a,确定,DOC005,10944,对于复合材料，由于它的可变性、即使复合材料的批次性能试验环节中，可能会改变部分性能，因此需确定复合材料结构的设计作用值。
对于,is_a,作用,DOC005,10944,对于复合材料，由于它的可变性、即使复合材料的批次性能试验环节中，可能会改变部分性能，因此需确定复合材料结构的设计作用值。
复合材料,is_a,试验,DOC005,10944,对于复合材料，由于它的可变性、即使复合材料的批次性能试验环节中，可能会改变部分性能，因此需确定复合材料结构的设计作用值。
复合材料,is_a,部分,DOC005,10944,对于复合材料，由于它的可变性、即使复合材料的批次性能试验环节中，可能会改变部分性能，因此需确定复合材料结构的设计作用值。
复合材料,is_a,确定,DOC005,10944,对于复合材料，由于它的可变性、即使复合材料的批次性能试验环节中，可能会改变部分性能，因此需确定复合材料结构的设计作用值。
复合材料,is_a,作用,DOC005,10944,对于复合材料，由于它的可变性、即使复合材料的批次性能试验环节中，可能会改变部分性能，因此需确定复合材料结构的设计作用值。
它的,is_a,试验,DOC005,10944,对于复合材料，由于它的可变性、即使复合材料的批次性能试验环节中，可能会改变部分性能，因此需确定复合材料结构的设计作用值。
它的,is_a,部分,DOC005,10944,对于复合材料，由于它的可变性、即使复合材料的批次性能试验环节中，可能会改变部分性能，因此需确定复合材料结构的设计作用值。
它的,is_a,确定,DOC005,10944,对于复合材料，由于它的可变性、即使复合材料的批次性能试验环节中，可能会改变部分性能，因此需确定复合材料结构的设计作用值。
它的,is_a,作用,DOC005,10944,对于复合材料，由于它的可变性、即使复合材料的批次性能试验环节中，可能会改变部分性能，因此需确定复合材料结构的设计作用值。
飞行器结构设计,affects,数据,DOC005,10946,在飞行器结构设计中，其结果会影响材料的性能，需要根据实际试验数据和试验环境进行进一步的计算。
层压板,is_a,通常,DOC005,11019,"层压板的层理是前后段及各开口处的确定,也即各定向单层是数的确定,通常是根据对层压板设计的要求综合考虑确定的。"
层压板,is_a,根据,DOC005,11019,"层压板的层理是前后段及各开口处的确定,也即各定向单层是数的确定,通常是根据对层压板设计的要求综合考虑确定的。"
层压板,is_a,的要求,DOC005,11019,"层压板的层理是前后段及各开口处的确定,也即各定向单层是数的确定,通常是根据对层压板设计的要求综合考虑确定的。"
确定,is_a,通常,DOC005,11019,"层压板的层理是前后段及各开口处的确定,也即各定向单层是数的确定,通常是根据对层压板设计的要求综合考虑确定的。"
确定,is_a,根据,DOC005,11019,"层压板的层理是前后段及各开口处的确定,也即各定向单层是数的确定,通常是根据对层压板设计的要求综合考虑确定的。"
确定,is_a,的要求,DOC005,11019,"层压板的层理是前后段及各开口处的确定,也即各定向单层是数的确定,通常是根据对层压板设计的要求综合考虑确定的。"
层压板,is_a,复合材料,DOC005,11051,当层压板是一种复合材料构成时，则各层组的相应厚度h_0、h_90、h_±45之比为
层压板,is_a,厚度,DOC005,11051,当层压板是一种复合材料构成时，则各层组的相应厚度h_0、h_90、h_±45之比为
层压板,is_a,之比,DOC005,11051,当层压板是一种复合材料构成时，则各层组的相应厚度h_0、h_90、h_±45之比为
这种,is_a,应力,DOC005,11059,这种方法继常在复合材料结构的初步设计时采用，用于已°、±45°为铺层角的层压板，是一种用于获取某种压应力模量的测试方法。
复合材料,is_a,应力,DOC005,11059,这种方法继常在复合材料结构的初步设计时采用，用于已°、±45°为铺层角的层压板，是一种用于获取某种压应力模量的测试方法。
45°,is_a,应力,DOC005,11059,这种方法继常在复合材料结构的初步设计时采用，用于已°、±45°为铺层角的层压板，是一种用于获取某种压应力模量的测试方法。
层压板,is_a,应力,DOC005,11059,这种方法继常在复合材料结构的初步设计时采用，用于已°、±45°为铺层角的层压板，是一种用于获取某种压应力模量的测试方法。
复合材料,is_a,曲线,DOC005,11062,该方法首先要根据各类压层标准理论，经计算机编程计算，建立起所选用的复合材料（0°、90°、±45°）层压板的模型、强度或其他性能与各铺层角的百分比的关系曲线，即可用式（Carpet曲线）表示。
0°,is_a,曲线,DOC005,11062,该方法首先要根据各类压层标准理论，经计算机编程计算，建立起所选用的复合材料（0°、90°、±45°）层压板的模型、强度或其他性能与各铺层角的百分比的关系曲线，即可用式（Carpet曲线）表示。
90°,is_a,曲线,DOC005,11062,该方法首先要根据各类压层标准理论，经计算机编程计算，建立起所选用的复合材料（0°、90°、±45°）层压板的模型、强度或其他性能与各铺层角的百分比的关系曲线，即可用式（Carpet曲线）表示。
45°,is_a,曲线,DOC005,11062,该方法首先要根据各类压层标准理论，经计算机编程计算，建立起所选用的复合材料（0°、90°、±45°）层压板的模型、强度或其他性能与各铺层角的百分比的关系曲线，即可用式（Carpet曲线）表示。
层压板,is_a,曲线,DOC005,11062,该方法首先要根据各类压层标准理论，经计算机编程计算，建立起所选用的复合材料（0°、90°、±45°）层压板的模型、强度或其他性能与各铺层角的百分比的关系曲线，即可用式（Carpet曲线）表示。
强度,is_a,曲线,DOC005,11062,该方法首先要根据各类压层标准理论，经计算机编程计算，建立起所选用的复合材料（0°、90°、±45°）层压板的模型、强度或其他性能与各铺层角的百分比的关系曲线，即可用式（Carpet曲线）表示。
其他,is_a,曲线,DOC005,11062,该方法首先要根据各类压层标准理论，经计算机编程计算，建立起所选用的复合材料（0°、90°、±45°）层压板的模型、强度或其他性能与各铺层角的百分比的关系曲线，即可用式（Carpet曲线）表示。
关系曲线,is_a,曲线,DOC005,11062,该方法首先要根据各类压层标准理论，经计算机编程计算，建立起所选用的复合材料（0°、90°、±45°）层压板的模型、强度或其他性能与各铺层角的百分比的关系曲线，即可用式（Carpet曲线）表示。
载荷,is_a,厚度,DOC005,11108,只有要构件采用在使用载荷下不得屈曲时，在设计载荷下允许用的要求，而允许在使用载荷下进人屈曲，即保证承载（厚度为1mm左右）。
设计载荷,is_a,厚度,DOC005,11108,只有要构件采用在使用载荷下不得屈曲时，在设计载荷下允许用的要求，而允许在使用载荷下进人屈曲，即保证承载（厚度为1mm左右）。
的要求,is_a,厚度,DOC005,11108,只有要构件采用在使用载荷下不得屈曲时，在设计载荷下允许用的要求，而允许在使用载荷下进人屈曲，即保证承载（厚度为1mm左右）。
蒙皮,is_a,层压板,DOC005,11223,对聚式集盒结构构造或蒙皮用于用：0°层占30%～40%，±45°层占50%～60%，90°层占10%的锢量，即铺层比(4：50：10)层压板(见图9.3.13(b))。
0°,is_a,层压板,DOC005,11223,对聚式集盒结构构造或蒙皮用于用：0°层占30%～40%，±45°层占50%～60%，90°层占10%的锢量，即铺层比(4：50：10)层压板(见图9.3.13(b))。
45°,is_a,层压板,DOC005,11223,对聚式集盒结构构造或蒙皮用于用：0°层占30%～40%，±45°层占50%～60%，90°层占10%的锢量，即铺层比(4：50：10)层压板(见图9.3.13(b))。
90°,is_a,层压板,DOC005,11223,对聚式集盒结构构造或蒙皮用于用：0°层占30%～40%，±45°层占50%～60%，90°层占10%的锢量，即铺层比(4：50：10)层压板(见图9.3.13(b))。
夹层结构,has_component,胶接,DOC005,11234,夹层结构通常是由比较薄的面板与比较厚的芯子胶接而成。
连接,part_of,结构设计,DOC005,11363,连接设计和分析是结构设计的重要内容之一。
这些,part_of,胶接,DOC005,11402,这些原则的目的是尽可能使胶接性能强度高于胶接件强度或与之相近。
载荷,is_a,方向,DOC005,11423,④载荷因素，即载荷种类（静载荷、动载荷）或载荷效率（载荷方向及加载速率）；
因素,is_a,方向,DOC005,11423,④载荷因素，即载荷种类（静载荷、动载荷）或载荷效率（载荷方向及加载速率）；
整流罩,part_of,环氧树脂,DOC005,11482,例如“阿里安”运载火箭的头部整流罩倒锥高度1 700 mm，半锥角10°，是非金属蜂窝夹芯结构，上下面板厚1 mm，用机织布连接成，夹芯是玻璃纤维环氧树脂蜂窝夹芯结构，蜂边处4 mm，夹层总厚40 mm。
高度,part_of,环氧树脂,DOC005,11482,例如“阿里安”运载火箭的头部整流罩倒锥高度1 700 mm，半锥角10°，是非金属蜂窝夹芯结构，上下面板厚1 mm，用机织布连接成，夹芯是玻璃纤维环氧树脂蜂窝夹芯结构，蜂边处4 mm，夹层总厚40 mm。
10°,part_of,环氧树脂,DOC005,11482,例如“阿里安”运载火箭的头部整流罩倒锥高度1 700 mm，半锥角10°，是非金属蜂窝夹芯结构，上下面板厚1 mm，用机织布连接成，夹芯是玻璃纤维环氧树脂蜂窝夹芯结构，蜂边处4 mm，夹层总厚40 mm。
蜂窝夹芯,part_of,环氧树脂,DOC005,11482,例如“阿里安”运载火箭的头部整流罩倒锥高度1 700 mm，半锥角10°，是非金属蜂窝夹芯结构，上下面板厚1 mm，用机织布连接成，夹芯是玻璃纤维环氧树脂蜂窝夹芯结构，蜂边处4 mm，夹层总厚40 mm。
面板,part_of,环氧树脂,DOC005,11482,例如“阿里安”运载火箭的头部整流罩倒锥高度1 700 mm，半锥角10°，是非金属蜂窝夹芯结构，上下面板厚1 mm，用机织布连接成，夹芯是玻璃纤维环氧树脂蜂窝夹芯结构，蜂边处4 mm，夹层总厚40 mm。
连接,part_of,环氧树脂,DOC005,11482,例如“阿里安”运载火箭的头部整流罩倒锥高度1 700 mm，半锥角10°，是非金属蜂窝夹芯结构，上下面板厚1 mm，用机织布连接成，夹芯是玻璃纤维环氧树脂蜂窝夹芯结构，蜂边处4 mm，夹层总厚40 mm。
结构形式,has_component,蒙皮,DOC005,11489,该结构形式是由蒙皮、筋条、扳架类构件的受力叠置。
复合材料,part_of,变形,DOC005,11494,此外，采用筋条（或长桁）对复合材料剪面结构的主要作用是：提高剪切强度和稳定性，减少剪切变形。
作用,part_of,变形,DOC005,11494,此外，采用筋条（或长桁）对复合材料剪面结构的主要作用是：提高剪切强度和稳定性，减少剪切变形。
通常,part_of,翼面,DOC005,11531,此类结构通常是在小型翼面或机身翼壳皮层外的聚面上采用。
通常,part_of,机身,DOC005,11531,此类结构通常是在小型翼面或机身翼壳皮层外的聚面上采用。
飞行,part_of,飞行器,DOC005,11547,所谓结构动态设计是指通过对在飞行和工作过程中出现的载荷、工况和环境等因素的变化规律所产生的结构动力学响应进行分析与设计，其目标是保证飞行器在各种复杂工况下具有足够的强度、刚度和振动特性，并实现结构安全可靠。
工作,part_of,飞行器,DOC005,11547,所谓结构动态设计是指通过对在飞行和工作过程中出现的载荷、工况和环境等因素的变化规律所产生的结构动力学响应进行分析与设计，其目标是保证飞行器在各种复杂工况下具有足够的强度、刚度和振动特性，并实现结构安全可靠。
过程中,part_of,飞行器,DOC005,11547,所谓结构动态设计是指通过对在飞行和工作过程中出现的载荷、工况和环境等因素的变化规律所产生的结构动力学响应进行分析与设计，其目标是保证飞行器在各种复杂工况下具有足够的强度、刚度和振动特性，并实现结构安全可靠。
载荷,part_of,飞行器,DOC005,11547,所谓结构动态设计是指通过对在飞行和工作过程中出现的载荷、工况和环境等因素的变化规律所产生的结构动力学响应进行分析与设计，其目标是保证飞行器在各种复杂工况下具有足够的强度、刚度和振动特性，并实现结构安全可靠。
环境,part_of,飞行器,DOC005,11547,所谓结构动态设计是指通过对在飞行和工作过程中出现的载荷、工况和环境等因素的变化规律所产生的结构动力学响应进行分析与设计，其目标是保证飞行器在各种复杂工况下具有足够的强度、刚度和振动特性，并实现结构安全可靠。
因素,part_of,飞行器,DOC005,11547,所谓结构动态设计是指通过对在飞行和工作过程中出现的载荷、工况和环境等因素的变化规律所产生的结构动力学响应进行分析与设计，其目标是保证飞行器在各种复杂工况下具有足够的强度、刚度和振动特性，并实现结构安全可靠。
的变化,part_of,飞行器,DOC005,11547,所谓结构动态设计是指通过对在飞行和工作过程中出现的载荷、工况和环境等因素的变化规律所产生的结构动力学响应进行分析与设计，其目标是保证飞行器在各种复杂工况下具有足够的强度、刚度和振动特性，并实现结构安全可靠。
产生,part_of,飞行器,DOC005,11547,所谓结构动态设计是指通过对在飞行和工作过程中出现的载荷、工况和环境等因素的变化规律所产生的结构动力学响应进行分析与设计，其目标是保证飞行器在各种复杂工况下具有足够的强度、刚度和振动特性，并实现结构安全可靠。
动力,part_of,飞行器,DOC005,11547,所谓结构动态设计是指通过对在飞行和工作过程中出现的载荷、工况和环境等因素的变化规律所产生的结构动力学响应进行分析与设计，其目标是保证飞行器在各种复杂工况下具有足够的强度、刚度和振动特性，并实现结构安全可靠。
目标,part_of,飞行器,DOC005,11547,所谓结构动态设计是指通过对在飞行和工作过程中出现的载荷、工况和环境等因素的变化规律所产生的结构动力学响应进行分析与设计，其目标是保证飞行器在各种复杂工况下具有足够的强度、刚度和振动特性，并实现结构安全可靠。
动力,part_of,飞行器,DOC005,11574,在结构动力设计中，通常是将飞行器结构作为一个结构动力系统加以研究。
通常,part_of,飞行器,DOC005,11574,在结构动力设计中，通常是将飞行器结构作为一个结构动力系统加以研究。
载荷,is_a,产生,DOC005,11614,弹（箔）在动载荷下的结构反应，亦即由产生的质点位移、速度、加速度或应力等称为动态响应，结构响应。
载荷,is_a,速度,DOC005,11614,弹（箔）在动载荷下的结构反应，亦即由产生的质点位移、速度、加速度或应力等称为动态响应，结构响应。
载荷,is_a,应力,DOC005,11614,弹（箔）在动载荷下的结构反应，亦即由产生的质点位移、速度、加速度或应力等称为动态响应，结构响应。
载荷,is_a,称为,DOC005,11614,弹（箔）在动载荷下的结构反应，亦即由产生的质点位移、速度、加速度或应力等称为动态响应，结构响应。
在工程上,is_a,振动,DOC005,11673,在工程上，通常采用忽略阻尼的简化形式，并将外力取为零，即在自由振动条件下：
在工程上,is_a,条件,DOC005,11673,在工程上，通常采用忽略阻尼的简化形式，并将外力取为零，即在自由振动条件下：
通常,is_a,振动,DOC005,11673,在工程上，通常采用忽略阻尼的简化形式，并将外力取为零，即在自由振动条件下：
通常,is_a,条件,DOC005,11673,在工程上，通常采用忽略阻尼的简化形式，并将外力取为零，即在自由振动条件下：
为零,is_a,振动,DOC005,11673,在工程上，通常采用忽略阻尼的简化形式，并将外力取为零，即在自由振动条件下：
为零,is_a,条件,DOC005,11673,在工程上，通常采用忽略阻尼的简化形式，并将外力取为零，即在自由振动条件下：
结构设计,affects,刚度,DOC005,11758,因此，可以通过修正弹（算）体结构设计，改变全弹（算）刚度或质量的大小与分布状况，来调整全弹（算）刚度矩阵 K，质量矩阵 M，从而调整全弹（算）的固有特性。
对式,is_a,部分,DOC005,11847,2) 对式（10.3.1）解得，即令动态响应 X 为各部分振动的叠加：X = ΦZ，代式（10.3.1）得
对式,is_a,振动,DOC005,11847,2) 对式（10.3.1）解得，即令动态响应 X 为各部分振动的叠加：X = ΦZ，代式（10.3.1）得
根据,is_a,获得,DOC005,11870,根据式（10.3.4），即可获得单元应力 σe。
根据,is_a,应力,DOC005,11870,根据式（10.3.4），即可获得单元应力 σe。
弹簧,has_component,系数,DOC005,11877,结构用于无尾尾单自由度弹簧——质量系统代替，把动载荷所引起的最大挠度 $d_{max}$ 与由动载荷最大值作为静载荷引起的静挠度 $d$ 之比定义为动荷系数 $K_d$，即
所谓,is_a,动力,DOC005,12015,所谓颤振就是模型的一种，颤振是一种由激流动力引起的振动现象。
所谓,is_a,的振动,DOC005,12015,所谓颤振就是模型的一种，颤振是一种由激流动力引起的振动现象。
所谓,is_a,现象,DOC005,12015,所谓颤振就是模型的一种，颤振是一种由激流动力引起的振动现象。
飞行器,has_component,振动,DOC005,12020,对飞行器而言，如果当飞行器速度小于某一特定数值的时侯，由于飞行器所具有的阻尼不断地抑制振动，就能保持不振或衰减。
飞行器,is_a,现象,DOC005,12031,由于飞行器是一种复杂的弹性体，可能发生多种多样的振振现象。
第二,part_of,分离,DOC005,12034,第二类振振则是流动分离和滞涡的形成有直接关系，统称为“失速颤振”。
考虑到,part_of,翼面,DOC005,12040,考虑到颤振响应的多样性和相关复杂性，本文不可能对各种颤振现象逐一详细论述，而是结合翼面弯曲一扭转的颤振形式介绍经典颤振机理的判据和计算颤振临界速度的基本原理与方法，提出颤振临界响应速度的设计措施，供结构设计人员参考。
相关,part_of,翼面,DOC005,12040,考虑到颤振响应的多样性和相关复杂性，本文不可能对各种颤振现象逐一详细论述，而是结合翼面弯曲一扭转的颤振形式介绍经典颤振机理的判据和计算颤振临界速度的基本原理与方法，提出颤振临界响应速度的设计措施，供结构设计人员参考。
现象,part_of,翼面,DOC005,12040,考虑到颤振响应的多样性和相关复杂性，本文不可能对各种颤振现象逐一详细论述，而是结合翼面弯曲一扭转的颤振形式介绍经典颤振机理的判据和计算颤振临界速度的基本原理与方法，提出颤振临界响应速度的设计措施，供结构设计人员参考。
现象,part_of,结构设计,DOC005,12040,考虑到颤振响应的多样性和相关复杂性，本文不可能对各种颤振现象逐一详细论述，而是结合翼面弯曲一扭转的颤振形式介绍经典颤振机理的判据和计算颤振临界速度的基本原理与方法，提出颤振临界响应速度的设计措施，供结构设计人员参考。
翼面,affects,气动,DOC005,12051,由气动力的变化可表示为翼面弯曲的变化引起的速度变化，从而影响气动载荷，并进一步影响翼的运动。
翼面,affects,载荷,DOC005,12051,由气动力的变化可表示为翼面弯曲的变化引起的速度变化，从而影响气动载荷，并进一步影响翼的运动。
的速度,affects,气动,DOC005,12051,由气动力的变化可表示为翼面弯曲的变化引起的速度变化，从而影响气动载荷，并进一步影响翼的运动。
的速度,affects,载荷,DOC005,12051,由气动力的变化可表示为翼面弯曲的变化引起的速度变化，从而影响气动载荷，并进一步影响翼的运动。
变化,affects,气动,DOC005,12051,由气动力的变化可表示为翼面弯曲的变化引起的速度变化，从而影响气动载荷，并进一步影响翼的运动。
变化,affects,载荷,DOC005,12051,由气动力的变化可表示为翼面弯曲的变化引起的速度变化，从而影响气动载荷，并进一步影响翼的运动。
翼面,has_component,变形,DOC005,12059,在弯曲-扭转颤振过程中，翼面在弯曲和扭转两个自由度之间存在耦合，使得翼面的受力与变形相互影响，从而导致颤振发生。
振动,is_a,运动,DOC005,12071,扭转振动相位差为 π/2，即弯曲（沉浮）运动超前扭转运动时，在整个振动周期内所叠加的气动力
振动,is_a,气动力,DOC005,12071,扭转振动相位差为 π/2，即弯曲（沉浮）运动超前扭转运动时，在整个振动周期内所叠加的气动力
平面,is_a,力矩,DOC005,12094,图10.4.5表示了平面流中具有三自由度的典型翼段，并假定它是刚性的，取横向长肢为1，即假定系统所受的集中力矩系数与其转速比的变化可以忽略。
平面,is_a,系数,DOC005,12094,图10.4.5表示了平面流中具有三自由度的典型翼段，并假定它是刚性的，取横向长肢为1，即假定系统所受的集中力矩系数与其转速比的变化可以忽略。
平面,is_a,的变化,DOC005,12094,图10.4.5表示了平面流中具有三自由度的典型翼段，并假定它是刚性的，取横向长肢为1，即假定系统所受的集中力矩系数与其转速比的变化可以忽略。
横向,is_a,力矩,DOC005,12094,图10.4.5表示了平面流中具有三自由度的典型翼段，并假定它是刚性的，取横向长肢为1，即假定系统所受的集中力矩系数与其转速比的变化可以忽略。
横向,is_a,系数,DOC005,12094,图10.4.5表示了平面流中具有三自由度的典型翼段，并假定它是刚性的，取横向长肢为1，即假定系统所受的集中力矩系数与其转速比的变化可以忽略。
横向,is_a,的变化,DOC005,12094,图10.4.5表示了平面流中具有三自由度的典型翼段，并假定它是刚性的，取横向长肢为1，即假定系统所受的集中力矩系数与其转速比的变化可以忽略。
由图可见,is_a,稳定,DOC005,12203,由图可见，当x₀为零或负值时，即卜型翼颤振前向稳定性由对应转动刚度（Sₐ⩽0）而，出浮明显影响。
由图可见,is_a,转动,DOC005,12203,由图可见，当x₀为零或负值时，即卜型翼颤振前向稳定性由对应转动刚度（Sₐ⩽0）而，出浮明显影响。
由图可见,is_a,刚度,DOC005,12203,由图可见，当x₀为零或负值时，即卜型翼颤振前向稳定性由对应转动刚度（Sₐ⩽0）而，出浮明显影响。
为零,is_a,稳定,DOC005,12203,由图可见，当x₀为零或负值时，即卜型翼颤振前向稳定性由对应转动刚度（Sₐ⩽0）而，出浮明显影响。
为零,is_a,转动,DOC005,12203,由图可见，当x₀为零或负值时，即卜型翼颤振前向稳定性由对应转动刚度（Sₐ⩽0）而，出浮明显影响。
为零,is_a,刚度,DOC005,12203,由图可见，当x₀为零或负值时，即卜型翼颤振前向稳定性由对应转动刚度（Sₐ⩽0）而，出浮明显影响。
从图,is_a,振动,DOC005,12206,2）从图中还可以看出，在(ω/ωₐ)=1附近，即弯曲振频率与扭转振动频率很接近时，临界颤振速度最小。
从图,is_a,速度,DOC005,12206,2）从图中还可以看出，在(ω/ωₐ)=1附近，即弯曲振频率与扭转振动频率很接近时，临界颤振速度最小。
从图,is_a,最小,DOC005,12206,2）从图中还可以看出，在(ω/ωₐ)=1附近，即弯曲振频率与扭转振动频率很接近时，临界颤振速度最小。
看出,is_a,振动,DOC005,12206,2）从图中还可以看出，在(ω/ωₐ)=1附近，即弯曲振频率与扭转振动频率很接近时，临界颤振速度最小。
看出,is_a,速度,DOC005,12206,2）从图中还可以看出，在(ω/ωₐ)=1附近，即弯曲振频率与扭转振动频率很接近时，临界颤振速度最小。
看出,is_a,最小,DOC005,12206,2）从图中还可以看出，在(ω/ωₐ)=1附近，即弯曲振频率与扭转振动频率很接近时，临界颤振速度最小。
附近,is_a,振动,DOC005,12206,2）从图中还可以看出，在(ω/ωₐ)=1附近，即弯曲振频率与扭转振动频率很接近时，临界颤振速度最小。
附近,is_a,速度,DOC005,12206,2）从图中还可以看出，在(ω/ωₐ)=1附近，即弯曲振频率与扭转振动频率很接近时，临界颤振速度最小。
附近,is_a,最小,DOC005,12206,2）从图中还可以看出，在(ω/ωₐ)=1附近，即弯曲振频率与扭转振动频率很接近时，临界颤振速度最小。
值得注意的是,is_a,随着,DOC005,12276,值得注意的是采用配置调整 S，即随着配置增加、配面有频率相应地要峰值低。
值得注意的是,is_a,增加,DOC005,12276,值得注意的是采用配置调整 S，即随着配置增加、配面有频率相应地要峰值低。
值得注意的是,is_a,相应地,DOC005,12276,值得注意的是采用配置调整 S，即随着配置增加、配面有频率相应地要峰值低。
说明,part_of,变化,DOC005,12310,工程实践说明，结构强度与结构所承受载荷是随机变化的，这种不确定性分为物理不确定性、统计不确定性和模型不确定性。
强度,part_of,变化,DOC005,12310,工程实践说明，结构强度与结构所承受载荷是随机变化的，这种不确定性分为物理不确定性、统计不确定性和模型不确定性。
载荷,part_of,变化,DOC005,12310,工程实践说明，结构强度与结构所承受载荷是随机变化的，这种不确定性分为物理不确定性、统计不确定性和模型不确定性。
可靠性,part_of,飞行器,DOC005,12328,可靠性工程的最终目的是确保飞行器在整个工作寿命期内能够安全、可靠地执行任务。
最终,part_of,飞行器,DOC005,12328,可靠性工程的最终目的是确保飞行器在整个工作寿命期内能够安全、可靠地执行任务。
可靠性,is_a,电子,DOC005,12335,结构可靠性的研究随即于电子产品的可靠性研究，早期还是参照电子产品的可靠性研究方法，从基本原理上把结构简化为理想的单种系统，然而相关性计算可靠度。
可靠性,is_a,早期,DOC005,12335,结构可靠性的研究随即于电子产品的可靠性研究，早期还是参照电子产品的可靠性研究方法，从基本原理上把结构简化为理想的单种系统，然而相关性计算可靠度。
可靠性,is_a,相关,DOC005,12335,结构可靠性的研究随即于电子产品的可靠性研究，早期还是参照电子产品的可靠性研究方法，从基本原理上把结构简化为理想的单种系统，然而相关性计算可靠度。
可靠性,is_a,可靠,DOC005,12335,结构可靠性的研究随即于电子产品的可靠性研究，早期还是参照电子产品的可靠性研究方法，从基本原理上把结构简化为理想的单种系统，然而相关性计算可靠度。
飞行器,is_a,提高,DOC005,12357,飞行器是一类大型复杂系统，在不断提高其性能水平的同时，为确保设计质量，必须对其可靠性进行建模并设计与控制。
飞行器,is_a,水平,DOC005,12357,飞行器是一类大型复杂系统，在不断提高其性能水平的同时，为确保设计质量，必须对其可靠性进行建模并设计与控制。
飞行器,is_a,质量,DOC005,12357,飞行器是一类大型复杂系统，在不断提高其性能水平的同时，为确保设计质量，必须对其可靠性进行建模并设计与控制。
飞行器,is_a,可靠性,DOC005,12357,飞行器是一类大型复杂系统，在不断提高其性能水平的同时，为确保设计质量，必须对其可靠性进行建模并设计与控制。
这里,is_a,要求,DOC005,12381,这里的应力和强度是用极限状态方程来进行表征，即要求在全部可能情况下应力不超过强度，即结构在任意时刻都满足可靠性条件。
这里,is_a,情况下,DOC005,12381,这里的应力和强度是用极限状态方程来进行表征，即要求在全部可能情况下应力不超过强度，即结构在任意时刻都满足可靠性条件。
这里,is_a,任意,DOC005,12381,这里的应力和强度是用极限状态方程来进行表征，即要求在全部可能情况下应力不超过强度，即结构在任意时刻都满足可靠性条件。
这里,is_a,可靠性,DOC005,12381,这里的应力和强度是用极限状态方程来进行表征，即要求在全部可能情况下应力不超过强度，即结构在任意时刻都满足可靠性条件。
这里,is_a,条件,DOC005,12381,这里的应力和强度是用极限状态方程来进行表征，即要求在全部可能情况下应力不超过强度，即结构在任意时刻都满足可靠性条件。
应力,is_a,要求,DOC005,12381,这里的应力和强度是用极限状态方程来进行表征，即要求在全部可能情况下应力不超过强度，即结构在任意时刻都满足可靠性条件。
应力,is_a,情况下,DOC005,12381,这里的应力和强度是用极限状态方程来进行表征，即要求在全部可能情况下应力不超过强度，即结构在任意时刻都满足可靠性条件。
应力,is_a,任意,DOC005,12381,这里的应力和强度是用极限状态方程来进行表征，即要求在全部可能情况下应力不超过强度，即结构在任意时刻都满足可靠性条件。
应力,is_a,可靠性,DOC005,12381,这里的应力和强度是用极限状态方程来进行表征，即要求在全部可能情况下应力不超过强度，即结构在任意时刻都满足可靠性条件。
应力,is_a,条件,DOC005,12381,这里的应力和强度是用极限状态方程来进行表征，即要求在全部可能情况下应力不超过强度，即结构在任意时刻都满足可靠性条件。
强度,is_a,要求,DOC005,12381,这里的应力和强度是用极限状态方程来进行表征，即要求在全部可能情况下应力不超过强度，即结构在任意时刻都满足可靠性条件。
强度,is_a,情况下,DOC005,12381,这里的应力和强度是用极限状态方程来进行表征，即要求在全部可能情况下应力不超过强度，即结构在任意时刻都满足可靠性条件。
强度,is_a,任意,DOC005,12381,这里的应力和强度是用极限状态方程来进行表征，即要求在全部可能情况下应力不超过强度，即结构在任意时刻都满足可靠性条件。
强度,is_a,可靠性,DOC005,12381,这里的应力和强度是用极限状态方程来进行表征，即要求在全部可能情况下应力不超过强度，即结构在任意时刻都满足可靠性条件。
强度,is_a,条件,DOC005,12381,这里的应力和强度是用极限状态方程来进行表征，即要求在全部可能情况下应力不超过强度，即结构在任意时刻都满足可靠性条件。
状态,is_a,要求,DOC005,12381,这里的应力和强度是用极限状态方程来进行表征，即要求在全部可能情况下应力不超过强度，即结构在任意时刻都满足可靠性条件。
状态,is_a,情况下,DOC005,12381,这里的应力和强度是用极限状态方程来进行表征，即要求在全部可能情况下应力不超过强度，即结构在任意时刻都满足可靠性条件。
状态,is_a,任意,DOC005,12381,这里的应力和强度是用极限状态方程来进行表征，即要求在全部可能情况下应力不超过强度，即结构在任意时刻都满足可靠性条件。
状态,is_a,可靠性,DOC005,12381,这里的应力和强度是用极限状态方程来进行表征，即要求在全部可能情况下应力不超过强度，即结构在任意时刻都满足可靠性条件。
状态,is_a,条件,DOC005,12381,这里的应力和强度是用极限状态方程来进行表征，即要求在全部可能情况下应力不超过强度，即结构在任意时刻都满足可靠性条件。
要求,is_a,任意,DOC005,12381,这里的应力和强度是用极限状态方程来进行表征，即要求在全部可能情况下应力不超过强度，即结构在任意时刻都满足可靠性条件。
要求,is_a,可靠性,DOC005,12381,这里的应力和强度是用极限状态方程来进行表征，即要求在全部可能情况下应力不超过强度，即结构在任意时刻都满足可靠性条件。
要求,is_a,条件,DOC005,12381,这里的应力和强度是用极限状态方程来进行表征，即要求在全部可能情况下应力不超过强度，即结构在任意时刻都满足可靠性条件。
情况下,is_a,任意,DOC005,12381,这里的应力和强度是用极限状态方程来进行表征，即要求在全部可能情况下应力不超过强度，即结构在任意时刻都满足可靠性条件。
情况下,is_a,可靠性,DOC005,12381,这里的应力和强度是用极限状态方程来进行表征，即要求在全部可能情况下应力不超过强度，即结构在任意时刻都满足可靠性条件。
情况下,is_a,条件,DOC005,12381,这里的应力和强度是用极限状态方程来进行表征，即要求在全部可能情况下应力不超过强度，即结构在任意时刻都满足可靠性条件。
函数,is_a,应变,DOC005,12575,仅要知道功能函数的二阶矩，即由能函数所涉及的响应变量的均值和方差，可求出结构的可靠指标。
函数,is_a,的均值,DOC005,12575,仅要知道功能函数的二阶矩，即由能函数所涉及的响应变量的均值和方差，可求出结构的可靠指标。
函数,is_a,方差,DOC005,12575,仅要知道功能函数的二阶矩，即由能函数所涉及的响应变量的均值和方差，可求出结构的可靠指标。
函数,is_a,求出,DOC005,12575,仅要知道功能函数的二阶矩，即由能函数所涉及的响应变量的均值和方差，可求出结构的可靠指标。
函数,is_a,可靠,DOC005,12575,仅要知道功能函数的二阶矩，即由能函数所涉及的响应变量的均值和方差，可求出结构的可靠指标。
函数,part_of,展开,DOC005,12590,仍可仿照线性函数情形，计算结构的可靠指标，其方法是将功能函数在各变量值的集中处展开为泰勒展开或余量展开，其只保留一次项，忽略高次项，则有
可靠,part_of,展开,DOC005,12590,仍可仿照线性函数情形，计算结构的可靠指标，其方法是将功能函数在各变量值的集中处展开为泰勒展开或余量展开，其只保留一次项，忽略高次项，则有
函数,is_a,成为,DOC005,12592,这样，功能函数即成为线性函数，能够求出均值和方差的值为
函数,is_a,求出,DOC005,12592,这样，功能函数即成为线性函数，能够求出均值和方差的值为
函数,is_a,方差,DOC005,12592,这样，功能函数即成为线性函数，能够求出均值和方差的值为
函数,is_a,的值,DOC005,12592,这样，功能函数即成为线性函数，能够求出均值和方差的值为
简单,is_a,试验,DOC005,12753,最简单的随机有限元法是由直接扣除常性分析与有限元技术相结合起见的基本原理与前介介绍的蒙卡卡相结合，即在计算机上利用随机数进行随机试验，得出应力的响应有方差或者是应力的分布形式及多维，利用所得的应力值，计算得出结构件的可靠度。
简单,is_a,应力,DOC005,12753,最简单的随机有限元法是由直接扣除常性分析与有限元技术相结合起见的基本原理与前介介绍的蒙卡卡相结合，即在计算机上利用随机数进行随机试验，得出应力的响应有方差或者是应力的分布形式及多维，利用所得的应力值，计算得出结构件的可靠度。
简单,is_a,方差,DOC005,12753,最简单的随机有限元法是由直接扣除常性分析与有限元技术相结合起见的基本原理与前介介绍的蒙卡卡相结合，即在计算机上利用随机数进行随机试验，得出应力的响应有方差或者是应力的分布形式及多维，利用所得的应力值，计算得出结构件的可靠度。
简单,is_a,或者,DOC005,12753,最简单的随机有限元法是由直接扣除常性分析与有限元技术相结合起见的基本原理与前介介绍的蒙卡卡相结合，即在计算机上利用随机数进行随机试验，得出应力的响应有方差或者是应力的分布形式及多维，利用所得的应力值，计算得出结构件的可靠度。
简单,is_a,分布,DOC005,12753,最简单的随机有限元法是由直接扣除常性分析与有限元技术相结合起见的基本原理与前介介绍的蒙卡卡相结合，即在计算机上利用随机数进行随机试验，得出应力的响应有方差或者是应力的分布形式及多维，利用所得的应力值，计算得出结构件的可靠度。
在20,is_a,物理,DOC005,12754,随机有限元法是在20世纪70年代初发掘起来的处理随机现象的分析工具，它采用确定性分析与概率统计相结合，即相信引出的确定性分析方法，综合考虑了各物理量的随机性，通过对求解样本的统计处理来得到集合的可靠性分析的结果。
在20,is_a,求解,DOC005,12754,随机有限元法是在20世纪70年代初发掘起来的处理随机现象的分析工具，它采用确定性分析与概率统计相结合，即相信引出的确定性分析方法，综合考虑了各物理量的随机性，通过对求解样本的统计处理来得到集合的可靠性分析的结果。
世纪70,is_a,物理,DOC005,12754,随机有限元法是在20世纪70年代初发掘起来的处理随机现象的分析工具，它采用确定性分析与概率统计相结合，即相信引出的确定性分析方法，综合考虑了各物理量的随机性，通过对求解样本的统计处理来得到集合的可靠性分析的结果。
世纪70,is_a,求解,DOC005,12754,随机有限元法是在20世纪70年代初发掘起来的处理随机现象的分析工具，它采用确定性分析与概率统计相结合，即相信引出的确定性分析方法，综合考虑了各物理量的随机性，通过对求解样本的统计处理来得到集合的可靠性分析的结果。
年代初,is_a,物理,DOC005,12754,随机有限元法是在20世纪70年代初发掘起来的处理随机现象的分析工具，它采用确定性分析与概率统计相结合，即相信引出的确定性分析方法，综合考虑了各物理量的随机性，通过对求解样本的统计处理来得到集合的可靠性分析的结果。
年代初,is_a,求解,DOC005,12754,随机有限元法是在20世纪70年代初发掘起来的处理随机现象的分析工具，它采用确定性分析与概率统计相结合，即相信引出的确定性分析方法，综合考虑了各物理量的随机性，通过对求解样本的统计处理来得到集合的可靠性分析的结果。
年代初,is_a,可靠性,DOC005,12754,随机有限元法是在20世纪70年代初发掘起来的处理随机现象的分析工具，它采用确定性分析与概率统计相结合，即相信引出的确定性分析方法，综合考虑了各物理量的随机性，通过对求解样本的统计处理来得到集合的可靠性分析的结果。
现象,is_a,物理,DOC005,12754,随机有限元法是在20世纪70年代初发掘起来的处理随机现象的分析工具，它采用确定性分析与概率统计相结合，即相信引出的确定性分析方法，综合考虑了各物理量的随机性，通过对求解样本的统计处理来得到集合的可靠性分析的结果。
现象,is_a,求解,DOC005,12754,随机有限元法是在20世纪70年代初发掘起来的处理随机现象的分析工具，它采用确定性分析与概率统计相结合，即相信引出的确定性分析方法，综合考虑了各物理量的随机性，通过对求解样本的统计处理来得到集合的可靠性分析的结果。
现象,is_a,可靠性,DOC005,12754,随机有限元法是在20世纪70年代初发掘起来的处理随机现象的分析工具，它采用确定性分析与概率统计相结合，即相信引出的确定性分析方法，综合考虑了各物理量的随机性，通过对求解样本的统计处理来得到集合的可靠性分析的结果。
现象,is_a,的结果,DOC005,12754,随机有限元法是在20世纪70年代初发掘起来的处理随机现象的分析工具，它采用确定性分析与概率统计相结合，即相信引出的确定性分析方法，综合考虑了各物理量的随机性，通过对求解样本的统计处理来得到集合的可靠性分析的结果。
确定,is_a,物理,DOC005,12754,随机有限元法是在20世纪70年代初发掘起来的处理随机现象的分析工具，它采用确定性分析与概率统计相结合，即相信引出的确定性分析方法，综合考虑了各物理量的随机性，通过对求解样本的统计处理来得到集合的可靠性分析的结果。
确定,is_a,求解,DOC005,12754,随机有限元法是在20世纪70年代初发掘起来的处理随机现象的分析工具，它采用确定性分析与概率统计相结合，即相信引出的确定性分析方法，综合考虑了各物理量的随机性，通过对求解样本的统计处理来得到集合的可靠性分析的结果。
确定,is_a,可靠性,DOC005,12754,随机有限元法是在20世纪70年代初发掘起来的处理随机现象的分析工具，它采用确定性分析与概率统计相结合，即相信引出的确定性分析方法，综合考虑了各物理量的随机性，通过对求解样本的统计处理来得到集合的可靠性分析的结果。
确定,is_a,的结果,DOC005,12754,随机有限元法是在20世纪70年代初发掘起来的处理随机现象的分析工具，它采用确定性分析与概率统计相结合，即相信引出的确定性分析方法，综合考虑了各物理量的随机性，通过对求解样本的统计处理来得到集合的可靠性分析的结果。
展开,is_a,的方法,DOC005,12757,基于 Neumann 展开随机有限元法也是一类统计通迫的方法，Neumann 展开事法是随机模考算法的类延过程。
展开,is_a,算法,DOC005,12757,基于 Neumann 展开随机有限元法也是一类统计通迫的方法，Neumann 展开事法是随机模考算法的类延过程。
展开,is_a,过程,DOC005,12757,基于 Neumann 展开随机有限元法也是一类统计通迫的方法，Neumann 展开事法是随机模考算法的类延过程。
展开,has_parameter,系数,DOC005,12761,基于 Neumann 展开随机有限元法的基本原理是将随机输入量表示为一组正交函数的线性组合，并取该正交函数的系数为随机变量，从而通过有限元求解来获得结构响应的统计特性。
过程,is_a,参数,DOC005,12793,从上面的推导过程看，Neumann 级数展开方法就是一类正规的小参数级数动作方法，它要求随机矩阵对于其均值矩阵的扰动量是高阶微量。
过程,is_a,要求,DOC005,12793,从上面的推导过程看，Neumann 级数展开方法就是一类正规的小参数级数动作方法，它要求随机矩阵对于其均值矩阵的扰动量是高阶微量。
过程,is_a,对于,DOC005,12793,从上面的推导过程看，Neumann 级数展开方法就是一类正规的小参数级数动作方法，它要求随机矩阵对于其均值矩阵的扰动量是高阶微量。
展开,is_a,参数,DOC005,12793,从上面的推导过程看，Neumann 级数展开方法就是一类正规的小参数级数动作方法，它要求随机矩阵对于其均值矩阵的扰动量是高阶微量。
展开,is_a,要求,DOC005,12793,从上面的推导过程看，Neumann 级数展开方法就是一类正规的小参数级数动作方法，它要求随机矩阵对于其均值矩阵的扰动量是高阶微量。
展开,is_a,对于,DOC005,12793,从上面的推导过程看，Neumann 级数展开方法就是一类正规的小参数级数动作方法，它要求随机矩阵对于其均值矩阵的扰动量是高阶微量。
来表示,is_a,验证,DOC005,12827,当时引人可能性概念来表示可贞度，但他的工作只是一种想象的表达，缺乏实验证明。
工作,is_a,验证,DOC005,12827,当时引人可能性概念来表示可贞度，但他的工作只是一种想象的表达，缺乏实验证明。
这是,is_a,相同,DOC005,12930,"这是一个更一般的可靠性模型,如果 k=1,即为 n 个相同单元的并联系统,如果 k=n,即为 n 个相同单元的串联系统。"
可靠性,is_a,相同,DOC005,12930,"这是一个更一般的可靠性模型,如果 k=1,即为 n 个相同单元的并联系统,如果 k=n,即为 n 个相同单元的串联系统。"
飞行器,has_component,振动,DOC005,13255,一般来说，飞行器机构的工作环境十分恶劣，组成机构的各部件处在高温、高压、振振动等恶劣环境中，而这些零部件的质量及要求量轻性强，因此相对来讲，该机构的失效可能由薄弱环节引起，也可能由细节偏差、机体质量等问题引起。
参数,affects,可靠性,DOC005,13257,在相对运动过程中完成所需的运动，面这些机构自身的故障和结构参数不一致等都会影响其可靠性。
约束,part_of,变化,DOC005,13445,从理论上讲，在无约束优化设计问题中，设计变量的变化是连续的，变化区域可以从无穷到无穷。
设计变量,part_of,变化,DOC005,13445,从理论上讲，在无约束优化设计问题中，设计变量的变化是连续的，变化区域可以从无穷到无穷。
的变化,part_of,变化,DOC005,13445,从理论上讲，在无约束优化设计问题中，设计变量的变化是连续的，变化区域可以从无穷到无穷。
为了,is_a,相对,DOC005,13452,为了避免这种情况的发生，通常将设计变量进行变换，即将设计变量的真实值转换为变量空间的相对值，使各个设计变量的变化范围均在0～
为了,is_a,的变化,DOC005,13452,为了避免这种情况的发生，通常将设计变量进行变换，即将设计变量的真实值转换为变量空间的相对值，使各个设计变量的变化范围均在0～
为了,is_a,范围,DOC005,13452,为了避免这种情况的发生，通常将设计变量进行变换，即将设计变量的真实值转换为变量空间的相对值，使各个设计变量的变化范围均在0～
为了,is_a,在0,DOC005,13452,为了避免这种情况的发生，通常将设计变量进行变换，即将设计变量的真实值转换为变量空间的相对值，使各个设计变量的变化范围均在0～
这种,is_a,相对,DOC005,13452,为了避免这种情况的发生，通常将设计变量进行变换，即将设计变量的真实值转换为变量空间的相对值，使各个设计变量的变化范围均在0～
这种,is_a,的变化,DOC005,13452,为了避免这种情况的发生，通常将设计变量进行变换，即将设计变量的真实值转换为变量空间的相对值，使各个设计变量的变化范围均在0～
这种,is_a,范围,DOC005,13452,为了避免这种情况的发生，通常将设计变量进行变换，即将设计变量的真实值转换为变量空间的相对值，使各个设计变量的变化范围均在0～
这种,is_a,在0,DOC005,13452,为了避免这种情况的发生，通常将设计变量进行变换，即将设计变量的真实值转换为变量空间的相对值，使各个设计变量的变化范围均在0～
情况,is_a,相对,DOC005,13452,为了避免这种情况的发生，通常将设计变量进行变换，即将设计变量的真实值转换为变量空间的相对值，使各个设计变量的变化范围均在0～
情况,is_a,的变化,DOC005,13452,为了避免这种情况的发生，通常将设计变量进行变换，即将设计变量的真实值转换为变量空间的相对值，使各个设计变量的变化范围均在0～
情况,is_a,范围,DOC005,13452,为了避免这种情况的发生，通常将设计变量进行变换，即将设计变量的真实值转换为变量空间的相对值，使各个设计变量的变化范围均在0～
情况,is_a,在0,DOC005,13452,为了避免这种情况的发生，通常将设计变量进行变换，即将设计变量的真实值转换为变量空间的相对值，使各个设计变量的变化范围均在0～
通常,is_a,相对,DOC005,13452,为了避免这种情况的发生，通常将设计变量进行变换，即将设计变量的真实值转换为变量空间的相对值，使各个设计变量的变化范围均在0～
通常,is_a,的变化,DOC005,13452,为了避免这种情况的发生，通常将设计变量进行变换，即将设计变量的真实值转换为变量空间的相对值，使各个设计变量的变化范围均在0～
通常,is_a,范围,DOC005,13452,为了避免这种情况的发生，通常将设计变量进行变换，即将设计变量的真实值转换为变量空间的相对值，使各个设计变量的变化范围均在0～
通常,is_a,在0,DOC005,13452,为了避免这种情况的发生，通常将设计变量进行变换，即将设计变量的真实值转换为变量空间的相对值，使各个设计变量的变化范围均在0～
设计变量,is_a,相对,DOC005,13452,为了避免这种情况的发生，通常将设计变量进行变换，即将设计变量的真实值转换为变量空间的相对值，使各个设计变量的变化范围均在0～
设计变量,is_a,的变化,DOC005,13452,为了避免这种情况的发生，通常将设计变量进行变换，即将设计变量的真实值转换为变量空间的相对值，使各个设计变量的变化范围均在0～
设计变量,is_a,范围,DOC005,13452,为了避免这种情况的发生，通常将设计变量进行变换，即将设计变量的真实值转换为变量空间的相对值，使各个设计变量的变化范围均在0～
设计变量,is_a,在0,DOC005,13452,为了避免这种情况的发生，通常将设计变量进行变换，即将设计变量的真实值转换为变量空间的相对值，使各个设计变量的变化范围均在0～
函数,is_a,目标,DOC005,13548,式中 \(\min f(X)\) 表示求向量函数 \(f(X)\) 的最优，即求多目标。
特点,is_a,目标,DOC005,13603,1) 明确端难变量模型的特点，如模型的规模（即维数）、目标函数以及影响响应的变量的数量；
特点,is_a,函数,DOC005,13603,1) 明确端难变量模型的特点，如模型的规模（即维数）、目标函数以及影响响应的变量的数量；
特点,is_a,数量,DOC005,13603,1) 明确端难变量模型的特点，如模型的规模（即维数）、目标函数以及影响响应的变量的数量；
约束,is_a,可得到,DOC005,13722,再利用无约束优化方法，对 \(\phi(x)\) 求最小值，即可得到问题的最优解。
约束,is_a,最优解,DOC005,13722,再利用无约束优化方法，对 \(\phi(x)\) 求最小值，即可得到问题的最优解。
最小,is_a,可得到,DOC005,13722,再利用无约束优化方法，对 \(\phi(x)\) 求最小值，即可得到问题的最优解。
最小,is_a,最优解,DOC005,13722,再利用无约束优化方法，对 \(\phi(x)\) 求最小值，即可得到问题的最优解。
约束条件,is_a,可以得到,DOC005,13763,"若为不等式约束条件，即：g_j(x) ≤ 0(j = 1,2,...,m)，可以得到如下修正的外点函数："
约束条件,is_a,如下,DOC005,13763,"若为不等式约束条件，即：g_j(x) ≤ 0(j = 1,2,...,m)，可以得到如下修正的外点函数："
约束条件,is_a,函数,DOC005,13763,"若为不等式约束条件，即：g_j(x) ≤ 0(j = 1,2,...,m)，可以得到如下修正的外点函数："
对于单,is_a,强度,DOC005,14005,例如，对于单个单一的破坏模式，即为架空强度破坏时，只有一个破坏模式。
这是因为,part_of,整体结构,DOC005,14280,这是因为在CAE中，无论是单个零部件还是整体结构的情况下，均以CAD为基础分析与建模。
部件,part_of,整体结构,DOC005,14280,这是因为在CAE中，无论是单个零部件还是整体结构的情况下，均以CAD为基础分析与建模。
飞机,part_of,结构设计,DOC005,14295,"本章将针对飞机器设计而不仅仅是结构设计,以 CAD 技术为重点,介绍数字化设计的基本原理和方法."
通常,is_a,产生,DOC005,14332,"通常情况下,CAD应用中大多使用UNIX或WINDOWS版,即使在同一系统,也会产生支持软件的差异,如CATIA、UNIGRAPHIC-II,I—IDEAS和PRO/ENGINEERING等软件都在UNIX环境下开发的,而CAIA-V5,SOLIDWORKS,SOL-IDEDGE,INVENTOR等软件是在WINDOWS环境下开发的,可见这是硬件平台相同但CAD应用软件往往对应不同的操作系统。"
通常,is_a,软件,DOC005,14332,"通常情况下,CAD应用中大多使用UNIX或WINDOWS版,即使在同一系统,也会产生支持软件的差异,如CATIA、UNIGRAPHIC-II,I—IDEAS和PRO/ENGINEERING等软件都在UNIX环境下开发的,而CAIA-V5,SOLIDWORKS,SOL-IDEDGE,INVENTOR等软件是在WINDOWS环境下开发的,可见这是硬件平台相同但CAD应用软件往往对应不同的操作系统。"
情况下,is_a,产生,DOC005,14332,"通常情况下,CAD应用中大多使用UNIX或WINDOWS版,即使在同一系统,也会产生支持软件的差异,如CATIA、UNIGRAPHIC-II,I—IDEAS和PRO/ENGINEERING等软件都在UNIX环境下开发的,而CAIA-V5,SOLIDWORKS,SOL-IDEDGE,INVENTOR等软件是在WINDOWS环境下开发的,可见这是硬件平台相同但CAD应用软件往往对应不同的操作系统。"
情况下,is_a,软件,DOC005,14332,"通常情况下,CAD应用中大多使用UNIX或WINDOWS版,即使在同一系统,也会产生支持软件的差异,如CATIA、UNIGRAPHIC-II,I—IDEAS和PRO/ENGINEERING等软件都在UNIX环境下开发的,而CAIA-V5,SOLIDWORKS,SOL-IDEDGE,INVENTOR等软件是在WINDOWS环境下开发的,可见这是硬件平台相同但CAD应用软件往往对应不同的操作系统。"
应用,is_a,产生,DOC005,14332,"通常情况下,CAD应用中大多使用UNIX或WINDOWS版,即使在同一系统,也会产生支持软件的差异,如CATIA、UNIGRAPHIC-II,I—IDEAS和PRO/ENGINEERING等软件都在UNIX环境下开发的,而CAIA-V5,SOLIDWORKS,SOL-IDEDGE,INVENTOR等软件是在WINDOWS环境下开发的,可见这是硬件平台相同但CAD应用软件往往对应不同的操作系统。"
应用,is_a,软件,DOC005,14332,"通常情况下,CAD应用中大多使用UNIX或WINDOWS版,即使在同一系统,也会产生支持软件的差异,如CATIA、UNIGRAPHIC-II,I—IDEAS和PRO/ENGINEERING等软件都在UNIX环境下开发的,而CAIA-V5,SOLIDWORKS,SOL-IDEDGE,INVENTOR等软件是在WINDOWS环境下开发的,可见这是硬件平台相同但CAD应用软件往往对应不同的操作系统。"
飞行器结构设计,has_component,可靠性,DOC005,14342,"对于飞行器结构设计,其主要包括可靠性分析、结构分析、载荷分析、结构优化、结构可 靠性设计、动力顾及分析等;"
飞行器结构设计,has_component,结构分析,DOC005,14342,"对于飞行器结构设计,其主要包括可靠性分析、结构分析、载荷分析、结构优化、结构可 靠性设计、动力顾及分析等;"
飞行器结构设计,has_component,载荷,DOC005,14342,"对于飞行器结构设计,其主要包括可靠性分析、结构分析、载荷分析、结构优化、结构可 靠性设计、动力顾及分析等;"
遗传算法,is_a,基础,DOC005,14446,为此，本文提出基于遗传算法与CAD等系统技术相结合的总体结构布局优化方法，即在以该结构为基础的情况下，将导弹弹体结构设计转换为目标函数，并通过遗传算法寻优得到最佳解。
遗传算法,is_a,的情况下,DOC005,14446,为此，本文提出基于遗传算法与CAD等系统技术相结合的总体结构布局优化方法，即在以该结构为基础的情况下，将导弹弹体结构设计转换为目标函数，并通过遗传算法寻优得到最佳解。
遗传算法,is_a,结构设计,DOC005,14446,为此，本文提出基于遗传算法与CAD等系统技术相结合的总体结构布局优化方法，即在以该结构为基础的情况下，将导弹弹体结构设计转换为目标函数，并通过遗传算法寻优得到最佳解。
遗传算法,is_a,目标,DOC005,14446,为此，本文提出基于遗传算法与CAD等系统技术相结合的总体结构布局优化方法，即在以该结构为基础的情况下，将导弹弹体结构设计转换为目标函数，并通过遗传算法寻优得到最佳解。
遗传算法,is_a,函数,DOC005,14446,为此，本文提出基于遗传算法与CAD等系统技术相结合的总体结构布局优化方法，即在以该结构为基础的情况下，将导弹弹体结构设计转换为目标函数，并通过遗传算法寻优得到最佳解。
布局,is_a,基础,DOC005,14446,为此，本文提出基于遗传算法与CAD等系统技术相结合的总体结构布局优化方法，即在以该结构为基础的情况下，将导弹弹体结构设计转换为目标函数，并通过遗传算法寻优得到最佳解。
布局,is_a,的情况下,DOC005,14446,为此，本文提出基于遗传算法与CAD等系统技术相结合的总体结构布局优化方法，即在以该结构为基础的情况下，将导弹弹体结构设计转换为目标函数，并通过遗传算法寻优得到最佳解。
布局,is_a,结构设计,DOC005,14446,为此，本文提出基于遗传算法与CAD等系统技术相结合的总体结构布局优化方法，即在以该结构为基础的情况下，将导弹弹体结构设计转换为目标函数，并通过遗传算法寻优得到最佳解。
布局,is_a,目标,DOC005,14446,为此，本文提出基于遗传算法与CAD等系统技术相结合的总体结构布局优化方法，即在以该结构为基础的情况下，将导弹弹体结构设计转换为目标函数，并通过遗传算法寻优得到最佳解。
布局,is_a,函数,DOC005,14446,为此，本文提出基于遗传算法与CAD等系统技术相结合的总体结构布局优化方法，即在以该结构为基础的情况下，将导弹弹体结构设计转换为目标函数，并通过遗传算法寻优得到最佳解。
根据,is_a,数据库,DOC005,14645,它控制、协调整个系统，并根据当前输入的数据（即数据库中的信息），利用知识库中的知识，按一定的推理策略去解出当前时的间题。
根据,is_a,中的,DOC005,14645,它控制、协调整个系统，并根据当前输入的数据（即数据库中的信息），利用知识库中的知识，按一定的推理策略去解出当前时的间题。
根据,is_a,策略,DOC005,14645,它控制、协调整个系统，并根据当前输入的数据（即数据库中的信息），利用知识库中的知识，按一定的推理策略去解出当前时的间题。
当前,is_a,数据库,DOC005,14645,它控制、协调整个系统，并根据当前输入的数据（即数据库中的信息），利用知识库中的知识，按一定的推理策略去解出当前时的间题。
当前,is_a,中的,DOC005,14645,它控制、协调整个系统，并根据当前输入的数据（即数据库中的信息），利用知识库中的知识，按一定的推理策略去解出当前时的间题。
当前,is_a,策略,DOC005,14645,它控制、协调整个系统，并根据当前输入的数据（即数据库中的信息），利用知识库中的知识，按一定的推理策略去解出当前时的间题。
数据,is_a,数据库,DOC005,14645,它控制、协调整个系统，并根据当前输入的数据（即数据库中的信息），利用知识库中的知识，按一定的推理策略去解出当前时的间题。
数据,is_a,中的,DOC005,14645,它控制、协调整个系统，并根据当前输入的数据（即数据库中的信息），利用知识库中的知识，按一定的推理策略去解出当前时的间题。
数据,is_a,策略,DOC005,14645,它控制、协调整个系统，并根据当前输入的数据（即数据库中的信息），利用知识库中的知识，按一定的推理策略去解出当前时的间题。
方案,part_of,分离,DOC005,14721,定位基准及夹紧方案选择主要是考虑加工方便、手工加工分离基准均匀，要求变形小。
方案,part_of,变形,DOC005,14721,定位基准及夹紧方案选择主要是考虑加工方便、手工加工分离基准均匀，要求变形小。
选择,part_of,分离,DOC005,14721,定位基准及夹紧方案选择主要是考虑加工方便、手工加工分离基准均匀，要求变形小。
选择,part_of,变形,DOC005,14721,定位基准及夹紧方案选择主要是考虑加工方便、手工加工分离基准均匀，要求变形小。
第二,is_a,过程,DOC005,14797,"第二种认识是从制造的角度出发,又把认数字样机(Digital Mock-Up,DMU)是一种可以被制造过程所使用的、用于制造的产品模型。"
制造,is_a,过程,DOC005,14797,"第二种认识是从制造的角度出发,又把认数字样机(Digital Mock-Up,DMU)是一种可以被制造过程所使用的、用于制造的产品模型。"
角度,is_a,过程,DOC005,14797,"第二种认识是从制造的角度出发,又把认数字样机(Digital Mock-Up,DMU)是一种可以被制造过程所使用的、用于制造的产品模型。"
装配,has_component,方向,DOC005,14815,因此，装配模型的主要信息包括如下方面：零件信息，确定装配中零件位置和方向的装配关系；
连接,is_a,运动,DOC005,14869,蹄块连接化为平，即不考虑旋转运动，这样能简化较为变量工匣。
装配,has_component,算法,DOC005,14889,虚拟装配的干涉检测技术主要包括多种算法选摘选择。
装配,has_component,算法,DOC005,14890,干涉检测报告的生成的虚拟装配的干涉检测报告的生成的主要包括多种算法选摘选择。
试验,is_a,过程,DOC005,15010,目前，产品设计、分析、加工、试验等部门之间的工作是一种序行的工作过程，一个进程完成之后另一个进程才能开始，其中任何一个环节出了问题都会阻止下一个环节的实施，它们之间的场序逻辑通过人工来进行。
试验,is_a,之后,DOC005,15010,目前，产品设计、分析、加工、试验等部门之间的工作是一种序行的工作过程，一个进程完成之后另一个进程才能开始，其中任何一个环节出了问题都会阻止下一个环节的实施，它们之间的场序逻辑通过人工来进行。
之间,is_a,过程,DOC005,15010,目前，产品设计、分析、加工、试验等部门之间的工作是一种序行的工作过程，一个进程完成之后另一个进程才能开始，其中任何一个环节出了问题都会阻止下一个环节的实施，它们之间的场序逻辑通过人工来进行。
之间,is_a,之后,DOC005,15010,目前，产品设计、分析、加工、试验等部门之间的工作是一种序行的工作过程，一个进程完成之后另一个进程才能开始，其中任何一个环节出了问题都会阻止下一个环节的实施，它们之间的场序逻辑通过人工来进行。
工作,is_a,过程,DOC005,15010,目前，产品设计、分析、加工、试验等部门之间的工作是一种序行的工作过程，一个进程完成之后另一个进程才能开始，其中任何一个环节出了问题都会阻止下一个环节的实施，它们之间的场序逻辑通过人工来进行。
工作,is_a,之后,DOC005,15010,目前，产品设计、分析、加工、试验等部门之间的工作是一种序行的工作过程，一个进程完成之后另一个进程才能开始，其中任何一个环节出了问题都会阻止下一个环节的实施，它们之间的场序逻辑通过人工来进行。
增加,part_of,装配,DOC005,15094,当今的PDM系统已不仅仅支持对产品数据的简单管理，还应提供对行工程及关联系统的良好支持，增加多分的所有成员的参与，尤其是实现某个装配节点或某个班组的产品设计及协同调机制，实现并行的管理功能，支持数据的开发，形成唯一数据源，确保数据的唯一性和可靠性，产品的配置管理可支持对机的配置管理；
关键技术,part_of,装配,DOC005,15161,面向减的设计（DFA）是并行开发研究的关键技术之一，是在设计阶段就解决装配装配中可能存在的问题，以确保零件能快速有效地进行装配的一种设计方法。
偏航,part_of,变体,DOC006,108,的偏航和滚转，可以认为这是变体技术在飞机上
偏航,part_of,飞机,DOC006,108,的偏航和滚转，可以认为这是变体技术在飞机上
可以认为,part_of,变体,DOC006,108,的偏航和滚转，可以认为这是变体技术在飞机上
可以认为,part_of,飞机,DOC006,108,的偏航和滚转，可以认为这是变体技术在飞机上
机翼,affects,展长,DOC006,124,机翼形状的改变主要是变展长与变
机翼,supports_mission,飞行,DOC006,155,由于简单的机翼变后掠形式已经无法满足飞行
变后掠,supports_mission,飞行,DOC006,155,由于简单的机翼变后掠形式已经无法满足飞行
变化,supports_mission,飞行,DOC006,240,后掠角的大幅变化以满足不同飞行环境下的性
机翼,affects,飞行,DOC006,359,飞行器头部形状同机翼一样可以影响飞行
距离,is_a,产生,DOC006,398,头距离质心较远，较小的弹头偏转角度即可产生
质心,is_a,产生,DOC006,398,头距离质心较远，较小的弹头偏转角度即可产生
较小,is_a,产生,DOC006,398,头距离质心较远，较小的弹头偏转角度即可产生
角度,is_a,产生,DOC006,398,头距离质心较远，较小的弹头偏转角度即可产生
变形,part_of,翼型,DOC006,535,中尺度变形主要是在翼型层面上
变形,has_component,前缘,DOC006,536,的变形，包括前缘变弯度、可变后缘、变厚度等变
变形,has_component,弯度,DOC006,536,的变形，包括前缘变弯度、可变后缘、变厚度等变
变形,has_component,后缘,DOC006,536,的变形，包括前缘变弯度、可变后缘、变厚度等变
变形,has_component,厚度,DOC006,536,的变形，包括前缘变弯度、可变后缘、变厚度等变
变形,part_of,机翼,DOC006,538,大尺度变形主要是机翼布局层面上的
变形,has_component,展长,DOC006,539,变形，包括变展长、变后掠角、变上反角等多种形
变形,has_component,变后掠,DOC006,539,变形，包括变展长、变后掠角、变上反角等多种形
变形,has_component,上反角,DOC006,539,变形，包括变展长、变后掠角、变上反角等多种形
方案,part_of,变化,DOC006,634,设计方案并不仅是简单的后掠角变化，往往与其
机翼面积,affects,展长,DOC006,639,机翼面积改变40%，展长变化30%，后掠角在
机翼面积,affects,后掠角,DOC006,639,机翼面积改变40%，展长变化30%，后掠角在
飞行器,supports_mission,飞行,DOC006,686,可以使飞行器满足宽速域飞行需求。
飞行,part_of,变后掠,DOC006,758,飞行，但是在变后掠过程中，后掠角的增大会导
机翼,has_component,变形,DOC006,772,要机翼具有多自由度变形能力，对机翼变体结构
机翼,has_component,机翼变体,DOC006,772,要机翼具有多自由度变形能力，对机翼变体结构
展弦比,supports_mission,低速,DOC006,928,主要通过展弦比、翼面积的变化满足低速飞行和
展弦比,supports_mission,飞行,DOC006,928,主要通过展弦比、翼面积的变化满足低速飞行和
翼面积,supports_mission,低速,DOC006,928,主要通过展弦比、翼面积的变化满足低速飞行和
翼面积,supports_mission,飞行,DOC006,928,主要通过展弦比、翼面积的变化满足低速飞行和
气动,part_of,折叠机翼,DOC006,958,非定常效应明显，局部气动干扰仍然是折叠机翼
机翼,supports_mission,低速,DOC006,1050,缩机翼技术类似，能满足低速巡航与高速飞行任务
机翼,supports_mission,巡航,DOC006,1050,缩机翼技术类似，能满足低速巡航与高速飞行任务
机翼,supports_mission,飞行,DOC006,1050,缩机翼技术类似，能满足低速巡航与高速飞行任务
机翼,supports_mission,任务,DOC006,1050,缩机翼技术类似，能满足低速巡航与高速飞行任务
状态,affects,展长,DOC006,1067,飞行状态改变展长可以使飞行器同时具有大展
气动,part_of,机翼,DOC006,1256,动干扰和气动弹性问题也是斜置机翼技术发展
机翼,affects,气动,DOC006,1261,机翼弯度等是影响飞行器气动效率的重要参
弯度,affects,气动,DOC006,1261,机翼弯度等是影响飞行器气动效率的重要参
襟翼,part_of,飞行器,DOC006,1263,传统的刚性襟翼、副翼等舵面是提高飞行器升
副翼,part_of,飞行器,DOC006,1263,传统的刚性襟翼、副翼等舵面是提高飞行器升
舵面,part_of,飞行器,DOC006,1263,传统的刚性襟翼、副翼等舵面是提高飞行器升
气动,part_of,飞机,DOC006,1508,并未使其气动布局产生大的变化，只是使得飞机
布局,part_of,飞机,DOC006,1508,并未使其气动布局产生大的变化，只是使得飞机
产生,part_of,飞机,DOC006,1508,并未使其气动布局产生大的变化，只是使得飞机
的变化,part_of,飞机,DOC006,1508,并未使其气动布局产生大的变化，只是使得飞机
飞行,uses_method,机翼变体,DOC006,1514,速域飞行为目的，利用机翼变体能有效确保飞行
发动机,part_of,变体,DOC006,1517,其在宽速域下发动机匹配技术同样是阻碍变体
同样,part_of,变体,DOC006,1517,其在宽速域下发动机匹配技术同样是阻碍变体
变形,supports_mission,飞行,DOC006,1619,的自适应变形满足不同飞行环境进气需求。
智能,part_of,无人机,DOC006,1633,集群化、智能化是无人机发展的必然方向，
现象,part_of,变体,DOC006,1683,现象也是组合变体的研究趋势。
组合,part_of,无人机,DOC006,1694,破，组合变体飞行器是提高无人机多任务执行能力
变体飞行器,part_of,无人机,DOC006,1694,破，组合变体飞行器是提高无人机多任务执行能力
变体,part_of,飞行器,DOC006,1730,变体技术扩大飞行包线是宽域高超声速飞行器
飞行,part_of,飞行器,DOC006,1730,变体技术扩大飞行包线是宽域高超声速飞行器
气动,part_of,飞行器,DOC006,1807,气动布局设计是飞行器结构、控制方案设计
布局,part_of,飞行器,DOC006,1807,气动布局设计是飞行器结构、控制方案设计
可变后掠机翼,supports_mission,飞行,DOC006,1821,于，采用可变后掠机翼技术满足飞行性能需求的
之间,part_of,变体,DOC006,1826,大）之间的矛盾是变体设计的基础。
变体飞行器,part_of,变形,DOC006,1989,拟方法在针对变体飞行器尤其是大尺度变形的
策略,supports_mission,飞行,DOC006,2323,形策略需要满足每个飞行阶段性能需求并且使
速度,affects,飞行力学,DOC006,3053,行速度对气动性能的影响［J］. 飞行力学， 2023， 41（2）：
变体飞行器,uses_method,变形,DOC007,14,摘 要：变体飞行器可利用变形结构或改变外形与机理适应复杂的飞行任务需求，在军用与民用领域均具有极高的研究价值和应用前景。
变形,affects,飞行,DOC007,14,摘 要：变体飞行器可利用变形结构或改变外形与机理适应复杂的飞行任务需求，在军用与民用领域均具有极高的研究价值和应用前景。
变形,affects,任务,DOC007,14,摘 要：变体飞行器可利用变形结构或改变外形与机理适应复杂的飞行任务需求，在军用与民用领域均具有极高的研究价值和应用前景。
变体飞行器,part_of,飞行器,DOC007,50,目前，变体飞行器设计的仿生化趋势明显，尤其是在对自然界生物的理解基础上，结合飞行器实际需求进行总体设计从而实现整体性能优化；
变体飞行器,is_a,任务,DOC007,70,变体飞行器变形决策可以认为是一种从任务需求到机体构型选择的映射问题。
变体飞行器,is_a,选择,DOC007,70,变体飞行器变形决策可以认为是一种从任务需求到机体构型选择的映射问题。
变形,is_a,任务,DOC007,70,变体飞行器变形决策可以认为是一种从任务需求到机体构型选择的映射问题。
变形,is_a,选择,DOC007,70,变体飞行器变形决策可以认为是一种从任务需求到机体构型选择的映射问题。
可以认为,is_a,任务,DOC007,70,变体飞行器变形决策可以认为是一种从任务需求到机体构型选择的映射问题。
可以认为,is_a,选择,DOC007,70,变体飞行器变形决策可以认为是一种从任务需求到机体构型选择的映射问题。
变形,supports_mission,任务,DOC007,77,例如有研究表明在传统的基于规则变形决策中，存在一定的适应性问题，因而难以满足复杂任务条件下的最优控制需求。
算法,applies_to,飞行,DOC007,109,文献[33]针对某一种由DDPG算法对两种目标进行优化的变形行为策略，并给出了针对不同飞行状态的变形策略求解方法。
变形,applies_to,飞行,DOC007,109,文献[33]针对某一种由DDPG算法对两种目标进行优化的变形行为策略，并给出了针对不同飞行状态的变形策略求解方法。
策略,applies_to,飞行,DOC007,109,文献[33]针对某一种由DDPG算法对两种目标进行优化的变形行为策略，并给出了针对不同飞行状态的变形策略求解方法。
算法,applies_to,无人机,DOC007,110,文献[34]提出了一种改进DDPG算法用于一种在无人机上的Q学习，用于处理无人机在不同环境条件下的变形需求。
翼面,has_component,变形,DOC007,148,文献[45]提出了一种可适应的高超声速宽调非线性翼面控制方法，建立包含变形引起的非线性耦合与力矩的系统状态变量，并针对不同工况设计了控制器。
翼面,has_component,状态,DOC007,148,文献[45]提出了一种可适应的高超声速宽调非线性翼面控制方法，建立包含变形引起的非线性耦合与力矩的系统状态变量，并针对不同工况设计了控制器。
变形,affects,气动,DOC007,156,文献[48]综合考虑气动特性对多刚体变形的影响，给出了一种能够同时兼顾结构变形与气动载荷耦合效应的建模方法。
变形,affects,载荷,DOC007,156,文献[48]综合考虑气动特性对多刚体变形的影响，给出了一种能够同时兼顾结构变形与气动载荷耦合效应的建模方法。
飞行器,uses_method,控制策略,DOC007,186,文献[62]采用有限元和模态叠加来建立飞行器柔性部件的动力学模型，并提出了一种基于模态的控制策略，以实现飞行器柔性结构的稳定控制。
飞行器,has_component,控制系统,DOC007,257,传统飞行器控制方法主要包括 PID，最优控制、增益调参、鲁棒控制等，这些方法在长期的理论探索及工程实践中，体现出一定的优越性并得到了广泛的应用，在实践中任务繁重的控制系统也取得了一定的效果。
飞行器,uses_method,控制策略,DOC007,259,大多数飞行器都采用常规的 PID 控制策略，这种方法在设计中通过对各通道进行精确的调参来保证系统的稳定性，同时也需要根据飞行器的具体控制对象进行系统响应优化。
机翼,affects,变体飞行器,DOC007,268,阵随着飞行器外形、例如机翼的后掠角、翼展或折叠等的改变，变体飞行器的重心、转动惯量等参数以及气动力、力矩等气动参数会相应发生变化。
机翼,affects,参数,DOC007,268,阵随着飞行器外形、例如机翼的后掠角、翼展或折叠等的改变，变体飞行器的重心、转动惯量等参数以及气动力、力矩等气动参数会相应发生变化。
机翼,affects,气动力,DOC007,268,阵随着飞行器外形、例如机翼的后掠角、翼展或折叠等的改变，变体飞行器的重心、转动惯量等参数以及气动力、力矩等气动参数会相应发生变化。
机翼,affects,气动,DOC007,268,阵随着飞行器外形、例如机翼的后掠角、翼展或折叠等的改变，变体飞行器的重心、转动惯量等参数以及气动力、力矩等气动参数会相应发生变化。
后掠角,affects,变体飞行器,DOC007,268,阵随着飞行器外形、例如机翼的后掠角、翼展或折叠等的改变，变体飞行器的重心、转动惯量等参数以及气动力、力矩等气动参数会相应发生变化。
后掠角,affects,参数,DOC007,268,阵随着飞行器外形、例如机翼的后掠角、翼展或折叠等的改变，变体飞行器的重心、转动惯量等参数以及气动力、力矩等气动参数会相应发生变化。
后掠角,affects,气动力,DOC007,268,阵随着飞行器外形、例如机翼的后掠角、翼展或折叠等的改变，变体飞行器的重心、转动惯量等参数以及气动力、力矩等气动参数会相应发生变化。
后掠角,affects,气动,DOC007,268,阵随着飞行器外形、例如机翼的后掠角、翼展或折叠等的改变，变体飞行器的重心、转动惯量等参数以及气动力、力矩等气动参数会相应发生变化。
翼展,affects,变体飞行器,DOC007,268,阵随着飞行器外形、例如机翼的后掠角、翼展或折叠等的改变，变体飞行器的重心、转动惯量等参数以及气动力、力矩等气动参数会相应发生变化。
翼展,affects,参数,DOC007,268,阵随着飞行器外形、例如机翼的后掠角、翼展或折叠等的改变，变体飞行器的重心、转动惯量等参数以及气动力、力矩等气动参数会相应发生变化。
翼展,affects,气动力,DOC007,268,阵随着飞行器外形、例如机翼的后掠角、翼展或折叠等的改变，变体飞行器的重心、转动惯量等参数以及气动力、力矩等气动参数会相应发生变化。
翼展,affects,气动,DOC007,268,阵随着飞行器外形、例如机翼的后掠角、翼展或折叠等的改变，变体飞行器的重心、转动惯量等参数以及气动力、力矩等气动参数会相应发生变化。
折叠,affects,变体飞行器,DOC007,268,阵随着飞行器外形、例如机翼的后掠角、翼展或折叠等的改变，变体飞行器的重心、转动惯量等参数以及气动力、力矩等气动参数会相应发生变化。
折叠,affects,参数,DOC007,268,阵随着飞行器外形、例如机翼的后掠角、翼展或折叠等的改变，变体飞行器的重心、转动惯量等参数以及气动力、力矩等气动参数会相应发生变化。
折叠,affects,气动力,DOC007,268,阵随着飞行器外形、例如机翼的后掠角、翼展或折叠等的改变，变体飞行器的重心、转动惯量等参数以及气动力、力矩等气动参数会相应发生变化。
折叠,affects,气动,DOC007,268,阵随着飞行器外形、例如机翼的后掠角、翼展或折叠等的改变，变体飞行器的重心、转动惯量等参数以及气动力、力矩等气动参数会相应发生变化。
对于,part_of,飞行器,DOC007,291,对于LPV方法，无论是切换还是非切换模式，均需要对变量飞行器的非线性运动模型进行配平和小扰动线性化处理，所以设计的控制器在飞行器的非线性中是难以解决实际问题的。
滑模控制,is_a,控制策略,DOC007,298,"滑模控制（Sliding Mode Control, SMC）也称为滑模控制法，是一种基于非线性误差系统设计的控制策略。"
称为,is_a,控制策略,DOC007,298,"滑模控制（Sliding Mode Control, SMC）也称为滑模控制法，是一种基于非线性误差系统设计的控制策略。"
算法,applies_to,变体飞行器,DOC007,333,近年来，深度学习算法也开始应用于变体飞行器摆搭控制系统中，实现了更精细的特征提取，从而改善了系统的控制效果。
变体飞行器,uses_method,控制策略,DOC007,337,文献[94]对变体飞行器摆搭控制系统的性能进行了研究，提出了一种利用深度学习方法进行参数估计和控制策略更新的控制方法，从而提高了系统的稳定性。
算法,supports_mission,变体飞行器,DOC007,350,随着相关算法和硬件平台的发展，未来智能控制方法将更好地满足变体飞行器在复杂环境下的稳定性和可靠性需求，并推动相关技术向更高水平发展。
算法,applies_to,飞行器,DOC007,366,参数设置及优化，完后发式优化算法能够应用于飞行器在线控制分配问题中，对于其他在线零行器具有一定的适应性。
飞行器,uses_method,控制系统,DOC007,367,飞行器的路径控制问题也如何在飞行器发生故障时，充分利用飞行器备份的冗余来在控制系统中实现可靠性。
飞行器,uses_method,算法,DOC007,369,文献[109]在飞行器在线控制系统设计中，采用改进的龙格库塔法来实现飞机控制律的计算，并利用高精度数值计算提高控制精度，结合多目标优化算法进行控制参数的优化，以实现更稳定的控制效果。
飞机,uses_method,算法,DOC007,369,文献[109]在飞行器在线控制系统设计中，采用改进的龙格库塔法来实现飞机控制律的计算，并利用高精度数值计算提高控制精度，结合多目标优化算法进行控制参数的优化，以实现更稳定的控制效果。
飞行器,uses_method,策略,DOC007,370,在飞行器分配问题中，采用并联方式配合优化策略来完成任务，能够更好地提高控制可靠性和鲁棒性。
变体,has_component,变化,DOC008,103,变体系统是可重构系统，不仅包括几何形状变化，还包括色彩、辉
任务,is_a,需要,DOC008,127,的任务与飞行器设计相冲突时，即需要在大机翼大发动机和小机翼小
任务,is_a,机翼,DOC008,127,的任务与飞行器设计相冲突时，即需要在大机翼大发动机和小机翼小
任务,is_a,发动机,DOC008,127,的任务与飞行器设计相冲突时，即需要在大机翼大发动机和小机翼小
飞行器,is_a,需要,DOC008,127,的任务与飞行器设计相冲突时，即需要在大机翼大发动机和小机翼小
飞行器,is_a,机翼,DOC008,127,的任务与飞行器设计相冲突时，即需要在大机翼大发动机和小机翼小
飞行器,is_a,发动机,DOC008,127,的任务与飞行器设计相冲突时，即需要在大机翼大发动机和小机翼小
首先,part_of,变体,DOC008,135,该书首先介绍的是生物界对变体的启示。
第8,part_of,飞行器,DOC008,138,第8章是关于飞行器的
弯度,affects,数据,DOC008,708,的扭转和弯度分布的观察，影响了他对空气压力表和翼型数据的研究。
滑翔,is_a,机翼变体,DOC008,731,该滑翔机即利用了机翼变体进行横向控制（图1.2）：操纵变体的金属丝
滑翔,is_a,横向,DOC008,731,该滑翔机即利用了机翼变体进行横向控制（图1.2）：操纵变体的金属丝
滑翔,is_a,变体,DOC008,731,该滑翔机即利用了机翼变体进行横向控制（图1.2）：操纵变体的金属丝
实现,is_a,降低,DOC008,790,实现这个目标，必须减小翼载荷，即降低机重与翼展的比例。
实现,is_a,翼展,DOC008,790,实现这个目标，必须减小翼载荷，即降低机重与翼展的比例。
目标,is_a,降低,DOC008,790,实现这个目标，必须减小翼载荷，即降低机重与翼展的比例。
目标,is_a,翼展,DOC008,790,实现这个目标，必须减小翼载荷，即降低机重与翼展的比例。
减小,is_a,降低,DOC008,790,实现这个目标，必须减小翼载荷，即降低机重与翼展的比例。
减小,is_a,翼展,DOC008,790,实现这个目标，必须减小翼载荷，即降低机重与翼展的比例。
翼载荷,is_a,降低,DOC008,790,实现这个目标，必须减小翼载荷，即降低机重与翼展的比例。
翼载荷,is_a,翼展,DOC008,790,实现这个目标，必须减小翼载荷，即降低机重与翼展的比例。
装置,part_of,机翼,DOC008,792,图1.5所示，这个机械装置外形如同一把雕刻刀，不同之处是机翼经备
外形,part_of,机翼,DOC008,792,图1.5所示，这个机械装置外形如同一把雕刻刀，不同之处是机翼经备
不同,part_of,机翼,DOC008,792,图1.5所示，这个机械装置外形如同一把雕刻刀，不同之处是机翼经备
变后掠,has_parameter,20°,DOC008,835,飞行中可变后掠翼，后掠角可设定为20°、45°和60°，能实现亚声速和
变后掠,has_parameter,45°,DOC008,835,飞行中可变后掠翼，后掠角可设定为20°、45°和60°，能实现亚声速和
机翼,has_component,弯度,DOC008,854,AFTIF-111的任务自适应机翼（图1.10）由于同时具有可变弯度和
行动,part_of,飞机,DOC008,958,大小的飞行动物身上是普遍的，而飞机工程师所青睐的刚性翅膀只为
行动,is_a,形状,DOC008,972,现存的3种飞行动物，即昆虫、鸟类和蝙蝠的翅膀形状变化进行介绍。
行动,is_a,变化,DOC008,972,现存的3种飞行动物，即昆虫、鸟类和蝙蝠的翅膀形状变化进行介绍。
材料,is_a,制造,DOC008,996,利用现有材料可以立即制造出类昆虫的变体机翼，但类蝙蝠翅膀的
材料,is_a,变体,DOC008,996,利用现有材料可以立即制造出类昆虫的变体机翼，但类蝙蝠翅膀的
材料,is_a,机翼,DOC008,996,利用现有材料可以立即制造出类昆虫的变体机翼，但类蝙蝠翅膀的
不过,part_of,飞行器,DOC008,1000,原则上不过是智能结构，但在设计微型飞行器的变体机翼时，断不可忽
不过,part_of,变体,DOC008,1000,原则上不过是智能结构，但在设计微型飞行器的变体机翼时，断不可忽
不过,part_of,机翼,DOC008,1000,原则上不过是智能结构，但在设计微型飞行器的变体机翼时，断不可忽
运动,part_of,变形,DOC008,1126,往返运动是靠胸腔的周期性变形实现的。
需要,part_of,折叠,DOC008,1184,绍，需要指出的是，我们对蝗虫后翼扇径向折叠的了解远胜于对自然界其
弯度,part_of,飞机,DOC008,1209,传统翼型采用一定弯度其关键的好处是提高了飞机的气动性能，但
来说,is_a,稳定,DOC008,1210,对昆虫来说，翅膀的弯度却有另一个重要作用，即确保了结构稳定性：
弯度,is_a,稳定,DOC008,1210,对昆虫来说，翅膀的弯度却有另一个重要作用，即确保了结构稳定性：
作用,is_a,稳定,DOC008,1210,对昆虫来说，翅膀的弯度却有另一个重要作用，即确保了结构稳定性：
后缘,has_component,弯度,DOC008,1220,伞状效应出现是因为当翅膀后缘由于后翼前掠受到张力时，其弯度
变化,part_of,飞机,DOC008,1283,近似线性变化，这就是为什么装备固定桨叶的飞机螺旋桨需要扭转，以
而且,part_of,变形,DOC008,1405,而且，与昆虫不同，鸟类不是只有2个变形
不同,part_of,变形,DOC008,1405,而且，与昆虫不同，鸟类不是只有2个变形
个自由度,is_a,展开,DOC008,1504,构，大体上有3个自由度，即展开角、仰角和扭转角。
面积,part_of,展开,DOC008,1524,翅面积可变是因为当鸟类收缩或展开翅膀和尾巴时，翅膀和尾巴上
这种,part_of,展开,DOC008,1539,出，这种鸟栖息时翅形会发生一系列的变化，首先就是翅膀展开，轻轻
的变化,part_of,展开,DOC008,1539,出，这种鸟栖息时翅形会发生一系列的变化，首先就是翅膀展开，轻轻
首先,part_of,展开,DOC008,1539,出，这种鸟栖息时翅形会发生一系列的变化，首先就是翅膀展开，轻轻
的关系,part_of,展开,DOC008,1615,或许这两点不是非此即彼的关系，而很可能是当翅膀展开达到大展
翼展,has_component,内侧,DOC008,1788,这些翼展变化主要由翅内侧
变化,has_component,内侧,DOC008,1788,这些翼展变化主要由翅内侧
微型航空器,is_a,相对,DOC008,2052,微型航空器（MAV），是一种相对新颖的飞行器，在过去的15年中
微型航空器,is_a,飞行器,DOC008,2052,微型航空器（MAV），是一种相对新颖的飞行器，在过去的15年中
微型航空器,is_a,最大,DOC008,2055,微型航空器是一种最大尺寸为厘米级的航空器。
微型航空器,is_a,尺寸,DOC008,2055,微型航空器是一种最大尺寸为厘米级的航空器。
飞行器,has_component,襟翼,DOC008,2117,传统飞行器的变形包括襟翼或缝翼小范围内的展开，
飞行器,has_component,展开,DOC008,2117,传统飞行器的变形包括襟翼或缝翼小范围内的展开，
变形,has_component,襟翼,DOC008,2117,传统飞行器的变形包括襟翼或缝翼小范围内的展开，
变形,has_component,展开,DOC008,2117,传统飞行器的变形包括襟翼或缝翼小范围内的展开，
机翼,has_component,上反角,DOC008,2121,结构构成的机翼可实现整体包括全机翼上反角、尺寸和翼展的变化。
机翼,has_component,尺寸,DOC008,2121,结构构成的机翼可实现整体包括全机翼上反角、尺寸和翼展的变化。
机翼,has_component,翼展,DOC008,2121,结构构成的机翼可实现整体包括全机翼上反角、尺寸和翼展的变化。
重量,affects,尺寸,DOC008,2195,MAV设计中重量的影响很大，飞行器机身重量随尺寸呈三次方降
求得,part_of,机翼,DOC008,2224,求得的重要结果是这些标度参数会随着诸如机翼外形尺寸和扑动
飞机,is_a,飞行,DOC008,2297,变飞机的外形或者布局的能力已经被证明是一种满足多种飞行条件的
飞机,is_a,条件,DOC008,2297,变飞机的外形或者布局的能力已经被证明是一种满足多种飞行条件的
外形,is_a,飞行,DOC008,2297,变飞机的外形或者布局的能力已经被证明是一种满足多种飞行条件的
外形,is_a,条件,DOC008,2297,变飞机的外形或者布局的能力已经被证明是一种满足多种飞行条件的
或者,is_a,飞行,DOC008,2297,变飞机的外形或者布局的能力已经被证明是一种满足多种飞行条件的
或者,is_a,条件,DOC008,2297,变飞机的外形或者布局的能力已经被证明是一种满足多种飞行条件的
布局,is_a,飞行,DOC008,2297,变飞机的外形或者布局的能力已经被证明是一种满足多种飞行条件的
布局,is_a,条件,DOC008,2297,变飞机的外形或者布局的能力已经被证明是一种满足多种飞行条件的
的能力,is_a,飞行,DOC008,2297,变飞机的外形或者布局的能力已经被证明是一种满足多种飞行条件的
的能力,is_a,条件,DOC008,2297,变飞机的外形或者布局的能力已经被证明是一种满足多种飞行条件的
的能力,part_of,飞机,DOC008,2329,掠角的能力是保留给高性能军用飞机变体的一个极端的例子。
的能力,part_of,变体,DOC008,2329,掠角的能力是保留给高性能军用飞机变体的一个极端的例子。
这些,is_a,飞行,DOC008,2333,在所有这些情况下，变体指的是“主动的”，即飞行员或者飞行控
这些,is_a,或者,DOC008,2333,在所有这些情况下，变体指的是“主动的”，即飞行员或者飞行控
情况下,is_a,飞行,DOC008,2333,在所有这些情况下，变体指的是“主动的”，即飞行员或者飞行控
情况下,is_a,或者,DOC008,2333,在所有这些情况下，变体指的是“主动的”，即飞行员或者飞行控
变体,is_a,飞行,DOC008,2333,在所有这些情况下，变体指的是“主动的”，即飞行员或者飞行控
变体,is_a,或者,DOC008,2333,在所有这些情况下，变体指的是“主动的”，即飞行员或者飞行控
变体,part_of,飞机,DOC008,2336,“被动的”变体是飞机布局不经飞行员或者控制系统的控制驱动而
变体,part_of,机翼,DOC008,2338,一个被动变体的例子是气动负载产生的机翼变形。
变体,part_of,变形,DOC008,2338,一个被动变体的例子是气动负载产生的机翼变形。
变体,part_of,变形,DOC008,2350,被动变体的例子是昆虫翅膀在扑翼周期内的大幅变形。
仿生学,part_of,机翼,DOC008,2351,基于仿生学的更先进的被动变体形式是设计自适应机翼的MAV重
变体,part_of,机翼,DOC008,2351,基于仿生学的更先进的被动变体形式是设计自适应机翼的MAV重
虽然,part_of,变体,DOC008,2422,虽然这不是一个很明显的变体概念，自然界
行动,part_of,垂尾,DOC008,2451,种效率不高的飞行动物；而事实可能是鸟类身上的垂尾在巢居时会起
不变,part_of,变化,DOC008,2500,数不可能全部保持不变，这是因为每个参数都有不同的尺度变化趋势。
强化学习,is_a,环境,DOC008,2717,强化学习系统是一种在Agent与其环境间的相互作用过程中学习，
强化学习,is_a,作用,DOC008,2717,强化学习系统是一种在Agent与其环境间的相互作用过程中学习，
强化学习,is_a,过程中,DOC008,2717,强化学习系统是一种在Agent与其环境间的相互作用过程中学习，
状态,part_of,机翼,DOC008,2844,初始状态到最终目标状态，这些状态是以机翼空气动力学特性为特征
最终,part_of,机翼,DOC008,2844,初始状态到最终目标状态，这些状态是以机翼空气动力学特性为特征
目标,part_of,机翼,DOC008,2844,初始状态到最终目标状态，这些状态是以机翼空气动力学特性为特征
这些,part_of,机翼,DOC008,2844,初始状态到最终目标状态，这些状态是以机翼空气动力学特性为特征
环境,part_of,机翼,DOC008,2849,环境是机翼产生的空气动力。
的问题,part_of,变形,DOC008,2904,现在的问题是，随着其他变形参数形式的状态变量
变形,has_component,参数,DOC008,2920,模型中的变形自由度和飞行条件参数如下：
的能力,part_of,变化,DOC008,3131,的能力，第一步是表示允许弯度和厚度变化，并适合于不可压缩的飞行
第一步,part_of,变化,DOC008,3131,的能力，第一步是表示允许弯度和厚度变化，并适合于不可压缩的飞行
翼型,part_of,机翼,DOC008,3142,型就是NACA4-Digit系列翼型，该系列不管是厚的或者薄的机翼剖面
变体,has_component,推力,DOC008,3195,作用在变体机翼上的力包括：重力（G）、推力（T）以及气动力
变体,has_component,气动力,DOC008,3195,作用在变体机翼上的力包括：重力（G）、推力（T）以及气动力
机翼,has_component,推力,DOC008,3195,作用在变体机翼上的力包括：重力（G）、推力（T）以及气动力
机翼,has_component,气动力,DOC008,3195,作用在变体机翼上的力包括：重力（G）、推力（T）以及气动力
状态,part_of,变体,DOC008,3429,"级的状态d，dy，d是变体翼在惯性坐标系的,y,轴的质心位置。"
变体,has_component,气动力,DOC008,3462,式中：m为变体翼的质量，F为由控制产生的力；Faero为气动力；I为机
形状,part_of,变形,DOC008,3687,注意，形状变化的时间变化率是很大的，因此，在变形的过程中系统
变化,part_of,变形,DOC008,3687,注意，形状变化的时间变化率是很大的，因此，在变形的过程中系统
的时间,part_of,变形,DOC008,3687,注意，形状变化的时间变化率是很大的，因此，在变形的过程中系统
考虑到,is_a,的速度,DOC008,4511,考虑到一个事实，即自由流的速度在飞行器上不同控制点是不同的，这
考虑到,is_a,飞行器,DOC008,4511,考虑到一个事实，即自由流的速度在飞行器上不同控制点是不同的，这
考虑到,is_a,不同,DOC008,4511,考虑到一个事实，即自由流的速度在飞行器上不同控制点是不同的，这
情况下,part_of,飞行器,DOC008,4692,数情况下是合理的，因为只有控制面偏转引起的飞行器微小变形。
情况下,part_of,变形,DOC008,4692,数情况下是合理的，因为只有控制面偏转引起的飞行器微小变形。
运动方程,part_of,变化,DOC008,4797,运动方程是典型的惯性张量随时间明显变化的
飞行器,part_of,机身,DOC008,4905,飞行器机体上的一个固定点（通常是机身上的一个点）的参考机体坐标
固定,part_of,机身,DOC008,4905,飞行器机体上的一个固定点（通常是机身上的一个点）的参考机体坐标
通常,part_of,机身,DOC008,4905,飞行器机体上的一个固定点（通常是机身上的一个点）的参考机体坐标
飞行器,has_component,机身,DOC008,5051,式中：r为飞行器（包括机身）第个组成平面的质心位置。
积分,part_of,飞行器,DOC008,5111,积分内的项是飞行器质量单元的位置和速度。
飞行器,has_component,速度,DOC008,5315,式（5.63）中的项为飞行器质量单元的速度，包括机体转动速度和
俯仰,part_of,变体,DOC008,5578,仰速率，这个初始的负俯仰速率是变体力矩M4的作用结果（图5.10）。
假设,part_of,飞行器,DOC008,5599,作者假设俯仰力矩是飞行器的控制系统产生
俯仰力矩,part_of,飞行器,DOC008,5599,作者假设俯仰力矩是飞行器的控制系统产生
位置,part_of,飞行器,DOC008,5671,翼的即时位置和机翼面元的速度，后者是飞行器机体坐标原点速度、角
机翼,part_of,飞行器,DOC008,5671,翼的即时位置和机翼面元的速度，后者是飞行器机体坐标原点速度、角
的速度,part_of,飞行器,DOC008,5671,翼的即时位置和机翼面元的速度，后者是飞行器机体坐标原点速度、角
运动,part_of,机翼,DOC008,5769,重心运动产生的力矩）两项中起主导作用的是机翼面元相对机体框架
产生,part_of,机翼,DOC008,5769,重心运动产生的力矩）两项中起主导作用的是机翼面元相对机体框架
力矩,part_of,机翼,DOC008,5769,重心运动产生的力矩）两项中起主导作用的是机翼面元相对机体框架
作用,part_of,机翼,DOC008,5769,重心运动产生的力矩）两项中起主导作用的是机翼面元相对机体框架
作用,part_of,变体,DOC008,5780,广义力在此期间均起作用，而不仅仅是变体项（式（5.80）的Q是总的
平衡,part_of,铰链,DOC008,5955,15s（平衡水平飞行）气动力是铰链力矩的唯一来源，铰链力矩是对称
水平,part_of,铰链,DOC008,5955,15s（平衡水平飞行）气动力是铰链力矩的唯一来源，铰链力矩是对称
飞行,part_of,铰链,DOC008,5955,15s（平衡水平飞行）气动力是铰链力矩的唯一来源，铰链力矩是对称
气动力,part_of,铰链,DOC008,5955,15s（平衡水平飞行）气动力是铰链力矩的唯一来源，铰链力矩是对称
变体,part_of,机翼,DOC008,5975,5.16中，尽管其没有发生变体，但是惯性力矩QcM同样对右机翼也有
中的,part_of,飞行器,DOC008,5988,中的QcM），这可以简单归因于速度的增减，特别是飞行器在这个航迹
简单,part_of,飞行器,DOC008,5988,中的QcM），这可以简单归因于速度的增减，特别是飞行器在这个航迹
速度,part_of,飞行器,DOC008,5988,中的QcM），这可以简单归因于速度的增减，特别是飞行器在这个航迹
运动,is_a,飞行器,DOC008,5998,执行转弯运动（即使飞行器变体停止了），气动力矩推动机翼向转弯中心
运动,is_a,变体,DOC008,5998,执行转弯运动（即使飞行器变体停止了），气动力矩推动机翼向转弯中心
运动,is_a,气动力,DOC008,5998,执行转弯运动（即使飞行器变体停止了），气动力矩推动机翼向转弯中心
运动,is_a,机翼,DOC008,5998,执行转弯运动（即使飞行器变体停止了），气动力矩推动机翼向转弯中心
第一,part_of,变体,DOC008,6086,第一个原因是变体翼飞行器的控
第一,part_of,飞行器,DOC008,6086,第一个原因是变体翼飞行器的控
来说,part_of,飞行器,DOC008,6087,制对操纵者来说是一个挑战，因为控制和飞行器动力学并不是直观的
产生,is_a,功率,DOC008,6285,在产生滚转力矩时的效率为鸥翼变体的两倍，即使是高功率一惩罚的
力矩,is_a,功率,DOC008,6285,在产生滚转力矩时的效率为鸥翼变体的两倍，即使是高功率一惩罚的
变体,is_a,功率,DOC008,6285,在产生滚转力矩时的效率为鸥翼变体的两倍，即使是高功率一惩罚的
功率,part_of,变体,DOC008,6287,同层次的功率惩罚原则下始终存在，但是变体率会急剧下降。
功率,part_of,飞机,DOC008,6299,制，如果驱动器功率并不是问题时，飞机纯粹依赖变体来实现快速响应
功率,part_of,变体,DOC008,6299,制，如果驱动器功率并不是问题时，飞机纯粹依赖变体来实现快速响应
因为,is_a,变形,DOC008,6358,大的挑战性，因为即使是在准静态变形的情况下驱动器也必须抵抗很
因为,is_a,的情况下,DOC008,6358,大的挑战性，因为即使是在准静态变形的情况下驱动器也必须抵抗很
变体,has_component,飞行器,DOC008,6500,变体增加了系统的自由度，并对飞行器
变体飞行器,part_of,飞行器,DOC008,6507,有一类有趣的变体飞行器是中一大尺寸的扑翼飞行器，这类飞行器
变体,has_component,飞行器,DOC008,6515,然而，即使只有一个变体自由度，扑翼飞行器所展现的变体飞
气动力,is_a,现代,DOC008,6538,常空气动力，即使利用现代计算流体动力学工具也难以建模（Shyyet
气动力,is_a,动力,DOC008,6538,常空气动力，即使利用现代计算流体动力学工具也难以建模（Shyyet
空气动力学,part_of,飞行器,DOC008,6565,进行建模的，空气动力学模型通常是将扑翼飞行器固定在风洞中的测
通常,part_of,飞行器,DOC008,6565,进行建模的，空气动力学模型通常是将扑翼飞行器固定在风洞中的测
飞机,has_component,角度,DOC008,6667,对于固定翼飞机，由于活动部分通常是较小的质量和偏转角度，因
快速,part_of,飞行器,DOC008,6769,的快速运动并不是传统飞行器的特点，快速和高振幅振动源自机翼拍动，
快速,part_of,机翼,DOC008,6769,的快速运动并不是传统飞行器的特点，快速和高振幅振动源自机翼拍动，
运动,part_of,飞行器,DOC008,6769,的快速运动并不是传统飞行器的特点，快速和高振幅振动源自机翼拍动，
运动,part_of,机翼,DOC008,6769,的快速运动并不是传统飞行器的特点，快速和高振幅振动源自机翼拍动，
质量,part_of,机翼,DOC008,6913,生质量分布变化，而引起的总效应；但是没有抓住拍动机翼产生的内部
分布,part_of,机翼,DOC008,6913,生质量分布变化，而引起的总效应；但是没有抓住拍动机翼产生的内部
变化,part_of,机翼,DOC008,6913,生质量分布变化，而引起的总效应；但是没有抓住拍动机翼产生的内部
飞行器,has_component,机身,DOC008,6957,如图6.5所示，扑翼飞行器的多体配置包括5个刚体，机身、每个
试验,is_a,确定,DOC008,7140,通过试验获取原始数据后，系统辨识有两个重要步骤，即确定模型结
数据,is_a,确定,DOC008,7140,通过试验获取原始数据后，系统辨识有两个重要步骤，即确定模型结
简单,part_of,飞机,DOC008,7451,反馈控制器的简单目标就是减弱扑翼式飞机俯仰运动。
目标,part_of,飞机,DOC008,7451,反馈控制器的简单目标就是减弱扑翼式飞机俯仰运动。
飞行器,has_mechanism,变形,DOC008,7649,该飞行器通过变形来改变机体的空气
机翼,has_component,机身,DOC008,7664,机翼实际上由一些独立部件构成，这些部件之间及与机身之间通过
数据,part_of,机翼,DOC008,7708,表中数据是在左右机翼为指定掠角且对称的限制下获得的。
这些,part_of,飞行器,DOC008,7940,保留这些项主要是考虑到飞行器
因为,part_of,变化,DOC008,8060,量的大小认为是恒定的，因为，变体仅仅是几何变化。
变体,part_of,变化,DOC008,8060,量的大小认为是恒定的，因为，变体仅仅是几何变化。
