term,freq,tfidf,pmi,score,entity_type,keep,alias
机翼,1333,0.230347,4.533726,800.322477,Structure,Y,
变体,1293,0.223435,6.004464,776.467477,Concept,N,
折叠,582,0.100572,7.764522,350.006624,Mechanism,Y,
折叠变体,533,0.0,1.474549,319.947455,Mechanism,Y,折叠变形翼/折叠翼（语义近）
飞机,503,0.08692,4.42973,302.269049,Aircraft,Y,
飞行器,475,0.082082,6.642921,285.688917,Aircraft,Y,航空器
双翼,416,0.071886,4.170964,250.038662,Concept,Y,双翼式构型/双翼布局（视上下文）
变体飞行器,356,0.0,6.182154,214.218215,Aircraft,Y,可变形飞行器
活动,344,0.059444,6.874731,207.105306,Mechanism,Y,可动/可转动
活动机翼,328,0.0,5.339845,197.333984,Structure,Y,可动机翼/变形机翼（语义近）
升力,316,0.054606,6.50982,190.267364,Parameter,Y,
折叠变体飞行器,296,0.0,0.0,177.6,Aircraft,Y,折叠式可变形飞行器
连杆,291,0.050286,8.469819,175.462068,Mechanism,Y,
过程,267,0.046139,7.788242,160.992666,Concept,Y,
变体过程,245,0.0,6.174116,147.617412,Concept,N,
气动,238,0.041127,6.775302,143.489868,Performance,Y,空气动力学（语义近）
展弦比,221,0.03819,7.578435,133.3693,Parameter,Y,纵横比（翼展/弦长比）
副翼,191,0.033005,5.321584,115.14206,ControlMethod,Y,aileiron（副翼）
变化,184,0.031796,5.870789,110.996618,Concept,N,
飞行,177,0.030586,6.450813,106.854257,Mission,Y,
上下,175,0.030241,6.057675,105.61484,Concept,N,
构型,172,0.029722,7.013302,103.910247,Concept,Y,构型/布局型式
阻力,159,0.027476,6.723072,96.08055,Parameter,Y,
单翼,156,0.026957,3.18171,93.926258,Concept,Y,单翼式构型
验证,155,0.026785,8.931877,93.901223,Concept,Y,验证/验证试验（视上下文）
情况,153,0.026439,9.543793,92.762311,Concept,N,
固定,152,0.026266,8.380171,92.045897,Concept,N,
特性,152,0.026266,8.178603,92.02574,Performance,Y,性能特性/性质（语义近）
翼展,146,0.025229,3.207296,87.928298,Parameter,Y,
重量,143,0.024711,7.957029,86.603116,Parameter,Y,质量/重量（语义近，视上下文）
不同,141,0.024365,7.6953,85.37684,Concept,N,
最大,133,0.022983,7.157901,80.522685,Concept,N,
对于,133,0.022983,6.266649,80.43356,Concept,N,
位置,131,0.022637,9.119506,79.518742,Parameter,Y,
上下机翼,131,0.0,5.354589,79.135459,Structure,N,
原理,127,0.021946,8.840493,77.090633,Concept,Y,
原理验证,122,0.0,9.252687,74.125269,Concept,Y,原理验证试验（语义近）
力矩,120,0.020736,5.979854,72.604206,Parameter,Y,
攻角,115,0.019872,8.717335,69.877695,Parameter,Y,迎角
固定机翼,115,0.0,5.336017,69.533602,Structure,Y,非活动机翼
系数,114,0.0197,8.077422,69.213652,Parameter,Y,
机构,112,0.019354,3.509473,67.556753,Mechanism,Y,
参数,108,0.018663,8.508493,65.656448,Parameter,Y,
产生,105,0.018144,9.735254,63.978969,Concept,N,
使用,105,0.018144,7.975114,63.802955,Concept,N,
处于,105,0.018144,7.245659,63.730009,Concept,N,
布局,102,0.017626,9.440735,62.149361,Concept,Y,布置/布局型式
驱动,102,0.017626,6.888327,61.89412,Mechanism,N,
气动力,102,0.017626,5.45036,61.750324,Parameter,Y,
进一步,101,0.017453,9.190876,61.524324,Concept,N,
通过,100,0.01728,7.85765,60.790949,Concept,N,
起降,93,0.016071,8.239687,56.62879,Mission,Y,起飞与着陆/起降工况（语义近）
增加,91,0.015725,9.107183,55.515436,Concept,N,
aircraft,88,0.015207,6.146012,53.419163,Aircraft,Y,飞机/航空器
机翼处于,88,0.0,5.74999,53.374999,Structure,N,
偏转,87,0.015034,8.081606,53.012671,ControlMethod,Y,偏转/偏转角（视上下文）
变化情况,87,0.0,6.198364,52.819836,Concept,N,
影响,86,0.014861,10.428955,52.647354,Concept,N,
动力学,86,0.014861,6.803178,52.284776,Concept,Y,动力学（语义近：运动与受力规律）
气动特性,85,0.0,7.666489,51.766649,Performance,Y,空气动力学特性
主要,80,0.013824,8.810938,48.885241,Concept,N,
降低,78,0.013479,8.64608,47.668652,Concept,N,
升力系数,77,0.0,7.696259,46.969626,Parameter,Y,Cl（升力系数）
代价,72,0.012442,10.166409,44.220373,Concept,N,
变形,71,0.012269,4.524002,43.056081,Mechanism,Y,形变
需要,70,0.012096,8.073603,42.810989,Concept,N,
机翼升力,70,0.0,2.000934,42.200093,Parameter,Y,
方案,68,0.011751,8.350065,41.638532,Concept,Y,设计方案/技术方案（语义近）
公转,68,0.011751,8.130516,41.616577,Concept,N,语境不明确（天体公转/机构转动）
变展,68,0.011751,2.99802,41.103327,Mechanism,Y,可变展长/可变翼展
角度,65,0.011232,5.891783,39.592548,Parameter,Y,
概念,64,0.011059,10.809911,39.484309,Concept,Y,
总体设计,64,0.011059,7.666537,39.169972,Concept,Y,总体方案/总体设计（语义近）
开展,64,0.011059,6.555429,39.058861,Concept,N,
状态,63,0.010887,10.164238,38.81969,Concept,Y,
分别,62,0.010714,8.319358,38.03515,Concept,N,
双翼构型,62,0.0,6.188835,37.818883,Concept,Y,双翼式构型
机身,62,0.010714,5.311869,37.734401,Structure,Y,
之间,61,0.010541,8.616539,37.464816,Concept,N,
应用,61,0.010541,7.186442,37.321807,Concept,Y,
morphing,60,0.010368,7.678952,36.771006,Mechanism,Y,变形/形态重构（语义近）
面积,59,0.010195,8.701028,36.273161,Parameter,Y,
变体机构,59,0.0,5.572115,35.957212,Mechanism,Y,可变机构/变形机构
起飞,58,0.010023,4.818572,35.284864,Mission,Y,
巡航,57,0.00985,9.131792,35.116134,Mission,Y,
副翼偏转,57,0.0,8.472361,35.047236,ControlMethod,Y,aileron deflection（副翼偏转）
试验,57,0.00985,8.281787,35.031134,Concept,Y,实验/试验验证（语义近）
包线,56,0.009677,8.886681,34.491571,Concept,Y,运行包线/运动包线（语义近）
飞行器气动,57,0.0,1.93517,34.393517,Performance,Y,飞行器空气动力学（语义近）
改变,56,0.009677,5.7769,34.180593,Concept,N,
驱动变体,56,0.0,5.732761,34.173276,Mechanism,Y,驱动式可变机构/可变驱动（语义近）
间距,55,0.009504,8.843028,33.887154,Parameter,Y,
气动力驱动,55,0.0,6.8896,33.68896,Mechanism,Y,气动驱动（语义近）
发展,55,0.009504,6.391877,33.642039,Concept,N,
机翼机翼,56,0.0,0.0,33.6,Structure,N,
自由度,54,0.009331,8.076563,33.210456,Parameter,Y,DoF
弯矩,54,0.009331,7.930213,33.195821,Parameter,Y,
变展变体,55,0.0,0.0,33.0,Mechanism,Y,可变翼展机构/翼展可变机构
失速,53,0.009159,8.90942,32.69369,Performance,Y,stall（失速/失速状态）
几何,52,0.008986,10.759906,32.278686,Parameter,Y,几何量/几何特征（语义近）
处于不同,52,0.0,8.830955,32.083096,Concept,N,
扭矩,52,0.008986,7.976167,32.000312,Parameter,Y,
机翼处于不同,52,0.0,5.74999,31.774999,Structure,N,
单翼构型,51,0.0,6.313102,31.23131,Concept,Y,单翼式构型
考虑,50,0.00864,10.687997,31.071392,Concept,N,
变体飞行器气动,51,0.0,0.03742,30.603742,Performance,Y,可变形飞行器气动
折叠变体飞行器气动,51,0.0,0.0,30.6,Performance,Y,折叠式可变形飞行器气动（重复项）
看出,49,0.008467,8.87581,30.290121,Concept,N,
部分,49,0.008467,7.856759,30.188216,Concept,N,
上下机翼处于不同,49,0.0,7.798756,30.179876,Structure,N,
上下机翼处于,49,0.0,7.750582,30.175058,Structure,N,
两个,49,0.008467,7.572734,30.159814,Concept,N,
相较,49,0.008467,6.907699,30.09331,Concept,N,
零升,48,0.008295,7.944907,29.596979,Parameter,Y,零升力
分布,48,0.008295,6.708367,29.473325,Concept,Y,分布规律/分布特性（语义近）
无人机,48,0.008295,5.634513,29.36594,Aircraft,Y,UAV/无人驾驶飞行器
全球,47,0.008122,9.998245,29.202261,Concept,N,
处于不同位置,47,0.0,9.566252,29.156625,Concept,N,
两侧,47,0.008122,8.497816,29.052218,Concept,N,
不同位置,47,0.0,8.328906,29.032891,Concept,N,
机翼处于不同位置,47,0.0,5.74999,28.774999,Structure,N,
根据,46,0.007949,9.616425,28.564027,Concept,N,
完成,46,0.007949,8.913643,28.493749,Concept,N,
翼型,47,0.008122,2.589454,28.461382,Structure,Y,
收益,45,0.007776,11.064373,28.10877,Concept,N,
最大升力,45,0.0,6.908544,27.690854,Parameter,Y,
飞行器气动特性,46,0.0,0.0,27.6,Performance,Y,飞行器空气动力学特性
扭转,44,0.007603,7.380494,27.14033,Mechanism,Y,扭转运动/扭转变形（语义近）
弯度,44,0.007603,6.667649,27.069046,Concept,N,术语不规范，通常用弯曲挠度/弯曲角度/曲率（语义待补）
变体飞行器气动特性,45,0.0,0.0,27.0,Performance,Y,可变形飞行器气动特性
最大升力系数,43,0.0,8.75748,26.675748,Parameter,Y,最大Cl
本章,43,0.007431,7.324554,26.534685,Concept,N,
中心,43,0.007431,7.023001,26.504529,Concept,N,语境不明（如重心/几何中心）
速度,42,0.007258,6.791449,25.881322,Parameter,Y,
斜率,41,0.007085,11.166139,25.718739,Parameter,Y,
航程,41,0.007085,6.087042,25.21083,Performance,Y,
根比,40,0.006912,6.910066,24.69308,Concept,N,疑似不完整术语（如根梢比/根比）
升力斜率,41,0.0,0.0,24.6,Parameter,Y,dCl/dα（语义近）
俯仰,39,0.006739,11.573797,24.559402,Concept,Y,pitch（俯仰运动）
传递,39,0.006739,10.6971,24.471732,Concept,N,
约束,39,0.006739,10.192535,24.421275,ControlMethod,Y,约束条件/约束机制（语义近）
机翼副翼,40,0.0,2.834202,24.28342,Structure,Y,机翼上的副翼
机翼活动,40,0.0,0.0,24.0,Mechanism,Y,机翼可动/活动翼（语义近）
蒙皮,38,0.006567,11.715478,23.973518,Structure,Y,
减少,38,0.006567,9.929831,23.794953,Concept,N,
来说,38,0.006567,9.123136,23.714284,Concept,N,
需求,38,0.006567,8.567215,23.658691,Concept,N,
位置双翼,39,0.0,0.0,23.4,Concept,N,语义不清（疑似双翼的不同位置/布置）
原准机,38,0.006567,5.640365,23.366006,Concept,N,疑似错别字/专名不明（需上下文澄清）
满足,37,0.006394,11.018041,23.303722,Concept,N,
展弦比飞机,38,0.0,4.775081,23.277508,Aircraft,Y,以展弦比为特征的飞机（语义近）
变体飞机,38,0.0,1.724961,22.972496,Aircraft,Y,可变形飞机
现有,37,0.006394,7.564169,22.958335,Concept,N,
外形,37,0.006394,7.403633,22.942281,Structure,Y,外形/外形轮廓
方面,37,0.006394,6.325212,22.834439,Concept,N,
气动力驱动变体,37,0.0,6.079411,22.807941,Mechanism,Y,气动驱动可变机构/气动力驱动变形
机翼活动机翼,38,0.0,0.0,22.8,Structure,Y,可动机翼（重复冗余表达，保留“活动机翼”语义）
翼尖,37,0.006394,5.353246,22.737243,Structure,Y,
诱导,36,0.006221,10.509027,22.652769,Concept,Y,诱导效应/诱导（语义近）
非定常,36,0.006221,10.09399,22.611265,Performance,Y,非稳态/非定常气动
讨论,36,0.006221,9.802026,22.582069,Concept,N,
常规,36,0.006221,8.82771,22.484637,Concept,N,
基本,36,0.006221,8.164913,22.418358,Concept,N,
上述,36,0.006221,7.296256,22.331492,Concept,N,
整体,36,0.006221,5.57431,22.159297,Concept,N,
增大,36,0.006221,5.459004,22.147767,Concept,N,
基础,35,0.006048,10.067927,22.008607,Concept,N,
零升攻角,35,0.0,8.64527,21.864527,Parameter,Y,α0（零升攻角，语义近）
诱导阻力,35,0.0,6.961881,21.696188,Parameter,Y,诱导拖力/Di
飞行器总体设计,35,0.0,6.66103,21.666103,Mission,Y,飞行器总体设计（如作为工作包/阶段语义）
方式,35,0.006048,6.147125,21.616527,Concept,Y,
长航,35,0.006048,6.047889,21.606603,Mission,Y,长时间/长航程任务（语义近）
首先,34,0.005875,11.481013,21.549864,Concept,N,
一定,35,0.006048,5.098148,21.511629,Concept,N,
构型双翼,35,0.0,4.302728,21.430273,Concept,Y,双翼构型
双翼升力,35,0.0,3.872671,21.387267,Parameter,Y,
不变,35,0.006048,3.042245,21.306039,Concept,N,
要求,34,0.005875,7.88632,21.190395,Concept,N,
活动机翼升力,35,0.0,0.35725,21.035725,Parameter,Y,
机翼固定,35,0.0,0.273359,21.027336,Structure,Y,固定机翼
单翼双翼,35,0.0,0.0,21.0,Concept,N,语义不清（可能指单/双翼对比）
过程飞机,35,0.0,0.0,21.0,Aircraft,N,
保持,33,0.005703,10.834777,20.885188,Concept,N,
规律,33,0.005703,10.458033,20.847514,Concept,Y,
其他,33,0.005703,9.038948,20.705606,Concept,N,
公转角度,33,0.0,7.735303,20.57353,Parameter,N,术语不清（公转多用于天体/机构，需上下文）
阻力系数,33,0.0,7.523527,20.552353,Parameter,Y,Cd（阻力系数）
固定机翼活动,34,0.0,0.0,20.4,Structure,Y,固定翼上某部活动部件（语义待上下文）
铰链,32,0.00553,11.784134,20.380072,Mechanism,Y,
全机,33,0.005703,4.266907,20.228401,Concept,Y,整机/整架飞机（语义近）
带来,32,0.00553,8.687997,20.070459,Concept,N,
起降翼展,32,0.0,7.610711,19.961071,Parameter,Y,起降构型翼展
自转,32,0.00553,6.803534,19.882012,Concept,N,语境不明（机构自转/航天自旋）
压力,32,0.00553,6.646149,19.866274,Parameter,Y,
受力,32,0.00553,6.170811,19.81874,Concept,Y,载荷/受力状态（语义近）
固定机翼活动机翼,33,0.0,0.0,19.8,Structure,Y,固定机翼中的可动部分/可动机翼（冗余表达）
机翼弯度,32,0.0,5.74999,19.774999,Concept,N,疑似不规范，通常为弯曲挠度/弯曲角/曲率
机翼之间,32,0.0,5.428426,19.742843,Structure,N,
对比,32,0.00553,4.67803,19.669462,Concept,N,
提高,31,0.005357,8.259799,19.427587,Concept,N,
wing,31,0.005357,7.516802,19.353287,Structure,Y,机翼
原有,31,0.005357,6.190075,19.220615,Concept,N,
不同位置双翼,32,0.0,0.0,19.2,Concept,N,
变体过程飞机,32,0.0,0.0,19.2,Aircraft,N,
处于不同位置双翼,32,0.0,0.0,19.2,Concept,N,
网格,30,0.005184,11.488864,19.150442,Tool,Y,计算网格/网格划分（语义近）
包括,30,0.005184,10.27296,19.028851,Concept,N,
损失,30,0.005184,10.162937,19.017849,Performance,Y,损失（如效率/阻力损失等，语义待补）
减小,30,0.005184,8.044359,18.805991,Concept,N,
飞行试验,30,0.0,6.628015,18.662802,Mission,Y,在飞行中的试验/飞行测试
变体飞行器总体设计,30,0.0,6.198364,18.619836,Mission,Y,可变形飞行器总体设计
伸缩,29,0.005011,11.20981,18.522484,Mechanism,Y,伸缩机构/伸缩运动（语义近）
尺寸,28,0.004838,11.947148,17.996166,Parameter,Y,
展弦比飞行器,29,0.0,5.021634,17.902163,Aircraft,Y,以展弦比为特征的飞行器（语义近）
较大,29,0.005011,4.766625,17.878166,Concept,N,
升力阻力,29,0.0,4.348371,17.834837,Concept,N,常见说法为升阻力合力/升力与阻力分开；该短语歧义
重力,29,0.005011,3.715835,17.773087,Parameter,Y,g/重力
压力分布,28,0.0,9.499043,17.749904,Parameter,Y,
俯仰力矩,28,0.0,9.070143,17.707014,Parameter,Y,
起飞重量,28,0.0,8.76043,17.676043,Parameter,Y,起飞质量/MTOW（语义近）
关系,28,0.004838,8.409592,17.642411,Concept,N,
活动机翼固定,29,0.0,1.330113,17.533011,Structure,Y,活动机翼与固定状态组合（语义待上下文）
相同,28,0.004838,6.252879,17.426739,Concept,N,
双翼布局,28,0.0,6.14178,17.414178,Concept,Y,双翼布置
飞行器原理,29,0.0,0.0,17.4,Concept,Y,
飞行器原理验证,29,0.0,0.0,17.4,Concept,Y,飞行器原理验证
展开,28,0.004838,5.362784,17.33773,Mechanism,Y,展开/打开（机构状态语义）
明确,27,0.004666,10.36345,17.237745,Concept,N,
这些,27,0.004666,9.702521,17.171652,Concept,N,
直接,27,0.004666,9.545096,17.155909,Concept,N,
作动器,27,0.004666,7.838576,16.985257,Mechanism,Y,驱动器/执行器（语义近）
空间,27,0.004666,7.30074,16.931474,Concept,N,语义不明确，通常需具体到空间位置/空间维度
运动,27,0.004666,6.723427,16.873742,Concept,Y,
变体飞行器原理,28,0.0,0.0,16.8,Concept,Y,
变体飞行器原理验证,28,0.0,0.0,16.8,Concept,Y,
折叠变体飞行器原理,28,0.0,0.0,16.8,Mechanism,Y,折叠式可变形飞行器原理（语义近）
折叠变体飞行器总体设计,28,0.0,0.0,16.8,Mechanism,Y,折叠式可变形飞行器总体设计（语义近）
相对,27,0.004666,5.455952,16.746995,Concept,N,
小于,27,0.004666,5.165619,16.717962,Concept,N,
机翼面积,27,0.0,4.852203,16.68522,Parameter,Y,S（参考翼面积，语义近）
以上,27,0.004666,3.937226,16.595122,Concept,N,
论文,26,0.004493,8.4536,16.446708,Concept,N,
这种,26,0.004493,8.077324,16.40908,Concept,N,
稳定性,26,0.004493,7.692891,16.370637,Performance,Y,飞行稳定性（语义近）
进而,26,0.004493,7.333223,16.33467,Concept,N,
形式,26,0.004493,6.427743,16.244122,Concept,Y,
折叠变体飞机,27,0.0,0.0,16.2,Aircraft,Y,折叠式可变形飞机
机翼固定机翼,27,0.0,0.0,16.2,Structure,Y,固定机翼（重复冗余表达）
变体方式,26,0.0,5.994522,16.199452,Concept,Y,可变实现方式
变体包线,26,0.0,5.531923,16.153192,Concept,Y,变形包线/运动包线
比较,26,0.004493,5.112351,16.112583,Concept,N,
距离,25,0.00432,10.208025,16.022099,Parameter,Y,
综合,25,0.00432,9.830955,15.984392,Concept,N,
几何外形,25,0.0,9.080111,15.908011,Structure,Y,几何轮廓/外形几何
失速攻角,25,0.0,8.767069,15.876707,Parameter,Y,α_stall（语义近）
平面,25,0.00432,6.953416,15.696638,Concept,Y,几何平面/翼面平面
作用,25,0.00432,6.816365,15.682933,Concept,N,
角度变化,25,0.0,6.628015,15.662802,Parameter,Y,偏转/几何变形角变化（语义近）
单翼状态,25,0.0,6.549392,15.654939,Concept,Y,单翼构型状态
结合,25,0.00432,6.424661,15.643762,Concept,N,
过程活动,26,0.0,0.0,15.6,Concept,N,
过程活动机翼,26,0.0,0.0,15.6,Structure,N,
一个,25,0.00432,5.501494,15.551445,Concept,N,
双翼气动,25,0.0,3.680597,15.36806,Performance,Y,双翼式气动
流场,24,0.004147,9.418811,15.343125,Concept,Y,气动流场/CFD流场（语义近）
引起,24,0.004147,8.361841,15.237428,Concept,N,
舵面,24,0.004147,8.15191,15.216435,Structure,Y,控制舵面/舵翼
增强,24,0.004147,7.869023,15.188147,Concept,N,
厚度,24,0.004147,7.558714,15.157116,Parameter,Y,
最大起飞,24,0.0,6.602137,15.060214,Mission,N,不完整（可能指最大起飞重量/最大起飞质量）
活动机翼处于,24,0.0,6.339102,15.03391,Structure,N,
升阻,24,0.004147,6.097424,15.010987,Concept,N,歧义短语，通常为升力与阻力/升阻比等
变展变体飞行器,25,0.0,0.0,15.0,Aircraft,Y,可变翼展飞行器
对于折叠,25,0.0,0.0,15.0,Mechanism,N,
对于折叠变体,25,0.0,0.0,15.0,Mechanism,N,
范围,23,0.003974,11.640399,14.965232,Parameter,Y,适用范围/工作范围
变体飞行器概念,24,0.0,5.009713,14.900971,Mission,Y,可变形飞行器概念
机翼间距,24,0.0,4.837453,14.883745,Parameter,Y,
变体方案,24,0.0,4.680141,14.868014,Aircraft,Y,可变方案
飞行器概念,24,0.0,4.585535,14.858553,Mission,Y,飞行器设计概念
能力,24,0.004147,4.196346,14.820879,Concept,N,语义不够具体（如续航能力/操纵能力）
测试,23,0.003974,10.00825,14.802017,Concept,Y,测试/试验（语义近）
车载,23,0.003974,9.988195,14.800012,Concept,N,与汽车/车载相关，但上下文偏航空航天且语义不足
最大起飞重量,23,0.0,8.961961,14.696196,Parameter,Y,MTOW（最大起飞重量，语义近）
学科,23,0.003974,8.679704,14.669163,Concept,N,
三个,23,0.003974,7.465098,14.547702,Concept,N,
发生,23,0.003974,7.270622,14.528255,Concept,N,
大幅,23,0.003974,7.205923,14.521785,Concept,N,
形状,23,0.003974,7.0904,14.510232,Structure,Y,
偏转产生,23,0.0,6.843691,14.484369,Concept,N,
形成,23,0.003974,6.39347,14.440539,Concept,N,
扰动,23,0.003974,6.215632,14.422756,Concept,Y,流动扰动/扰动量（语义近）
折叠变体飞行器概念,24,0.0,0.0,14.4,Mechanism,Y,折叠式可变形飞行器概念
双翼状态,23,0.0,5.961365,14.396137,Concept,Y,双翼构型状态
变体飞行,23,0.0,5.846098,14.38461,Mission,Y,可变形状态下的飞行
总体,23,0.003974,5.7591,14.377102,Concept,N,
二维,22,0.003802,10.297428,14.230883,Concept,Y,2D（二维模型/平面）
载荷,22,0.003802,10.219521,14.223093,Parameter,Y,
活动机翼副翼,23,0.0,3.668564,14.166856,Structure,Y,可动机翼上的副翼
拟定,22,0.003802,8.051584,14.006299,Concept,N,
最优,22,0.003802,7.683057,13.969446,Concept,N,
折叠变体过程,23,0.0,1.513375,13.951338,Mechanism,N,
飞行器来说,22,0.0,6.66103,13.866103,Mission,N,
强度,22,0.003802,6.576966,13.858837,Concept,N,
上下间距,22,0.0,6.575664,13.857566,Concept,N,
双翼整体,22,0.0,6.470474,13.847047,Concept,N,
方向,22,0.003802,6.427233,13.843864,Concept,N,
斯瓦尔德,21,0.003629,12.233326,13.824421,Concept,N,
活动机翼固定机翼,23,0.0,0.0,13.8,Structure,N,
展长,22,0.003802,5.963326,13.797473,Concept,N,
增重,22,0.003802,5.718661,13.773007,Concept,N,
因子,21,0.003629,10.7032,13.671409,Concept,N,
长大,22,0.003802,4.09744,13.610885,Concept,N,
显示,21,0.003629,9.726974,13.573786,Concept,N,
同样,21,0.003629,8.63831,13.46492,Concept,N,
对称,21,0.003629,8.34953,13.436042,Concept,N,
平均,21,0.003629,8.13581,13.41467,Concept,N,
飞行器变体,22,0.0,0.357553,13.235755,Mission,N,
变体过程活动,22,0.0,0.0,13.2,Aircraft,N,
变体过程活动机翼,22,0.0,0.0,13.2,Structure,N,
机翼变体,22,0.0,-0.147269,13.2,Structure,N,
干扰,20,0.003456,11.037406,13.104777,Concept,N,
随着,20,0.003456,9.893307,12.990367,Concept,N,
滚转,20,0.003456,8.715478,12.872585,Concept,N,
扰动力矩,20,0.0,8.510716,12.851072,Concept,N,
变体飞行器变体,21,0.0,0.781731,12.678173,Mission,N,
斯瓦尔德因子,19,0.0,12.041522,12.604152,Concept,N,
结论,20,0.003456,5.862334,12.58727,Concept,N,
对于双翼,20,0.0,5.388012,12.538801,Concept,N,
流动,20,0.003456,4.683411,12.469378,Concept,N,
特性影响,20,0.0,4.293521,12.429352,Concept,N,
额外,19,0.003283,10.058366,12.406822,Concept,N,
为了,20,0.003456,3.257645,12.326801,Concept,N,
一般,19,0.003283,8.333853,12.23437,Concept,N,
上下机翼间距,19,0.0,7.705647,12.170565,Structure,N,
计算结果,19,0.003283,7.627672,12.163752,Concept,N,
展弦比长航,19,0.0,7.610711,12.161071,Concept,N,
效应,19,0.003283,7.526,12.153585,Concept,N,
高空,19,0.003283,7.067656,12.107751,Concept,N,
变体收益,20,0.0,0.0,12.0,Aircraft,N,
变体飞行器机构,20,0.0,0.0,12.0,Mission,N,
对于折叠变体飞行器,20,0.0,0.0,12.0,Mechanism,N,
攻角机翼,20,0.0,0.0,12.0,Structure,N,
机翼长大,20,0.0,0.0,12.0,Structure,N,
长航飞行器,20,0.0,0.0,12.0,Mission,N,
飞机变体,20,0.0,-0.033289,12.0,Aircraft,N,
飞行器机构,20,0.0,0.0,12.0,Mission,N,
路径,18,0.00311,11.968681,11.997801,Concept,N,
复杂,18,0.00311,11.817149,11.982648,Concept,N,
空气,19,0.003283,5.745346,11.97552,Concept,N,
目标,18,0.00311,10.961352,11.897068,Concept,N,
较为,19,0.003283,4.07464,11.808449,Concept,N,
大于,19,0.003283,4.045107,11.805496,Concept,N,
本章首先,18,0.0,9.762476,11.776248,Concept,N,
付出,18,0.00311,9.505025,11.751436,Concept,N,
收益代价,18,0.0,9.426565,11.742657,Concept,N,
实现,18,0.00311,8.869023,11.687835,Concept,N,
来看,18,0.00311,7.794429,11.580376,Concept,N,
副翼面积,18,0.0,7.423451,11.542345,Structure,N,
两种,18,0.00311,7.06965,11.507898,Concept,N,
双翼升力阻力,18,0.0,7.003701,11.50037,Concept,N,
动力学特性,18,0.0,6.746147,11.474615,Concept,N,
布置,18,0.00311,6.284966,11.42943,Concept,N,
变体飞行器来说,18,0.0,6.198364,11.419836,Mission,N,
折叠变体飞行器机构,19,0.0,0.0,11.4,Mechanism,N,
机翼折叠,19,0.0,-0.263621,11.4,Mechanism,N,
过载,18,0.00311,5.556556,11.356589,Concept,N,
飞行器发展,18,0.0,5.421041,11.342104,Mission,N,
重要,18,0.00311,5.253151,11.326248,Concept,N,
侵占,17,0.002938,11.211826,11.322064,Concept,N,
传力,18,0.00311,5.092237,11.310157,Concept,N,
完善,17,0.002938,9.806413,11.181523,Concept,N,
非定常效应,17,0.0,9.517539,11.151754,Concept,N,
相对位置,17,0.0,9.25664,11.125664,Concept,N,
节中,17,0.002938,7.642171,10.965098,Concept,N,
总体参数,17,0.0,7.586195,10.95862,Parameter,N,
副翼偏转产生,17,0.0,7.379744,10.937974,Concept,N,
升力中心,17,0.0,7.358298,10.93583,Concept,N,
机翼阻力,18,0.0,1.255547,10.925555,Structure,N,
连接,17,0.002938,7.225031,10.923384,Concept,N,
多个,17,0.002938,6.694014,10.870283,Concept,N,
弯矩扭矩,18,0.0,0.0,10.8,Concept,N,
折叠变体飞行器变体,18,0.0,0.0,10.8,Mechanism,N,
机翼上下,18,0.0,-0.846936,10.8,Structure,N,
连杆传递,17,0.0,5.847582,10.784758,Concept,N,
设计方案,17,0.002938,5.836462,10.784528,Concept,N,
攻角变化,17,0.0,5.76367,10.776367,Parameter,N,
建立,16,0.002765,11.634558,10.764285,Concept,N,
阶段,16,0.002765,11.408863,10.741716,Concept,N,
作为,17,0.002938,5.159501,10.716831,Concept,N,
获得,16,0.002765,10.545553,10.655385,Concept,N,
包含,16,0.002765,9.813528,10.582182,Concept,N,
优势,16,0.002765,9.586195,10.559449,Concept,N,
变体原理,17,0.0,3.376129,10.537613,Aircraft,N,
空气动力学,16,0.0,9.062561,10.506256,Performance,N,
准则,16,0.002765,8.171158,10.417945,Concept,N,
失效,16,0.002765,7.978512,10.398681,Concept,N,
模式,16,0.002765,7.306087,10.331438,Concept,N,
前后,16,0.002765,6.720254,10.272855,Concept,N,
公转角度变化,16,0.0,6.696187,10.269619,Parameter,N,
理论,16,0.002765,6.676236,10.268453,Concept,N,
位置机翼,17,0.0,0.0,10.2,Structure,N,
双翼单翼,17,0.0,0.0,10.2,Concept,N,
变体机翼,17,0.0,-0.562306,10.2,Structure,N,
变体过程非定常,17,0.0,0.0,10.2,Aircraft,N,
开展折叠,17,0.0,0.0,10.2,Mechanism,N,
折叠变体飞行器来说,17,0.0,0.0,10.2,Mechanism,N,
过程非定常,17,0.0,0.0,10.2,Concept,N,
最后,16,0.002765,5.706834,10.171513,Concept,N,
研发,16,0.002765,5.523185,10.153148,Concept,N,
高度,16,0.002765,5.518072,10.152637,Performance,N,
对于飞机,16,0.0,4.872765,10.087277,Aircraft,N,
足够,15,0.002592,10.608563,10.061634,Concept,N,
用于,16,0.002765,4.576211,10.058451,Concept,N,
位于,16,0.002765,4.22702,10.023531,Concept,N,
提供,15,0.002592,9.959404,9.996718,Concept,N,
长度,16,0.002765,3.928403,9.99367,Concept,N,
相互,15,0.002592,9.100876,9.910865,Concept,N,
负载,15,0.002592,8.997128,9.90049,Concept,N,
从而,15,0.002592,7.932819,9.794059,Concept,N,
飞机气动,16,0.0,1.807363,9.780736,Performance,N,
增加机翼,16,0.0,1.665676,9.766568,Structure,N,
为例,15,0.002592,7.474137,9.748191,Concept,N,
飞机飞行,16,0.0,1.415779,9.741578,Mission,N,
有效,15,0.002592,6.749607,9.675738,Concept,N,
机翼重量,16,0.0,0.414451,9.641445,Structure,N,
双翼变体,16,0.0,-1.066945,9.6,Aircraft,N,
开展折叠变体,16,0.0,0.0,9.6,Mechanism,N,
折叠变体原理,16,0.0,0.0,9.6,Mechanism,N,
机翼气动,16,0.0,-0.306617,9.6,Structure,N,
相等,15,0.002592,5.563787,9.557156,Concept,N,
近似,14,0.002419,11.159578,9.516684,Concept,N,
动力,15,0.002592,4.770641,9.477842,Concept,N,
如下,15,0.002592,4.761282,9.476906,Concept,N,
变体试验,15,0.0,4.713283,9.471328,Aircraft,N,
指导,14,0.002419,9.79282,9.380008,Concept,N,
平衡,14,0.002419,9.720772,9.372803,Concept,N,
变体概念,15,0.0,3.725774,9.372577,Aircraft,N,
耦合,14,0.002419,9.715478,9.372274,Concept,N,
分为,15,0.002592,3.440189,9.344797,Concept,N,
变体原理验证,15,0.0,3.354518,9.335452,Aircraft,N,
容积,14,0.002419,9.220458,9.322772,Concept,N,
飞行器变体过程,15,0.0,2.811416,9.281142,Mission,N,
机翼折叠变体,15,0.0,2.604276,9.260428,Mechanism,N,
工作,14,0.002419,8.558766,9.256602,Concept,N,
本章小结,14,0.0,8.481244,9.248124,Concept,N,
自由度动力学,14,0.0,8.404691,9.240469,Concept,N,
梁式,14,0.002419,8.269561,9.227682,Concept,N,
限制,14,0.002419,7.85695,9.186421,Concept,N,
平直,14,0.002419,7.813882,9.182114,Concept,N,
内侧,14,0.002419,7.801208,9.180847,Concept,N,
数值,14,0.002419,7.644586,9.165184,Concept,N,
后掠角,14,0.002419,7.620419,9.162768,Concept,N,
及其,14,0.002419,7.463107,9.147036,Concept,N,
自身,14,0.002419,7.256046,9.12633,Concept,N,
相关,14,0.002419,7.056482,9.106374,Concept,N,
补偿,13,0.002246,12.893965,9.09007,Concept,N,
大幅度,14,0.002419,6.79818,9.080544,Concept,N,
优化,14,0.002419,6.785867,9.079313,Concept,N,
确定,14,0.002419,6.772062,9.077932,Concept,N,
展弦比变展,14,0.0,6.723593,9.072359,Concept,N,
手册,13,0.002246,12.334998,9.034174,Concept,N,
成本,14,0.002419,6.303044,9.03103,Concept,N,
燃油,13,0.002246,12.09399,9.010073,Concept,N,
来自,14,0.002419,6.063401,9.007066,Concept,N,
全球无人机,15,0.0,0.0,9.0,Aircraft,N,
变体自由度,15,0.0,0.0,9.0,Aircraft,N,
机翼上下机翼,15,0.0,0.0,9.0,Structure,N,
偏航,14,0.002419,5.911241,8.99185,Concept,N,
其后,14,0.002419,5.350213,8.935747,Concept,N,
梁式机翼,14,0.0,5.272535,8.927253,Structure,N,
实际,13,0.002246,11.22154,8.922828,Concept,N,
桁架,13,0.002246,11.173843,8.918058,Concept,N,
总结,14,0.002419,5.06943,8.907669,Concept,N,
小结,14,0.002419,4.948749,8.895601,Concept,N,
传力路径,13,0.0,10.6971,8.86971,Concept,N,
安装,13,0.002246,10.643328,8.865007,Concept,N,
尾翼,14,0.002419,4.24117,8.824843,Structure,N,
公司,13,0.002246,10.228919,8.823566,Concept,N,
舰载,13,0.002246,10.119985,8.812672,Concept,N,
改善,13,0.002246,9.565611,8.757235,Concept,N,
变体飞行器变体过程,14,0.0,3.235594,8.723559,Mission,N,
检验,13,0.002246,9.082017,8.708876,Concept,N,
曲线,13,0.002246,8.888627,8.689537,Concept,N,
位置关系,13,0.0,8.624504,8.66245,Concept,N,
最优展弦比,13,0.0,8.212978,8.621298,Concept,N,
控制系统,13,0.002246,8.187099,8.619384,ControlMethod,N,
稳定,13,0.002246,7.794782,8.580152,Concept,N,
适用,13,0.002246,7.749694,8.575643,Concept,N,
机翼翼展,14,0.0,1.71675,8.571675,Structure,N,
反角,13,0.002246,7.513504,8.552024,Concept,N,
进一步开展,13,0.0,7.503796,8.55038,Concept,N,
存在,13,0.002246,7.406412,8.541315,Concept,N,
零升阻力,13,0.0,7.003701,8.50037,Concept,N,
抵消,12,0.002074,12.885403,8.489162,Concept,N,
角度变化情况,13,0.0,6.849229,8.484923,Parameter,N,
破坏,12,0.002074,12.79794,8.480416,Concept,N,
一倍,13,0.002246,6.70909,8.471583,Concept,N,
重心,13,0.002246,6.316739,8.432348,Concept,N,
活动机翼之间,13,0.0,6.315255,8.431526,Structure,N,
拉力,13,0.002246,6.244709,8.425145,Concept,N,
除了,13,0.002246,6.098157,8.41049,Concept,N,
双翼变体过程,14,0.0,0.0,8.4,Aircraft,N,
双翼零升,14,0.0,0.0,8.4,Concept,N,
双翼零升攻角,14,0.0,0.0,8.4,Parameter,N,
展弦比变展变体,14,0.0,0.0,8.4,Aircraft,N,
展弦比长航飞行器,14,0.0,0.0,8.4,Mission,N,
折叠变体原理验证,14,0.0,0.0,8.4,Mechanism,N,
机翼机身,14,0.0,0.0,8.4,Structure,N,
机翼连杆,14,0.0,-1.585549,8.4,Structure,N,
车载变体,13,0.0,5.841251,8.384125,Aircraft,N,
飞行包线,13,0.0,5.495565,8.349556,Mission,N,
一侧,13,0.002246,5.486697,8.349344,Concept,N,
文中,13,0.002246,5.343618,8.335036,Concept,N,
可能,13,0.002246,5.2581,8.326484,Concept,N,
提升,13,0.002246,5.203219,8.320996,Concept,N,
固定机翼副翼,13,0.0,4.977195,8.29772,Structure,N,
连杆构型,13,0.0,4.844223,8.284422,Concept,N,
攻角下,13,0.002246,4.828765,8.28355,Parameter,N,
结构设计,13,0.002246,4.708357,8.27151,Structure,N,
飞行器使用,13,0.0,4.703104,8.27031,Mission,N,
解决,12,0.002074,10.66103,8.266725,Concept,N,
机翼运动,13,0.0,4.604276,8.260428,Structure,N,
升力变化,13,0.0,4.484106,8.248411,Concept,N,
操稳,12,0.002074,10.438638,8.244486,Concept,N,
作动器直接,12,0.0,10.206464,8.220646,Concept,N,
卸载,12,0.002074,10.104043,8.211026,Concept,N,
除此之外,12,0.002074,10.058366,8.206459,Concept,N,
试飞,13,0.002246,3.703259,8.171,Concept,N,
两侧变体,13,0.0,3.694747,8.169475,Aircraft,N,
应用方向,12,0.0,9.600001,8.16,Concept,N,
起落架,12,0.002074,9.300441,8.130666,Concept,N,
对于机翼,13,0.0,3.303106,8.130311,Structure,N,
造成,12,0.002074,9.219521,8.122574,Concept,N,
机翼相对,13,0.0,2.849388,8.084939,Structure,N,
开始,12,0.002074,8.672579,8.06788,Concept,N,
参数拟定,12,0.0,8.334656,8.033466,Parameter,N,
柔性,12,0.002074,8.31438,8.03206,Concept,N,
组成,12,0.002074,7.841009,7.984723,Concept,N,
端面,12,0.002074,7.755476,7.97617,Concept,N,
刚度,12,0.002074,7.600534,7.960676,Concept,N,
巡航翼展,12,0.0,7.518408,7.951841,Mission,N,
机翼攻角,13,0.0,1.454528,7.945453,Structure,N,
通过折叠,13,0.0,1.1672,7.91672,Mechanism,N,
定常,12,0.002074,7.128205,7.913443,Concept,N,
中心变化,12,0.0,7.072115,7.907212,Concept,N,
发展完善,12,0.0,7.055436,7.905544,Concept,N,
整个,12,0.002074,6.919841,7.892606,Concept,N,
直接驱动,12,0.0,6.916072,7.891607,Mechanism,N,
气动中心,12,0.0,6.663723,7.866372,Performance,N,
出现,12,0.002074,6.538634,7.854485,Concept,N,
驱动折叠变体,12,0.0,6.31438,7.831438,Mechanism,N,
飞机手册,12,0.0,6.28085,7.828085,Aircraft,N,
油箱,11,0.001901,12.09399,7.809969,Concept,N,
这个,12,0.002074,6.020146,7.802637,Concept,N,
单翼双翼变体,13,0.0,0.0,7.8,Aircraft,N,
单翼双翼变体过程,13,0.0,0.0,7.8,Aircraft,N,
双翼升力斜率,13,0.0,0.0,7.8,Concept,N,
变体收益代价,13,0.0,0.0,7.8,Aircraft,N,
展弦比变展变体飞行器,13,0.0,0.0,7.8,Mission,N,
折叠变体概念,13,0.0,0.0,7.8,Mechanism,N,
机翼上下机翼处于,13,0.0,0.0,7.8,Structure,N,
机翼长大机翼,13,0.0,0.0,7.8,Structure,N,
长大机翼,13,0.0,0.0,7.8,Structure,N,
飞行器动力学,13,0.0,0.0,7.8,Mission,N,
背景,11,0.001901,11.968459,7.797416,Concept,N,
学位,12,0.002074,5.90657,7.791279,Concept,N,
一部分,12,0.002074,5.85348,7.78597,Concept,N,
初始,11,0.001901,11.69544,7.770114,Concept,N,
早期,11,0.001901,11.509027,7.751473,Concept,N,
二维双翼,12,0.0,5.388012,7.738801,Concept,N,
发动机,12,0.002074,5.013172,7.701939,Concept,N,
改变机翼,12,0.0,4.118849,7.611885,Structure,N,
平行,12,0.002074,4.030774,7.6037,Concept,N,
飞机起降,12,0.0,4.027093,7.602709,Aircraft,N,
相互干扰,11,0.0,9.16799,7.516799,Concept,N,
导致,11,0.001901,9.110478,7.511618,Concept,N,
机翼公转,12,0.0,3.101775,7.510178,Structure,N,
变体对于,12,0.0,3.015281,7.501528,Aircraft,N,
取得,11,0.001901,9.004985,7.501069,Concept,N,
平台,11,0.001901,8.849287,7.485499,Concept,N,
内容,11,0.001901,8.820067,7.482577,Concept,N,
对单,12,0.002074,2.778095,7.478432,Concept,N,
传统,11,0.001901,8.730266,7.473597,Concept,N,
翼根,12,0.002074,2.457274,7.44635,Concept,N,
锁定,11,0.001901,8.324603,7.433031,Concept,N,
本节,11,0.001901,8.177513,7.418322,Concept,N,
压力分布变化,11,0.0,7.980532,7.398053,Concept,N,
此基础,11,0.001901,7.617962,7.362366,Concept,N,
连杆长度,11,0.0,7.530948,7.353095,Concept,N,
有利于,11,0.001901,7.509574,7.351528,Concept,N,
三种,11,0.001901,7.4682,7.34739,Concept,N,
宽度,11,0.001901,7.314539,7.332024,Concept,N,
分布变化,11,0.0,7.202924,7.320292,Concept,N,
保证,11,0.001901,7.176066,7.318177,Concept,N,
驱动折叠,12,0.0,1.124555,7.312456,Mechanism,N,
重量代价,11,0.0,7.100562,7.310056,Concept,N,
作动器直接驱动,11,0.0,6.916072,7.291607,Mechanism,N,
飞行控制系统,11,0.0,6.66103,7.266103,ControlMethod,N,
腹板,10,0.001728,12.615449,7.262063,Concept,N,
产生额外,11,0.0,6.038707,7.203871,Concept,N,
不同位置机翼,12,0.0,0.0,7.2,Structure,N,
单翼变体,12,0.0,0.0,7.2,Aircraft,N,
单翼变体过程,12,0.0,0.0,7.2,Aircraft,N,
单翼构型双翼,12,0.0,0.0,7.2,Concept,N,
单翼构型双翼构型,12,0.0,0.0,7.2,Concept,N,
双翼单翼变体,12,0.0,0.0,7.2,Aircraft,N,
双翼单翼变体过程,12,0.0,0.0,7.2,Aircraft,N,
变体动力学,12,0.0,0.0,7.2,Aircraft,N,
变体飞行器动力学,12,0.0,0.0,7.2,Mission,N,
变体飞行器规律,12,0.0,0.0,7.2,Mission,N,
变展变体飞行器规律,12,0.0,0.0,7.2,Mission,N,
处于不同位置机翼,12,0.0,0.0,7.2,Structure,N,
对单折叠,12,0.0,0.0,7.2,Mechanism,N,
对单折叠变体,12,0.0,0.0,7.2,Mechanism,N,
小于机翼,12,0.0,0.0,7.2,Structure,N,
折叠变体飞行器动力学,12,0.0,0.0,7.2,Mechanism,N,
机翼折叠变体飞行器,12,0.0,0.0,7.2,Mechanism,N,
机翼活动机翼之间,12,0.0,0.0,7.2,Structure,N,
构型双翼构型,12,0.0,0.0,7.2,Concept,N,
气动力驱动折叠,12,0.0,0.0,7.2,Mechanism,N,
气动力驱动折叠变体,12,0.0,0.0,7.2,Mechanism,N,
活动机翼阻力,12,0.0,0.0,7.2,Structure,N,
现有展弦比,12,0.0,0.0,7.2,Concept,N,
翼展变化,12,0.0,0.0,7.2,Concept,N,
自转公转,12,0.0,0.0,7.2,Concept,N,
飞行器规律,12,0.0,0.0,7.2,Mission,N,
清单,11,0.001901,5.878699,7.18844,Concept,N,
阻力特性,11,0.0,5.863656,7.186366,Concept,N,
气动力变化,11,0.0,5.707869,7.170787,Performance,N,
条件,10,0.001728,11.622369,7.162755,Concept,N,
机翼内侧,11,0.0,5.557345,7.155734,Structure,N,
以内,11,0.001901,5.399109,7.140481,Concept,N,
已经,10,0.001728,11.397996,7.140318,Concept,N,
处于单翼,11,0.0,5.388012,7.138801,Concept,N,
平直机翼,11,0.0,5.388012,7.138801,Structure,N,
相应,11,0.001901,5.352073,7.135778,Concept,N,
变体飞行试验,11,0.0,5.128321,7.112832,Mission,N,
展开变体,11,0.0,5.026944,7.102694,Mechanism,N,
连杆铰链,11,0.0,4.811056,7.081106,Concept,N,
姿态,10,0.001728,10.59659,7.060177,Concept,N,
对应,11,0.001901,4.466975,7.047268,Concept,N,
具备,10,0.001728,10.275684,7.028087,Concept,N,
空中,11,0.001901,4.234766,7.024047,Concept,N,
机翼自转,11,0.0,3.94131,6.994131,Structure,N,
平面形状,10,0.0,9.913417,6.991342,Concept,N,
模块,10,0.001728,9.867481,6.987267,Concept,N,
机翼两侧,11,0.0,3.857042,6.985704,Structure,N,
学位论文,10,0.0,9.342669,6.934267,Concept,N,
控制算法,10,0.001728,9.31438,6.931956,ControlMethod,N,
航空工业,10,0.001728,9.180701,6.918589,Concept,N,
航母,10,0.001728,9.043198,6.904838,Concept,N,
布局形式,10,0.0,8.949943,6.894994,Concept,N,
零升阻力系数,10,0.0,8.791427,6.879143,Concept,N,
弯曲,10,0.001728,8.727551,6.873273,Concept,N,
典型,10,0.001728,8.647733,6.865292,Concept,N,
接近,10,0.001728,8.592763,6.859795,Concept,N,
抗扭,10,0.001728,8.584976,6.859016,Concept,N,
非线性,10,0.001728,8.31438,6.831956,Concept,N,
空气动力学特性,10,0.0,8.31438,6.831438,Performance,N,
年代,10,0.001728,8.307393,6.831258,Concept,N,
总体参数拟定,10,0.0,8.29813,6.829813,Parameter,N,
三个构型,10,0.0,8.220979,6.822098,Concept,N,
缩减,10,0.001728,8.126821,6.813201,Concept,N,
抗弯,10,0.001728,8.106063,6.811125,Concept,N,
诱导阻力系数,10,0.0,8.080527,6.808053,Concept,N,
中心变化情况,10,0.0,7.786561,6.778656,Concept,N,
气动负载,10,0.0,7.76806,6.776806,Performance,N,
机在,11,0.001901,1.75429,6.775999,Concept,N,
弯度大于,10,0.0,7.750582,6.775058,Concept,N,
弯度小于,10,0.0,7.750582,6.775058,Concept,N,
活动机翼内侧,10,0.0,7.66103,6.766103,Structure,N,
偏转角度,10,0.0,7.518072,6.751807,Parameter,N,
有助于,10,0.001728,7.487547,6.749273,Concept,N,
自转角度,10,0.0,7.113088,6.711309,Parameter,N,
气动最优,10,0.0,7.045594,6.704559,Performance,N,
支撑,9,0.001555,12.913417,6.691808,Concept,N,
使得,10,0.001728,6.628015,6.66332,Concept,N,
扩展,10,0.001728,6.540322,6.654551,Concept,N,
直接驱动变体,10,0.0,6.401339,6.640134,Mechanism,N,
困难,9,0.001555,12.357024,6.636169,Concept,N,
变化趋势,10,0.001728,6.198364,6.620355,Concept,N,
变化规律,10,0.001555,6.198364,6.620303,Concept,N,
飞机展弦比,11,0.0,0.193387,6.619339,Aircraft,N,
连杆扭转,10,0.0,6.158979,6.615898,Concept,N,
动力学折叠,11,0.0,0.0,6.6,Mechanism,N,
升力系数机翼,11,0.0,0.0,6.6,Structure,N,
变化情况看出,11,0.0,0.0,6.6,Concept,N,
基础通过,11,0.0,0.0,6.6,Concept,N,
基础通过折叠,11,0.0,0.0,6.6,Mechanism,N,
处于机翼,11,0.0,0.0,6.6,Structure,N,
引起变形,11,0.0,0.0,6.6,Mechanism,N,
情况折叠,11,0.0,0.0,6.6,Mechanism,N,
情况看出,11,0.0,0.0,6.6,Concept,N,
机翼处于机翼,11,0.0,0.0,6.6,Structure,N,
机翼相对位置,11,0.0,0.0,6.6,Structure,N,
系数机翼,11,0.0,0.0,6.6,Structure,N,
通过折叠变体,11,0.0,0.0,6.6,Mechanism,N,
阻力产生,10,0.0,5.937907,6.593791,Concept,N,
活动机翼两侧,10,0.0,5.913796,6.59138,Structure,N,
机翼弯度大于,10,0.0,5.74999,6.574999,Structure,N,
机翼弯度小于,10,0.0,5.74999,6.574999,Structure,N,
趋势,9,0.001555,11.471059,6.547573,Concept,N,
差动,10,0.001728,5.238,6.524318,Concept,N,
三个构型双翼,10,0.0,5.099636,6.509964,Concept,N,
之一,10,0.001728,5.092215,6.50974,Concept,N,
展弦比单翼,10,0.0,5.051986,6.505199,Concept,N,
飞机总体设计,10,0.0,4.98129,6.498129,Aircraft,N,
变体飞行器使用,10,0.0,4.805354,6.480535,Mission,N,
展弦比变化,10,0.0,4.710477,6.471048,Concept,N,
变体基本,10,0.0,4.586371,6.458637,Aircraft,N,
核心,9,0.001555,10.548021,6.455269,Concept,N,
验证机在,10,0.0,4.206871,6.420687,Concept,N,
完成变体,10,0.0,4.109785,6.410978,Aircraft,N,
研制,10,0.001728,4.015038,6.402022,Concept,N,
场景,9,0.001555,9.857922,6.386259,Concept,N,
应用场景,9,0.0,9.600001,6.36,Concept,N,
下降,10,0.001728,3.530603,6.353579,Concept,N,
场地,9,0.001555,9.398491,6.340316,Concept,N,
传递弯矩,9,0.0,8.545553,6.254555,Concept,N,
飞机最大,10,0.0,2.489436,6.248944,Aircraft,N,
正上方,9,0.001555,8.427233,6.24319,Concept,N,
旋转,9,0.001555,8.336966,6.234163,Concept,N,
突出,9,0.001555,8.293521,6.229819,Concept,N,
变后,10,0.001728,2.244168,6.224935,Concept,N,
每个,9,0.001555,8.111461,6.211613,Concept,N,
常规布局,9,0.0,7.926356,6.192636,Concept,N,
简化,9,0.001555,7.759872,6.176454,Concept,N,
学科总体设计,9,0.0,7.701672,6.170167,Concept,N,
答辩,8,0.001382,13.678952,6.16831,Concept,N,
矛盾,8,0.001382,13.66103,6.166518,Concept,N,
阻力对比,9,0.0,7.607758,6.160776,Concept,N,
机翼压力,10,0.0,1.604276,6.160428,Structure,N,
小幅度,9,0.001555,7.57252,6.157719,Concept,N,
整流,9,0.001555,7.550127,6.155479,Concept,N,
可行性,9,0.001555,7.420936,6.14256,Concept,N,
升力补偿,9,0.0,7.318588,6.131859,Concept,N,
边界,8,0.001382,13.219521,6.122367,Concept,N,
外形参数,9,0.0,7.206464,6.120646,Parameter,N,
uav,9,0.001555,7.08157,6.108624,Aircraft,N,
验证机从,9,0.0,7.067845,6.106785,Concept,N,
缺陷,8,0.001382,12.830955,6.08351,Concept,N,
跑道,8,0.001382,12.830955,6.08351,Concept,N,
飞机升力,10,0.0,0.677509,6.067751,Aircraft,N,
材料,8,0.001382,12.66103,6.066518,Concept,N,
极大,9,0.001555,6.546467,6.055113,Concept,N,
带有,9,0.001555,6.426077,6.043074,Concept,N,
作动器直接驱动变体,9,0.0,6.401339,6.040134,Mechanism,N,
重新,9,0.001555,6.373164,6.037783,Concept,N,
通常,9,0.001555,6.309718,6.031438,Concept,N,
连杆拉力,9,0.0,6.110616,6.011062,Concept,N,
上翼,10,0.001728,-0.006757,6.000518,Concept,N,
不变情况,10,0.0,0.0,6.0,Concept,N,
之间连杆,10,0.0,0.0,6.0,Concept,N,
产生俯仰,10,0.0,0.0,6.0,Concept,N,
产生气动力,10,0.0,0.0,6.0,Performance,N,
力矩变体,10,0.0,0.0,6.0,Aircraft,N,
动力学折叠变体,10,0.0,0.0,6.0,Mechanism,N,
升力斜率最大,10,0.0,0.0,6.0,Concept,N,
升力斜率最大升力,10,0.0,0.0,6.0,Concept,N,
升力重力,10,0.0,0.0,6.0,Concept,N,
双翼失速,10,0.0,0.0,6.0,Concept,N,
双翼最大,10,0.0,0.0,6.0,Concept,N,
双翼最大升力,10,0.0,0.0,6.0,Concept,N,
双翼最大升力系数,10,0.0,0.0,6.0,Concept,N,
变体副翼,10,0.0,0.0,6.0,Aircraft,N,
变体应用,10,0.0,0.0,6.0,Aircraft,N,
变体过程气动力,10,0.0,0.0,6.0,Performance,N,
变体过程非定常效应,10,0.0,0.0,6.0,Aircraft,N,
变体需要,10,0.0,0.0,6.0,Aircraft,N,
情况折叠变体,10,0.0,0.0,6.0,Mechanism,N,
折叠变体动力学,10,0.0,0.0,6.0,Mechanism,N,
攻角攻角,10,0.0,0.0,6.0,Parameter,N,
斜率最大,10,0.0,0.0,6.0,Concept,N,
斜率最大升力,10,0.0,0.0,6.0,Concept,N,
最大升力系数机翼,10,0.0,0.0,6.0,Structure,N,
机翼之间连杆,10,0.0,0.0,6.0,Structure,N,
机身固定,10,0.0,0.0,6.0,Structure,N,
构型上下,10,0.0,0.0,6.0,Concept,N,
活动机翼气动,10,0.0,0.0,6.0,Structure,N,
过程气动力,10,0.0,0.0,6.0,Performance,N,
过程非定常效应,10,0.0,0.0,6.0,Concept,N,
连接布局,10,0.0,0.0,6.0,Concept,N,
连杆固定,10,0.0,0.0,6.0,Concept,N,
连杆固定机翼,10,0.0,0.0,6.0,Structure,N,
连杆最大,10,0.0,0.0,6.0,Concept,N,
零升攻角机翼,10,0.0,0.0,6.0,Structure,N,
验证折叠,10,0.0,0.0,6.0,Mechanism,N,
验证折叠变体,10,0.0,0.0,6.0,Mechanism,N,
机翼前方,9,0.0,5.74999,5.974999,Structure,N,
折叠翼尖,9,0.0,5.623429,5.962343,Mechanism,N,
变体对于飞机,9,0.0,5.597987,5.959799,Aircraft,N,
机翼位于,9,0.0,5.580065,5.958006,Structure,N,
侦察机,9,0.001555,5.460483,5.946515,Concept,N,
机翼处于单翼,9,0.0,5.388012,5.938801,Structure,N,
此后,9,0.001555,5.374259,5.937892,Concept,N,
容积侵占,8,0.0,11.223899,5.92239,Concept,N,
展向,9,0.001555,5.051284,5.905595,Concept,N,
前方,9,0.001555,5.007694,5.901236,Concept,N,
阻力变化,9,0.0,4.564689,5.856469,Concept,N,
垂直,8,0.001382,10.509027,5.851317,Concept,N,
变体带来,9,0.0,4.249336,5.824934,Aircraft,N,
干扰损失,8,0.0,10.09399,5.809399,Concept,N,
这里,8,0.001382,9.865171,5.786932,Concept,N,
飞机几何,9,0.0,3.865812,5.786581,Aircraft,N,
总的来看,8,0.001382,9.781712,5.778586,Concept,N,
中应,9,0.001555,3.555607,5.756027,Concept,N,
主要来自,8,0.0,9.519081,5.751908,Concept,N,
开口,8,0.001382,9.460171,5.746432,Concept,N,
机翼蒙皮,9,0.0,3.356348,5.735635,Structure,N,
起飞距离,8,0.0,9.300441,5.730044,Mission,N,
等于,9,0.001555,3.283882,5.728855,Concept,N,
最高点,8,0.001382,9.245993,5.725014,Concept,N,
车载变体试验,8,0.0,9.082017,5.708202,Aircraft,N,
逐步,8,0.001382,8.975049,5.69792,Concept,N,
而言,8,0.001382,8.941536,5.694568,Concept,N,
转动惯量,8,0.001382,8.715478,5.671963,Concept,N,
机从,9,0.001555,2.696878,5.670154,Concept,N,
部件,8,0.001382,8.656584,5.666073,Concept,N,
位于机翼,9,0.0,2.604276,5.660428,Structure,N,
滚转力矩,8,0.0,8.441913,5.644191,Concept,N,
巡航升阻,8,0.0,8.371524,5.637152,Mission,N,
速度包线,8,0.0,8.360635,5.636064,Parameter,N,
推重比,8,0.001382,8.226093,5.623024,Concept,N,
机翼产生,9,0.0,2.211958,5.621196,Structure,N,
效率,8,0.001382,8.148437,5.615258,Performance,N,
大于机翼,9,0.0,2.144844,5.614484,Structure,N,
平面参数,8,0.0,8.09399,5.609399,Parameter,N,
三组,8,0.001382,8.010934,5.601508,Concept,N,
安全性,8,0.001382,7.992452,5.59966,Concept,N,
气动效率,8,0.0,7.920063,5.592006,Performance,N,
巡航升力系数,8,0.0,7.894972,5.589497,Mission,N,
视角,8,0.001382,7.86037,5.586452,Concept,N,
升力阻力特性,8,0.0,7.82263,5.582263,Concept,N,
选择,7,0.00121,13.678952,5.568258,Concept,N,
包含连杆,8,0.0,7.618411,5.561841,Concept,N,
俯仰力矩变化,8,0.0,7.573567,5.557357,Concept,N,
充分,8,0.001382,7.487153,5.54913,Concept,N,
副翼偏转角度,8,0.0,7.486659,5.548666,Parameter,N,
插图,8,0.001382,7.467307,5.547145,Concept,N,
插图清单,8,0.0,7.463662,5.546366,Concept,N,
上下机翼弯度,8,0.0,7.348804,5.53488,Structure,N,
地面,8,0.001382,7.318412,5.532256,Concept,N,
原理验证机从,8,0.0,7.166409,5.516641,Concept,N,
双翼升力阻力对比,8,0.0,7.052513,5.505251,Concept,N,
现有变展,8,0.0,7.025749,5.502575,Concept,N,
较差,8,0.001382,6.887138,5.489129,Concept,N,
详细,7,0.00121,12.763841,5.476747,Concept,N,
气动舵面,8,0.0,6.750138,5.475014,Structure,N,
升力阻力对比,8,0.0,6.6971,5.46971,Concept,N,
难以,8,0.001382,6.688139,5.469229,Concept,N,
机翼位置,9,0.0,0.52746,5.452746,Structure,N,
数据,8,0.001382,6.399109,5.440326,Concept,N,
失速攻角变化,8,0.0,6.269561,5.426956,Parameter,N,
移动,8,0.001382,6.215632,5.421978,Concept,N,
折叠翼变,8,0.0,6.104542,5.410454,Mechanism,N,
构建,8,0.001382,6.033294,5.403744,Concept,N,
升力分布,8,0.0,6.033294,5.403329,Concept,N,
付出代价,9,0.0,0.0,5.4,Concept,N,
偏转产生气动力,9,0.0,0.0,5.4,Performance,N,
偏转机翼,9,0.0,0.0,5.4,Structure,N,
升力斜率机翼,9,0.0,0.0,5.4,Structure,N,
双翼压力,9,0.0,0.0,5.4,Concept,N,
双翼压力分布,9,0.0,0.0,5.4,Concept,N,
双翼折叠,9,0.0,0.0,5.4,Mechanism,N,
变体双翼,9,0.0,0.0,5.4,Aircraft,N,
变体变体,9,0.0,0.0,5.4,Aircraft,N,
变体过程升力,9,0.0,0.0,5.4,Aircraft,N,
变体过程连杆,9,0.0,0.0,5.4,Aircraft,N,
基础通过折叠变体,9,0.0,0.0,5.4,Mechanism,N,
失速攻角机翼,9,0.0,0.0,5.4,Structure,N,
形成折叠,9,0.0,0.0,5.4,Mechanism,N,
情况变体,9,0.0,0.0,5.4,Aircraft,N,
折叠变体飞行器使用,9,0.0,0.0,5.4,Mechanism,N,
斜率最大升力系数,9,0.0,0.0,5.4,Concept,N,
斜率机翼,9,0.0,0.0,5.4,Structure,N,
机翼根比,9,0.0,0.0,5.4,Structure,N,
构型上下机翼,9,0.0,0.0,5.4,Structure,N,
气动影响,9,0.0,0.0,5.4,Performance,N,
稳定性影响,9,0.0,0.0,5.4,Performance,N,
过程升力,9,0.0,0.0,5.4,Concept,N,
过程连杆,9,0.0,0.0,5.4,Concept,N,
连杆变体,9,0.0,0.0,5.4,Aircraft,N,
重量变体,9,0.0,0.0,5.4,Aircraft,N,
飞机变体包线,9,0.0,0.0,5.4,Aircraft,N,
飞机机翼,9,0.0,-2.415315,5.4,Structure,N,
公式,8,0.001382,5.919064,5.392321,Concept,N,
变体开始,8,0.0,5.886766,5.388677,Aircraft,N,
巡航升力,8,0.0,5.839119,5.383912,Mission,N,
产生弯矩,8,0.0,5.531747,5.353175,Concept,N,
机翼正上方,8,0.0,5.527597,5.35276,Structure,N,
双翼布局气动,8,0.0,5.446132,5.344613,Performance,N,
力矩变化,8,0.0,5.421564,5.342156,Concept,N,
两侧副翼,8,0.0,5.388012,5.338801,Concept,N,
活动机翼处于单翼,8,0.0,5.388012,5.338801,Structure,N,
连杆构型双翼,8,0.0,5.388012,5.338801,Concept,N,
更大,8,0.001382,5.376542,5.338069,Concept,N,
碳纤维,7,0.00121,11.328455,5.333208,Concept,N,
基本飞行,8,0.0,5.187443,5.318744,Mission,N,
气动特性影响,8,0.0,5.132058,5.313206,Performance,N,
飞机几何外形,8,0.0,4.922396,5.29224,Aircraft,N,
活动机翼公转,8,0.0,4.573567,5.257357,Structure,N,
其他变体,8,0.0,4.427335,5.242733,Aircraft,N,
承受,7,0.00121,10.390383,5.239401,Concept,N,
向上,8,0.001382,4.31333,5.231748,Concept,N,
关注,7,0.00121,10.304409,5.230804,Concept,N,
满足变体,8,0.0,4.262275,5.226228,Aircraft,N,
机翼平面,8,0.0,4.189238,5.218924,Structure,N,
机翼相互干扰,8,0.0,4.144844,5.214484,Structure,N,
缺点,7,0.00121,10.0236,5.202723,Concept,N,
原理验证机在,8,0.0,3.960786,5.196079,Concept,N,
相较单翼,8,0.0,3.942043,5.194204,Concept,N,
变体飞行器几何外形,8,0.0,3.889419,5.188942,Mission,N,
亚声速,7,0.00121,9.881939,5.188557,Concept,N,
应用变体,8,0.0,3.733636,5.173364,Aircraft,N,
翼变,8,0.001382,3.670304,5.167445,Concept,N,
飞行器几何外形,8,0.0,3.46524,5.146524,Mission,N,
增大机翼,8,0.0,3.43435,5.143435,Structure,N,
布局气动,8,0.0,3.417562,5.141756,Performance,N,
控制器,8,0.001382,3.327461,5.133161,ControlMethod,N,
控制策略,7,0.00121,9.31438,5.131801,ControlMethod,N,
进气道,7,0.00121,9.232696,5.123632,Concept,N,
机翼相互,8,0.0,3.211958,5.121196,Structure,N,
高空长航,7,0.0,9.180701,5.11807,Concept,N,
剖面,7,0.00121,9.040878,5.104451,Concept,N,
弯度相等,7,0.0,9.042328,5.104233,Concept,N,
内侧端面,7,0.0,9.040878,5.104088,Concept,N,
机场,8,0.001382,3.022069,5.102622,Concept,N,
达到,7,0.00121,9.013819,5.101745,Concept,N,
来源,7,0.00121,8.975345,5.097897,Concept,N,
车载试验,7,0.0,8.889372,5.088937,Concept,N,
这个扭矩,7,0.0,8.877498,5.08775,Concept,N,
压力分布变化情况,7,0.0,8.871597,5.08716,Concept,N,
面临,7,0.00121,8.848233,5.085186,Concept,N,
变体飞行器几何,8,0.0,2.832835,5.083284,Mission,N,
太阳能,7,0.00121,8.820971,5.08246,Concept,N,
马赫数,7,0.00121,8.791427,5.079506,Parameter,N,
未来,7,0.00121,8.763841,5.076747,Concept,N,
很多,7,0.00121,8.621502,5.062513,Concept,N,
重叠网格,7,0.0,8.583731,5.058373,Concept,N,
剧烈,6,0.001037,14.415918,5.041903,Concept,N,
硬壳,6,0.001037,14.415918,5.041903,Concept,N,
飞行器几何,8,0.0,2.408657,5.040866,Mission,N,
民用,7,0.00121,8.367078,5.037071,Concept,N,
失效安全性,7,0.0,8.31438,5.031438,Concept,N,
布局飞机,8,0.0,2.308864,5.030886,Aircraft,N,
扭转变形,7,0.0,8.158979,5.015898,Mechanism,N,
分布变化情况,7,0.0,8.09399,5.009399,Concept,N,
正常,7,0.00121,8.006527,5.001016,Concept,N,
适当,7,0.00121,7.954438,4.995807,Concept,N,
陈海昕,6,0.001037,13.830955,4.983407,Concept,N,
机翼压力分布,8,0.0,1.796921,4.979692,Structure,N,
取决于,7,0.00121,7.750582,4.975421,Concept,N,
进一步讨论,7,0.0,7.743492,4.974349,Concept,N,
一半,7,0.00121,7.700528,4.970416,Concept,N,
各自,7,0.00121,7.694168,4.96978,Concept,N,
世纪,6,0.001037,13.678952,4.968206,Concept,N,
波音,6,0.001037,13.678952,4.968206,Concept,N,
三维,7,0.00121,7.676378,4.968001,Concept,N,
连接处,7,0.00121,7.63487,4.96385,Concept,N,
受力特性,7,0.0,7.560308,4.956031,Concept,N,
之外,7,0.00121,7.538109,4.954174,Concept,N,
上下机翼相互干扰,7,0.0,7.541449,4.954145,Structure,N,
续航,7,0.00121,7.528625,4.953225,Concept,N,
活动机翼攻角,8,0.0,1.511283,4.951128,Structure,N,
专门,6,0.001037,13.415918,4.941903,Concept,N,
展弦比平直,7,0.0,7.418066,4.941807,Concept,N,
产生滚转,7,0.0,7.412166,4.941217,Concept,N,
相反,7,0.00121,7.14668,4.915031,Concept,N,
完全,7,0.00121,7.142758,4.914639,Concept,N,
双翼升力阻力特性,7,0.0,7.052513,4.905251,Concept,N,
展向升力,7,0.0,7.003701,4.90037,Concept,N,
航空,7,0.00121,6.976829,4.898046,Concept,N,
最大弯矩,7,0.0,6.976532,4.897653,Concept,N,
双翼两种,7,0.0,6.906991,4.890699,Concept,N,
工况,7,0.00121,6.887324,4.889095,Concept,N,
机翼失速,8,0.0,0.876355,4.887636,Structure,N,
双翼理论,7,0.0,6.859868,4.885987,Concept,N,
端面变形,7,0.0,6.811056,4.881106,Mechanism,N,
全机最大,7,0.0,6.786561,4.878656,Concept,N,
来源于,7,0.00121,6.750582,4.875421,Concept,N,
平稳,7,0.00121,6.743492,4.874712,Concept,N,
卸载升力,7,0.0,6.6971,4.86971,Concept,N,
飞机操稳,7,0.0,6.66103,4.866103,Aircraft,N,
飞行剖面,7,0.0,6.66103,4.866103,Mission,N,
现状,7,0.00121,6.609023,4.861265,Concept,N,
上下机翼相互,7,0.0,6.608563,4.860856,Structure,N,
一部分升力,7,0.0,6.581622,4.858162,Concept,N,
成果,7,0.00121,6.546467,4.85501,Concept,N,
克服,6,0.001037,12.49838,4.850149,Concept,N,
操纵,6,0.001037,12.415918,4.841903,Concept,N,
提前,7,0.00121,6.366329,4.836996,Concept,N,
释放,6,0.001037,12.357024,4.836013,Concept,N,
分离,7,0.00121,6.337576,4.834121,Concept,N,
外侧,7,0.00121,6.251011,4.825464,Concept,N,
上下机翼相对,8,0.0,0.0,4.8,Structure,N,
上下机翼相对位置,8,0.0,0.0,4.8,Structure,N,
不同位置双翼升力,8,0.0,0.0,4.8,Concept,N,
不同位置双翼失速,8,0.0,0.0,4.8,Concept,N,
不同位置双翼最大,8,0.0,0.0,4.8,Concept,N,
不同位置双翼零升,8,0.0,0.0,4.8,Concept,N,
产生俯仰力矩,8,0.0,0.0,4.8,Concept,N,
产生最大,8,0.0,0.0,4.8,Concept,N,
位置双翼升力,8,0.0,0.0,4.8,Concept,N,
位置双翼升力斜率,8,0.0,0.0,4.8,Concept,N,
位置双翼失速,8,0.0,0.0,4.8,Concept,N,
位置双翼失速攻角,8,0.0,0.0,4.8,Parameter,N,
位置双翼最大,8,0.0,0.0,4.8,Concept,N,
位置双翼最大升力,8,0.0,0.0,4.8,Concept,N,
位置双翼零升,8,0.0,0.0,4.8,Concept,N,
位置双翼零升攻角,8,0.0,0.0,4.8,Parameter,N,
使用折叠,8,0.0,0.0,4.8,Mechanism,N,
偏转产生额外,8,0.0,0.0,4.8,Concept,N,
双翼升力斜率机翼,8,0.0,0.0,4.8,Structure,N,
双翼失速攻角,8,0.0,0.0,4.8,Parameter,N,
双翼失速攻角机翼,8,0.0,0.0,4.8,Structure,N,
双翼折叠变体,8,0.0,0.0,4.8,Mechanism,N,
双翼斯瓦尔德,8,0.0,0.0,4.8,Concept,N,
双翼零升攻角机翼,8,0.0,0.0,4.8,Structure,N,
变体气动,8,0.0,0.0,4.8,Performance,N,
变体过程飞行,8,0.0,0.0,4.8,Mission,N,
变形活动,8,0.0,0.0,4.8,Mechanism,N,
形成折叠变体,8,0.0,0.0,4.8,Mechanism,N,
情况上下,8,0.0,0.0,4.8,Concept,N,
情况折叠变体飞行器,8,0.0,0.0,4.8,Mechanism,N,
情况机翼,8,0.0,0.0,4.8,Structure,N,
折叠变体收益,8,0.0,0.0,4.8,Mechanism,N,
折叠变体飞行器几何,8,0.0,0.0,4.8,Mechanism,N,
损失升力,8,0.0,0.0,4.8,Concept,N,
攻角机翼弯度,8,0.0,0.0,4.8,Structure,N,
攻角机翼长大,8,0.0,0.0,4.8,Structure,N,
机翼位于机翼,8,0.0,0.0,4.8,Structure,N,
机翼双翼,8,0.0,0.0,4.8,Structure,N,
机翼零升,8,0.0,0.0,4.8,Structure,N,
机翼零升攻角,8,0.0,0.0,4.8,Structure,N,
机身固定机翼,8,0.0,0.0,4.8,Structure,N,
根据节中,8,0.0,0.0,4.8,Concept,N,
概念折叠,8,0.0,0.0,4.8,Mechanism,N,
概念折叠变体,8,0.0,0.0,4.8,Mechanism,N,
气动力驱动变体副翼,8,0.0,0.0,4.8,Mechanism,N,
气动重量,8,0.0,0.0,4.8,Performance,N,
活动机翼连杆,8,0.0,0.0,4.8,Structure,N,
特性上下,8,0.0,0.0,4.8,Concept,N,
特性上下机翼,8,0.0,0.0,4.8,Structure,N,
现有变展变体,8,0.0,0.0,4.8,Aircraft,N,
翼展飞机,8,0.0,0.0,4.8,Aircraft,N,
计算结果看出,8,0.0,0.0,4.8,Concept,N,
起飞重量机翼,8,0.0,0.0,4.8,Structure,N,
过程固定,8,0.0,0.0,4.8,Concept,N,
过程固定机翼,8,0.0,0.0,4.8,Structure,N,
过程飞行,8,0.0,0.0,4.8,Mission,N,
重量机翼,8,0.0,0.0,4.8,Structure,N,
飞机不同,8,0.0,0.0,4.8,Aircraft,N,
驱动变体副翼,8,0.0,0.0,4.8,Mechanism,N,
少量,7,0.00121,5.936426,4.794006,Concept,N,
无需,7,0.00121,5.932198,4.793583,Concept,N,
复合材料,6,0.001037,11.871597,4.787471,Concept,N,
计算方法,7,0.00121,5.832029,4.783566,Concept,N,
航时,7,0.00121,5.789982,4.779361,Concept,N,
机翼弯度相等,7,0.0,5.74999,4.774999,Structure,N,
输入,6,0.001037,11.740353,4.774346,Concept,N,
结束,7,0.00121,5.73401,4.773764,Concept,N,
碳管,6,0.001037,11.678952,4.768206,Concept,N,
飞机原有,7,0.0,5.612056,4.761206,Aircraft,N,
重量增加,7,0.0,5.609422,4.760942,Concept,N,
飞机稳定性,7,0.0,5.602778,4.760278,Performance,N,
变体前后,7,0.0,5.471729,4.747173,Aircraft,N,
提高飞机,7,0.0,5.436969,4.743697,Aircraft,N,
活动机翼自转,7,0.0,5.413103,4.74131,Structure,N,
展弦比平直机翼,7,0.0,5.388012,4.738801,Structure,N,
验证机在单翼,7,0.0,5.388012,4.738801,Concept,N,
课题组,6,0.001037,11.300441,4.730355,Concept,N,
处理,7,0.00121,5.188187,4.719182,Concept,N,
机构增重,7,0.0,5.013024,4.701302,Concept,N,
突风,6,0.001037,10.90918,4.691229,Concept,N,
基本不变,7,0.0,4.835794,4.683579,Concept,N,
变化对于,7,0.0,4.804893,4.680489,Concept,N,
编委会,6,0.001037,10.678952,4.668206,Concept,N,
手册编委会,6,0.0,10.678952,4.667895,Concept,N,
答辩委员会,6,0.0,10.678952,4.667895,Concept,N,
产生扭矩,7,0.0,4.586195,4.65862,Concept,N,
这种变体,7,0.0,4.548897,4.65489,Aircraft,N,
期望,6,0.001037,10.541449,4.654456,Concept,N,
小型,7,0.00121,4.477808,4.648144,Concept,N,
机在单翼,7,0.0,4.460483,4.646048,Concept,N,
委员会,6,0.001037,10.45656,4.645967,Concept,N,
流动分离,6,0.0,10.446291,4.644629,Concept,N,
大部分,7,0.00121,4.395401,4.639903,Concept,N,
各项,6,0.001037,10.383719,4.638683,Concept,N,
升力降低,7,0.0,4.375171,4.637517,Concept,N,
保持一致,6,0.001037,10.286635,4.628975,Concept,N,
伸缩机翼,7,0.0,4.282347,4.628235,Structure,N,
设置,7,0.00121,4.097906,4.610153,Concept,N,
顶部,6,0.001037,10.035096,4.603821,Concept,N,
矩形,7,0.00121,4.013312,4.601694,Concept,N,
双翼气动特性,7,0.0,3.86017,4.586017,Performance,N,
极端,6,0.001037,9.841009,4.584412,Concept,N,
向下,7,0.00121,3.808587,4.581222,Concept,N,
手段,6,0.001037,9.768859,4.577197,Concept,N,
后方,7,0.00121,3.695429,4.569906,Concept,N,
低于,7,0.00121,3.673766,4.56774,Concept,N,
中将,7,0.00121,3.63972,4.564335,Concept,N,
自转角度变化情况,6,0.0,9.634558,4.563456,Parameter,N,
两个机翼,7,0.0,3.574528,4.557453,Structure,N,
双翼流场,7,0.0,3.569122,4.556912,Concept,N,
影响飞机,7,0.0,3.521858,4.552186,Aircraft,N,
体现,7,0.00121,3.42608,4.542971,Concept,N,
展示,7,0.00121,3.395698,4.539933,Concept,N,
扭转引起,6,0.0,9.300441,4.530044,Concept,N,
舰载起降,6,0.0,9.239329,4.523933,Concept,N,
菱形,6,0.001037,9.136694,4.51398,Concept,N,
锥形,6,0.001037,9.136694,4.51398,Concept,N,
过大,7,0.00121,3.090546,4.509418,Concept,N,
基本飞行试验,6,0.0,9.082017,4.508202,Mission,N,
没有,6,0.001037,8.984072,4.498718,Concept,N,
飞机诱导阻力,7,0.0,2.893827,4.489383,Aircraft,N,
较为复杂,6,0.0,8.887138,4.488714,Concept,N,
三种不同,6,0.0,8.830955,4.483096,Concept,N,
飞机诱导,7,0.0,2.811365,4.481136,Aircraft,N,
初始总体参数,6,0.0,8.791427,4.479143,Parameter,N,
解除,6,0.001037,8.743492,4.47466,Concept,N,
领域,5,0.000864,14.678952,4.468154,Concept,N,
程度,7,0.00121,2.651824,4.465545,Concept,N,
偏航力矩,6,0.0,8.608563,4.460856,Concept,N,
重量成本,6,0.0,8.588663,4.458866,Concept,N,
连接点,6,0.001037,8.574616,4.457773,Concept,N,
分布接近,6,0.0,8.574616,4.457462,Concept,N,
连杆扭转引起,6,0.0,8.574616,4.457462,Concept,N,
进一步显示,6,0.0,8.5211,4.45211,Concept,N,
飞机升阻,7,0.0,2.457728,4.445773,Aircraft,N,
解除固定,6,0.0,8.450133,4.445013,Concept,N,
耦合作用,6,0.0,8.434192,4.443419,Concept,N,
方面付出,6,0.0,8.427233,4.442723,Concept,N,
兼顾,5,0.000864,14.415918,4.441851,Concept,N,
重叠,7,0.00121,2.39431,4.439794,Concept,N,
固定活动机翼,7,0.0,2.330113,4.433011,Structure,N,
自转角度变化,6,0.0,8.328455,4.432845,Parameter,N,
操稳特性,6,0.0,8.31438,4.431438,Concept,N,
固定活动,7,0.0,2.243699,4.42437,Concept,N,
维持,6,0.001037,8.212978,4.421609,Concept,N,
方向舵,6,0.001037,8.204841,4.420795,Concept,N,
升降舵,6,0.001037,8.203219,4.420633,Concept,N,
升力中心变化情况,6,0.0,8.203219,4.420322,Concept,N,
飞行器应用,7,0.0,2.178359,4.417836,Mission,N,
推导,6,0.001037,8.09399,4.40971,Concept,N,
连杆弯曲,6,0.0,8.07409,4.407409,Concept,N,
结果表明,6,0.001037,8.066207,4.406932,Concept,N,
双翼飞机,7,0.00121,2.057325,4.406095,Aircraft,N,
必须,5,0.000864,14.00088,4.400347,Concept,N,
活动机翼内侧端面,6,0.0,7.982958,4.398296,Structure,N,
变体产生,7,0.0,1.950128,4.395013,Aircraft,N,
锁定机构,6,0.0,7.940184,4.394018,Concept,N,
整个变体过程,6,0.0,7.855203,4.38552,Aircraft,N,
环境,5,0.000864,13.830955,4.383355,Concept,N,
上下机翼弯度相等,6,0.0,7.798756,4.379876,Structure,N,
主要取决于,6,0.0,7.750582,4.375058,Concept,N,
合理性,6,0.001037,7.729417,4.373253,Concept,N,
铰链力矩,6,0.0,7.678952,4.367895,Concept,N,
起飞速度,6,0.0,7.657472,4.365747,Mission,N,
流场情况,6,0.0,7.618617,4.361862,Concept,N,
大幅降低,6,0.0,7.613581,4.361358,Concept,N,
升力中心变化,6,0.0,7.56292,4.356292,Concept,N,
能够,6,0.001037,7.528189,4.35313,Concept,N,
示意图,6,0.001037,7.511701,4.351481,Concept,N,
定义,6,0.001037,7.334656,4.333777,Concept,N,
自转角,6,0.001037,7.290812,4.329392,Concept,N,
行器,6,0.001037,7.261601,4.326471,Concept,N,
扭转力矩,6,0.0,7.219521,4.321952,Concept,N,
影响变体,7,0.0,1.204942,4.320494,Aircraft,N,
不利于,6,0.001037,7.165619,4.316873,Concept,N,
逐渐,5,0.000864,13.09399,4.309658,Concept,N,
幅度,6,0.001037,7.080667,4.308378,Concept,N,
伸缩式,6,0.001037,7.047169,4.305028,Concept,N,
气动最优展弦比,6,0.0,7.045594,4.304559,Performance,N,
副翼铰链,6,0.0,7.008414,4.300841,Concept,N,
过大时,6,0.001037,6.903789,4.29069,Concept,N,
固定翼,7,0.00121,0.86445,4.286808,Concept,N,
来流,6,0.001037,6.861329,4.286444,Concept,N,
两端,6,0.001037,6.857497,4.286061,Concept,N,
使用气动力驱动,6,0.0,6.84,4.284,Mechanism,N,
最大扭矩,6,0.0,6.808587,4.280859,Concept,N,
对称情况,6,0.0,6.734094,4.273409,Concept,N,
帮助,5,0.000864,12.678952,4.268154,Concept,N,
评估,5,0.000864,12.678952,4.268154,Concept,N,
飞机常用,6,0.0,6.66103,4.266103,Aircraft,N,
飞机手册编委会,6,0.0,6.66103,4.266103,Aircraft,N,
飞机单翼,7,0.0,0.650373,4.265037,Aircraft,N,
固定机翼之间,6,0.0,6.623887,4.262389,Structure,N,
基准,6,0.001037,6.61107,4.261418,Concept,N,
拉格朗,5,0.000864,12.541449,4.254404,Concept,N,
带来收益,6,0.0,6.509027,4.250903,Concept,N,
变体代价,7,0.0,0.494449,4.249445,Aircraft,N,
初始总体,6,0.0,6.470474,4.247047,Concept,N,
全新,6,0.001037,6.303478,4.230659,Concept,N,
感谢,5,0.000864,12.300441,4.230303,Concept,N,
教授,5,0.000864,12.219521,4.222211,Concept,N,
航程航时,6,0.0,6.217064,4.221706,Performance,N,
展望,6,0.001037,6.195674,4.219878,Concept,N,
保持不变,6,0.0,6.198364,4.219836,Concept,N,
给予,5,0.000864,12.123136,4.212573,Concept,N,
升力损失,6,0.0,6.112137,4.211214,Concept,N,
上下机翼之间,6,0.0,6.070143,4.207014,Structure,N,
扩大,6,0.001037,6.028618,4.203173,Concept,N,
无法,6,0.001037,5.997245,4.200036,Concept,N,
代价折叠,7,0.0,0.0,4.2,Mechanism,N,
代价折叠变体,7,0.0,0.0,4.2,Mechanism,N,
公转自转,7,0.0,0.0,4.2,Concept,N,
动力扰动,7,0.0,0.0,4.2,Concept,N,
动力扰动力矩,7,0.0,0.0,4.2,Concept,N,
升力活动,7,0.0,0.0,4.2,Concept,N,
升力系数失速,7,0.0,0.0,4.2,Concept,N,
单翼双翼折叠,7,0.0,0.0,4.2,Mechanism,N,
原理验证原理,7,0.0,0.0,4.2,Concept,N,
原理验证原理验证,7,0.0,0.0,4.2,Concept,N,
原理验证变体,7,0.0,0.0,4.2,Aircraft,N,
参数折叠,7,0.0,0.0,4.2,Mechanism,N,
参数折叠变体,7,0.0,0.0,4.2,Mechanism,N,
参数折叠变体飞行器,7,0.0,0.0,4.2,Mechanism,N,
双翼斯瓦尔德因子,7,0.0,0.0,4.2,Concept,N,
双翼构型上下,7,0.0,0.0,4.2,Concept,N,
双翼气动影响,7,0.0,0.0,4.2,Performance,N,
反角双翼,7,0.0,0.0,4.2,Concept,N,
变体自由度动力学,7,0.0,0.0,4.2,Aircraft,N,
变体过程产生,7,0.0,0.0,4.2,Aircraft,N,
变体过程机翼,7,0.0,0.0,4.2,Structure,N,
变体过程气动,7,0.0,0.0,4.2,Performance,N,
变化变体,7,0.0,0.0,4.2,Aircraft,N,
变化情况折叠,7,0.0,0.0,4.2,Mechanism,N,
变化情况折叠变体,7,0.0,0.0,4.2,Mechanism,N,
变展能力,7,0.0,0.0,4.2,Concept,N,
变形活动机翼,7,0.0,0.0,4.2,Mechanism,N,
基本改变,7,0.0,0.0,4.2,Concept,N,
基础进一步,7,0.0,0.0,4.2,Concept,N,
失速攻角变化情况,7,0.0,0.0,4.2,Parameter,N,
展弦比变化情况,7,0.0,0.0,4.2,Concept,N,
应用展弦比,7,0.0,0.0,4.2,Concept,N,
开展折叠变体飞行器,7,0.0,0.0,4.2,Mechanism,N,
弯度大于机翼,7,0.0,0.0,4.2,Structure,N,
弯度小于机翼,7,0.0,0.0,4.2,Structure,N,
攻角变化情况,7,0.0,0.0,4.2,Parameter,N,
最大升力系数失速,7,0.0,0.0,4.2,Concept,N,
最大起飞重量机翼,7,0.0,0.0,4.2,Structure,N,
机翼升力斜率,7,0.0,0.0,4.2,Structure,N,
机翼升力系数,7,0.0,0.0,4.2,Structure,N,
机翼弯度大于机翼,7,0.0,0.0,4.2,Structure,N,
机翼弯度小于机翼,7,0.0,0.0,4.2,Structure,N,
机翼气动负载,7,0.0,0.0,4.2,Structure,N,
机翼长大机翼上下,7,0.0,0.0,4.2,Structure,N,
来看机翼,7,0.0,0.0,4.2,Structure,N,
概念折叠变体飞行器,7,0.0,0.0,4.2,Mechanism,N,
气动特性上下,7,0.0,0.0,4.2,Performance,N,
气动特性上下机翼,7,0.0,0.0,4.2,Structure,N,
活动机翼之间连杆,7,0.0,0.0,4.2,Structure,N,
活动机翼气动负载,7,0.0,0.0,4.2,Structure,N,
特性上下机翼处于,7,0.0,0.0,4.2,Structure,N,
特性变体,7,0.0,0.0,4.2,Aircraft,N,
相等变化趋势,7,0.0,0.0,4.2,Concept,N,
相较常规,7,0.0,0.0,4.2,Concept,N,
系数失速,7,0.0,0.0,4.2,Concept,N,
系数对应,7,0.0,0.0,4.2,Concept,N,
系数诱导,7,0.0,0.0,4.2,Concept,N,
约束目标,7,0.0,0.0,4.2,Concept,N,
翼展展弦比,7,0.0,0.0,4.2,Concept,N,
起降巡航,7,0.0,0.0,4.2,Mission,N,
起飞重量机翼面积,7,0.0,0.0,4.2,Structure,N,
过程产生,7,0.0,0.0,4.2,Concept,N,
过程机翼,7,0.0,0.0,4.2,Structure,N,
过程气动,7,0.0,0.0,4.2,Performance,N,
连杆尺寸,7,0.0,0.0,4.2,Concept,N,
连杆机翼,7,0.0,0.0,4.2,Structure,N,
重量机翼面积,7,0.0,0.0,4.2,Structure,N,
重量连杆,7,0.0,0.0,4.2,Concept,N,
长大机翼上下,7,0.0,0.0,4.2,Structure,N,
长大机翼上下机翼,7,0.0,0.0,4.2,Structure,N,
飞机双翼,7,0.0,0.0,4.2,Aircraft,N,
飞行器原理验证原理,7,0.0,0.0,4.2,Mission,N,
飞行器气动特性上下,7,0.0,0.0,4.2,Performance,N,
验证原理,7,0.0,0.0,4.2,Concept,N,
验证原理验证,7,0.0,0.0,4.2,Concept,N,
验证变体,7,0.0,0.0,4.2,Aircraft,N,
使用气动力,6,0.0,5.915408,4.191541,Performance,N,
越大,6,0.001037,5.835973,4.183908,Concept,N,
网络,5,0.000864,11.791427,4.179402,Concept,N,
角速度,6,0.001037,5.767261,4.177037,Parameter,N,
轰炸机,6,0.001037,5.74999,4.17531,Concept,N,
机身高度,6,0.0,5.74999,4.174999,Structure,N,
升限,6,0.001037,5.743787,4.17469,Concept,N,
根部,6,0.001037,5.689321,4.169243,Concept,N,
整个变体,6,0.0,5.664374,4.166437,Aircraft,N,
等效,6,0.001037,5.62729,4.16304,Concept,N,
构型折叠变体,6,0.0,5.574616,4.157462,Mechanism,N,
两个活动,6,0.0,5.544868,4.154487,Concept,N,
机翼内侧端面,6,0.0,5.486955,4.148696,Structure,N,
原理验证机在单翼,6,0.0,5.388012,4.138801,Concept,N,
常规单翼,6,0.0,5.388012,4.138801,Concept,N,
翼型厚度,6,0.0,5.388012,4.138801,Structure,N,
飞行高度,6,0.000864,5.364981,4.136757,Performance,N,
描述,5,0.000864,11.328455,4.133105,Concept,N,
阐述,5,0.000864,11.328455,4.133105,Concept,N,
考量,6,0.001037,5.261522,4.126463,Concept,N,
这一,6,0.001037,5.242538,4.124565,Concept,N,
良好,5,0.000864,11.23838,4.124097,Concept,N,
增大飞机,6,0.0,5.133293,4.113329,Aircraft,N,
机翼容积,6,0.0,5.118849,4.111885,Structure,N,
完成固定,6,0.0,5.115375,4.111537,Concept,N,
阻力变化情况,6,0.0,5.107832,4.110783,Concept,N,
机翼两侧副翼,6,0.0,5.019313,4.101931,Structure,N,
无量,6,0.001037,4.947011,4.095012,Concept,N,
机翼展向,6,0.0,4.94131,4.094131,Structure,N,
常规飞行器,6,0.0,4.899643,4.089964,Mission,N,
系数变化,6,0.0,4.495565,4.049556,Concept,N,
垂尾,5,0.000864,10.461721,4.046431,Concept,N,
变体测试,6,0.0,4.46274,4.046274,Aircraft,N,
空重,6,0.001037,4.379859,4.038297,Concept,N,
充分体现,5,0.000864,10.371524,4.037412,Concept,N,
情形,6,0.001037,4.364105,4.036722,Concept,N,
车载变体测试,5,0.0,10.342669,4.034267,Aircraft,N,
常用,6,0.001037,4.334656,4.033777,Concept,N,
所有,6,0.001037,4.275727,4.027884,Concept,N,
展弦比增加,6,0.0,4.274378,4.027438,Concept,N,
围绕,5,0.000864,10.235346,4.023794,Concept,N,
诸多,5,0.000864,10.206464,4.020906,Concept,N,
多个学科,5,0.0,10.206464,4.020646,Concept,N,
迭代,5,0.000864,10.108489,4.011108,Concept,N,
试验平台,5,0.0,10.005396,4.00054,Concept,N,
发展现状,5,0.0,9.924065,3.992406,Concept,N,
明确变体,6,0.0,3.909486,3.990949,Aircraft,N,
处于双翼,6,0.0,3.877244,3.987724,Concept,N,
飞机处于,6,0.0,3.852007,3.985201,Aircraft,N,
连杆受力,6,0.0,3.811056,3.981106,Concept,N,
机翼平均,6,0.0,3.796921,3.979692,Structure,N,
成熟,5,0.000864,9.734094,3.973669,Concept,N,
章中,6,0.001037,3.72973,3.973284,Concept,N,
水平,5,0.000864,9.720772,3.972336,Concept,N,
上机,6,0.001037,3.697613,3.970072,Concept,N,
变体飞行器发展,6,0.0,3.675294,3.967529,Mission,N,
普朗特,5,0.000864,9.617176,3.961977,Concept,N,
处于最高点,5,0.0,9.608563,3.960856,Concept,N,
使用副翼偏转产生,5,0.0,9.591489,3.959149,Concept,N,
需要卸载,5,0.0,9.588099,3.95881,Concept,N,
前后间距,5,0.0,9.541449,3.954145,Concept,N,
处于不同相对位置,5,0.0,9.534906,3.953491,Concept,N,
错位,5,0.000864,9.477318,3.947991,Concept,N,
区别,5,0.000864,9.469499,3.947209,Concept,N,
滞后,5,0.000864,9.461721,3.946431,Concept,N,
来源于网络,5,0.0,9.415918,3.941592,Concept,N,
飞机载荷,6,0.0,3.396327,3.939633,Performance,N,
安放,5,0.000864,9.3214,3.932399,Concept,N,
相互干扰损失,5,0.0,9.293521,3.929352,Concept,N,
成为,6,0.001037,3.18463,3.918774,Concept,N,
整体来看,5,0.0,9.130516,3.913052,Concept,N,
分量,6,0.001037,3.120659,3.912377,Concept,N,
大小,6,0.001037,3.081086,3.90842,Concept,N,
其他变体方式,5,0.0,9.082017,3.908202,Aircraft,N,
产生滚转力矩,5,0.0,9.064242,3.906424,Concept,N,
弯曲引起,5,0.0,9.037406,3.903741,Concept,N,
介绍,4,0.000691,15.00088,3.900295,Concept,N,
挂钩,4,0.000691,15.00088,3.900295,Concept,N,
比为,6,0.001037,2.998557,3.900167,Concept,N,
起降场地,5,0.0,8.978512,3.897851,Concept,N,
两个无量,5,0.0,8.961961,3.896196,Concept,N,
两个无量纲量,5,0.0,8.961961,3.896196,Concept,N,
机翼距离,6,0.0,2.960419,3.896042,Structure,N,
变体相较,6,0.0,2.936453,3.893645,Aircraft,N,
掠翼,6,0.001037,2.92858,3.893169,Concept,N,
长时,6,0.001037,2.921802,3.892491,Concept,N,
梯形,5,0.000864,8.87366,3.887625,Concept,N,
截面,5,0.000864,8.818486,3.882108,Concept,N,
重新分配,5,0.000864,8.806123,3.880872,Concept,N,
雷诺数,5,0.000864,8.791427,3.879402,Parameter,N,
纲量,5,0.000864,8.698927,3.870152,Concept,N,
无量纲量,5,0.0,8.698927,3.869893,Concept,N,
遭遇,4,0.000691,14.678952,3.868103,Concept,N,
准备,5,0.000864,8.669963,3.867256,Concept,N,
相互作用,5,0.000864,8.656584,3.865918,Concept,N,
三种应用,5,0.0,8.656584,3.865658,Concept,N,
参数设置,5,0.000691,8.634558,3.863663,Parameter,N,
机翼翼型,6,0.0,2.634649,3.863465,Structure,N,
飞机航程,6,0.0,2.623738,3.862374,Performance,N,
三项,5,0.000864,8.615449,3.861804,Concept,N,
充气式,5,0.000864,8.591489,3.859408,Concept,N,
章为,6,0.001037,2.58723,3.859034,Concept,N,
连杆弯曲引起,5,0.0,8.574616,3.857462,Concept,N,
采取,5,0.000864,8.567921,3.857051,Concept,N,
初始总体参数拟定,5,0.0,8.450133,3.845013,Parameter,N,
转动,6,0.001037,2.438025,3.844114,Concept,N,
俯仰力矩变化情况,5,0.0,8.438638,3.843864,Concept,N,
燃油重量,5,0.0,8.432544,3.843254,Concept,N,
摄像头,4,0.000691,14.415918,3.841799,Concept,N,
处于不同相对,5,0.0,8.408423,3.840842,Concept,N,
最终,5,0.000864,8.397996,3.840059,Concept,N,
气象条件,5,0.000864,8.364256,3.836685,Concept,N,
间断,5,0.000864,8.316482,3.831907,Concept,N,
使用柔性,5,0.0,8.31438,3.831438,Concept,N,
空间代价,5,0.0,8.294902,3.82949,Concept,N,
固定锁定,5,0.0,8.210532,3.821053,Concept,N,
爬升,5,0.000864,8.203219,3.820581,Concept,N,
金属,4,0.000691,14.193525,3.81956,Concept,N,
过载包线,5,0.0,8.16799,3.816799,Concept,N,
说明,5,0.000864,8.163778,3.816637,Concept,N,
一定程度,5,0.0,8.103035,3.810303,Concept,N,
强度刚度,5,0.0,8.103035,3.810303,Concept,N,
度时,6,0.001037,2.093406,3.809652,Concept,N,
机翼方案,6,0.0,2.096481,3.809648,Structure,N,
不同相对位置,5,0.0,8.085598,3.80856,Concept,N,
大型,6,0.001037,2.067789,3.80709,Concept,N,
王礼佳,4,0.000691,14.00088,3.800295,Concept,N,
实物图,5,0.000864,7.926739,3.792933,Concept,N,
降低变体,6,0.0,1.927408,3.792741,Aircraft,N,
机翼流场,6,0.0,1.903836,3.790384,Structure,N,
弹性,5,0.000864,7.899342,3.790193,Concept,N,
转变,6,0.001037,1.819852,3.782296,Concept,N,
假设,5,0.000864,7.810068,3.781266,Concept,N,
内侧端面变形,5,0.0,7.811056,3.781106,Mechanism,N,
不同攻角下,5,0.0,7.808587,3.780859,Parameter,N,
重要参数,5,0.0,7.806123,3.780612,Parameter,N,
综合以上,5,0.0,7.798756,3.779876,Concept,N,
参考,5,0.000864,7.695579,3.769817,Concept,N,
信息,4,0.000691,13.678952,3.768103,Concept,N,
尽量,5,0.000864,7.640033,3.764263,Concept,N,
连杆重量,6,0.0,1.621231,3.762123,Concept,N,
一倍翼展,5,0.0,7.610711,3.761071,Concept,N,
展弦比飞机常用,5,0.0,7.610711,3.761071,Aircraft,N,
首先开展,5,0.0,7.610711,3.761071,Concept,N,
十分,5,0.000864,7.574616,3.757721,Concept,N,
处于其他,5,0.0,7.564169,3.756417,Concept,N,
张祖豪,4,0.000691,13.541449,3.754352,Concept,N,
模块化,5,0.000864,7.415918,3.741851,Concept,N,
不同相对,5,0.0,7.418174,3.741817,Concept,N,
升力重新分配,5,0.0,7.375171,3.737517,Concept,N,
整体弯度,5,0.0,7.371524,3.737152,Concept,N,
后续,5,0.000864,7.324218,3.732681,Concept,N,
敏感,4,0.000691,13.300441,3.730251,Concept,N,
方面代价,5,0.0,7.294902,3.72949,Concept,N,
降低机翼,6,0.0,1.282347,3.728235,Structure,N,
攻角下变体过程,5,0.0,7.27024,3.727024,Parameter,N,
正常飞行,5,0.0,7.212978,3.721298,Mission,N,
其他位置,5,0.0,7.201599,3.72016,Concept,N,
下翼,6,0.001037,1.195719,3.719883,Concept,N,
类型,5,0.000864,7.162307,3.71649,Concept,N,
影响机翼,6,0.0,1.144844,3.714484,Structure,N,
部分之间,5,0.0,7.144144,3.714414,Concept,N,
程中,5,0.000864,7.129766,3.713236,Concept,N,
使用副翼偏转,5,0.0,7.103035,3.710303,Concept,N,
超过,5,0.000864,7.030487,3.703308,Concept,N,
需要卸载升力,5,0.0,7.003701,3.70037,Concept,N,
额外气动力,5,0.0,7.003701,3.70037,Performance,N,
使用需求,5,0.0,6.987558,3.698756,Concept,N,
处于单翼构型,5,0.0,6.964707,3.696471,Concept,N,
攻角基本,5,0.0,6.925134,3.692513,Parameter,N,
连续,5,0.000864,6.922539,3.692513,Concept,N,
气动中心变化,5,0.0,6.920063,3.692006,Performance,N,
副翼差动,5,0.0,6.916072,3.691607,Concept,N,
芒克,4,0.000691,12.913417,3.691549,Concept,N,
降低翼尖,5,0.0,6.906363,3.690636,Concept,N,
升力曲线,5,0.0,6.889745,3.688974,Concept,N,
完整,5,0.000864,6.88168,3.688427,Concept,N,
一方面,5,0.000864,6.864915,3.686751,Concept,N,
展弦比机翼,6,0.0,0.816373,3.681637,Structure,N,
各个,5,0.000864,6.768699,3.677129,Concept,N,
吨级,4,0.000691,12.752953,3.675503,Concept,N,
期间,5,0.000864,6.73152,3.673411,Concept,N,
处于双翼构型,5,0.0,6.677826,3.667783,Concept,N,
更加,5,0.000864,6.671084,3.667368,Concept,N,
全机最大起飞,5,0.0,6.66103,3.666103,Mission,N,
飞机各个,5,0.0,6.66103,3.666103,Aircraft,N,
飞行器使用副翼偏转,5,0.0,6.66103,3.666103,Mission,N,
单翼模式,5,0.0,6.615665,3.661566,Concept,N,
充气,5,0.000864,6.598721,3.660131,Concept,N,
构型飞机,6,0.0,0.555025,3.655502,Aircraft,N,
有限,5,0.000864,6.52464,3.652723,Concept,N,
飞行器初始总体参数,5,0.0,6.524134,3.652413,Mission,N,
李智,4,0.000691,12.509027,3.65111,Concept,N,
需要进一步,5,0.0,6.500636,3.650064,Concept,N,
指导教师,4,0.0,12.477318,3.647732,Concept,N,
顶部翼台,4,0.0,12.477318,3.647732,Concept,N,
飞行器初始总体,5,0.0,6.470474,3.647047,Mission,N,
几何外形参数,5,0.0,6.450133,3.645013,Parameter,N,
飞行控制算法,5,0.0,6.397996,3.6398,ControlMethod,N,
构型折叠,6,0.0,0.384791,3.638479,Mechanism,N,
两点,5,0.000864,6.335544,3.633814,Concept,N,
主导,5,0.000864,6.31263,3.631522,Concept,N,
将会,5,0.000864,6.309718,3.631231,Concept,N,
力矩变化情况,5,0.0,6.286635,3.628663,Concept,N,
变体飞行器初始总体,5,0.0,6.198364,3.619836,Mission,N,
变化曲线,5,0.0,6.198364,3.619836,Concept,N,
较强,5,0.000864,6.176645,3.617924,Concept,N,
变体飞行器初始,5,0.0,6.073843,3.607384,Mission,N,
滑动,5,0.000864,6.068075,3.607067,Concept,N,
容量,5,0.000864,6.035962,3.603855,Concept,N,
不同根比,6,0.0,0.0,3.6,Concept,N,
产生气动力驱动,6,0.0,0.0,3.6,Mechanism,N,
代价应用,6,0.0,0.0,3.6,Concept,N,
代价应用变体,6,0.0,0.0,3.6,Aircraft,N,
代价应用变体减少,6,0.0,0.0,3.6,Aircraft,N,
位置上下,6,0.0,0.0,3.6,Concept,N,
偏转产生气动力驱动,6,0.0,0.0,3.6,Mechanism,N,
公转角度变化情况,6,0.0,0.0,3.6,Parameter,N,
减少起降,6,0.0,0.0,3.6,Concept,N,
减少起降翼展,6,0.0,0.0,3.6,Concept,N,
减少起降翼展航程,6,0.0,0.0,3.6,Performance,N,
几何外形约束,6,0.0,0.0,3.6,Concept,N,
分为部分,6,0.0,0.0,3.6,Concept,N,
副翼偏转产生气动力,6,0.0,0.0,3.6,Performance,N,
副翼偏转产生额外,6,0.0,0.0,3.6,Concept,N,
副翼偏转机翼,6,0.0,0.0,3.6,Structure,N,
副翼面积攻角,6,0.0,0.0,3.6,Structure,N,
动力学折叠变体飞行器,6,0.0,0.0,3.6,Mechanism,N,
升力活动机翼,6,0.0,0.0,3.6,Structure,N,
升力系数失速攻角,6,0.0,0.0,3.6,Parameter,N,
升力阻力特性影响,6,0.0,0.0,3.6,Concept,N,
单翼双翼两种,6,0.0,0.0,3.6,Concept,N,
单翼双翼折叠变体,6,0.0,0.0,3.6,Mechanism,N,
双翼构型上下机翼,6,0.0,0.0,3.6,Structure,N,
变体减少,6,0.0,0.0,3.6,Aircraft,N,
变体减少起降,6,0.0,0.0,3.6,Aircraft,N,
变体减少起降翼展,6,0.0,0.0,3.6,Aircraft,N,
变体基本改变,6,0.0,0.0,3.6,Aircraft,N,
变体过程全机,6,0.0,0.0,3.6,Aircraft,N,
变体过程固定,6,0.0,0.0,3.6,Aircraft,N,
变体过程固定机翼,6,0.0,0.0,3.6,Structure,N,
变体过程气动力变化,6,0.0,0.0,3.6,Performance,N,
变体飞行器机翼,6,0.0,0.0,3.6,Structure,N,
变化情况上下,6,0.0,0.0,3.6,Concept,N,
变展变体方案,6,0.0,0.0,3.6,Aircraft,N,
外形约束,6,0.0,0.0,3.6,Concept,N,
小结折叠,6,0.0,0.0,3.6,Mechanism,N,
小结折叠变体,6,0.0,0.0,3.6,Mechanism,N,
小结折叠变体飞行器,6,0.0,0.0,3.6,Mechanism,N,
小结本章,6,0.0,0.0,3.6,Concept,N,
应用变体减少,6,0.0,0.0,3.6,Aircraft,N,
应用变体减少起降,6,0.0,0.0,3.6,Aircraft,N,
影响对于,6,0.0,0.0,3.6,Concept,N,
情况上下机翼,6,0.0,0.0,3.6,Structure,N,
情况变体过程,6,0.0,0.0,3.6,Aircraft,N,
手册编委会飞机,6,0.0,0.0,3.6,Aircraft,N,
手册编委会飞机手册,6,0.0,0.0,3.6,Aircraft,N,
扭矩形式,6,0.0,0.0,3.6,Concept,N,
扭矩连杆,6,0.0,0.0,3.6,Concept,N,
扭转引起变形,6,0.0,0.0,3.6,Mechanism,N,
折叠变体基本,6,0.0,0.0,3.6,Mechanism,N,
折叠变体基本改变,6,0.0,0.0,3.6,Mechanism,N,
折叠变体收益代价,6,0.0,0.0,3.6,Mechanism,N,
折叠变体机翼,6,0.0,0.0,3.6,Mechanism,N,
折叠变体飞行器机翼,6,0.0,0.0,3.6,Mechanism,N,
攻角变体,6,0.0,0.0,3.6,Parameter,N,
攻角变体过程,6,0.0,0.0,3.6,Parameter,N,
攻角攻角变体,6,0.0,0.0,3.6,Parameter,N,
攻角攻角变体过程,6,0.0,0.0,3.6,Parameter,N,
无人机展弦比,6,0.0,0.0,3.6,Aircraft,N,
明确折叠,6,0.0,0.0,3.6,Mechanism,N,
本章小结折叠,6,0.0,0.0,3.6,Mechanism,N,
本章小结折叠变体,6,0.0,0.0,3.6,Mechanism,N,
本章小结本章,6,0.0,0.0,3.6,Concept,N,
机构活动,6,0.0,0.0,3.6,Concept,N,
机构活动机翼,6,0.0,0.0,3.6,Structure,N,
机翼失速攻角,6,0.0,0.0,3.6,Structure,N,
来自活动,6,0.0,0.0,3.6,Concept,N,
构型机翼,6,0.0,0.0,3.6,Structure,N,
构型气动,6,0.0,0.0,3.6,Performance,N,
气动特性变体,6,0.0,0.0,3.6,Performance,N,
活动机翼机身,6,0.0,0.0,3.6,Structure,N,
特性变体过程,6,0.0,0.0,3.6,Aircraft,N,
特性折叠,6,0.0,0.0,3.6,Mechanism,N,
特性折叠变体,6,0.0,0.0,3.6,Mechanism,N,
相对位置双翼,6,0.0,0.0,3.6,Concept,N,
系数失速攻角,6,0.0,0.0,3.6,Parameter,N,
系数诱导阻力,6,0.0,0.0,3.6,Concept,N,
系数阻力,6,0.0,0.0,3.6,Concept,N,
系数阻力系数,6,0.0,0.0,3.6,Concept,N,
编委会飞机,6,0.0,0.0,3.6,Aircraft,N,
编委会飞机手册,6,0.0,0.0,3.6,Aircraft,N,
翼展变化情况,6,0.0,0.0,3.6,Concept,N,
翼展航程,6,0.0,0.0,3.6,Performance,N,
航程起降,6,0.0,0.0,3.6,Performance,N,
起降翼展航程,6,0.0,0.0,3.6,Performance,N,
过程全机,6,0.0,0.0,3.6,Concept,N,
过程气动力变化,6,0.0,0.0,3.6,Performance,N,
连杆变体机构,6,0.0,0.0,3.6,Aircraft,N,
连杆弯矩,6,0.0,0.0,3.6,Concept,N,
连杆扭转引起变形,6,0.0,0.0,3.6,Mechanism,N,
连杆活动,6,0.0,0.0,3.6,Concept,N,
连杆活动机翼,6,0.0,0.0,3.6,Structure,N,
长航飞机,6,0.0,0.0,3.6,Aircraft,N,
阻力特性影响,6,0.0,0.0,3.6,Concept,N,
面积攻角,6,0.0,0.0,3.6,Parameter,N,
面积机翼,6,0.0,0.0,3.6,Structure,N,
飞机压力,6,0.0,0.0,3.6,Aircraft,N,
飞机压力分布,6,0.0,0.0,3.6,Aircraft,N,
飞机手册编委会飞机,6,0.0,0.0,3.6,Aircraft,N,
飞机起飞,6,0.0,0.0,3.6,Mission,N,
飞行变体,6,0.0,-2.708491,3.6,Mission,N,
飞行器机翼,6,0.0,0.0,3.6,Structure,N,
飞行器飞行,6,0.0,-1.263768,3.6,Mission,N,
驱动折叠变体概念,6,0.0,0.0,3.6,Mechanism,N,
流动特性,5,0.0,5.970558,3.597056,Concept,N,
清晰,4,0.000691,11.956486,3.595856,Concept,N,
展开变体过程,5,0.0,5.895845,3.589584,Mechanism,N,
展弦比单翼构型,5,0.0,5.89105,3.589105,Concept,N,
力学,5,0.000864,5.884648,3.588724,Concept,N,
双翼模式,5,0.0,5.882588,3.588259,Concept,N,
负责,4,0.000691,11.871597,3.587367,Concept,N,
向外,5,0.000864,5.835973,3.583857,Concept,N,
难度,5,0.000864,5.781107,3.57837,Concept,N,
很大,5,0.000864,5.765584,3.576818,Concept,N,
太阳能无人机,5,0.0,5.74999,3.574999,Aircraft,N,
提升飞机,5,0.0,5.74999,3.574999,Aircraft,N,
机翼处于不同相对,5,0.0,5.74999,3.574999,Structure,N,
机翼处于最高点,5,0.0,5.74999,3.574999,Structure,N,
机翼连接处,5,0.0,5.74999,3.574999,Structure,N,
机身顶部,5,0.0,5.74999,3.574999,Structure,N,
确定飞机,5,0.0,5.74999,3.574999,Aircraft,N,
高空侦察机,5,0.0,5.74999,3.574999,Concept,N,
中国,5,0.000864,5.742167,3.574476,Concept,N,
主要参数,5,0.000691,5.701672,3.570375,Parameter,N,
本身,5,0.000864,5.692086,3.569468,Concept,N,
展长变体,5,0.0,5.69352,3.569352,Aircraft,N,
飞行器初始,5,0.0,5.649665,3.564966,Mission,N,
学术,5,0.000864,5.642229,3.564482,Concept,N,
机翼连接点,5,0.0,5.604276,3.560428,Structure,N,
空中变体,5,0.0,5.52687,3.552687,Aircraft,N,
飞机最优展弦比,5,0.0,5.521858,3.552186,Aircraft,N,
大展,5,0.000864,5.501087,3.550368,Concept,N,
平面设计,5,0.000864,5.49626,3.549885,Concept,N,
中心位置,5,0.0,5.4978,3.54978,Concept,N,
客机,5,0.000864,5.486955,3.548955,Concept,N,
固定翼飞机,5,0.0,5.486955,3.548696,Aircraft,N,
变体飞行器使用副翼,5,0.0,5.388012,3.538801,Mission,N,
变化对于双翼,5,0.0,5.388012,3.538801,Concept,N,
早期双翼,5,0.0,5.388012,3.538801,Concept,N,
活动机翼两侧副翼,5,0.0,5.388012,3.538801,Structure,N,
翼展比为,5,0.0,5.388012,3.538801,Concept,N,
飞行器使用副翼,5,0.0,5.388012,3.538801,Mission,N,
验证机从单翼,5,0.0,5.388012,3.538801,Concept,N,
一架,5,0.000864,5.365344,3.536794,Concept,N,
一节,5,0.000864,5.330578,3.533317,Concept,N,
周围,4,0.000691,11.328455,3.533053,Concept,N,
描述二维,4,0.0,11.328455,3.532845,Concept,N,
重点,5,0.000864,5.320697,3.532329,Concept,N,
翼型不同,5,0.0,5.296544,3.529654,Structure,N,
携带,4,0.000691,11.27296,3.527503,Concept,N,
周围流场,4,0.0,11.27296,3.527296,Concept,N,
收益代价边界,4,0.0,11.27296,3.527296,Concept,N,
燃油携带,4,0.0,11.27296,3.527296,Concept,N,
原理验证飞行试验,5,0.0,5.248082,3.524808,Mission,N,
提高双翼,5,0.0,5.140278,3.514028,Concept,N,
低速,5,0.000864,5.127052,3.512964,Concept,N,
两个活动机翼,5,0.0,5.124977,3.512498,Structure,N,
拟定飞机,5,0.0,5.10682,3.510682,Aircraft,N,
飞行测试,5,0.0,5.104453,3.510445,Mission,N,
攻角改变,5,0.0,5.043778,3.504378,Parameter,N,
变体过程公转,5,0.0,5.030774,3.503077,Aircraft,N,
使用副翼,5,0.0,5.017459,3.501746,Concept,N,
机翼带有,5,0.0,5.013024,3.501302,Structure,N,
两根,5,0.000864,4.949128,3.495172,Concept,N,
机翼分为,5,0.0,4.926204,3.49262,Structure,N,
教师,4,0.000691,10.924065,3.492614,Concept,N,
同步,5,0.000864,4.881939,3.488453,Concept,N,
根比过,5,0.000864,4.875209,3.48778,Concept,N,
类似,4,0.000691,10.871597,3.487367,Concept,N,
验证飞行试验,5,0.0,4.866775,3.486677,Mission,N,
过程公转,5,0.0,4.841955,3.484196,Concept,N,
攻角下变体,5,0.0,4.816377,3.481638,Parameter,N,
通过副翼,5,0.0,4.779595,3.47796,Concept,N,
相当,5,0.000864,4.738932,3.474152,Concept,N,
升力系数变化,5,0.0,4.66549,3.466549,Concept,N,
不同翼展,5,0.0,4.64168,3.464168,Concept,N,
背景网格,4,0.0,10.634558,3.463456,Concept,N,
飞行稳定,5,0.0,4.628015,3.462802,Mission,N,
飞机最优,5,0.0,4.521858,3.452186,Aircraft,N,
创新,4,0.000691,10.468385,3.447046,Concept,N,
飞机最大起飞重量,5,0.0,4.457728,3.445773,Mission,N,
不同构型,5,0.0,4.424868,3.442487,Concept,N,
飞机最大起飞,5,0.0,4.396327,3.439633,Mission,N,
概念设计,5,0.000864,4.387735,3.439033,Concept,N,
尽管,4,0.000691,10.357024,3.43591,Concept,N,
降低活动机翼,5,0.0,4.339102,3.43391,Structure,N,
提供指导,4,0.0,10.300441,3.430044,Concept,N,
提供足够,4,0.0,10.300441,3.430044,Concept,N,
机翼变体方案,5,0.0,4.264563,3.426456,Structure,N,
降低活动,5,0.0,4.252687,3.425269,Concept,N,
单翼布局,5,0.0,4.231001,3.4231,Concept,N,
最小,5,0.000864,4.228071,3.423066,Concept,N,
传统变体,5,0.0,4.204942,3.420494,Aircraft,N,
垂直方向,4,0.0,10.193525,3.419353,Concept,N,
改变飞机,5,0.0,4.173935,3.417393,Aircraft,N,
过高,5,0.000864,4.16799,3.417058,Concept,N,
柔性蒙皮,4,0.0,10.16799,3.416799,Concept,N,
机从单翼,5,0.0,4.165027,3.416503,Concept,N,
升力变化情况,5,0.0,4.152779,3.415278,Concept,N,
随着机翼,5,0.0,4.144844,3.414484,Structure,N,
气动规律,5,0.0,4.112708,3.411271,Performance,N,
零升攻角提前,4,0.0,10.106063,3.410606,Parameter,N,
连杆产生,5,0.0,4.09681,3.409681,Concept,N,
指标,4,0.000691,10.07522,3.407729,Concept,N,
飞机起降翼展,5,0.0,4.074399,3.40744,Aircraft,N,
优于,5,0.000864,4.050142,3.405273,Concept,N,
部署,4,0.000691,10.035096,3.403717,Concept,N,
非定常数值,4,0.0,10.0236,3.40236,Concept,N,
容易,4,0.000691,9.945598,3.394767,Concept,N,
活动机翼产生,5,0.0,3.946785,3.394678,Structure,N,
于单,5,0.000864,3.941284,3.394388,Concept,N,
从图,5,0.000864,3.873627,3.387622,Concept,N,
活动机翼运动,5,0.0,3.853675,3.385368,Structure,N,
研究生,5,0.000864,3.845999,3.384859,Concept,N,
代价边界,4,0.0,9.830955,3.383096,Concept,N,
气动驱动,5,0.0,3.818525,3.381852,Mechanism,N,
用于变体,5,0.0,3.816377,3.381638,Aircraft,N,
调整,4,0.000691,9.764866,3.376694,Concept,N,
角下,5,0.000864,3.744893,3.374748,Concept,N,
机翼空间,5,0.0,3.746295,3.374629,Structure,N,
三种不同布局,4,0.0,9.743492,3.374349,Concept,N,
国内外,4,0.000691,9.736438,3.373851,Concept,N,
期间完成,4,0.0,9.734094,3.373409,Concept,N,
分别固定,5,0.0,3.715767,3.371577,Concept,N,
连杆对于,5,0.0,3.702531,3.370253,Concept,N,
伸缩机翼方案,4,0.0,9.685731,3.368573,Structure,N,
变体失效,5,0.0,3.664374,3.366437,Aircraft,N,
空间侵占,4,0.0,9.640399,3.36404,Concept,N,
综合来看,4,0.0,9.600001,3.36,Concept,N,
气动力矩,5,0.0,3.598135,3.359813,Performance,N,
处于其他位置,4,0.0,9.566252,3.356625,Concept,N,
状态上下,5,0.0,3.549669,3.354967,Concept,N,
抗风,4,0.000691,9.532111,3.353418,Concept,N,
飞行器基础,5,0.0,3.524134,3.352413,Mission,N,
扩充,4,0.000691,9.5211,3.352317,Concept,N,
首先建立,4,0.0,9.49838,3.349838,Concept,N,
博士学位,4,0.000691,9.477318,3.347939,Concept,N,
对此,5,0.000864,3.472963,3.347556,Concept,N,
零升攻角滞后,4,0.0,9.461721,3.346172,Parameter,N,
无人,4,0.000691,9.457551,3.345962,Concept,N,
前缘,4,0.000691,9.452058,3.345413,Concept,N,
间断位置,4,0.0,9.453986,3.345399,Concept,N,
蜂窝,3,0.000518,15.415918,3.341747,Concept,N,
无人机为例,4,0.0,9.415918,3.341592,Aircraft,N,
个人简历,4,0.000691,9.400967,3.340304,Concept,N,
学术成果,4,0.0,9.342669,3.334267,Concept,N,
学科耦合,4,0.0,9.342669,3.334267,Concept,N,
尽可能,4,0.000691,9.335544,3.333762,Concept,N,
相关学术,4,0.0,9.293521,3.329352,Concept,N,
相关学术成果,4,0.0,9.293521,3.329352,Concept,N,
二者,4,0.000691,9.276366,3.327844,Concept,N,
当下,5,0.000864,3.253999,3.325659,Concept,N,
降低飞机,5,0.0,3.244324,3.324432,Aircraft,N,
三种应用方向,4,0.0,9.219521,3.321952,Concept,N,
机翼一般,5,0.0,3.211958,3.321196,Structure,N,
舰载长航,4,0.0,9.180701,3.31807,Concept,N,
小时,5,0.000864,3.165975,3.316857,Concept,N,
两种模式,4,0.0,9.142899,3.31429,Concept,N,
制定,5,0.000864,3.128205,3.31308,Concept,N,
涡流,4,0.000691,9.124363,3.312644,Concept,N,
攻角滞后,4,0.0,9.114168,3.311417,Parameter,N,
相比,5,0.000864,3.103697,3.310629,Concept,N,
极大降低,4,0.0,9.09399,3.309399,Concept,N,
综合检验,4,0.0,9.082017,3.308202,Concept,N,
滚转扰动力矩,4,0.0,9.070143,3.307014,Concept,N,
两侧机翼,5,0.0,3.049687,3.304969,Structure,N,
嵌套,3,0.000518,15.00088,3.300244,Concept,N,
措施,3,0.000518,15.00088,3.300244,Concept,N,
有所下降,4,0.0,8.984072,3.298407,Concept,N,
有效升力面积,4,0.0,8.984072,3.298407,Concept,N,
有效解决,4,0.0,8.984072,3.298407,Concept,N,
全机最大起飞重量,4,0.0,8.961961,3.296196,Mission,N,
机翼位置关系,5,0.0,2.903836,3.290384,Structure,N,
机翼实际,5,0.0,2.903836,3.290384,Structure,N,
同步失速,4,0.0,8.830955,3.283096,Concept,N,
上下双翼,5,0.0,2.81835,3.281835,Concept,N,
重新组成,4,0.0,8.806123,3.280612,Concept,N,
函数,4,0.000691,8.791427,3.27935,Concept,N,
平面外形,4,0.0,8.791427,3.279143,Concept,N,
伴飞无人机视角,4,0.0,8.767261,3.276726,Aircraft,N,
无人机视角,4,0.0,8.767261,3.276726,Aircraft,N,
位置关系变化情况,4,0.0,8.75612,3.275612,Concept,N,
弯曲变形,4,0.0,8.721657,3.272166,Mechanism,N,
向下偏转,4,0.0,8.715478,3.271548,Concept,N,
莫哈韦,3,0.000518,14.678952,3.268051,Concept,N,
机翼分别,5,0.0,2.650079,3.265008,Structure,N,
验证机在单翼构型,4,0.0,8.647733,3.264773,Concept,N,
攻角提前,4,0.0,8.628741,3.262874,Parameter,N,
满足上述,4,0.0,8.621502,3.26215,Concept,N,
作用中心,4,0.0,8.620419,3.262042,Concept,N,
综合考虑,4,0.0,8.600001,3.26,Concept,N,
作为一个,4,0.0,8.593613,3.259361,Concept,N,
分别展示,4,0.0,8.574616,3.257462,Concept,N,
根比机翼,5,0.0,2.574528,3.257453,Structure,N,
程序,4,0.000691,8.549669,3.255174,Concept,N,
几何尺寸,4,0.0,8.493086,3.249309,Concept,N,
降低连杆,5,0.0,2.489128,3.248913,Concept,N,
变体过程通过,5,0.0,2.474381,3.247438,Aircraft,N,
发动机参数,4,0.0,8.469499,3.24695,Parameter,N,
避免,3,0.000518,14.415918,3.241747,Concept,N,
一个整体来看,4,0.0,8.400967,3.240097,Concept,N,
分别来看,4,0.0,8.346244,3.234624,Concept,N,
活动机翼处于其他,4,0.0,8.339102,3.23391,Structure,N,
活动机翼处于最高点,4,0.0,8.339102,3.23391,Structure,N,
以上两点,4,0.0,8.331995,3.2332,Concept,N,
失速同步性,4,0.0,8.31438,3.231438,Concept,N,
对于飞机稳定性,4,0.0,8.31438,3.231438,Performance,N,
滚转稳定性,4,0.0,8.31438,3.231438,Performance,N,
几何关系,4,0.0,8.300441,3.230044,Concept,N,
侦察机起降,4,0.0,8.291796,3.22918,Concept,N,
过程通过,5,0.0,2.285562,3.228556,Concept,N,
事故,3,0.000518,14.263915,3.226547,Concept,N,
比较复杂,4,0.000691,8.226093,3.222817,Concept,N,
时为,5,0.000864,2.219395,3.222199,Concept,N,
估算,4,0.000691,8.211347,3.221342,Concept,N,
根比过小时,4,0.0,8.183897,3.21839,Concept,N,
智能,4,0.000691,8.165619,3.216769,Concept,N,
共同,4,0.000691,8.152883,3.215496,Concept,N,
航程收益,4,0.0,8.151475,3.215148,Performance,N,
挠度,4,0.000691,8.103035,3.210511,Concept,N,
不同宽度,4,0.0,8.103035,3.210303,Concept,N,
团队,3,0.000518,14.00088,3.200244,Concept,N,
归纳,3,0.000518,14.00088,3.200244,Concept,N,
战斗,3,0.000518,14.00088,3.200244,Concept,N,
挑战,3,0.000518,14.00088,3.200244,Concept,N,
变体布局,5,0.0,1.991948,3.199195,Aircraft,N,
损失一部分,4,0.0,7.989653,3.198965,Concept,N,
扭矩作用,4,0.0,7.931207,3.193121,Concept,N,
等值线图,4,0.000691,7.926739,3.192881,Concept,N,
包线示意图,4,0.0,7.926739,3.192674,Concept,N,
转轴,4,0.000691,7.908123,3.19102,Concept,N,
对于变体,5,0.0,1.877777,3.187778,Aircraft,N,
连杆两端,4,0.0,7.811056,3.181106,Concept,N,
满足如下,4,0.0,7.808587,3.180859,Concept,N,
研究院,4,0.000691,7.762476,3.176455,Concept,N,
角下上下机翼处于,4,0.0,7.750582,3.175058,Structure,N,
充分验证,4,0.0,7.724756,3.172476,Concept,N,
包线对比,4,0.0,7.708559,3.170856,Concept,N,
激波,3,0.000518,13.678952,3.168051,Concept,N,
答辩委员会决议书,3,0.0,13.678952,3.167895,Concept,N,
舵效,4,0.000691,7.620058,3.162213,Concept,N,
升力分布接近,4,0.0,7.618256,3.161826,Concept,N,
本章首先开展,4,0.0,7.610711,3.161071,Concept,N,
仿鸟,3,0.000518,13.567921,3.156948,Concept,N,
机翼通过,5,0.0,1.545382,3.154538,Structure,N,
太阳神,3,0.000518,13.541449,3.1543,Concept,N,
伸缩变体,5,0.0,1.535091,3.153509,Aircraft,N,
安定性,4,0.000691,7.507025,3.15091,Concept,N,
降低诱导,4,0.0,7.509027,3.150903,Concept,N,
失速速度,4,0.0,7.465605,3.14656,Parameter,N,
增加飞机,5,0.0,1.457728,3.145773,Aircraft,N,
关系变化情况,4,0.0,7.45656,3.145656,Concept,N,
协调,3,0.000518,13.415918,3.141747,Concept,N,
往往,3,0.000518,13.415918,3.141747,Concept,N,
两者,4,0.000691,7.388012,3.139009,Concept,N,
进一,4,0.000691,7.387671,3.138974,Concept,N,
角下上下,4,0.0,7.379744,3.137974,Concept,N,
小幅,4,0.000691,7.339102,3.134118,Concept,N,
气动弹性,4,0.000691,7.3351,3.133717,Performance,N,
贡献,3,0.000518,13.300441,3.1302,Concept,N,
委员会决议书,3,0.0,13.300441,3.130044,Concept,N,
后者,4,0.000691,7.291796,3.129387,Concept,N,
主要包括,4,0.0,7.286635,3.128663,Concept,N,
很小,4,0.000691,7.268713,3.127079,Concept,N,
过于,5,0.000864,1.23962,3.124221,Concept,N,
位置关系变化,4,0.0,7.212978,3.121298,Concept,N,
马丁,3,0.000518,13.193525,3.119508,Concept,N,
开展数值,4,0.0,7.193525,3.119353,Concept,N,
进一步明确,4,0.0,7.15853,3.115853,Concept,N,
同步性,4,0.000691,7.144455,3.114653,Concept,N,
前文,4,0.000691,7.138398,3.114047,Concept,N,
连杆一侧,4,0.0,7.110616,3.111062,Concept,N,
制造,4,0.000691,7.09399,3.109606,Concept,N,
仿真,3,0.000518,13.09399,3.109554,Concept,N,
博士,3,0.000518,13.09399,3.109554,Concept,N,
骑士,3,0.000518,13.09399,3.109554,Concept,N,
教师评语,3,0.0,13.09399,3.109399,Concept,N,
民用领域,3,0.0,13.09399,3.109399,Concept,N,
马丁公司,3,0.0,13.09399,3.109399,Concept,N,
大幅增加,4,0.0,7.085001,3.1085,Concept,N,
抗侧,4,0.000691,7.064242,3.106632,Concept,N,
型号,4,0.000691,7.062771,3.106484,Concept,N,
研究员,4,0.000691,7.062036,3.106411,Concept,N,
侵占方面,4,0.0,7.055436,3.105544,Concept,N,
结合以上,4,0.0,7.021812,3.102181,Concept,N,
摩擦阻力,4,0.000691,7.003701,3.100577,Concept,N,
对于双翼升力阻力,4,0.0,7.003701,3.10037,Concept,N,
自身重力,4,0.0,7.003701,3.10037,Concept,N,
降低诱导阻力,4,0.0,7.003701,3.10037,Concept,N,
切换,3,0.000518,13.00088,3.100244,Mechanism,N,
平尾,4,0.000691,6.959221,3.096129,Concept,N,
重量最优,4,0.0,6.936587,3.093659,Concept,N,
推杆驱动,4,0.0,6.916072,3.091607,Mechanism,N,
滚转扰动,4,0.0,6.916072,3.091607,Concept,N,
不再,4,0.000691,6.908123,3.09102,Concept,N,
主梁,4,0.000691,6.897592,3.089967,Concept,N,
为了进一步,4,0.0,6.866454,3.086645,Concept,N,
升力系数损失,4,0.0,6.846062,3.084606,Concept,N,
展向升力中心,4,0.0,6.803356,3.080336,Concept,N,
部分分别,4,0.0,6.798756,3.079876,Concept,N,
匹配,3,0.000518,12.752953,3.075451,Concept,N,
失效情况,4,0.0,6.734094,3.073409,Concept,N,
原理验证飞行,5,0.0,0.733197,3.07332,Mission,N,
进入,4,0.000691,6.709134,3.071121,Concept,N,
气动中心变化情况,4,0.0,6.69767,3.069767,Performance,N,
对于常规,4,0.0,6.682902,3.06829,Concept,N,
承担,3,0.000518,12.678952,3.068051,Concept,N,
飞机处于双翼构型,4,0.0,6.66103,3.066103,Aircraft,N,
飞行器使用气动力,4,0.0,6.66103,3.066103,Performance,N,
飞行器使用气动力驱动,4,0.0,6.66103,3.066103,Mechanism,N,
有效升力,4,0.0,6.609637,3.060964,Concept,N,
主要开展,4,0.0,6.608563,3.060856,Concept,N,
展弦比飞机起降,4,0.0,6.60374,3.060374,Aircraft,N,
每个活动,4,0.0,6.594144,3.059414,Concept,N,
改变展长,4,0.0,6.578816,3.057882,Concept,N,
升力等于,4,0.0,6.527175,3.052717,Concept,N,
对于双翼升力,4,0.0,6.495466,3.049547,Concept,N,
指导教师评语,3,0.0,12.477318,3.047732,Concept,N,
一个整体,4,0.0,6.470474,3.047047,Concept,N,
飞行器总体,4,0.0,6.470474,3.047047,Mission,N,
评语,3,0.000518,12.45656,3.045811,Concept,N,
固定机翼运动,4,0.0,6.425341,3.042534,Structure,N,
军队,3,0.000518,12.415918,3.041747,Concept,N,
符号,3,0.000518,12.415918,3.041747,Concept,N,
碳纤维复合材料,3,0.0,12.415918,3.041592,Concept,N,
验证飞行,5,0.0,0.351891,3.035189,Mission,N,
随着展弦比,4,0.0,6.338509,3.033851,Concept,N,
洛克希德,3,0.000518,12.300441,3.0302,Concept,N,
系数损失,4,0.0,6.2611,3.02611,Concept,N,
决议书,3,0.000518,12.245993,3.024755,Concept,N,
锥形滑块,3,0.0,12.245993,3.024599,Concept,N,
重量分布,4,0.0,6.226093,3.022609,Concept,N,
发生改变,4,0.0,6.198364,3.019836,Concept,N,
变体包线对比,4,0.0,6.198364,3.019836,Aircraft,N,
变体扩充,4,0.0,6.198364,3.019836,Aircraft,N,
变体试验平台,4,0.0,6.198364,3.019836,Aircraft,N,
变体飞行器总体,4,0.0,6.198364,3.019836,Mission,N,
变化平稳,4,0.0,6.198364,3.019836,Concept,N,
变形体现,4,0.0,6.198364,3.019836,Mechanism,N,
攻角基本不变,4,0.0,6.198364,3.019836,Parameter,N,
飞机自身,4,0.0,6.173935,3.017393,Aircraft,N,
变体机构增重,4,0.0,6.079411,3.007941,Aircraft,N,
略有,4,0.000691,6.077181,3.007926,Concept,N,
乃至,3,0.000518,12.046684,3.004824,Concept,N,
进一步降低,4,0.0,6.006527,3.000653,Concept,N,
适用于单,4,0.0,6.00423,3.000423,Concept,N,
三个构型双翼斯瓦尔德,5,0.0,0.0,3.0,Concept,N,
上下间距以内,5,0.0,0.0,3.0,Concept,N,
不同双翼,5,0.0,0.0,3.0,Concept,N,
不同相对位置双翼,5,0.0,0.0,3.0,Concept,N,
两个多个,5,0.0,0.0,3.0,Concept,N,
于单折叠,5,0.0,0.0,3.0,Mechanism,N,
于单折叠变体,5,0.0,0.0,3.0,Mechanism,N,
产生气动力驱动变体,5,0.0,0.0,3.0,Mechanism,N,
代价变体,5,0.0,0.0,3.0,Aircraft,N,
传递连杆,5,0.0,0.0,3.0,Concept,N,
位置活动,5,0.0,0.0,3.0,Concept,N,
位置活动机翼,5,0.0,0.0,3.0,Structure,N,
使用折叠变体,5,0.0,0.0,3.0,Mechanism,N,
使用网格,5,0.0,0.0,3.0,Concept,N,
偏转活动,5,0.0,0.0,3.0,Concept,N,
偏转活动机翼,5,0.0,0.0,3.0,Structure,N,
全机升力,5,0.0,0.0,3.0,Concept,N,
全机自由度,5,0.0,0.0,3.0,Concept,N,
全机自由度动力学,5,0.0,0.0,3.0,Concept,N,
公转活动,5,0.0,0.0,3.0,Concept,N,
公转自转角度,5,0.0,0.0,3.0,Parameter,N,
公转角度变化曲线,5,0.0,0.0,3.0,Parameter,N,
关系连杆,5,0.0,0.0,3.0,Concept,N,
几何外形折叠,5,0.0,0.0,3.0,Mechanism,N,
几何外形折叠变体,5,0.0,0.0,3.0,Mechanism,N,
几何外形约束目标,5,0.0,0.0,3.0,Concept,N,
分别两侧,5,0.0,0.0,3.0,Concept,N,
副翼面积攻角副翼,5,0.0,0.0,3.0,Structure,N,
力矩折叠,5,0.0,0.0,3.0,Mechanism,N,
力矩连杆,5,0.0,0.0,3.0,Concept,N,
升力系数诱导,5,0.0,0.0,3.0,Concept,N,
原准机折叠,5,0.0,0.0,3.0,Mechanism,N,
原准机折叠变体,5,0.0,0.0,3.0,Mechanism,N,
原有机翼,5,0.0,0.0,3.0,Structure,N,
原有约束,5,0.0,0.0,3.0,Concept,N,
双翼主要,5,0.0,0.0,3.0,Concept,N,
双翼整体弯度,5,0.0,0.0,3.0,Concept,N,
双翼机翼,5,0.0,0.0,3.0,Structure,N,
变体作动器,5,0.0,0.0,3.0,Aircraft,N,
变体作动器直接,5,0.0,0.0,3.0,Aircraft,N,
变体增重,5,0.0,0.0,3.0,Aircraft,N,
变体影响,5,0.0,0.0,3.0,Aircraft,N,
变体活动,5,0.0,0.0,3.0,Aircraft,N,
变体活动机翼,5,0.0,0.0,3.0,Structure,N,
变体程中,5,0.0,0.0,3.0,Aircraft,N,
变体过程两侧,5,0.0,0.0,3.0,Aircraft,N,
变体过程公转自转,5,0.0,0.0,3.0,Aircraft,N,
变体过程受力,5,0.0,0.0,3.0,Aircraft,N,
变体过程空气,5,0.0,0.0,3.0,Aircraft,N,
变体过程空气动力学,5,0.0,0.0,3.0,Performance,N,
变体过程飞机压力,5,0.0,0.0,3.0,Aircraft,N,
变体重量,5,0.0,0.0,3.0,Aircraft,N,
变体飞行器应用,5,0.0,0.0,3.0,Mission,N,
变体飞行器总体设计折叠,5,0.0,0.0,3.0,Mechanism,N,
变化副翼,5,0.0,0.0,3.0,Concept,N,
变化变化,5,0.0,0.0,3.0,Concept,N,
变化情况从图,5,0.0,0.0,3.0,Concept,N,
变化情况变体,5,0.0,0.0,3.0,Aircraft,N,
变化情况变体过程,5,0.0,0.0,3.0,Aircraft,N,
固定机翼机身,5,0.0,0.0,3.0,Structure,N,
增重全机,5,0.0,0.0,3.0,Concept,N,
外形折叠,5,0.0,0.0,3.0,Mechanism,N,
外形折叠变体,5,0.0,0.0,3.0,Mechanism,N,
外形约束目标,5,0.0,0.0,3.0,Concept,N,
姿态变化,5,0.0,0.0,3.0,Concept,N,
姿态变化情况,5,0.0,0.0,3.0,Concept,N,
完善折叠,5,0.0,0.0,3.0,Mechanism,N,
完善折叠变体,5,0.0,0.0,3.0,Mechanism,N,
对单折叠变体飞行器,5,0.0,0.0,3.0,Mechanism,N,
对比折叠,5,0.0,0.0,3.0,Mechanism,N,
对比折叠变体,5,0.0,0.0,3.0,Mechanism,N,
常规展弦比,5,0.0,0.0,3.0,Concept,N,
建立折叠,5,0.0,0.0,3.0,Mechanism,N,
建立折叠变体,5,0.0,0.0,3.0,Mechanism,N,
引起变形活动,5,0.0,0.0,3.0,Mechanism,N,
引起变形活动机翼,5,0.0,0.0,3.0,Mechanism,N,
弯曲引起变形,5,0.0,0.0,3.0,Mechanism,N,
形成折叠变体飞行器,5,0.0,0.0,3.0,Mechanism,N,
总体设计折叠,5,0.0,0.0,3.0,Mechanism,N,
总体设计折叠变体,5,0.0,0.0,3.0,Mechanism,N,
总体设计折叠变体飞行器,5,0.0,0.0,3.0,Mechanism,N,
总结展望,5,0.0,0.0,3.0,Concept,N,
情况从图,5,0.0,0.0,3.0,Concept,N,
情况副翼,5,0.0,0.0,3.0,Concept,N,
情况进一步,5,0.0,0.0,3.0,Concept,N,
折叠变体布局,5,0.0,0.0,3.0,Mechanism,N,
折叠变体方案,5,0.0,0.0,3.0,Mechanism,N,
折叠变体气动,5,0.0,0.0,3.0,Mechanism,N,
折叠变体过程升力,5,0.0,0.0,3.0,Mechanism,N,
折叠变体飞行器初始,5,0.0,0.0,3.0,Mechanism,N,
攻角下变体过程飞机,5,0.0,0.0,3.0,Parameter,N,
攻角副翼,5,0.0,0.0,3.0,Parameter,N,
攻角副翼面积,5,0.0,0.0,3.0,Structure,N,
攻角副翼面积攻角,5,0.0,0.0,3.0,Structure,N,
攻角升力,5,0.0,0.0,3.0,Parameter,N,
攻角升力斜率,5,0.0,0.0,3.0,Parameter,N,
攻角升力斜率最大,5,0.0,0.0,3.0,Parameter,N,
方式折叠,5,0.0,0.0,3.0,Mechanism,N,
方面付出代价,5,0.0,0.0,3.0,Concept,N,
明确折叠变体,5,0.0,0.0,3.0,Mechanism,N,
最高点连杆,5,0.0,0.0,3.0,Concept,N,
机构变体,5,0.0,0.0,3.0,Aircraft,N,
机翼前后,5,0.0,0.0,3.0,Structure,N,
机翼升力重力,5,0.0,0.0,3.0,Structure,N,
机翼升力阻力,5,0.0,0.0,3.0,Structure,N,
机翼参数,5,0.0,0.0,3.0,Structure,N,
机翼固定机翼之间,5,0.0,0.0,3.0,Structure,N,
机翼展向升力,5,0.0,0.0,3.0,Structure,N,
机翼展弦比,5,0.0,-1.183627,3.0,Structure,N,
机翼攻角变化,5,0.0,0.0,3.0,Structure,N,
机翼最大,5,0.0,0.0,3.0,Structure,N,
机翼气动中心,5,0.0,0.0,3.0,Structure,N,
机翼气动力,5,0.0,0.0,3.0,Structure,N,
机翼活动机翼升力,5,0.0,0.0,3.0,Structure,N,
机翼相互干扰损失,5,0.0,0.0,3.0,Structure,N,
机翼设计方案,5,0.0,0.0,3.0,Structure,N,
来自活动机翼,5,0.0,0.0,3.0,Structure,N,
来说机翼,5,0.0,0.0,3.0,Structure,N,
构型双翼压力,5,0.0,0.0,3.0,Concept,N,
构型双翼压力分布,5,0.0,0.0,3.0,Concept,N,
构型双翼斯瓦尔德,5,0.0,0.0,3.0,Concept,N,
构型双翼斯瓦尔德因子,5,0.0,0.0,3.0,Concept,N,
构型变体,5,0.0,-0.761891,3.0,Aircraft,N,
气动特性变体过程,5,0.0,0.0,3.0,Performance,N,
测试试飞,5,0.0,0.0,3.0,Concept,N,
特性特性,5,0.0,0.0,3.0,Concept,N,
特性连杆,5,0.0,0.0,3.0,Concept,N,
状态活动,5,0.0,0.0,3.0,Concept,N,
状态活动机翼,5,0.0,0.0,3.0,Structure,N,
看出飞机,5,0.0,0.0,3.0,Aircraft,N,
章为折叠,5,0.0,0.0,3.0,Mechanism,N,
章为折叠变体,5,0.0,0.0,3.0,Mechanism,N,
系数失速攻角变化,5,0.0,0.0,3.0,Parameter,N,
系数诱导阻力系数,5,0.0,0.0,3.0,Concept,N,
系数零升,5,0.0,0.0,3.0,Concept,N,
系数零升阻力,5,0.0,0.0,3.0,Concept,N,
系数零升阻力系数,5,0.0,0.0,3.0,Concept,N,
翼尖扭转,5,0.0,0.0,3.0,Concept,N,
翼展双翼,5,0.0,0.0,3.0,Concept,N,
翼展机翼,5,0.0,0.0,3.0,Structure,N,
翼展航程起降,5,0.0,0.0,3.0,Performance,N,
翼展航程起降翼展,5,0.0,0.0,3.0,Performance,N,
航程展弦比,5,0.0,0.0,3.0,Performance,N,
航程起降翼展,5,0.0,0.0,3.0,Performance,N,
航程起降翼展变化,5,0.0,0.0,3.0,Performance,N,
角度变化曲线,5,0.0,0.0,3.0,Parameter,N,
解决展弦比,5,0.0,0.0,3.0,Concept,N,
讨论折叠,5,0.0,0.0,3.0,Mechanism,N,
讨论折叠变体,5,0.0,0.0,3.0,Mechanism,N,
起降翼展变化,5,0.0,0.0,3.0,Concept,N,
起降翼展变化情况,5,0.0,0.0,3.0,Concept,N,
起降翼展航程起降,5,0.0,0.0,3.0,Performance,N,
过程两侧,5,0.0,0.0,3.0,Concept,N,
过程公转自转,5,0.0,0.0,3.0,Concept,N,
过程受力,5,0.0,0.0,3.0,Concept,N,
过程活动机翼升力,5,0.0,0.0,3.0,Structure,N,
过程空气,5,0.0,0.0,3.0,Concept,N,
过程空气动力学,5,0.0,0.0,3.0,Performance,N,
过程空气动力学特性,5,0.0,0.0,3.0,Performance,N,
过程飞机压力,5,0.0,0.0,3.0,Aircraft,N,
过程飞机压力分布,5,0.0,0.0,3.0,Aircraft,N,
连杆两个,5,0.0,0.0,3.0,Concept,N,
连杆弯曲引起变形,5,0.0,0.0,3.0,Mechanism,N,
连杆抗弯,5,0.0,0.0,3.0,Concept,N,
连杆连杆,5,0.0,0.0,3.0,Concept,N,
通过机翼,5,0.0,-0.039581,3.0,Structure,N,
间距以内,5,0.0,0.0,3.0,Concept,N,
阻力产生弯矩,5,0.0,0.0,3.0,Concept,N,
阻力提高,5,0.0,0.0,3.0,Concept,N,
阻力系数对应,5,0.0,0.0,3.0,Concept,N,
阻力飞机,5,0.0,0.0,3.0,Aircraft,N,
零升攻角升力,5,0.0,0.0,3.0,Parameter,N,
零升攻角升力斜率,5,0.0,0.0,3.0,Parameter,N,
零升阻力系数对应,5,0.0,0.0,3.0,Concept,N,
非定常定常,5,0.0,0.0,3.0,Concept,N,
面积攻角副翼,5,0.0,0.0,3.0,Parameter,N,
面积攻角副翼面积,5,0.0,0.0,3.0,Structure,N,
额外力矩,5,0.0,0.0,3.0,Concept,N,
飞机压力分布变化,5,0.0,0.0,3.0,Aircraft,N,
飞机机翼面积,5,0.0,0.0,3.0,Structure,N,
飞行器几何外形折叠,5,0.0,0.0,3.0,Mechanism,N,
飞行器基础通过,5,0.0,0.0,3.0,Mission,N,
飞行器基础通过折叠,5,0.0,0.0,3.0,Mechanism,N,
飞行器总体设计折叠,5,0.0,0.0,3.0,Mechanism,N,
飞行器总体设计折叠变体,5,0.0,0.0,3.0,Mechanism,N,
飞行器折叠,5,0.0,0.0,3.0,Mechanism,N,
飞行器折叠变体,5,0.0,0.0,3.0,Mechanism,N,
驱动变体作动器,5,0.0,0.0,3.0,Mechanism,N,
驱动变体作动器直接,5,0.0,0.0,3.0,Mechanism,N,
验证完成,5,0.0,0.0,3.0,Concept,N,
验证折叠变体概念,5,0.0,0.0,3.0,Mechanism,N,
总体方案,4,0.000691,5.985291,2.998736,Concept,N,
受到,4,0.000691,5.958537,2.996061,Concept,N,
参数相较,4,0.0,5.951032,2.995103,Parameter,N,
用于变体过程,4,0.0,5.948312,2.994831,Aircraft,N,
起飞翼展,4,0.0,5.933446,2.993345,Mission,N,
关系变化,4,0.0,5.913417,2.991342,Concept,N,
直到,4,0.000691,5.884536,2.988661,Concept,N,
几何构型,4,0.0,5.874176,2.987418,Concept,N,
坐标,3,0.000518,11.791427,2.979298,Concept,N,
工学,4,0.000691,5.78808,2.979015,Concept,N,
双翼作为,4,0.0,5.767061,2.976706,Concept,N,
如表,4,0.000691,5.761282,2.976336,Concept,N,
机械,4,0.000691,5.74999,2.975206,Concept,N,
伴飞无人机,4,0.0,5.74999,2.974999,Aircraft,N,
使得飞机,4,0.0,5.74999,2.974999,Aircraft,N,
机翼准备,4,0.0,5.74999,2.974999,Structure,N,
机翼分别来看,4,0.0,5.74999,2.974999,Structure,N,
机翼处于其他,4,0.0,5.74999,2.974999,Structure,N,
机翼处于其他位置,4,0.0,5.74999,2.974999,Structure,N,
机翼解除,4,0.0,5.74999,2.974999,Structure,N,
机翼解除固定,4,0.0,5.74999,2.974999,Structure,N,
机身姿态,4,0.0,5.74999,2.974999,Structure,N,
机身顶部翼台,4,0.0,5.74999,2.974999,Structure,N,
推杆,4,0.000691,5.70626,2.970833,Concept,N,
间距增加,4,0.0,5.695959,2.969596,Concept,N,
减小活动,4,0.0,5.667725,2.966772,Concept,N,
相较单翼构型,4,0.0,5.629104,2.96291,Concept,N,
得出,4,0.000691,5.619554,2.962163,Concept,N,
压力分布和翼尖,3,0.0,11.608563,2.960856,Concept,N,
机翼前缘,4,0.0,5.604276,2.960428,Structure,N,
机翼攻角改变,4,0.0,5.604276,2.960428,Structure,N,
对于双翼气动,4,0.0,5.566426,2.956643,Performance,N,
扩展一倍,3,0.0,11.563475,2.956347,Concept,N,
多种,4,0.000691,5.548253,2.955033,Concept,N,
及其变化规律,3,0.0,11.541449,2.954145,Concept,N,
飞行阶段,4,0.0,5.540552,2.954055,Mission,N,
变体飞行器总体参数,4,0.0,5.533275,2.953327,Mission,N,
伴飞,4,0.000691,5.491105,2.949318,Concept,N,
机翼结构设计,4,0.0,5.452272,2.945227,Structure,N,
分解,4,0.000691,5.404691,2.940676,Concept,N,
传统双翼,4,0.0,5.388012,2.938801,Concept,N,
减小活动机翼,4,0.0,5.388012,2.938801,Structure,N,
原理验证机从单翼,4,0.0,5.388012,2.938801,Concept,N,
原理验证机从双翼,4,0.0,5.388012,2.938801,Concept,N,
描述二维双翼,4,0.0,5.388012,2.938801,Concept,N,
每个活动机翼,4,0.0,5.388012,2.938801,Structure,N,
翼型形状,4,0.0,5.388012,2.938801,Structure,N,
翼根弯矩,4,0.0,5.388012,2.938801,Concept,N,
角下上下机翼,4,0.0,5.388012,2.938801,Structure,N,
飞机处于双翼,4,0.0,5.388012,2.938801,Aircraft,N,
验证机从双翼,4,0.0,5.388012,2.938801,Concept,N,
使得变体,4,0.0,5.342446,2.934245,Aircraft,N,
机翼后方,4,0.0,5.334952,2.933495,Structure,N,
维护,3,0.000518,11.328455,2.933001,Concept,N,
缩略语,3,0.000518,11.328455,2.933001,Concept,N,
开展进一步,4,0.0,5.328455,2.932845,Concept,N,
独立,3,0.000518,11.319056,2.932061,Concept,N,
概念基础,4,0.0,5.307393,2.930739,Concept,N,
气动外形,4,0.0,5.295572,2.929557,Performance,N,
机翼向上,4,0.0,5.282347,2.928235,Structure,N,
机翼开口,4,0.0,5.282347,2.928235,Structure,N,
场地条件,3,0.0,11.27296,2.927296,Concept,N,
两侧连杆,4,0.0,5.256467,2.925647,Concept,N,
综上,4,0.000691,5.213794,2.921587,Concept,N,
放大,4,0.000691,5.192117,2.919419,Concept,N,
缩略语说明,3,0.0,11.193525,2.919353,Concept,N,
不同布局,4,0.0,5.178708,2.917871,Concept,N,
性能参数,4,0.000691,5.175126,2.91772,Performance,N,
充气式伸缩,3,0.0,11.134632,2.913463,Concept,N,
变形情况,4,0.0,5.129232,2.912923,Mechanism,N,
本人,4,0.000691,5.118619,2.912069,Concept,N,
飞行器应用场景,4,0.0,5.109097,2.91091,Mission,N,
飞行器总体参数,4,0.0,5.109097,2.91091,Mission,N,
占用,4,0.000691,5.101996,2.910407,Concept,N,
线性,4,0.000691,5.095211,2.909728,Concept,N,
简单,4,0.000691,5.08515,2.908722,Concept,N,
自主,4,0.000691,5.059649,2.906172,Concept,N,
双翼状态上下,4,0.0,5.026107,2.902611,Concept,N,
力矩最大,4,0.0,5.017174,2.901717,Concept,N,
滑动蒙皮,3,0.0,11.015987,2.901599,Concept,N,
尺寸重量,4,0.0,5.003701,2.90037,Concept,N,
工程,4,0.000691,4.99508,2.899715,Concept,N,
始终,3,0.000518,10.972974,2.897453,Concept,N,
活动机翼重心,4,0.0,4.960591,2.896059,Structure,N,
新型,4,0.000691,4.892846,2.889492,Concept,N,
几乎,3,0.000518,10.892356,2.889391,Concept,N,
仍然,3,0.000518,10.885403,2.888696,Concept,N,
空速,4,0.000691,4.870712,2.887279,Concept,N,
关注变体,4,0.0,4.857019,2.885702,Aircraft,N,
涉及,3,0.000518,10.83765,2.883921,Concept,N,
讨论上下机翼,4,0.0,4.830955,2.883096,Structure,N,
保证变体,4,0.0,4.789905,2.87899,Aircraft,N,
两个连杆,4,0.0,4.781308,2.878131,Concept,N,
柔性桁架,3,0.0,10.715478,2.871548,Concept,N,
升力面积,4,0.0,4.6971,2.86971,Concept,N,
滑块,3,0.000518,10.66103,2.866259,Concept,N,
阵风,3,0.000518,10.631646,2.86332,Concept,N,
下机,4,0.000691,4.629159,2.863123,Concept,N,
两侧活动,4,0.0,4.604989,2.860499,Concept,N,
首先阐述,3,0.0,10.591489,2.859149,Concept,N,
机在单翼构型,4,0.0,4.580065,2.858006,Concept,N,
翼台,4,0.000691,4.449412,2.845149,Concept,N,
湍流,3,0.000518,10.446291,2.844785,Concept,N,
探讨,3,0.000518,10.420936,2.842249,Concept,N,
组上,4,0.000691,4.420245,2.842232,Concept,N,
详细设计方案,3,0.0,10.415918,2.841592,Concept,N,
活动机翼展向,4,0.0,4.413103,2.84131,Structure,N,
无人机遭遇,3,0.0,10.400967,2.840097,Aircraft,N,
变后掠翼,4,0.0,4.388012,2.838801,Concept,N,
再次,3,0.000518,10.38617,2.838773,Concept,N,
讨论上下,4,0.0,4.379744,2.837974,Concept,N,
全球鹰为,4,0.0,4.342892,2.834289,Concept,N,
地面测试,3,0.0,10.342669,2.834267,Concept,N,
气动驱动变体,4,0.0,4.3351,2.83351,Mechanism,N,
公司滑动蒙皮,3,0.0,10.328455,2.832845,Concept,N,
极易,3,0.000518,10.319056,2.832061,Concept,N,
场地要求,3,0.0,10.286635,2.828663,Concept,N,
偏角,4,0.000691,4.275408,2.827748,Concept,N,
副翼不同,4,0.0,4.273704,2.82737,Concept,N,
鹰为,4,0.000691,4.251744,2.825382,Concept,N,
最大变化,4,0.0,4.251639,2.825164,Concept,N,
内容包括,3,0.0,10.219521,2.821952,Concept,N,
作为一个整体来看,3,0.0,10.206464,2.820646,Concept,N,
升力增加,4,0.0,4.173538,2.817354,Concept,N,
弹性蒙皮,3,0.0,10.16799,2.816799,Concept,N,
完成单翼,4,0.0,4.115375,2.811537,Concept,N,
考虑连杆,4,0.0,4.110616,2.811062,Concept,N,
阶段机翼,4,0.0,4.101775,2.810178,Structure,N,
起到,4,0.000691,4.090987,2.809306,Concept,N,
简易,3,0.000518,10.078048,2.80796,Concept,N,
一新,4,0.000691,4.061117,2.806319,Concept,N,
有所,4,0.000691,4.053335,2.805541,Concept,N,
推力,4,0.000691,4.003701,2.800577,Concept,N,
附表,3,0.000518,9.978512,2.798007,Concept,N,
一侧变体,4,0.0,3.963934,2.796393,Aircraft,N,
和翼尖,4,0.000691,3.935969,2.793804,Concept,N,
现有飞行器,4,0.0,3.899643,2.789964,Mission,N,
迅速,3,0.000518,9.881939,2.788349,Concept,N,
机从双翼,4,0.0,3.843099,2.78431,Concept,N,
机翼后掠角,4,0.0,3.796921,2.779692,Structure,N,
低于舵面产生,3,0.0,9.762476,2.776248,Structure,N,
容易发生,3,0.0,9.762476,2.776248,Concept,N,
本章首先建立,3,0.0,9.762476,2.776248,Concept,N,
本章首先阐述,3,0.0,9.762476,2.776248,Concept,N,
极易发生,3,0.0,9.762476,2.776248,Concept,N,
变体减小,4,0.0,3.757483,2.775748,Aircraft,N,
活动机翼重力,4,0.0,3.75414,2.775414,Structure,N,
飞机发展,4,0.0,3.708271,2.770827,Aircraft,N,
小型机场,3,0.0,9.66103,2.766103,Concept,N,
机翼原有,4,0.0,3.650079,2.765008,Structure,N,
需要关注,3,0.0,9.628741,2.762874,Concept,N,
通过连杆传递,3,0.0,9.620058,2.762006,Concept,N,
梳理,3,0.000518,9.600001,2.760156,Concept,N,
传统变体方式,3,0.0,9.591489,2.759149,Aircraft,N,
使用柔性桁架,3,0.0,9.591489,2.759149,Concept,N,
多级伸缩式,3,0.0,9.591489,2.759149,Concept,N,
双翼几何,4,0.0,3.569122,2.756912,Concept,N,
平行布置,3,0.0,9.566252,2.756625,Concept,N,
数量,4,0.000691,3.559863,2.756194,Concept,N,
开始阶段,3,0.0,9.53056,2.753056,Concept,N,
无上,4,0.000691,3.520772,2.752285,Concept,N,
飞机滚转,4,0.0,3.521858,2.752186,Aircraft,N,
极限,3,0.000518,9.497055,2.749861,Concept,N,
所在位置,3,0.000518,9.48518,2.748674,Concept,N,
工学博士学位,3,0.0,9.477318,2.747732,Concept,N,
当下机翼,4,0.0,3.463298,2.74633,Structure,N,
道路,3,0.000518,9.461721,2.746328,Concept,N,
遭遇突风后,3,0.0,9.461721,2.746172,Concept,N,
各个部分之间,3,0.0,9.453986,2.745399,Concept,N,
高度一致,3,0.000518,9.415918,2.741747,Performance,N,
近似等价,3,0.0,9.403448,2.740345,Concept,N,
以外,4,0.000691,3.389481,2.739155,Concept,N,
变体能力,4,0.0,3.391355,2.739136,Aircraft,N,
装备,3,0.000518,9.361841,2.73634,Concept,N,
副翼不同面积,3,0.0,9.357024,2.735702,Concept,N,
零升攻,3,0.000518,9.338236,2.733979,Concept,N,
相互作用关系,3,0.0,9.293521,2.729352,Concept,N,
机翼平面形状,4,0.0,3.282347,2.728235,Structure,N,
原子公司,3,0.0,9.252687,2.725269,Concept,N,
代价过高,3,0.0,9.245993,2.724599,Concept,N,
最小速度包线,3,0.0,9.245993,2.724599,Parameter,N,
飞机舵面,4,0.0,3.226402,2.72264,Structure,N,
层流,3,0.000518,9.223899,2.722545,Concept,N,
保持翼根,3,0.0,9.193525,2.719353,Concept,N,
运动引起,3,0.0,9.193525,2.719353,Concept,N,
论文工作,3,0.0,9.187099,2.71871,Concept,N,
航天航空,3,0.000518,9.180701,2.718226,Concept,N,
支架,3,0.000518,9.140828,2.714238,Concept,N,
椭圆形,3,0.000518,9.136694,2.713825,Concept,N,
使用菱形,3,0.0,9.136694,2.713669,Concept,N,
这部分变形,3,0.0,9.136694,2.713669,Mechanism,N,
总体设计平台,3,0.0,9.126411,2.712641,Concept,N,
非定常效应来源,3,0.0,9.106063,2.710606,Concept,N,
其它,3,0.000518,9.082017,2.708357,Concept,N,
范围变体,4,0.0,3.079411,2.707941,Aircraft,N,
攻角下俯仰力矩,3,0.0,9.070143,2.707014,Parameter,N,
产生相反,3,0.0,9.064242,2.706424,Concept,N,
攻角下俯仰,3,0.0,9.058366,2.705837,Parameter,N,
不能,4,0.000691,3.050142,2.705222,Concept,N,
低于舵面,3,0.0,9.040878,2.704088,Structure,N,
布局飞行器,4,0.0,3.021634,2.702163,Mission,N,
应用价值,3,0.0,9.015038,2.701504,Concept,N,
攻角下俯仰力矩变化,3,0.0,9.00088,2.700088,Parameter,N,
拥有,3,0.000518,8.984072,2.698563,Concept,N,
有利于减少,3,0.0,8.984072,2.698407,Concept,N,
有助于增强,3,0.0,8.984072,2.698407,Concept,N,
有助于改善,3,0.0,8.984072,2.698407,Concept,N,
有限空间,3,0.0,8.984072,2.698407,Concept,N,
有限空间起降,3,0.0,8.984072,2.698407,Concept,N,
可行,4,0.000691,2.95333,2.69554,Concept,N,
效应来源,3,0.0,8.945598,2.69456,Concept,N,
上方,4,0.000691,2.925549,2.692762,Concept,N,
机翼重心,4,0.0,2.903836,2.690384,Structure,N,
较为平稳,3,0.0,8.887138,2.688714,Concept,N,
首次,3,0.000518,8.871597,2.687315,Concept,N,
单侧,4,0.000691,2.848952,2.685103,Concept,N,
四种不同,3,0.0,8.830955,2.683096,Concept,N,
稍部,3,0.000518,8.812704,2.681426,Concept,N,
重新定义,3,0.0,8.806123,2.680612,Concept,N,
支持,3,0.000518,8.79794,2.67995,Concept,N,
数量级,3,0.000518,8.791427,2.679298,Concept,N,
三个主要参数,3,0.0,8.791427,2.679143,Parameter,N,
秒左右,3,0.000518,8.768859,2.677041,Concept,N,
柔性桁架改变展长,3,0.0,8.738785,2.673879,Concept,N,
桁架改变展长,3,0.0,8.738785,2.673879,Concept,N,
能力差,3,0.000518,8.727862,2.672942,Concept,N,
不同攻角下俯仰,3,0.0,8.715478,2.671548,Parameter,N,
不同攻角下俯仰力矩,3,0.0,8.715478,2.671548,Parameter,N,
不同空间代价,3,0.0,8.715478,2.671548,Concept,N,
不同飞行阶段,3,0.0,8.715478,2.671548,Mission,N,
极限偏转,3,0.0,8.715478,2.671548,Concept,N,
活动机翼面积,4,0.0,2.66103,2.666103,Structure,N,
二维翼型,3,0.0,8.647733,2.664773,Structure,N,
多个方面,3,0.0,8.640399,2.66404,Concept,N,
差值,3,0.000518,8.631646,2.66332,Concept,N,
飞机俯仰,4,0.0,2.623738,2.662374,Aircraft,N,
多体动力学,3,0.0,8.621502,2.66215,Concept,N,
连杆变形,4,0.0,2.621231,2.662123,Mechanism,N,
变化产生,4,0.0,2.614209,2.661421,Concept,N,
参考点,3,0.000518,8.608563,2.661012,Concept,N,
四种,3,0.000518,8.605703,2.660726,Concept,N,
机翼副翼面积,4,0.0,2.604276,2.660428,Structure,N,
主要组成部分,3,0.0,8.574616,2.657462,Concept,N,
分布和翼尖,3,0.0,8.574616,2.657462,Concept,N,
卸载一部分,3,0.0,8.574616,2.657462,Concept,N,
干扰损失一部分,3,0.0,8.574616,2.657462,Concept,N,
连续蒙皮,3,0.0,8.574616,2.657462,Concept,N,
飞行器起降,4,0.0,2.569938,2.656994,Mission,N,
需要少量,3,0.0,8.546924,2.654692,Concept,N,
原准,3,0.000518,8.480956,2.648251,Concept,N,
不同飞行,4,0.0,2.478268,2.647827,Mission,N,
定量分析,3,0.000518,8.450133,2.645169,Concept,N,
面对,4,0.000691,2.448421,2.645049,Concept,N,
存在一定,3,0.0,8.450133,2.645013,Concept,N,
数据流,3,0.000518,8.446291,2.644785,Concept,N,
副翼铰链力矩,3,0.0,8.423451,2.642345,Concept,N,
完全相同,3,0.000518,8.415918,2.641747,Concept,N,
对于机翼平面,3,0.0,8.408423,2.640842,Structure,N,
一定范围,3,0.0,8.400967,2.640097,Concept,N,
从而降低,3,0.0,8.357024,2.635702,Concept,N,
功能,3,0.000518,8.335544,2.63371,Concept,N,
带入,3,0.000518,8.33436,2.633592,Concept,N,
以上两项,3,0.0,8.331995,2.6332,Concept,N,
性能指标,3,0.000518,8.31438,2.631593,Performance,N,
俯仰稳定性,3,0.0,8.31438,2.631438,Performance,N,
普通,3,0.000518,8.309718,2.631127,Concept,N,
飞机使用,4,0.0,2.253369,2.625337,Aircraft,N,
零升攻角基本,3,0.0,8.250452,2.625045,Parameter,N,
泊松比,3,0.000518,8.226093,2.622765,Concept,N,
压力分布对比,3,0.0,8.226093,2.622609,Concept,N,
布局相比,3,0.0,8.226093,2.622609,Concept,N,
网格包括,3,0.0,8.187099,2.61871,Concept,N,
取得航程,3,0.0,8.183897,2.61839,Performance,N,
当梢根比过,3,0.0,8.16799,2.616799,Concept,N,
特性变化规律,3,0.0,8.16799,2.616799,Concept,N,
平飞,4,0.000691,2.15853,2.61606,Concept,N,
各个部分,3,0.0,8.159578,2.615958,Concept,N,
实际攻角,3,0.0,8.150693,2.615069,Parameter,N,
飞机巡航,4,0.0,2.123309,2.612331,Mission,N,
对于展弦比,4,0.0,2.104453,2.610445,Concept,N,
巡航高度,3,0.0,8.103035,2.610303,Performance,N,
最小速度,3,0.0,8.103035,2.610303,Parameter,N,
使用数值,3,0.0,8.050567,2.605057,Concept,N,
双翼构型飞机,4,0.0,2.050552,2.605055,Aircraft,N,
完成机翼,4,0.0,2.049687,2.604969,Structure,N,
机翼需要,4,0.0,2.039491,2.603949,Structure,N,
同展,4,0.000691,2.025749,2.602782,Concept,N,
通过变体,4,0.0,2.020518,2.602052,Aircraft,N,
一步,3,0.000518,7.996272,2.599783,Concept,N,
用以,4,0.000691,1.987699,2.598977,Concept,N,
一篇,3,0.000518,7.98593,2.598749,Concept,N,
不同年代,3,0.0,7.976664,2.597666,Concept,N,
不同重量代价,3,0.0,7.976664,2.597666,Concept,N,
考虑变体,4,0.0,1.963934,2.596393,Aircraft,N,
分布对比,3,0.0,7.956486,2.595649,Concept,N,
组成部分,3,0.000346,7.945598,2.594663,Concept,N,
固定锁定机构,3,0.0,7.940184,2.594018,Concept,N,
遥控器,3,0.000518,7.934791,2.593635,Concept,N,
三视图,3,0.000518,7.926739,2.592829,Concept,N,
应力,4,0.000691,1.924749,2.592682,Concept,N,
导师,3,0.000518,7.924065,2.592562,Concept,N,
活动机翼需要卸载,3,0.0,7.924065,2.592406,Structure,N,
几条,3,0.000518,7.892356,2.589391,Concept,N,
起降过载,3,0.0,7.876759,2.587676,Concept,N,
为了满足,3,0.0,7.866454,2.586645,Concept,N,
模式变为,3,0.0,7.866454,2.586645,Concept,N,
厚度翼型,3,0.0,7.861329,2.586133,Structure,N,
发生较大,3,0.0,7.835973,2.583597,Concept,N,
改变原有,3,0.0,7.824292,2.582429,Concept,N,
舵面偏转,3,0.0,7.803049,2.580305,Structure,N,
机翼主要,4,0.0,1.796921,2.579692,Structure,N,
从表中,3,0.000518,7.786561,2.578812,Concept,N,
包含连杆构型,3,0.0,7.767261,2.576726,Concept,N,
学校,3,0.000518,7.757706,2.575926,Concept,N,
总体趋势,3,0.0,7.75612,2.575612,Concept,N,
增加有助于,3,0.0,7.750582,2.575058,Concept,N,
进一步增强,3,0.0,7.743492,2.574349,Concept,N,
突风后,3,0.000518,7.724756,2.572631,Concept,N,
主油箱,3,0.000518,7.71702,2.571858,Concept,N,
产生扭转力矩,3,0.0,7.701672,2.570167,Concept,N,
最大偏航,3,0.0,7.701672,2.570167,Concept,N,
机翼重力,4,0.0,1.697385,2.569738,Structure,N,
价值,3,0.000518,7.671645,2.56732,Concept,N,
活动机翼副翼不同,3,0.0,7.66103,2.566103,Structure,N,
活动机翼解除,3,0.0,7.66103,2.566103,Structure,N,
矩阵,3,0.000518,7.655105,2.565666,Concept,N,
飞机主要,4,0.0,1.588972,2.558897,Aircraft,N,
包线范围,3,0.0,7.583028,2.558303,Concept,N,
增大机翼面积,3,0.0,7.583028,2.558303,Structure,N,
鲁棒性,3,0.000518,7.577414,2.557897,ControlMethod,N,
初步,3,0.000518,7.560011,2.556157,Concept,N,
更好,3,0.000518,7.556556,2.555811,Concept,N,
减少诱导,3,0.0,7.545553,2.554555,Concept,N,
多级,3,0.000518,7.543499,2.554505,Concept,N,
开展空中,3,0.0,7.541449,2.554145,Concept,N,
每侧,3,0.000518,7.511701,2.551326,Concept,N,
蒙皮传递,3,0.0,7.467551,2.546755,Concept,N,
以下,4,0.000691,1.461631,2.54637,Concept,N,
附表清单,3,0.0,7.463662,2.546366,Concept,N,
进一步拟定,3,0.0,7.453986,2.545399,Concept,N,
一致,3,0.000518,7.449877,2.545143,Concept,N,
为了提高,3,0.0,7.451416,2.545142,Concept,N,
自由度分为,3,0.0,7.451416,2.545142,Concept,N,
流动压过,3,0.0,7.431025,2.543102,Concept,N,
微型,3,0.000518,7.425341,2.54269,Concept,N,
起降距离,3,0.0,7.402828,2.540283,Concept,N,
一倍平均,3,0.0,7.400967,2.540097,Concept,N,
军用,3,0.000518,7.39355,2.539511,Concept,N,
下及变体过程,3,0.0,7.39355,2.539355,Aircraft,N,
最早,3,0.000518,7.339102,2.534066,Concept,N,
活动机翼解除固定,3,0.0,7.339102,2.53391,Structure,N,
转换,3,0.000518,7.300441,2.5302,Concept,N,
团队其他成员,2,0.0,13.300441,2.530044,Concept,N,
弯矩作用,3,0.0,7.291796,2.52918,Concept,N,
变体主要,4,0.0,1.272056,2.527206,Aircraft,N,
前景,3,0.000518,7.259413,2.526097,Concept,N,
保持机翼,4,0.0,1.211958,2.521196,Structure,N,
机翼保持,4,0.0,1.211958,2.521196,Structure,N,
主要平面,3,0.0,7.193525,2.519353,Concept,N,
处于单翼状态,3,0.0,7.171158,2.517116,Concept,N,
过去,3,0.000518,7.16799,2.516955,Concept,N,
蒙皮厚度,3,0.0,7.16799,2.516799,Concept,N,
对于双翼来说,3,0.0,7.15539,2.515539,Concept,N,
确保,3,0.000518,7.142899,2.514445,Concept,N,
舵面产生,3,0.0,7.11671,2.511671,Structure,N,
飞机变体过程,4,0.0,1.098647,2.509865,Aircraft,N,
创新性,3,0.000518,7.091987,2.509354,Concept,N,
抗风性,3,0.000518,7.091987,2.509354,Concept,N,
不利,3,0.000518,7.078048,2.50796,Concept,N,
双翼两种构型,3,0.0,7.052513,2.505251,Concept,N,
双翼两种模式,3,0.0,7.052513,2.505251,Concept,N,
单块式,3,0.000518,7.048624,2.505018,Concept,N,
机翼完成,4,0.0,1.049687,2.504969,Structure,N,
最大滚转,3,0.0,7.049596,2.50496,Concept,N,
单翼构型变体,4,0.0,1.020518,2.502052,Aircraft,N,
减少诱导阻力,3,0.0,7.003701,2.50037,Concept,N,
平衡阻力,3,0.0,7.003701,2.50037,Concept,N,
损失一部分升力,3,0.0,7.003701,2.50037,Concept,N,
最大应力,3,0.0,7.003701,2.50037,Concept,N,
空气动力,3,0.0,7.003701,2.50037,Performance,N,
需要作动器,3,0.0,6.993152,2.499315,Concept,N,
两种构型,3,0.0,6.989653,2.498965,Concept,N,
大幅度提升,3,0.0,6.980826,2.498083,Concept,N,
合适,3,0.000518,6.978512,2.498007,Concept,N,
以便,3,0.000518,6.916958,2.491851,Concept,N,
展弦,3,0.000518,6.916124,2.491768,Concept,N,
公司滑动,3,0.0,6.916072,2.491607,Concept,N,
向上运动,3,0.0,6.916072,2.491607,Concept,N,
还会,3,0.000518,6.906363,2.490792,Concept,N,
考虑机翼,4,0.0,0.903836,2.490384,Structure,N,
科学,3,0.000518,6.902096,2.490365,Concept,N,
两项,3,0.000518,6.894972,2.489653,Concept,N,
展向升力中心变化,3,0.0,6.873746,2.487375,Concept,N,
改变变体,4,0.0,0.857019,2.485702,Aircraft,N,
副油箱,3,0.000518,6.854524,2.485608,Concept,N,
来流攻角,3,0.0,6.851133,2.485113,Parameter,N,
不断,3,0.000518,6.841009,2.484256,Concept,N,
副翼舵效,3,0.0,6.838489,2.483849,Concept,N,
对于双翼布局,3,0.0,6.833462,2.483346,Concept,N,
开展讨论,3,0.0,6.830955,2.483096,Concept,N,
背负式进气道,2,0.0,12.830955,2.483096,Concept,N,
产生较大,3,0.0,6.827203,2.48272,Concept,N,
对象,3,0.000518,6.823461,2.482502,Concept,N,
作动器力矩,3,0.0,6.820971,2.482097,Concept,N,
飞机重量,4,0.0,0.791465,2.479146,Aircraft,N,
取代,3,0.000518,6.786561,2.478812,Concept,N,
集中,3,0.000518,6.786561,2.478812,Concept,N,
给出,3,0.000518,6.775673,2.477723,Concept,N,
飞机翼展,4,0.0,0.771836,2.477184,Structure,N,
驱动方式,3,0.0,6.770059,2.477006,Mechanism,N,
本章主要,3,0.0,6.767261,2.476726,Concept,N,
需要考虑,3,0.0,6.735656,2.473566,Concept,N,
尽量避免,2,0.000346,12.678952,2.467999,Concept,N,
核心程序,2,0.0,12.678952,2.467895,Concept,N,
综合考虑试飞,3,0.0,6.66103,2.466103,Concept,N,
考虑试飞,3,0.0,6.66103,2.466103,Concept,N,
飞机各个部分,3,0.0,6.66103,2.466103,Aircraft,N,
飞机各个部分之间,3,0.0,6.66103,2.466103,Aircraft,N,
飞机操稳特性,3,0.0,6.66103,2.466103,Aircraft,N,
飞机设计师,3,0.0,6.66103,2.466103,Aircraft,N,
飞行器而言,3,0.0,6.66103,2.466103,Mission,N,
飞机概念设计,3,0.0,6.659361,2.465936,Aircraft,N,
保证变体过程,3,0.0,6.658806,2.465881,Aircraft,N,
空间起降,3,0.0,6.60374,2.460374,Concept,N,
不同空间,3,0.0,6.578115,2.457811,Concept,N,
依然成立,2,0.0,12.541449,2.454145,Concept,N,
手段给予,2,0.0,12.541449,2.454145,Concept,N,
特性展开,3,0.0,6.53056,2.453056,Mechanism,N,
近似等于,3,0.0,6.528189,2.452819,Concept,N,
机构重量,4,0.0,0.502062,2.450206,Concept,N,
产生偏航,3,0.0,6.47928,2.447928,Concept,N,
下及变体,3,0.0,6.470474,2.447047,Aircraft,N,
作为一个整体,3,0.0,6.470474,2.447047,Concept,N,
双翼构型折叠变体,3,0.0,6.470474,2.447047,Mechanism,N,
突风后解体,3,0.0,6.470474,2.447047,Concept,N,
遭遇突风后解体,3,0.0,6.470474,2.447047,Concept,N,
系数相较,3,0.0,6.44007,2.444007,Concept,N,
单翼机,4,0.000691,0.419073,2.442115,Concept,N,
飞机操纵,3,0.0,6.396327,2.439633,Aircraft,N,
存在较大困难,2,0.0,12.357024,2.435702,Concept,N,
端部,3,0.000518,6.334656,2.433621,Concept,N,
经验,3,0.000518,6.32713,2.432868,Concept,N,
升攻,3,0.000518,6.325475,2.432703,Concept,N,
受力情况,3,0.0,6.319056,2.431906,Concept,N,
机翼变体过程,4,0.0,0.306595,2.430659,Structure,N,
非常,3,0.000518,6.286635,2.428819,Concept,N,
平衡气动,3,0.0,6.282633,2.428263,Performance,N,
主要应用,3,0.0,6.262788,2.426279,Concept,N,
展长相同,3,0.0,6.256887,2.425689,Concept,N,
进一步增大,3,0.0,6.251011,2.425101,Concept,N,
单独,3,0.000518,6.241269,2.424282,Concept,N,
仍以,3,0.000518,6.216518,2.421807,Concept,N,
第一种,3,0.000518,6.205923,2.420748,Concept,N,
使用柔性桁架改变,3,0.0,6.198364,2.419836,Concept,N,
变体对于飞机稳定性,3,0.0,6.198364,2.419836,Performance,N,
变体开始阶段,3,0.0,6.198364,2.419836,Aircraft,N,
变体机构安装,3,0.0,6.198364,2.419836,Aircraft,N,
变体飞行器而言,3,0.0,6.198364,2.419836,Mission,N,
变化趋势略有,3,0.0,6.198364,2.419836,Concept,N,
变化趋势高度一致,3,0.0,6.198364,2.419836,Performance,N,
变形挠度,3,0.0,6.198364,2.419836,Mechanism,N,
无需改变,3,0.0,6.198364,2.419836,Concept,N,
柔性桁架改变,3,0.0,6.198364,2.419836,Concept,N,
桁架改变,3,0.0,6.198364,2.419836,Concept,N,
起降翼展不变,3,0.0,6.198364,2.419836,Concept,N,
面积不变,3,0.0,6.198364,2.419836,Concept,N,
加工,3,0.000518,6.160889,2.416244,Concept,N,
写作规范,2,0.0,12.142899,2.41429,Concept,N,
增加变体,4,0.0,0.140812,2.414081,Aircraft,N,
增加航程,3,0.0,6.119766,2.411977,Performance,N,
建议授予,2,0.0,12.09399,2.409399,Concept,N,
变体主要应用,3,0.0,6.079411,2.407941,Aircraft,N,
活动机翼连接点,3,0.0,6.076068,2.407607,Structure,N,
对称阻力,3,0.0,6.06719,2.406719,Concept,N,
变为,4,0.000691,0.063938,2.406601,Concept,N,
名单,3,0.000518,6.048624,2.405018,Concept,N,
必经之路,2,0.000346,12.046684,2.404772,Concept,N,
值得关注,2,0.0,12.046684,2.404668,Concept,N,
原子,3,0.000518,6.030295,2.403185,Concept,N,
一侧活动,4,0.0,0.0,2.4,Concept,N,
一侧活动机翼,4,0.0,0.0,2.4,Structure,N,
三种不同布局舰载,4,0.0,0.0,2.4,Concept,N,
不变机翼,4,0.0,0.0,2.4,Structure,N,
不同位置机翼流场,4,0.0,0.0,2.4,Structure,N,
不同宽度厚度,4,0.0,0.0,2.4,Concept,N,
不同宽度厚度连杆,4,0.0,0.0,2.4,Concept,N,
不同布局舰载,4,0.0,0.0,2.4,Concept,N,
不同布局舰载长航,4,0.0,0.0,2.4,Concept,N,
不同翼展双翼,4,0.0,0.0,2.4,Concept,N,
中心气动,4,0.0,0.0,2.4,Performance,N,
中心气动中心,4,0.0,0.0,2.4,Performance,N,
主要来自活动,4,0.0,0.0,2.4,Concept,N,
主要来自活动机翼,4,0.0,0.0,2.4,Structure,N,
产生最大力矩,4,0.0,0.0,2.4,Concept,N,
产生最大力矩变体,4,0.0,0.0,2.4,Aircraft,N,
产生额外力矩,4,0.0,0.0,2.4,Concept,N,
产生额外气动力,4,0.0,0.0,2.4,Performance,N,
从图看出,4,0.0,0.0,2.4,Concept,N,
代价折叠变体飞行器,4,0.0,0.0,2.4,Mechanism,N,
伸缩变体方案,4,0.0,0.0,2.4,Aircraft,N,
位于机翼前方,4,0.0,0.0,2.4,Structure,N,
位置上下间距,4,0.0,0.0,2.4,Concept,N,
位置上下间距以内,4,0.0,0.0,2.4,Concept,N,
位置双翼整体,4,0.0,0.0,2.4,Concept,N,
位置机翼流场,4,0.0,0.0,2.4,Structure,N,
位置机翼流场情况,4,0.0,0.0,2.4,Structure,N,
位置连杆,4,0.0,0.0,2.4,Concept,N,
作用变形,4,0.0,0.0,2.4,Mechanism,N,
使用折叠变体扩充,4,0.0,0.0,2.4,Mechanism,N,
偏转产生俯仰,4,0.0,0.0,2.4,Concept,N,
偏转产生俯仰力矩,4,0.0,0.0,2.4,Concept,N,
偏转产生额外气动力,4,0.0,0.0,2.4,Performance,N,
偏转机翼升力,4,0.0,0.0,2.4,Structure,N,
偏转活动机翼升力,4,0.0,0.0,2.4,Structure,N,
充分验证折叠,4,0.0,0.0,2.4,Mechanism,N,
充分验证折叠变体,4,0.0,0.0,2.4,Mechanism,N,
全球原准机,4,0.0,0.0,2.4,Concept,N,
公转活动机翼,4,0.0,0.0,2.4,Structure,N,
公转自转角度变化,4,0.0,0.0,2.4,Parameter,N,
公转角度度时,4,0.0,0.0,2.4,Parameter,N,
关系折叠,4,0.0,0.0,2.4,Mechanism,N,
关系折叠变体,4,0.0,0.0,2.4,Mechanism,N,
其后全球,4,0.0,0.0,2.4,Concept,N,
分别双翼,4,0.0,0.0,2.4,Concept,N,
分别双翼整体,4,0.0,0.0,2.4,Concept,N,
分别双翼整体机翼,4,0.0,0.0,2.4,Structure,N,
分别固定机翼,4,0.0,0.0,2.4,Structure,N,
分别固定机翼活动,4,0.0,0.0,2.4,Structure,N,
分别展示机翼,4,0.0,0.0,2.4,Structure,N,
副翼偏转产生俯仰,4,0.0,0.0,2.4,Concept,N,
副翼偏转机翼升力,4,0.0,0.0,2.4,Structure,N,
副翼副翼,4,0.0,0.0,2.4,Concept,N,
副翼面积机翼,4,0.0,0.0,2.4,Structure,N,
力矩变体过程,4,0.0,0.0,2.4,Aircraft,N,
力矩变体过程产生,4,0.0,0.0,2.4,Aircraft,N,
力矩折叠变体,4,0.0,0.0,2.4,Mechanism,N,
力矩折叠变体飞行器,4,0.0,0.0,2.4,Mechanism,N,
动力学机翼,4,0.0,0.0,2.4,Structure,N,
包线飞机,4,0.0,0.0,2.4,Aircraft,N,
升力卸载,4,0.0,0.0,2.4,Concept,N,
升力斜率机翼弯度,4,0.0,0.0,2.4,Structure,N,
升力斜率机翼长大,4,0.0,0.0,2.4,Structure,N,
升力系数机翼弯度,4,0.0,0.0,2.4,Structure,N,
升力系数机翼长大,4,0.0,0.0,2.4,Structure,N,
升力系数诱导阻力,4,0.0,0.0,2.4,Concept,N,
升力系数零升,4,0.0,0.0,2.4,Concept,N,
升力系数零升阻力,4,0.0,0.0,2.4,Concept,N,
升力阻力变化,4,0.0,0.0,2.4,Concept,N,
升阻展弦比,4,0.0,0.0,2.4,Concept,N,
单翼展开,4,0.0,0.0,2.4,Mechanism,N,
单翼展开变体,4,0.0,0.0,2.4,Mechanism,N,
厚度连杆,4,0.0,0.0,2.4,Concept,N,
原理验证变体飞行,4,0.0,0.0,2.4,Mission,N,
原理验证实物图,4,0.0,0.0,2.4,Concept,N,
原理验证车载,4,0.0,0.0,2.4,Concept,N,
参数气动,4,0.0,0.0,2.4,Performance,N,
双翼上下,4,0.0,0.0,2.4,Concept,N,
双翼单翼展开,4,0.0,0.0,2.4,Mechanism,N,
双翼单翼展开变体,4,0.0,0.0,2.4,Mechanism,N,
双翼布局气动特性,4,0.0,0.0,2.4,Performance,N,
双翼整体机翼,4,0.0,0.0,2.4,Structure,N,
双翼整体机翼机翼,4,0.0,0.0,2.4,Structure,N,
双翼整体零升,4,0.0,0.0,2.4,Concept,N,
双翼整体零升攻角,4,0.0,0.0,2.4,Parameter,N,
双翼斯瓦尔德因子上下,4,0.0,0.0,2.4,Concept,N,
双翼构型续航,4,0.0,0.0,2.4,Concept,N,
双翼进一步,4,0.0,0.0,2.4,Concept,N,
双翼进一步开展,4,0.0,0.0,2.4,Concept,N,
双翼连杆,4,0.0,0.0,2.4,Concept,N,
双翼连杆构型,4,0.0,0.0,2.4,Concept,N,
双翼连杆构型双翼,4,0.0,0.0,2.4,Concept,N,
双翼零升攻角升力,4,0.0,0.0,2.4,Parameter,N,
发展完善折叠,4,0.0,0.0,2.4,Mechanism,N,
发展完善折叠变体,4,0.0,0.0,2.4,Mechanism,N,
发展完善气动力,4,0.0,0.0,2.4,Performance,N,
发展完善气动力驱动,4,0.0,0.0,2.4,Mechanism,N,
变体作动器直接驱动,4,0.0,0.0,2.4,Mechanism,N,
变体双翼构型,4,0.0,0.0,2.4,Aircraft,N,
变体变体方式,4,0.0,0.0,2.4,Aircraft,N,
变体应用展弦比,4,0.0,0.0,2.4,Aircraft,N,
变体折叠,4,0.0,0.0,2.4,Mechanism,N,
变体方式折叠,4,0.0,0.0,2.4,Mechanism,N,
变体机构受力,4,0.0,0.0,2.4,Aircraft,N,
变体机构飞机,4,0.0,0.0,2.4,Aircraft,N,
变体概念合理性,4,0.0,0.0,2.4,Aircraft,N,
变体概念合理性可行性,4,0.0,0.0,2.4,Aircraft,N,
变体气动特性,4,0.0,0.0,2.4,Performance,N,
变体行器,4,0.0,0.0,2.4,Aircraft,N,
变体过程伴飞,4,0.0,0.0,2.4,Aircraft,N,
变体过程伴飞无人机,4,0.0,0.0,2.4,Aircraft,N,
变体过程全机升力,4,0.0,0.0,2.4,Aircraft,N,
变体过程副翼,4,0.0,0.0,2.4,Aircraft,N,
变体过程升力重力,4,0.0,0.0,2.4,Aircraft,N,
变体过程受力特性,4,0.0,0.0,2.4,Aircraft,N,
变体过程机身,4,0.0,0.0,2.4,Structure,N,
变体过程机身姿态,4,0.0,0.0,2.4,Structure,N,
变体过程非定常数值,4,0.0,0.0,2.4,Aircraft,N,
变体过程飞机升力,4,0.0,0.0,2.4,Aircraft,N,
变体过程飞机各个,4,0.0,0.0,2.4,Aircraft,N,
变体飞行器单翼,4,0.0,0.0,2.4,Mission,N,
变体飞行器期望,4,0.0,0.0,2.4,Mission,N,
变体飞行器机构活动,4,0.0,0.0,2.4,Mission,N,
变体飞行器机翼设计方案,4,0.0,0.0,2.4,Structure,N,
变体飞行器概念折叠,4,0.0,0.0,2.4,Mechanism,N,
变化情况上下机翼,4,0.0,0.0,2.4,Structure,N,
变化情况不同,4,0.0,0.0,2.4,Concept,N,
变化情况从图看出,4,0.0,0.0,2.4,Concept,N,
变化情况副翼,4,0.0,0.0,2.4,Concept,N,
变化情况攻角,4,0.0,0.0,2.4,Parameter,N,
变化情况攻角攻角,4,0.0,0.0,2.4,Parameter,N,
变化折叠,4,0.0,0.0,2.4,Mechanism,N,
变化折叠变体,4,0.0,0.0,2.4,Mechanism,N,
变化曲线连杆,4,0.0,0.0,2.4,Concept,N,
变形活动机翼处于,4,0.0,0.0,2.4,Mechanism,N,
合理性可行性,4,0.0,0.0,2.4,Concept,N,
因子上下,4,0.0,0.0,2.4,Concept,N,
固定机翼升力,4,0.0,0.0,2.4,Structure,N,
基准折叠,4,0.0,0.0,2.4,Mechanism,N,
基准折叠变体,4,0.0,0.0,2.4,Mechanism,N,
基准折叠变体飞行器,4,0.0,0.0,2.4,Mechanism,N,
增重全机最大,4,0.0,0.0,2.4,Concept,N,
处于最高点连杆,4,0.0,0.0,2.4,Concept,N,
失速攻角机翼弯度,4,0.0,0.0,2.4,Structure,N,
失速攻角机翼长大,4,0.0,0.0,2.4,Structure,N,
完善折叠变体飞行器,4,0.0,0.0,2.4,Mechanism,N,
完善气动力,4,0.0,0.0,2.4,Performance,N,
完善气动力驱动,4,0.0,0.0,2.4,Mechanism,N,
完善气动力驱动折叠,4,0.0,0.0,2.4,Mechanism,N,
完成相关,4,0.0,0.0,2.4,Concept,N,
完成相关学术,4,0.0,0.0,2.4,Concept,N,
完成相关学术成果,4,0.0,0.0,2.4,Concept,N,
宽度厚度,4,0.0,0.0,2.4,Concept,N,
宽度厚度连杆,4,0.0,0.0,2.4,Concept,N,
对于翼展,4,0.0,0.0,2.4,Concept,N,
对应气动,4,0.0,0.0,2.4,Performance,N,
对应气动最优,4,0.0,0.0,2.4,Performance,N,
对比不同,4,0.0,0.0,2.4,Concept,N,
对比折叠变体飞行器,4,0.0,0.0,2.4,Mechanism,N,
展弦比长航飞行器发展,4,0.0,0.0,2.4,Mission,N,
展弦比降低,4,0.0,0.0,2.4,Concept,N,
展弦比飞机常用参数,4,0.0,0.0,2.4,Parameter,N,
展弦比飞行器缺陷,4,0.0,0.0,2.4,Mission,N,
展示机翼,4,0.0,0.0,2.4,Structure,N,
巡航升力系数诱导,4,0.0,0.0,2.4,Mission,N,
巡航翼展最大,4,0.0,0.0,2.4,Mission,N,
巡航翼展最大起飞,4,0.0,0.0,2.4,Mission,N,
差动活动,4,0.0,0.0,2.4,Concept,N,
差动活动机翼,4,0.0,0.0,2.4,Structure,N,
布局气动特性,4,0.0,0.0,2.4,Performance,N,
布局舰载,4,0.0,0.0,2.4,Concept,N,
布局舰载长航,4,0.0,0.0,2.4,Concept,N,
带有反角,4,0.0,0.0,2.4,Concept,N,
带有反角双翼,4,0.0,0.0,2.4,Concept,N,
常用参数,4,0.0,0.0,2.4,Parameter,N,
常用参数折叠,4,0.0,0.0,2.4,Mechanism,N,
常用参数折叠变体,4,0.0,0.0,2.4,Mechanism,N,
常规展弦比飞行器,4,0.0,0.0,2.4,Mission,N,
平均长时,4,0.0,0.0,2.4,Concept,N,
张祖豪连续,4,0.0,0.0,2.4,Concept,N,
弯度相等变化趋势,4,0.0,0.0,2.4,Concept,N,
弯度翼型,4,0.0,0.0,2.4,Structure,N,
弯矩扭矩形式,4,0.0,0.0,2.4,Concept,N,
形状参数,4,0.0,0.0,2.4,Parameter,N,
影响折叠,4,0.0,0.0,2.4,Mechanism,N,
影响折叠变体,4,0.0,0.0,2.4,Mechanism,N,
情况不同,4,0.0,0.0,2.4,Concept,N,
情况从图看出,4,0.0,0.0,2.4,Concept,N,
情况副翼偏转,4,0.0,0.0,2.4,Concept,N,
情况攻角,4,0.0,0.0,2.4,Parameter,N,
情况攻角攻角,4,0.0,0.0,2.4,Parameter,N,
情况活动,4,0.0,0.0,2.4,Concept,N,
情况飞机,4,0.0,0.0,2.4,Aircraft,N,
扭矩公转,4,0.0,0.0,2.4,Concept,N,
扭矩公转角度,4,0.0,0.0,2.4,Parameter,N,
扭矩弯矩,4,0.0,0.0,2.4,Concept,N,
扭矩扭矩,4,0.0,0.0,2.4,Concept,N,
扭矩连杆传递,4,0.0,0.0,2.4,Concept,N,
抗弯抗扭,4,0.0,0.0,2.4,Concept,N,
折叠变体双翼,4,0.0,0.0,2.4,Mechanism,N,
折叠变体变体,4,0.0,0.0,2.4,Mechanism,N,
折叠变体扩充,4,0.0,0.0,2.4,Mechanism,N,
折叠变体概念合理性,4,0.0,0.0,2.4,Mechanism,N,
折叠变体自由度,4,0.0,0.0,2.4,Mechanism,N,
折叠变体飞行,4,0.0,0.0,2.4,Mechanism,N,
折叠变体飞行器总体,4,0.0,0.0,2.4,Mechanism,N,
折叠变体飞行器期望,4,0.0,0.0,2.4,Mechanism,N,
折叠展开,4,0.0,0.0,2.4,Mechanism,N,
折叠翼变飞行器,4,0.0,0.0,2.4,Mechanism,N,
折叠飞行器,4,0.0,0.0,2.4,Mechanism,N,
拟定三组,4,0.0,0.0,2.4,Concept,N,
提前机翼,4,0.0,0.0,2.4,Structure,N,
操稳范围,4,0.0,0.0,2.4,Concept,N,
攻角变体过程全机,4,0.0,0.0,2.4,Parameter,N,
攻角变化情况上下,4,0.0,0.0,2.4,Parameter,N,
攻角攻角非定常,4,0.0,0.0,2.4,Parameter,N,
攻角攻角非定常定常,4,0.0,0.0,2.4,Parameter,N,
攻角机翼弯度大于,4,0.0,0.0,2.4,Structure,N,
攻角机翼弯度小于,4,0.0,0.0,2.4,Structure,N,
攻角机翼长大机翼,4,0.0,0.0,2.4,Structure,N,
攻角非定常,4,0.0,0.0,2.4,Parameter,N,
攻角非定常定常,4,0.0,0.0,2.4,Parameter,N,
整体机翼,4,0.0,0.0,2.4,Structure,N,
整体机翼机翼,4,0.0,0.0,2.4,Structure,N,
整体零升,4,0.0,0.0,2.4,Concept,N,
整体零升攻角,4,0.0,0.0,2.4,Parameter,N,
斜率机翼弯度,4,0.0,0.0,2.4,Structure,N,
斜率机翼长大,4,0.0,0.0,2.4,Structure,N,
斯瓦尔德因子上下,4,0.0,0.0,2.4,Concept,N,
方式折叠变体,4,0.0,0.0,2.4,Mechanism,N,
方案折叠,4,0.0,0.0,2.4,Mechanism,N,
方案折叠变体,4,0.0,0.0,2.4,Mechanism,N,
方案方案,4,0.0,0.0,2.4,Concept,N,
方面折叠,4,0.0,0.0,2.4,Mechanism,N,
方面折叠变体,4,0.0,0.0,2.4,Mechanism,N,
显示变体,4,0.0,0.0,2.4,Aircraft,N,
显示变体过程,4,0.0,0.0,2.4,Aircraft,N,
普朗特芒克,4,0.0,0.0,2.4,Concept,N,
曲线连杆,4,0.0,0.0,2.4,Concept,N,
最优飞机,4,0.0,0.0,2.4,Aircraft,N,
最优飞机最优,4,0.0,0.0,2.4,Aircraft,N,
最优飞机最优展弦比,4,0.0,0.0,2.4,Aircraft,N,
最大力矩,4,0.0,0.0,2.4,Concept,N,
最大力矩变体,4,0.0,0.0,2.4,Aircraft,N,
最大起飞重量连杆,4,0.0,0.0,2.4,Mission,N,
期间完成相关,4,0.0,0.0,2.4,Concept,N,
期间完成相关学术,4,0.0,0.0,2.4,Concept,N,
机从单翼双翼,4,0.0,0.0,2.4,Concept,N,
机从单翼双翼变体,4,0.0,0.0,2.4,Aircraft,N,
机从双翼单翼,4,0.0,0.0,2.4,Concept,N,
机从双翼单翼变体,4,0.0,0.0,2.4,Aircraft,N,
机在单翼构型双翼,4,0.0,0.0,2.4,Concept,N,
机构受力,4,0.0,0.0,2.4,Concept,N,
机构机翼,4,0.0,0.0,2.4,Structure,N,
机构连杆,4,0.0,0.0,2.4,Concept,N,
机构飞机,4,0.0,0.0,2.4,Aircraft,N,
机翼位于机翼前方,4,0.0,0.0,2.4,Structure,N,
机翼使用,4,0.0,0.0,2.4,Structure,N,
机翼内侧端面变形,4,0.0,0.0,2.4,Mechanism,N,
机翼升力卸载,4,0.0,0.0,2.4,Structure,N,
机翼升力补偿,4,0.0,0.0,2.4,Structure,N,
机翼升力降低,4,0.0,0.0,2.4,Structure,N,
机翼单翼,4,0.0,0.0,2.4,Structure,N,
机翼处于最高点连杆,4,0.0,0.0,2.4,Structure,N,
机翼展向升力中心,4,0.0,0.0,2.4,Structure,N,
机翼弯度相等变化趋势,4,0.0,0.0,2.4,Structure,N,
机翼最大升力,4,0.0,0.0,2.4,Structure,N,
机翼最大升力系数,4,0.0,0.0,2.4,Structure,N,
机翼机构,4,0.0,-0.215903,2.4,Structure,N,
机翼机翼间距,4,0.0,0.0,2.4,Structure,N,
机翼正上方双翼,4,0.0,0.0,2.4,Structure,N,
机翼流场情况,4,0.0,0.0,2.4,Structure,N,
机翼面积载荷,4,0.0,0.0,2.4,Structure,N,
机翼面积载荷升限,4,0.0,0.0,2.4,Structure,N,
机身固定机翼运动,4,0.0,0.0,2.4,Structure,N,
机身姿态变化,4,0.0,0.0,2.4,Structure,N,
机身姿态变化情况,4,0.0,0.0,2.4,Structure,N,
来看机翼机翼,4,0.0,0.0,2.4,Structure,N,
来自机翼,4,0.0,0.0,2.4,Structure,N,
来说飞机,4,0.0,0.0,2.4,Aircraft,N,
极端对称,4,0.0,0.0,2.4,Concept,N,
构型原理,4,0.0,0.0,2.4,Concept,N,
构型原理验证,4,0.0,0.0,2.4,Concept,N,
构型双翼连杆,4,0.0,0.0,2.4,Concept,N,
构型双翼连杆构型,4,0.0,0.0,2.4,Concept,N,
构型续航,4,0.0,0.0,2.4,Concept,N,
根据章中,4,0.0,0.0,2.4,Concept,N,
根据章中结论,4,0.0,0.0,2.4,Concept,N,
根比双翼,4,0.0,0.0,2.4,Concept,N,
根比双翼升力,4,0.0,0.0,2.4,Concept,N,
根比变化,4,0.0,0.0,2.4,Concept,N,
根比变化对于,4,0.0,0.0,2.4,Concept,N,
根比展弦比,4,0.0,0.0,2.4,Concept,N,
概念合理性,4,0.0,0.0,2.4,Concept,N,
概念合理性可行性,4,0.0,0.0,2.4,Concept,N,
概念这种,4,0.0,0.0,2.4,Concept,N,
正上方双翼,4,0.0,0.0,2.4,Concept,N,
气动力气动,4,0.0,0.0,2.4,Performance,N,
气动力气动力矩,4,0.0,0.0,2.4,Performance,N,
气动力驱动变体作动器,4,0.0,0.0,2.4,Mechanism,N,
气动力驱动变体方式,4,0.0,0.0,2.4,Mechanism,N,
活动机翼升力重力,4,0.0,0.0,2.4,Structure,N,
活动机翼展向升力,4,0.0,0.0,2.4,Structure,N,
活动机翼攻角变化,4,0.0,0.0,2.4,Structure,N,
活动机翼机翼,4,0.0,0.0,2.4,Structure,N,
滞后机翼,4,0.0,0.0,2.4,Structure,N,
特性双翼,4,0.0,0.0,2.4,Concept,N,
特性折叠变体飞行器,4,0.0,0.0,2.4,Mechanism,N,
特性飞机,4,0.0,0.0,2.4,Aircraft,N,
状态原理,4,0.0,0.0,2.4,Concept,N,
状态原理验证,4,0.0,0.0,2.4,Concept,N,
状态这个,4,0.0,0.0,2.4,Concept,N,
状态这个扭矩,4,0.0,0.0,2.4,Concept,N,
现有展弦比飞机,4,0.0,0.0,2.4,Aircraft,N,
用于变体过程非定常,4,0.0,0.0,2.4,Aircraft,N,
相对机翼,4,0.0,0.0,2.4,Structure,N,
相等双翼,4,0.0,0.0,2.4,Concept,N,
相较原准机,4,0.0,0.0,2.4,Concept,N,
看出双翼,4,0.0,0.0,2.4,Concept,N,
看出变体,4,0.0,0.0,2.4,Aircraft,N,
看出折叠,4,0.0,0.0,2.4,Mechanism,N,
看出折叠变体,4,0.0,0.0,2.4,Mechanism,N,
示意图折叠,4,0.0,0.0,2.4,Mechanism,N,
示意图折叠变体,4,0.0,0.0,2.4,Mechanism,N,
示意图折叠变体飞行器,4,0.0,0.0,2.4,Mechanism,N,
章中结论,4,0.0,0.0,2.4,Concept,N,
系数对应气动,4,0.0,0.0,2.4,Performance,N,
系数对应气动最优,4,0.0,0.0,2.4,Performance,N,
系数机翼弯度,4,0.0,0.0,2.4,Structure,N,
系数机翼长大,4,0.0,0.0,2.4,Structure,N,
系数机翼长大机翼,4,0.0,0.0,2.4,Structure,N,
系数飞机,4,0.0,0.0,2.4,Aircraft,N,
组成组上,4,0.0,0.0,2.4,Concept,N,
缩减起降,4,0.0,0.0,2.4,Concept,N,
缩减起降翼展,4,0.0,0.0,2.4,Concept,N,
网格机翼,4,0.0,0.0,2.4,Structure,N,
翼变飞行器,4,0.0,0.0,2.4,Mission,N,
翼展巡航,4,0.0,0.0,2.4,Mission,N,
翼展巡航翼展,4,0.0,0.0,2.4,Mission,N,
翼展巡航翼展最大,4,0.0,0.0,2.4,Mission,N,
翼展最大,4,0.0,0.0,2.4,Concept,N,
翼展最大起飞,4,0.0,0.0,2.4,Mission,N,
翼展最大起飞重量,4,0.0,0.0,2.4,Mission,N,
翼展气动,4,0.0,0.0,2.4,Performance,N,
翼展飞机机翼,4,0.0,0.0,2.4,Structure,N,
翼展飞机机翼面积,4,0.0,0.0,2.4,Structure,N,
翼根上下,4,0.0,0.0,2.4,Concept,N,
考虑原理,4,0.0,0.0,2.4,Concept,N,
考虑原理验证,4,0.0,0.0,2.4,Concept,N,
而言机翼,4,0.0,0.0,2.4,Structure,N,
腹板机翼,4,0.0,0.0,2.4,Structure,N,
自由度两侧,4,0.0,0.0,2.4,Concept,N,
自由度两侧变体,4,0.0,0.0,2.4,Aircraft,N,
自由度动力学折叠,4,0.0,0.0,2.4,Mechanism,N,
航程展弦比变化,4,0.0,0.0,2.4,Performance,N,
节中结论,4,0.0,0.0,2.4,Concept,N,
菱形驱动,4,0.0,0.0,2.4,Mechanism,N,
角度变化曲线连杆,4,0.0,0.0,2.4,Parameter,N,
角度度时,4,0.0,0.0,2.4,Parameter,N,
解决展弦比飞机,4,0.0,0.0,2.4,Aircraft,N,
讨论上下机翼相对,4,0.0,0.0,2.4,Structure,N,
试验单翼,4,0.0,0.0,2.4,Concept,N,
试验单翼双翼,4,0.0,0.0,2.4,Concept,N,
诱导阻力提高,4,0.0,0.0,2.4,Concept,N,
起飞翼展巡航,4,0.0,0.0,2.4,Mission,N,
起飞翼展巡航翼展,4,0.0,0.0,2.4,Mission,N,
起飞重量变体,4,0.0,0.0,2.4,Mission,N,
起飞重量连杆,4,0.0,0.0,2.4,Mission,N,
载荷升限,4,0.0,0.0,2.4,Performance,N,
载荷燃油,4,0.0,0.0,2.4,Performance,N,
过程伴飞,4,0.0,0.0,2.4,Concept,N,
过程伴飞无人机,4,0.0,0.0,2.4,Aircraft,N,
过程伴飞无人机视角,4,0.0,0.0,2.4,Aircraft,N,
过程全机升力,4,0.0,0.0,2.4,Concept,N,
过程公转自转角度,4,0.0,0.0,2.4,Parameter,N,
过程副翼,4,0.0,0.0,2.4,Concept,N,
过程升力重力,4,0.0,0.0,2.4,Concept,N,
过程受力特性,4,0.0,0.0,2.4,Concept,N,
过程机身,4,0.0,0.0,2.4,Structure,N,
过程机身姿态,4,0.0,0.0,2.4,Structure,N,
过程机身姿态变化,4,0.0,0.0,2.4,Structure,N,
过程非定常数值,4,0.0,0.0,2.4,Concept,N,
过程飞机升力,4,0.0,0.0,2.4,Aircraft,N,
过程飞机各个,4,0.0,0.0,2.4,Aircraft,N,
这个扭矩弯矩,4,0.0,0.0,2.4,Concept,N,
连杆几何,4,0.0,0.0,2.4,Concept,N,
连杆弯矩扭矩,4,0.0,0.0,2.4,Concept,N,
连杆最大弯矩,4,0.0,0.0,2.4,Concept,N,
连杆机翼连接处,4,0.0,0.0,2.4,Structure,N,
连杆构型双翼连杆,4,0.0,0.0,2.4,Concept,N,
适用于单折叠,4,0.0,0.0,2.4,Mechanism,N,
适用于单折叠变体,4,0.0,0.0,2.4,Mechanism,N,
部分折叠,4,0.0,0.0,2.4,Mechanism,N,
陈老师,3,0.001341,13.115745,3.111977,Concept,N,
飞机平面外形,3,0.0,6.344082,2.434408,Structure,Y,飞机外形/平面外形
全新概念,3,0.0,6.333695,2.43337,Concept,N,
地面拍摄,2,0.0,12.319279,2.431928,Concept,N,
掠翼战斗,2,0.0,12.319279,2.431928,Mission,Y,掠翼战斗机相关任务/应用
全机重量,3,0.0,6.299379,2.429938,Parameter,Y,飞机总重/飞机重量
使用气动力驱动变体,3,0.0,6.290201,2.42902,Mechanism,Y,气动驱动变体/气动力驱动
显著优于其他,2,0.0,12.27621,2.427621,Concept,N,
安定,3,0.000527,6.262729,2.426431,Performance,Y,稳定性/纵向/横向安定性（视上下文）
一新概念,3,0.0,6.26126,2.426126,Concept,N,
相差,3,0.000527,6.241276,2.424286,Concept,N,
飞行试验验证,3,0.0,6.229567,2.422957,Mission,Y,飞行试验/验证试飞
利用,3,0.000527,6.212022,2.42136,Concept,N,
特性近似,3,0.0,6.208855,2.420885,Concept,Y,特性近似/近似特性（建模或估算）
陈海昕教授,2,0.0,12.193748,2.419375,Concept,N,
几种,3,0.000527,6.181899,2.418348,Concept,N,
增强连杆,3,0.0,6.173848,2.417385,Mechanism,Y,加力连杆/加强连杆
当梢,3,0.000527,6.165228,2.416681,Concept,N,
广义坐标,2,0.000351,12.154219,2.415527,Parameter,Y,广义坐标q
两段,3,0.000527,6.14814,2.414972,Concept,N,
包线主要,3,0.0,6.138465,2.413847,Concept,N,
驱动完成,3,0.0,6.122583,2.412258,Mechanism,N,
容积侵犯,2,0.0,12.115745,2.411575,Concept,N,
滚转稳定性良好,2,0.0,12.115745,2.411575,Performance,Y,良好滚转稳定性
导致飞机,3,0.0,6.112782,2.411278,Aircraft,N,
战斗轰炸机,3,0.0,6.112782,2.411278,Aircraft,Y,Fighter-bomber/战斗轰炸型
改善飞机,3,0.0,6.112782,2.411278,Concept,Y,提升/改进飞机性能或设计
机构复杂,3,0.0,6.112782,2.411278,Concept,Y,机构复杂度高
机构安装,3,0.0,6.112782,2.411278,Mechanism,Y,机构装配/安装
机翼副翼不同面积,3,0.0,6.112782,2.411278,Parameter,Y,副翼面积不一致
机翼向上运动,3,0.0,6.112782,2.411278,ControlMethod,Y,机翼上抬/上偏运动
机翼处于单翼构型,3,0.0,6.112782,2.411278,Structure,Y,单翼构型状态
机翼处于单翼状态,3,0.0,6.112782,2.411278,Structure,Y,单翼状态/单翼构型
机翼需要卸载,3,0.0,6.112782,2.411278,ControlMethod,Y,机翼减载/卸载需求（视上下文）
机身发动机,3,0.0,6.112782,2.411278,Mechanism,Y,安装在机身的发动机
机身布局,3,0.0,6.112782,2.411278,Structure,Y,机身构型布局
检验飞机,3,0.0,6.112782,2.411278,Mission,Y,飞机检验/鉴定测试
类型飞机,3,0.0,6.112782,2.411278,Aircraft,N,
取得良好,2,0.0,12.096886,2.409689,Concept,N,
气动优化,3,0.0,6.060463,2.406046,Concept,Y,空气动力学优化/气动优化设计
趋势逐步放缓,2,0.0,12.041745,2.404174,Concept,N,
代表,3,0.000527,6.033876,2.403546,Concept,N,
尺寸增加,3,0.0,6.032756,2.403276,Parameter,Y,尺寸增大/尺寸增长
变体飞行器使用气动力,3,0.0,6.027166,2.402717,Performance,Y,变体飞行器气动工作方式
求导,3,0.000527,6.013839,2.401542,ControlMethod,Y,对变量求导/微分
阻力比较,3,0.0,6.014945,2.401494,Performance,Y,阻力对比/阻力比较分析
