term,freq,tfidf,pmi,score,entity_type,keep,alias
机翼,1671,0.337445,5.257439,1003.226977,Structure,Y,
变体,1559,0.307643,6.428624,936.135155,Aircraft,Y,
飞行器,779,0.178631,7.016477,468.155237,Mission,Y,
折叠,667,0.127428,8.513962,401.089625,Mechanism,Y,
飞机,565,0.106485,4.664541,339.4984,Aircraft,Y,
折叠变体,534,0.0,1.957765,320.595776,Mechanism,Y,
气动,486,0.119938,7.082903,292.344272,Performance,Y,
变体飞行器,454,0.0,6.546585,273.054659,Mission,Y,
双翼,416,0.094352,4.882874,250.116593,Concept,Y,
飞行,364,0.090013,6.858719,219.112876,Mission,Y,
升力,356,0.067231,7.055687,214.325738,Concept,Y,
活动,344,0.078022,7.269609,207.150367,Concept,Y,
过程,339,0.068958,8.270695,204.247757,Concept,Y,
活动机翼,328,0.0,6.056129,197.405613,Structure,Y,
morphing,313,0.206597,6.650913,188.52707,Mechanism,Y,
折叠变体飞行器,297,0.0,0.0,178.2,Mechanism,Y,
连杆,291,0.066001,9.212885,175.541089,Concept,Y,
aircraft,264,0.128833,5.099422,158.948592,Aircraft,Y,
变体过程,255,0.0,6.635462,153.663546,Aircraft,Y,
特性,247,0.056437,8.120537,149.028985,Concept,Y,
wing,247,0.13978,6.262546,148.868189,Structure,Y,
展弦比,234,0.042256,8.071681,141.219845,Concept,Y,
变化,224,0.044462,5.852401,134.998579,Concept,Y,
构型,217,0.043983,7.327171,130.945912,Concept,Y,
布局,215,0.053538,9.440696,129.960131,Concept,Y,
变形,211,0.056779,5.46167,127.163201,Mechanism,Y,
不同,202,0.043725,8.297923,122.04291,Concept,Y,
副翼,197,0.034855,6.039847,118.814441,Concept,Y,
阻力,191,0.037605,7.181122,115.329394,Concept,Y,
上下,175,0.039691,6.676058,105.679513,Concept,Y,
固定,168,0.031308,8.901432,101.699536,Concept,Y,
验证,165,0.029917,9.487953,99.95777,Concept,Y,
情况,159,0.0283,10.441536,96.452644,Concept,Y,
重量,157,0.02912,8.352721,95.044008,Concept,Y,
单翼,156,0.035382,3.839023,93.994517,Concept,Y,
发展,154,0.040977,7.367661,93.149059,Concept,Y,
力矩,154,0.031514,6.755588,93.085013,Concept,Y,
翼展,154,0.027729,3.551859,92.763505,Concept,Y,
通过,151,0.033472,8.452834,91.455325,Concept,Y,
对于,151,0.028667,6.480929,91.256693,Concept,Y,
参数,149,0.031671,8.811762,90.290677,Parameter,Y,
系数,145,0.029525,8.291502,87.838008,Concept,Y,
位置,144,0.026732,9.495112,87.357531,Concept,Y,
最大,142,0.025804,7.486824,85.956424,Concept,Y,
应用,137,0.034696,7.712394,82.981648,Concept,Y,
气动特性,137,0.0,7.6613,82.96613,Performance,Y,
方案,134,0.032723,8.562615,81.266078,Concept,Y,
影响,132,0.029466,10.722603,80.2811,Concept,Y,
偏转,132,0.029321,8.617942,80.07059,Concept,Y,
气动力,132,0.027137,5.6402,79.772161,Performance,Y,
产生,131,0.026382,10.222158,79.63013,Concept,Y,
机构,132,0.025681,4.010048,79.608709,Concept,Y,
上下机翼,131,0.0,6.070873,79.207087,Structure,Y,
原理,129,0.022543,9.492088,78.355972,Concept,Y,
攻角,124,0.022699,9.19874,75.326684,Parameter,Y,
原理验证,122,0.0,10.167361,74.216736,Concept,Y,
开展,119,0.028534,7.309537,72.139514,Concept,Y,
主要,118,0.025887,9.031839,71.71095,Concept,Y,
动力学,118,0.025013,6.978494,71.505353,Concept,Y,
固定机翼,115,0.0,6.052301,69.60523,Structure,Y,
起降,111,0.021767,8.807715,67.487302,Concept,Y,
需要,110,0.020049,8.246873,66.830702,Concept,Y,
驱动,110,0.020139,7.290566,66.735098,Mechanism,Y,
降低,106,0.022361,9.121495,64.518858,Concept,Y,
使用,106,0.01843,8.080832,64.413612,Concept,Y,
处于,106,0.01843,7.814362,64.386965,Concept,Y,
进一步,104,0.018376,9.434219,63.348935,Concept,Y,
增加,100,0.01856,9.339279,60.939496,Concept,Y,
飞行器气动,100,0.0,4.158358,60.415836,Performance,Y,
提高,96,0.026023,8.488413,58.456648,Concept,Y,
外形,93,0.024195,7.69723,56.576981,Concept,Y,
弯度,91,0.02254,7.663663,55.373128,Concept,Y,
实现,88,0.025371,9.560899,53.763701,Concept,Y,
变化情况,88,0.0,6.658921,53.465892,Concept,Y,
机翼处于,88,0.0,6.387308,53.438731,Structure,Y,
巡航,85,0.018738,9.323507,51.937972,Mission,Y,
状态,84,0.017547,10.055463,51.41081,Concept,Y,
升力系数,84,0.0,8.324394,51.232439,Concept,Y,
优化,81,0.023726,8.191498,49.426268,Concept,Y,
无人机,80,0.018458,6.233503,48.628888,Aircraft,Y,
改变,80,0.017294,6.110485,48.616237,Concept,Y,
面积,78,0.016221,9.103664,47.715233,Concept,Y,
试验,77,0.016194,9.085947,47.113453,Concept,Y,
概念,76,0.014857,11.511108,46.755568,Concept,Y,
角度,76,0.014711,6.138654,46.218279,Parameter,Y,
变展,76,0.014274,3.204181,45.9247,Concept,Y,
考虑,74,0.016259,11.072299,45.512108,Concept,Y,
变体飞行器气动,75,0.0,3.920178,45.392018,Performance,Y,
代价,73,0.012738,10.702663,44.874088,Concept,Y,
非定常,72,0.017661,10.323279,44.237626,Concept,Y,
机翼升力,73,0.0,2.6452,44.06452,Structure,Y,
之间,71,0.013703,9.11997,43.516108,Concept,Y,
需求,71,0.017051,8.969918,43.502107,Concept,Y,
伸缩,70,0.018044,10.911157,43.096529,Concept,Y,
分别,68,0.012603,8.7828,41.682061,Concept,Y,
公转,68,0.015423,8.441188,41.648746,Concept,Y,
机身,68,0.012603,5.816559,41.385437,Structure,Y,
几何,67,0.013741,11.347161,41.338838,Concept,Y,
满足,67,0.015925,11.307108,41.335488,Concept,Y,
总体设计,66,0.011676,7.944651,40.397968,Concept,Y,
增大,65,0.015434,6.377741,39.642404,Concept,Y,
起飞,64,0.011913,5.116885,38.915262,Mission,Y,
变后,64,0.018901,4.720982,38.877769,Concept,Y,
包线,63,0.011886,9.329499,38.736516,Concept,Y,
方式,63,0.014944,6.364543,38.440937,Concept,Y,
变体机构,63,0.0,6.125541,38.412554,Aircraft,Y,
减小,62,0.015353,8.892652,38.093871,Concept,Y,
双翼构型,62,0.0,7.113081,37.911308,Concept,Y,
失速,61,0.011687,8.778416,37.481348,Concept,Y,
针对,61,0.019112,8.655871,37.471321,Concept,Y,
翼型,61,0.01256,3.10139,36.913907,Structure,Y,
中心,59,0.012507,7.740142,36.177766,Concept,Y,
分布,59,0.011779,6.834789,36.087013,Concept,Y,
速度,59,0.012652,6.615407,36.065336,Parameter,Y,
机翼机翼,60,0.0,0.0,36.0,Structure,Y,
效率,57,0.016966,9.325537,35.137643,Performance,Y,
副翼偏转,57,0.0,8.758976,35.075898,Concept,Y,
自由度,56,0.009951,8.498433,34.452829,Concept,Y,
要求,56,0.012863,7.91661,34.39552,Concept,Y,
驱动变体,56,0.0,6.232456,34.223246,Mechanism,Y,
俯仰,55,0.011817,11.906431,34.194188,Concept,Y,
间距,55,0.012474,9.321278,33.93587,Concept,Y,
常规,55,0.012253,9.181477,33.921824,Concept,Y,
气动力驱动,55,0.0,7.288547,33.728855,Mechanism,Y,
蒙皮,54,0.011644,12.173904,33.620884,Concept,Y,
收益,54,0.010625,11.391044,33.542292,Concept,Y,
可变,55,0.017203,3.692368,33.374398,Concept,Y,
弯矩,54,0.012248,8.157873,33.219462,Concept,Y,
效应,54,0.01441,7.62553,33.166876,Concept,Y,
翼尖,54,0.01179,6.056201,33.009157,Concept,Y,
变展变体,55,0.0,0.0,33.0,Aircraft,Y,
飞行器气动特性,54,0.0,3.294502,32.72945,Performance,Y,
扭矩,53,0.009288,8.641867,32.666973,Concept,Y,
网格,52,0.012173,11.588942,32.362546,Concept,Y,
根据,52,0.009843,10.214575,32.22441,Concept,Y,
处于不同,52,0.0,9.262447,32.126245,Concept,Y,
相较,52,0.009406,7.286015,31.931423,Concept,Y,
机翼处于不同,52,0.0,6.387308,31.838731,Structure,Y,
部分,51,0.009088,7.79865,31.382592,Concept,Y,
单翼构型,51,0.0,7.182751,31.318275,Concept,Y,
进气道,50,0.014885,9.487658,30.953231,Concept,Y,
零升,50,0.008916,8.642509,30.866926,Concept,Y,
扭转,50,0.009498,7.91087,30.793936,Concept,Y,
折叠变体飞行器气动,51,0.0,0.0,30.6,Mechanism,Y,
约束,49,0.009908,10.999672,30.50294,Concept,Y,
看出,49,0.011114,9.429224,30.346256,Concept,Y,
连续,49,0.014858,8.865411,30.290999,Concept,Y,
上下机翼处于不同,49,0.0,8.582399,30.25824,Structure,Y,
上下机翼处于,49,0.0,8.408369,30.240837,Structure,Y,
两个,49,0.011114,8.355655,30.2389,Concept,Y,
全球,48,0.008425,10.819555,29.884483,Concept,Y,
带来,48,0.010609,9.405319,29.743715,Concept,Y,
两侧,48,0.008425,9.235305,29.726058,Concept,Y,
形式,48,0.011483,6.396288,29.443074,Concept,Y,
阶段,47,0.01262,11.055152,29.309301,Concept,Y,
随着,47,0.012038,10.429091,29.246521,Concept,Y,
处于不同位置,47,0.0,10.060446,29.206045,Concept,Y,
变体飞行器气动特性,48,0.0,3.680813,29.168081,Performance,Y,
完成,47,0.008253,9.380355,29.140511,Concept,Y,
不同位置,47,0.0,8.635064,29.063506,Concept,Y,
柔性,47,0.013203,8.256707,29.029632,Concept,Y,
机翼处于不同位置,47,0.0,6.387308,28.838731,Structure,Y,
较大,47,0.010728,5.639465,28.767165,Concept,Y,
规律,46,0.009827,10.868732,28.689821,Concept,Y,
最大升力,46,0.0,7.530118,28.353012,Concept,Y,
气动布局,46,0.0,6.225762,28.222576,Performance,Y,
建立,45,0.011984,11.287246,28.13232,Concept,Y,
智能,45,0.013731,8.942208,27.89834,Concept,Y,
能力,45,0.01082,4.583699,27.461616,Concept,Y,
折叠机翼,45,0.0,3.236313,27.323631,Mechanism,Y,
最大升力系数,44,0.0,9.09873,27.309873,Concept,Y,
方面,44,0.008609,6.45432,27.048015,Concept,Y,
本章,43,0.009753,8.06822,26.609748,Concept,Y,
后掠角,43,0.011639,7.548787,26.55837,Concept,Y,
基础,42,0.008264,10.394827,26.241962,Concept,Y,
斜率,42,0.00739,10.122374,26.214454,Concept,Y,
减少,42,0.007827,10.063551,26.208703,Concept,Y,
上述,42,0.008118,7.689314,25.971367,Concept,Y,
稳定性,42,0.009574,7.600621,25.962934,Performance,Y,
机翼变体,43,0.0,1.484815,25.948482,Structure,Y,
现有,42,0.007973,7.040879,25.90648,Concept,Y,
流动,42,0.010448,5.264393,25.729574,Concept,Y,
对比,42,0.008701,5.183474,25.720958,Concept,Y,
诱导,41,0.0078,10.554385,25.657778,Concept,Y,
学科,41,0.009693,8.463411,25.449249,Concept,Y,
变体飞机,42,0.0,2.203141,25.420314,Aircraft,Y,
空间,41,0.00911,7.411917,25.343925,Concept,Y,
升力斜率,42,0.0,0.0,25.2,Concept,Y,
航程,41,0.009299,5.83911,25.186701,Performance,Y,
来说,40,0.007191,9.686605,24.970818,Concept,Y,
进而,40,0.008938,7.798359,24.782517,Concept,Y,
根比,40,0.009072,7.503885,24.75311,Concept,Y,
长航,40,0.007628,6.212449,24.623533,Concept,Y,
整体,40,0.007482,6.135783,24.615823,Concept,Y,
相对,40,0.008792,6.044898,24.607127,Concept,Y,
传递,39,0.008845,11.282839,24.530938,Concept,Y,
包括,39,0.008038,10.921841,24.494595,Concept,Y,
耦合,39,0.010367,9.970186,24.400129,Concept,Y,
俯仰力矩,39,0.0,9.783363,24.378336,Concept,Y,
其他,39,0.007601,9.521919,24.354472,Concept,Y,
机翼副翼,40,0.0,3.419468,24.341947,Structure,Y,
机翼折叠,40,0.0,1.544436,24.154444,Mechanism,Y,
形状,39,0.009057,7.222228,24.12494,Concept,Y,
首先,38,0.007137,12.094667,24.011608,Concept,Y,
机翼活动,40,0.0,0.0,24.0,Structure,Y,
一定,39,0.00731,5.4364,23.945833,Concept,Y,
展弦比飞机,39,0.0,5.387308,23.938731,Aircraft,Y,
舵面,38,0.008593,8.74962,23.67754,Structure,Y,
基本,38,0.006846,8.420822,23.644136,Concept,Y,
阻力系数,38,0.0,8.07057,23.607057,Concept,Y,
航空,38,0.011068,7.354705,23.538791,Concept,Y,
原准机,38,0.008619,6.277683,23.430354,Concept,Y,
位置双翼,39,0.0,0.0,23.4,Concept,Y,
保持,37,0.006965,11.518685,23.353958,Concept,Y,
诱导阻力,37,0.0,7.583699,22.95837,Concept,Y,
压力,37,0.00711,6.893875,22.891521,Concept,Y,
气动力驱动变体,37,0.0,6.762971,22.876297,Mechanism,Y,
铰链,36,0.006792,12.445709,22.846609,Concept,Y,
飞行试验,37,0.0,6.259377,22.825938,Mission,Y,
机翼活动机翼,38,0.0,0.0,22.8,Structure,Y,
干扰,36,0.008539,11.680174,22.770579,Concept,Y,
空气,37,0.009003,5.520076,22.754708,Concept,Y,
载荷,36,0.008248,10.8517,22.687644,Performance,Y,
讨论,36,0.008165,10.473465,22.649796,Concept,Y,
复杂,35,0.008512,11.882855,22.190839,Concept,Y,
机翼弯度,36,0.0,5.633261,22.163326,Structure,Y,
提供,35,0.008949,9.934959,21.996181,Concept,Y,
弹头,35,0.014638,9.800446,21.984436,Concept,Y,
超声速,35,0.010842,9.612999,21.964552,Concept,Y,
不变,36,0.006355,3.131879,21.915094,Concept,Y,
零升攻角,35,0.0,9.150279,21.915028,Parameter,Y,
机翼固定,36,0.0,1.272233,21.727223,Structure,Y,
模式,35,0.008803,7.099239,21.712565,Concept,Y,
飞行器总体设计,35,0.0,7.047622,21.704762,Mission,Y,
升阻,35,0.007639,6.797686,21.68206,Concept,Y,
变体方式,35,0.0,6.32485,21.632485,Aircraft,Y,
重要,35,0.008512,6.118457,21.614399,Concept,Y,
变体方案,35,0.0,4.922628,21.492263,Aircraft,Y,
构型双翼,35,0.0,4.921825,21.492183,Concept,Y,
双翼升力,35,0.0,4.63498,21.463498,Concept,Y,
斜置,34,0.01422,8.877582,21.292024,Concept,Y,
活动机翼升力,35,0.0,1.119559,21.111956,Structure,Y,
运动,34,0.006884,6.92074,21.094139,Concept,Y,
相同,34,0.006738,6.615645,21.063586,Concept,Y,
单翼双翼,35,0.0,0.0,21.0,Concept,Y,
过程飞机,35,0.0,0.0,21.0,Aircraft,Y,
预测,33,0.010351,11.49198,20.952303,Concept,Y,
展开,34,0.006738,5.502182,20.95224,Mechanism,Y,
全机,34,0.00601,4.802345,20.882038,Concept,Y,
距离,33,0.006857,10.691511,20.871208,Concept,Y,
目标,33,0.007876,9.959247,20.798288,Concept,Y,
倾转,33,0.013802,9.099904,20.714131,Concept,Y,
公转角度,33,0.0,8.205989,20.620599,Parameter,Y,
固定机翼活动,34,0.0,0.0,20.4,Structure,Y,
流场,32,0.006684,9.412785,20.143284,Concept,Y,
后缘,32,0.013384,8.66611,20.070626,Concept,Y,
非线性,32,0.008723,8.316828,20.0343,Concept,Y,
起降翼展,32,0.0,8.108207,20.010821,Concept,Y,
自转,32,0.007258,6.914037,19.893581,Concept,Y,
受力,32,0.007258,6.493944,19.851572,Concept,Y,
范围,31,0.006512,12.315019,19.833456,Concept,Y,
固定机翼活动机翼,33,0.0,0.0,19.8,Structure,Y,
伸缩机翼,32,0.0,5.929209,19.792921,Structure,Y,
机翼之间,32,0.0,5.839305,19.783931,Structure,Y,
飞行器发展,32,0.0,5.340796,19.73408,Mission,Y,
机翼面积,32,0.0,5.292151,19.729215,Structure,Y,
损失,31,0.005493,10.976507,19.699299,Concept,Y,
升力阻力,32,0.0,4.830052,19.683005,Concept,Y,
压力分布,31,0.0,9.628689,19.562869,Concept,Y,
直接,31,0.00593,9.610252,19.562804,Concept,Y,
滚转,31,0.006949,9.173904,19.519475,Concept,Y,
同样,31,0.006803,8.998349,19.501876,Concept,Y,
大幅,31,0.006512,7.836128,19.385566,Concept,Y,
最优,31,0.006658,7.50545,19.352542,Concept,Y,
作用,31,0.006221,7.03769,19.305635,Concept,Y,
原有,31,0.007031,6.529101,19.255019,Concept,Y,
展长,31,0.006658,6.523244,19.254322,Concept,Y,
材料,30,0.008378,12.358329,19.238346,Concept,Y,
方向,31,0.006658,6.338405,19.235838,Concept,Y,
总体,31,0.006512,6.288437,19.230797,Concept,Y,
不同位置双翼,32,0.0,0.0,19.2,Concept,Y,
变体过程飞机,32,0.0,0.0,19.2,Aircraft,Y,
处于不同位置双翼,32,0.0,0.0,19.2,Concept,Y,
展弦比飞行器,31,0.0,5.286775,19.128677,Mission,Y,
传统,30,0.007941,9.763464,18.978729,Concept,Y,
空气动力学,30,0.0,8.951512,18.895151,Performance,Y,
有效,30,0.007359,6.683327,18.67054,Concept,Y,
变体飞行器总体设计,30,0.0,6.658921,18.665892,Mission,Y,
结合,30,0.005903,6.26865,18.628636,Concept,Y,
以上,30,0.005612,4.478603,18.449544,Concept,Y,
改善,29,0.007332,10.419318,18.444131,Concept,Y,
导致,29,0.007623,9.458169,18.348104,Concept,Y,
起飞重量,29,0.0,9.431702,18.34317,Mission,Y,
增强,29,0.00573,8.158846,18.217604,Concept,Y,
关系,29,0.005148,7.992878,18.200832,Concept,Y,
任务,28,0.008761,12.303079,18.032936,Mission,Y,
尺寸,28,0.006351,12.241018,18.026007,Concept,Y,
操纵,28,0.008033,11.282839,17.930694,Concept,Y,
重力,29,0.006577,3.971697,17.799143,Concept,Y,
风洞试验,28,0.008443,9.697876,17.77232,Concept,Y,
优势,28,0.006577,9.413891,17.743362,Concept,Y,
测试,28,0.005558,9.19395,17.721062,Concept,Y,
这种,28,0.005121,8.353891,17.636925,Concept,Y,
存在,28,0.007014,8.122713,17.614375,Concept,Y,
厚度,28,0.005412,8.095674,17.611191,Concept,Y,
活动机翼固定,29,0.0,2.068519,17.606852,Structure,Y,
数值,28,0.006868,8.032361,17.605297,Concept,Y,
强度,28,0.005703,6.841417,17.485853,Concept,Y,
双翼布局,28,0.0,6.112914,17.411291,Concept,Y,
一个,28,0.005267,6.089691,17.410549,Concept,Y,
飞行器原理,29,0.0,0.0,17.4,Mission,Y,
飞行器原理验证,29,0.0,0.0,17.4,Mission,Y,
比较,28,0.005121,5.637585,17.365295,Concept,Y,
小于,28,0.004975,5.408369,17.34233,Concept,Y,
特性影响,28,0.0,4.930081,17.293008,Concept,Y,
明确,27,0.006124,10.401528,17.24199,Concept,Y,
这些,27,0.006124,10.137925,17.21563,Concept,Y,
综合,27,0.004948,9.500362,17.151521,Concept,Y,
非定常效应,27,0.0,9.392581,17.139258,Concept,Y,
引起,27,0.005094,8.998054,17.101334,Concept,Y,
几何外形,27,0.0,8.957353,17.095735,Concept,Y,
建模,27,0.008297,8.522799,17.054769,Concept,Y,
机翼飞行器,28,0.0,2.329125,17.032912,Structure,Y,
作动器,27,0.006124,8.072621,17.009099,Concept,Y,
理论,27,0.006259,7.916247,16.993502,Concept,Y,
平面,27,0.004948,7.245065,16.925991,Concept,Y,
飞行器变体,28,0.0,1.064382,16.906438,Mission,Y,
变体飞行,27,0.0,6.053157,16.805316,Mission,Y,
倾转机翼,27,0.0,6.001202,16.80012,Structure,Y,
变体飞行器原理,28,0.0,0.0,16.8,Mission,Y,
变体飞行器原理验证,28,0.0,0.0,16.8,Mission,Y,
折叠变体飞行器原理,28,0.0,0.0,16.8,Mechanism,Y,
折叠变体飞行器总体设计,28,0.0,0.0,16.8,Mechanism,Y,
论文,26,0.005897,8.947396,16.496509,Concept,Y,
角度变化,26,0.0,7.080897,16.30809,Parameter,Y,
变体包线,26,0.0,6.026006,16.202601,Aircraft,Y,
折叠变体飞机,27,0.0,0.0,16.2,Mechanism,Y,
机翼固定机翼,27,0.0,0.0,16.2,Structure,Y,
设计方案,26,0.005795,5.839524,16.185691,Concept,Y,
二维,25,0.004749,10.363382,16.037763,Concept,Y,
操稳,25,0.006205,9.785339,15.980395,Concept,Y,
为了,26,0.005358,3.778075,15.979415,Concept,Y,
失速攻角,25,0.0,9.272269,15.927227,Parameter,Y,
稳定,25,0.006059,8.214383,15.823256,Concept,Y,
单翼状态,25,0.0,7.444804,15.74448,Concept,Y,
对于折叠,26,0.0,1.261314,15.726131,Mechanism,Y,
发生,25,0.004603,6.883802,15.689761,Concept,Y,
过程活动,26,0.0,0.0,15.6,Concept,Y,
过程活动机翼,26,0.0,0.0,15.6,Structure,Y,
斜置机翼,25,0.0,5.993264,15.599326,Structure,Y,
形成,25,0.004603,5.953237,15.596705,Concept,Y,
变体飞行器概念,25,0.0,5.600936,15.560094,Mission,Y,
已经,24,0.006178,11.313212,15.533175,Concept,Y,
尾翼,25,0.005914,4.841261,15.4859,Structure,Y,
飞行器概念,25,0.0,4.799587,15.479959,Mission,Y,
双翼气动,25,0.0,3.729956,15.372996,Performance,Y,
马赫数,24,0.006615,9.073003,15.309285,Parameter,Y,
工作,24,0.005596,8.805517,15.28223,Concept,Y,
对称,24,0.004577,8.688419,15.270215,Concept,Y,
气动弹性,24,0.006097,7.48727,15.150556,Performance,Y,
活动机翼处于,24,0.0,7.279811,15.127981,Structure,Y,
飞行器来说,24,0.0,7.047622,15.104762,Mission,Y,
最大起飞,24,0.0,6.988728,15.098873,Mission,Y,
力学,24,0.006906,6.12815,15.014887,Concept,Y,
总结,24,0.005596,6.111637,15.012842,Concept,Y,
飞翼,25,0.007806,0.054635,15.007805,Concept,Y,
变展变体飞行器,25,0.0,0.0,15.0,Mission,Y,
对于折叠变体,25,0.0,0.0,15.0,Mechanism,Y,
机翼间距,24,0.0,5.474771,14.947477,Structure,Y,
动力,24,0.00545,5.249769,14.926612,Concept,Y,
用于,24,0.005305,5.238444,14.925436,Concept,Y,
公司,23,0.005423,11.078501,14.909477,Concept,Y,
较为,24,0.004868,4.824297,14.88389,Concept,Y,
车载,23,0.005217,10.657849,14.86735,Concept,Y,
分为,24,0.00545,4.412455,14.842881,Concept,Y,
过程非定常,24,0.0,4.371711,14.837171,Concept,Y,
最大起飞重量,23,0.0,9.580225,14.758022,Mission,Y,
组合,23,0.00962,8.786771,14.681563,Concept,Y,
适应,23,0.00962,8.001229,14.603009,Concept,Y,
三个,23,0.005217,7.969051,14.59847,Concept,Y,
工程,23,0.006734,7.224062,14.524426,Concept,Y,
双翼状态,23,0.0,6.911375,14.491137,Concept,Y,
偏转产生,23,0.0,6.855752,14.485575,Concept,Y,
多个,23,0.004841,6.781424,14.479595,Concept,Y,
评估,22,0.00627,12.698734,14.471754,Concept,Y,
偏航,23,0.005278,6.271812,14.428764,Concept,Y,
扰动,23,0.005217,6.227556,14.424321,Concept,Y,
折叠变体飞行器概念,24,0.0,0.0,14.4,Mechanism,Y,
uav,23,0.007037,5.582807,14.360392,Aircraft,Y,
活动机翼副翼,23,0.0,4.578325,14.257832,Structure,Y,
偏转弹头,22,0.0,10.219323,14.221932,Concept,Y,
快速,22,0.006852,9.420151,14.144071,Concept,Y,
折叠变体过程,23,0.0,2.21932,14.021932,Mechanism,Y,
拟定,22,0.00499,8.079864,14.009483,Concept,Y,
上下间距,22,0.0,7.530048,13.953005,Concept,Y,
斯瓦尔德,21,0.004763,13.133262,13.914755,Concept,Y,
双翼整体,22,0.0,7.117636,13.911764,Concept,Y,
环境,21,0.005952,12.806401,13.882426,Concept,Y,
活动机翼固定机翼,23,0.0,0.0,13.8,Structure,Y,
高空,22,0.004232,5.933022,13.794572,Concept,Y,
增重,22,0.00499,5.839467,13.785444,Concept,Y,
作为,22,0.004523,5.838684,13.785225,Concept,Y,
连续弯度,22,0.0,5.775044,13.777504,Concept,Y,
相比,22,0.00627,5.407364,13.742617,Concept,Y,
因子,21,0.004763,11.126599,13.714089,Concept,Y,
垂直,21,0.005515,10.849469,13.686601,Concept,Y,
长大,22,0.00499,4.415963,13.643093,Concept,Y,
曲线,21,0.004787,9.514583,13.552894,Concept,Y,
显示,21,0.004763,9.413522,13.542781,Concept,Y,
结果表明,21,0.005806,8.91113,13.492855,Concept,Y,
平均,21,0.004763,8.58271,13.4597,Concept,Y,
弹性,21,0.005952,6.720977,13.273883,Concept,Y,
低速,21,0.005952,6.508058,13.252591,Concept,Y,
结论,21,0.003768,6.341935,13.235324,Concept,Y,
过载,21,0.004059,6.072039,13.208422,Concept,Y,
变体过程活动,22,0.0,0.0,13.2,Aircraft,Y,
变体过程活动机翼,22,0.0,0.0,13.2,Structure,Y,
可变机翼,22,0.0,0.0,13.2,Structure,Y,
高速,21,0.006534,5.727935,13.174754,Concept,Y,
领域,20,0.005634,11.69505,13.171195,Concept,Y,
获得,20,0.004032,10.71495,13.072705,Concept,Y,
对应,21,0.005078,4.711219,13.072645,Concept,Y,
额外,20,0.003595,10.103515,13.01143,Concept,Y,
扰动力矩,20,0.0,9.26141,12.926141,Concept,Y,
一般,20,0.003595,8.922467,12.893325,Concept,Y,
平直,20,0.004323,8.370301,12.838327,Concept,Y,
旋转,20,0.005051,7.922365,12.793752,Concept,Y,
连接,20,0.003887,7.893425,12.790509,Concept,Y,
使得,20,0.004906,7.874891,12.788961,Concept,Y,
可行性,20,0.005051,7.496857,12.751201,Concept,Y,
适用,20,0.004469,7.259166,12.727257,Concept,Y,
相关,20,0.004323,7.20573,12.72187,Concept,Y,
变体飞行器变体,21,0.0,1.128765,12.712877,Mission,Y,
动力学特性,20,0.0,7.092627,12.709263,Concept,Y,
部位,20,0.005925,6.960428,12.69782,Concept,Y,
斯瓦尔德因子,19,0.0,12.849065,12.684906,Concept,Y,
局部,20,0.006216,6.609027,12.662768,Concept,Y,
对于双翼,20,0.0,6.104296,12.61043,Concept,Y,
飞行包线,20,0.0,6.077405,12.60774,Mission,Y,
变体机翼,21,0.0,-0.203241,12.6,Structure,Y,
长航飞行器,21,0.0,0.0,12.6,Mission,Y,
提升,20,0.004469,5.349611,12.536302,Concept,Y,
动态,20,0.008365,4.507664,12.453276,Concept,Y,
不同飞行,20,0.0,4.282433,12.428243,Mission,Y,
付出,19,0.003423,10.080363,12.409063,Concept,Y,
内侧,19,0.004005,8.537522,12.254954,Concept,Y,
上下机翼间距,19,0.0,8.489289,12.248929,Structure,Y,
头部,19,0.007947,8.294893,12.231873,Concept,Y,
有利于,19,0.004442,8.26398,12.227731,Concept,Y,
展弦比长航,19,0.0,8.108207,12.210821,Concept,Y,
计算结果,19,0.004309,8.0901,12.210303,Concept,Y,
节中,19,0.003569,7.921359,12.193206,Concept,Y,
两种,19,0.003423,7.514941,12.152521,Concept,Y,
气动效率,19,0.0,6.759204,12.07592,Performance,Y,
变体飞行器来说,19,0.0,6.658921,12.065892,Mission,Y,
燃油,18,0.003833,12.517859,12.052936,Concept,Y,
飞机变体,20,0.0,0.484986,12.048499,Aircraft,Y,
路径,18,0.004083,12.109774,12.012202,Concept,Y,
气动外形,19,0.0,6.102689,12.010269,Performance,Y,
布置,19,0.003423,6.027603,12.003787,Concept,Y,
变体收益,20,0.0,0.0,12.0,Aircraft,Y,
变体飞行器机构,20,0.0,0.0,12.0,Mission,Y,
对于折叠变体飞行器,20,0.0,0.0,12.0,Mechanism,Y,
攻角机翼,20,0.0,0.0,12.0,Structure,Y,
机翼长大,20,0.0,0.0,12.0,Structure,Y,
飞行器机构,20,0.0,0.0,12.0,Mission,Y,
方案设计,19,0.005752,5.617131,11.963439,Concept,Y,
早期,18,0.004124,11.463411,11.947578,Concept,Y,
解决,18,0.003978,11.249789,11.926172,Concept,Y,
可能,19,0.004151,4.872366,11.888482,Concept,Y,
飞翼布局,19,0.0,4.818803,11.88188,Concept,Y,
弯度机翼,19,0.0,4.72637,11.872637,Structure,Y,
实际,18,0.003833,10.604208,11.861571,Concept,Y,
关注,18,0.004706,10.540226,11.855435,Concept,Y,
本章首先,18,0.0,10.51232,11.851232,Concept,Y,
长度,19,0.003714,4.486258,11.84974,Concept,Y,
大于,19,0.004309,4.284718,11.829765,Concept,Y,
收益代价,18,0.0,10.098015,11.809801,Concept,Y,
指导,18,0.003687,9.706388,11.771745,Concept,Y,
准则,18,0.003396,9.019608,11.70298,Concept,Y,
来看,18,0.004083,8.364677,11.637692,Concept,Y,
副翼面积,18,0.0,7.940895,11.594089,Structure,Y,
机翼阻力,19,0.0,1.926736,11.592674,Structure,Y,
前掠,18,0.005434,7.804448,11.582075,Concept,Y,
双翼升力阻力,18,0.0,7.623227,11.562323,Concept,Y,
确定,18,0.003687,7.427787,11.543885,Concept,Y,
尺度,18,0.005434,7.206939,11.522324,Concept,Y,
大幅度,18,0.003687,7.059148,11.507021,Concept,Y,
成本,18,0.003687,6.981806,11.499287,Concept,Y,
攻角变化,18,0.0,6.334471,11.433447,Parameter,Y,
显著,17,0.005116,12.15703,11.417238,Concept,Y,
侵占,17,0.003856,12.048373,11.405994,Concept,Y,
折叠变体飞行器机构,19,0.0,0.0,11.4,Mechanism,Y,
机翼气动,19,0.0,-0.166715,11.4,Structure,Y,
宽速域,17,0.00711,11.765439,11.378677,Concept,Y,
最后,18,0.003396,5.562112,11.35723,Concept,Y,
传力,18,0.004083,5.343119,11.335537,Concept,Y,
结构设计,18,0.003833,5.065707,11.307721,Structure,Y,
高度,18,0.003396,4.916609,11.29268,Performance,Y,
包含,17,0.003078,10.485742,11.249498,Concept,Y,
完善,17,0.003856,10.059733,11.20713,Concept,Y,
试飞,18,0.003833,3.877697,11.18892,Concept,Y,
相对位置,17,0.0,9.440956,11.144096,Concept,Y,
未来,17,0.004388,9.130212,11.114338,Concept,Y,
纵向,17,0.00711,8.854602,11.087593,Concept,Y,
年代,17,0.003952,8.682764,11.069462,Concept,Y,
前缘,17,0.004825,8.447586,11.046206,Concept,Y,
操稳特性,17,0.0,8.316828,11.031683,Concept,Y,
常规布局,17,0.0,8.299912,11.029991,Concept,Y,
限制,17,0.003369,8.106293,11.01164,Concept,Y,
副翼偏转产生,17,0.0,8.01495,11.001495,Concept,Y,
飞机气动,18,0.0,1.954472,10.995447,Performance,Y,
总体参数,17,0.0,7.937847,10.993785,Parameter,Y,
升力中心,17,0.0,7.664229,10.966423,Concept,Y,
飞机飞行,18,0.0,1.592969,10.959297,Mission,Y,
兼顾,16,0.004361,13.537411,10.95505,Concept,Y,
行器,17,0.004534,7.436033,10.944963,Concept,Y,
及其,17,0.003369,7.177138,10.918725,Concept,Y,
重心,17,0.003515,6.884393,10.889494,Concept,Y,
连杆传递,17,0.0,6.801965,10.880197,Concept,Y,
气动中心,17,0.0,6.759204,10.87592,Performance,Y,
前后,17,0.003078,6.218651,10.822788,Concept,Y,
变体过程非定常,18,0.0,0.0,10.8,Aircraft,Y,
弯矩扭矩,18,0.0,0.0,10.8,Concept,Y,
折叠变体飞行器变体,18,0.0,0.0,10.8,Mechanism,Y,
机翼上下,18,0.0,-0.217046,10.8,Structure,Y,
良好,16,0.004361,11.785339,10.779842,Concept,Y,
发动机,17,0.00366,5.412844,10.742382,Concept,Y,
研发,17,0.003078,5.037574,10.704681,Concept,Y,
安装,16,0.003197,10.790357,10.679995,Concept,Y,
布局飞行器,17,0.0,4.295337,10.629534,Mission,Y,
变体原理,17,0.0,4.037146,10.603715,Aircraft,Y,
取得,16,0.003488,9.533199,10.554366,Concept,Y,
面临,16,0.00407,9.231603,10.524381,Concept,Y,
固定翼,17,0.004388,2.644864,10.465803,Concept,Y,
增加机翼,17,0.0,2.575953,10.457595,Structure,Y,
从而,16,0.002905,8.374181,10.43829,Concept,Y,
失效,16,0.003629,7.430294,10.344118,Concept,Y,
公转角度变化,16,0.0,7.374628,10.337463,Parameter,Y,
世纪,15,0.003898,12.952449,10.296414,Concept,Y,
除了,16,0.003197,6.678934,10.268852,Concept,Y,
位置机翼,17,0.0,0.0,10.2,Structure,Y,
双翼单翼,17,0.0,0.0,10.2,Concept,Y,
开展折叠,17,0.0,0.0,10.2,Mechanism,Y,
折叠变体飞行器来说,17,0.0,0.0,10.2,Mechanism,Y,
趋势,15,0.003461,11.774692,10.178507,Concept,Y,
对于飞机,16,0.0,5.466608,10.146661,Aircraft,Y,
位于,16,0.003629,4.633582,10.064447,Concept,Y,
足够,15,0.003402,10.419211,10.042942,Concept,Y,
平衡,15,0.002733,10.292299,10.03005,Concept,Y,
相互,15,0.003402,9.699377,9.970958,Concept,Y,
负载,15,0.003402,9.666782,9.967699,Concept,Y,
机翼方案,16,0.0,3.264538,9.926454,Structure,Y,
飞行器变体过程,16,0.0,3.226402,9.92264,Mission,Y,
开始,15,0.003024,8.998743,9.900782,Concept,Y,
并且,15,0.006274,8.829592,9.884841,Concept,Y,
掠翼,16,0.004216,2.689258,9.870191,Concept,Y,
三维,15,0.003752,8.647835,9.865909,Concept,Y,
布局形式,15,0.0,8.463411,9.846341,Concept,Y,
保证,15,0.00317,8.168668,9.817818,Concept,Y,
精度,15,0.006274,8.144878,9.81637,Concept,Y,
为例,15,0.003402,7.972606,9.798281,Concept,Y,
反角,15,0.002879,7.857232,9.786587,Concept,Y,
补偿,14,0.00256,13.685803,9.769348,Concept,Y,
性能需求,15,0.004626,7.565525,9.75794,Performance,Y,
中心变化,15,0.0,7.446182,9.744618,Concept,Y,
展弦比变展,15,0.0,7.392,9.7392,Concept,Y,
气动干扰,15,0.0,7.29135,9.729135,Performance,Y,
力矩系数,15,0.0,7.286379,9.728638,Concept,Y,
分离,15,0.003752,7.263811,9.727507,Concept,Y,
探索,14,0.004162,12.904638,9.691712,Concept,Y,
机翼重量,16,0.0,0.903248,9.690325,Structure,Y,
多种,15,0.004189,6.871394,9.688396,Concept,Y,
超声速飞行,15,0.0,6.818486,9.681849,Mission,Y,
出现,15,0.003024,6.347009,9.635608,Concept,Y,
全球无人机,16,0.0,0.0,9.6,Aircraft,Y,
双翼变体,16,0.0,-0.383385,9.6,Aircraft,Y,
开展折叠变体,16,0.0,0.0,9.6,Mechanism,Y,
折叠变体原理,16,0.0,0.0,9.6,Mechanism,Y,
之一,15,0.003315,5.847046,9.585699,Concept,Y,
近似,14,0.003175,11.633336,9.564286,Concept,Y,
展向,15,0.003461,5.292946,9.530333,Concept,Y,
相等,15,0.003402,5.27894,9.528915,Concept,Y,
如下,15,0.003402,4.912145,9.492235,Concept,Y,
舰载,14,0.00256,10.806713,9.481439,Concept,Y,
姿态,14,0.002997,10.656056,9.466505,Concept,Y,
研制,15,0.003315,4.553424,9.456337,Concept,Y,
变体试验,15,0.0,4.526904,9.45269,Aircraft,Y,
变体概念,15,0.0,4.160307,9.416031,Aircraft,Y,
除此之外,14,0.002706,10.103515,9.411163,Concept,Y,
变体原理验证,15,0.0,4.038078,9.403808,Aircraft,Y,
翼展变化,15,0.0,3.712276,9.371228,Concept,Y,
平台,14,0.002852,9.685803,9.369436,Concept,Y,
容积,14,0.003175,9.672506,9.368203,Concept,Y,
造成,14,0.002706,9.610968,9.361909,Concept,Y,
剖面,14,0.003434,9.379995,9.33903,Concept,Y,
滚转力矩,14,0.0,9.301454,9.330145,Concept,Y,
翼根,15,0.003024,3.286134,9.329521,Concept,Y,
机翼折叠变体,15,0.0,3.234165,9.323416,Mechanism,Y,
本章小结,14,0.0,9.042375,9.304237,Concept,Y,
关键技术,14,0.004308,8.89115,9.290407,Concept,Y,
自由度动力学,14,0.0,8.850228,9.285023,Concept,Y,
外形优化,14,0.0,8.661218,9.266122,Concept,Y,
机翼翼展,15,0.0,2.524507,9.252451,Structure,Y,
历程,14,0.005855,8.481558,9.249912,Concept,Y,
梁式,14,0.003175,8.305559,9.231508,Concept,Y,
偏转角度,14,0.0,8.133148,9.213315,Parameter,Y,
能够,14,0.00358,8.110222,9.212096,Concept,Y,
柔性变形,14,0.0,8.111914,9.211191,Mechanism,Y,
控制系统,14,0.00256,8.079844,9.208753,ControlMethod,Y,
更加,14,0.003725,7.966072,9.197725,Concept,Y,
刚度,14,0.002706,7.73722,9.174534,Concept,Y,
零升阻力,14,0.0,7.623227,9.162323,Concept,Y,
自身,14,0.003175,7.596613,9.160614,Concept,Y,
破坏,13,0.002388,13.526421,9.153358,Concept,Y,
机翼飞机,15,0.0,1.371218,9.137122,Structure,Y,
边界,13,0.00297,13.333776,9.134269,Concept,Y,
极大,14,0.003143,7.135142,9.114457,Concept,Y,
数据,14,0.003288,6.926782,9.093665,Concept,Y,
手册,13,0.002948,12.890832,9.089968,Concept,Y,
无法,14,0.00358,6.576505,9.058724,Concept,Y,
来自,14,0.003175,6.2492,9.025873,Concept,Y,
协调,13,0.003698,12.242076,9.025317,Concept,Y,
条件,13,0.002679,12.167018,9.017506,Concept,Y,
机翼应用,15,0.0,0.094613,9.009461,Structure,Y,
阻力特性,14,0.0,6.07798,9.007798,Concept,Y,
桁架,13,0.002948,11.993926,9.000277,Concept,Y,
变体发展,15,0.0,0.0,9.0,Aircraft,Y,
变体自由度,15,0.0,0.0,9.0,Aircraft,Y,
机翼上下机翼,15,0.0,0.0,9.0,Structure,Y,
机翼机身,15,0.0,0.0,9.0,Structure,Y,
气动影响,15,0.0,0.0,9.0,Performance,Y,
飞行器飞行,15,0.0,-0.242673,9.0,Mission,Y,
梁式机翼,14,0.0,5.988819,8.998882,Structure,Y,
描述,13,0.003407,11.669862,8.968008,Concept,Y,
相应,14,0.002852,5.286015,8.929457,Concept,Y,
传力路径,13,0.0,11.282839,8.928284,Concept,Y,
小结,14,0.003175,5.14191,8.915144,Concept,Y,
机翼运动,14,0.0,5.104882,8.910488,Structure,Y,
飞行状态,14,0.0,5.068893,8.906889,Mission,Y,
其后,14,0.003175,4.928395,8.893792,Concept,Y,
改变机翼,14,0.0,4.497199,8.84972,Structure,Y,
起落架,13,0.002388,10.024527,8.803169,Concept,Y,
达到,13,0.003116,9.884875,8.789422,Concept,Y,
大量,14,0.004162,3.804497,8.781698,Concept,Y,
变体飞行器变体过程,14,0.0,3.805358,8.780536,Mission,Y,
检验,13,0.002948,9.697876,8.770672,Concept,Y,
位置关系,13,0.0,9.358787,8.735879,Concept,Y,
一系列,13,0.005437,8.780146,8.679646,Concept,Y,
最优展弦比,13,0.0,8.590135,8.659013,Concept,Y,
研究进展,13,0.003844,8.001291,8.601282,Concept,Y,
进一步开展,13,0.0,8.001291,8.600129,Concept,Y,
机翼攻角,14,0.0,1.976777,8.597678,Structure,Y,
定常,13,0.002388,7.829683,8.583685,Concept,Y,
抵消,12,0.002722,13.752324,8.576049,Concept,Y,
角度变化情况,13,0.0,7.557589,8.555759,Parameter,Y,
倾转机翼飞行器,13,0.0,7.295337,8.529534,Structure,Y,
一倍,13,0.002948,7.195184,8.520403,Concept,Y,
集中,13,0.003698,7.154849,8.516594,Concept,Y,
扩展,13,0.002679,7.053759,8.50618,Concept,Y,
活动机翼之间,13,0.0,7.050629,8.505063,Structure,Y,
现状,13,0.003116,6.968,8.497735,Concept,Y,
拉力,13,0.002948,6.864235,8.487308,Concept,Y,
变化曲线,13,0.0,6.658921,8.465892,Concept,Y,
车载变体,13,0.0,6.524811,8.452481,Aircraft,Y,
一部分,13,0.002388,6.454102,8.446127,Concept,Y,
变形方式,13,0.0,6.436529,8.443653,Mechanism,Y,
背景,12,0.002216,12.370301,8.437695,Concept,Y,
滑动,13,0.003407,6.157478,8.41677,Concept,Y,
新型,13,0.003553,6.140181,8.415084,Concept,Y,
双翼变体过程,14,0.0,0.0,8.4,Aircraft,Y,
双翼零升,14,0.0,0.0,8.4,Concept,Y,
双翼零升攻角,14,0.0,0.0,8.4,Parameter,Y,
展弦比变展变体,14,0.0,0.0,8.4,Aircraft,Y,
展弦比长航飞行器,14,0.0,0.0,8.4,Mission,Y,
折叠变体原理验证,14,0.0,0.0,8.4,Mechanism,Y,
机翼连杆,14,0.0,-0.95566,8.4,Structure,Y,
飞行器动力学,14,0.0,0.0,8.4,Mission,Y,
气动力变化,13,0.0,5.910972,8.391097,Performance,Y,
固定机翼副翼,13,0.0,5.886956,8.388696,Structure,Y,
一侧,13,0.002948,5.841547,8.385039,Concept,Y,
文中,13,0.002948,5.702525,8.371137,Concept,Y,
组合变体,13,0.0,5.678082,8.367808,Aircraft,Y,
攻角下,13,0.002948,5.588252,8.35971,Parameter,Y,
连杆构型,13,0.0,5.46332,8.346332,Concept,Y,
气动特性影响,13,0.0,5.408128,8.340813,Performance,Y,
涉及,12,0.00338,11.193713,8.320385,Concept,Y,
升力变化,13,0.0,4.970473,8.297047,Concept,Y,
飞行器使用,13,0.0,4.903528,8.290353,Mission,Y,
作动器直接,12,0.0,10.805517,8.280552,Concept,Y,
卸载,12,0.002722,10.773698,8.278186,Concept,Y,
成为,13,0.003262,4.528999,8.253878,Concept,Y,
旋翼,13,0.005437,4.36733,8.238364,Concept,Y,
两侧变体,13,0.0,4.347934,8.234793,Aircraft,Y,
具备,12,0.002361,10.112914,8.212,Concept,Y,
空中,13,0.002534,4.033731,8.204133,Concept,Y,
对于机翼,13,0.0,3.737739,8.173774,Structure,Y,
主动,13,0.005437,3.649137,8.166545,Concept,Y,
应用方向,12,0.0,9.191222,8.119122,Concept,Y,
发展历程,12,0.0,9.066521,8.106652,Concept,Y,
飞行过程,13,0.0,3.064656,8.106466,Mission,Y,
工程应用,12,0.0,8.977984,8.097798,Concept,Y,
参数拟定,12,0.0,8.897272,8.089727,Parameter,Y,
弯曲,12,0.002361,8.836972,8.084405,Concept,Y,
机翼相对,13,0.0,2.841847,8.084185,Structure,Y,
典型,12,0.002361,8.775769,8.078285,Concept,Y,
本节,12,0.002216,8.56123,8.056788,Concept,Y,
多维度,12,0.005019,8.458244,8.04733,Concept,Y,
目的,13,0.003844,2.400684,8.041222,Concept,Y,
充分,12,0.002652,8.173046,8.0181,Concept,Y,
端面,12,0.002722,8.053266,8.006143,Concept,Y,
选择,11,0.00248,14.048373,8.005581,Concept,Y,
一方面,12,0.003089,7.745589,7.975486,Concept,Y,
巡航翼展,12,0.0,7.737811,7.973781,Mission,Y,
组成,12,0.002722,7.591859,7.960002,Concept,Y,
产生额外,12,0.0,7.599913,7.959991,Concept,Y,
整个,12,0.002722,7.481558,7.948972,Concept,Y,
通过折叠,13,0.0,1.32669,7.932669,Mechanism,Y,
直接驱动,12,0.0,7.315019,7.931502,Mechanism,Y,
驱动折叠变体,12,0.0,7.084899,7.90849,Mechanism,Y,
升力分布,12,0.0,7.0174,7.90174,Concept,Y,
缺陷,11,0.002334,12.906901,7.89139,Concept,Y,
外侧,12,0.002798,6.842987,7.885138,Concept,Y,
重新,12,0.002507,6.78679,7.879431,Concept,Y,
飞机手册,12,0.0,6.725694,7.872569,Aircraft,Y,
变化规律,12,0.002189,6.658921,7.866549,Concept,Y,
这个,12,0.002722,6.60543,7.861359,Concept,Y,
油箱,11,0.002495,12.5874,7.859488,Concept,Y,
发展完善,12,0.0,6.536884,7.853688,Concept,Y,
移动,12,0.002652,6.507664,7.851562,Concept,Y,
计算方法,12,0.002798,6.503366,7.851176,Concept,Y,
二维双翼,12,0.0,6.104296,7.81043,Concept,Y,
初始,11,0.002495,12.074846,7.808233,Concept,Y,
策略,11,0.004601,12.06364,7.807744,Concept,Y,
单翼双翼变体,13,0.0,0.0,7.8,Aircraft,Y,
单翼双翼变体过程,13,0.0,0.0,7.8,Aircraft,Y,
双翼升力斜率,13,0.0,0.0,7.8,Concept,Y,
变体收益代价,13,0.0,0.0,7.8,Aircraft,Y,
展弦比变展变体飞行器,13,0.0,0.0,7.8,Mission,Y,
折叠变体概念,13,0.0,0.0,7.8,Mechanism,Y,
机翼上下机翼处于,13,0.0,0.0,7.8,Structure,Y,
机翼长大机翼,13,0.0,0.0,7.8,Structure,Y,
过程非定常效应,13,0.0,0.0,7.8,Concept,Y,
长大机翼,13,0.0,0.0,7.8,Structure,Y,
飞行器气动布局,12,0.0,5.92352,7.792352,Performance,Y,
思路,11,0.003208,11.91087,7.792049,Concept,Y,
前掠机翼,12,0.0,5.793592,7.779359,Structure,Y,
机翼内侧,12,0.0,5.793592,7.779359,Structure,Y,
学位,12,0.002722,5.553694,7.756186,Concept,Y,
气动优化,12,0.0,5.38446,7.738446,Performance,Y,
变形过程,12,0.0,5.378406,7.737841,Mechanism,Y,
承受,11,0.00248,11.19795,7.720539,Concept,Y,
变体飞行器发展,12,0.0,4.627571,7.662757,Mission,Y,
飞机起降,12,0.0,4.560935,7.656094,Aircraft,Y,
平面形状,11,0.0,10.285413,7.628541,Concept,Y,
实现机翼,12,0.0,4.234165,7.623416,Structure,Y,
手段,11,0.002625,10.174451,7.618233,Concept,Y,
成熟,11,0.002771,10.139347,7.614766,Concept,Y,
场景,11,0.002189,10.015952,7.602252,Concept,Y,
平行,12,0.002722,3.967453,7.597562,Concept,Y,
垂直起降,11,0.0,9.944037,7.594404,Concept,Y,
相互干扰,11,0.0,9.758271,7.575827,Concept,Y,
机翼公转,12,0.0,3.731664,7.573166,Structure,Y,
亚声速,11,0.00248,9.693169,7.570061,Concept,Y,
重构,12,0.005019,3.549264,7.556432,Mechanism,Y,
变体对于,12,0.0,3.503584,7.550358,Aircraft,Y,
布局气动,12,0.0,3.38446,7.538446,Performance,Y,
航空工业,11,0.002043,9.370301,7.537643,Concept,Y,
布局飞机,12,0.0,3.337429,7.533743,Aircraft,Y,
难点,11,0.004601,9.308133,7.532193,Concept,Y,
内容,11,0.002495,9.272588,7.528007,Concept,Y,
零升阻力系数,11,0.0,9.131897,7.51319,Concept,Y,
价值,11,0.003062,9.109774,7.511896,Concept,Y,
每个,11,0.002189,9.074846,7.508141,Concept,Y,
对单,12,0.002722,3.034744,7.504291,Concept,Y,
突出,11,0.002189,8.913356,7.491992,Concept,Y,
锁定,11,0.002495,8.887219,7.48947,Concept,Y,
部件,11,0.002334,8.846941,7.485394,Concept,Y,
连接处,11,0.00248,8.807365,7.48148,Concept,Y,
压力分布变化,11,0.0,8.512132,7.451213,Concept,Y,
矛盾,10,0.002016,14.358329,7.436438,Concept,Y,
空气动力学特性,11,0.0,8.316828,7.431683,Performance,Y,
模拟,11,0.004601,8.294458,7.430826,Concept,Y,
网格重构,11,0.0,8.259688,7.425969,Mechanism,Y,
机在,12,0.002216,2.208881,7.421553,Concept,Y,
连杆长度,11,0.0,8.180477,7.418048,Concept,Y,
有助于,11,0.002043,8.167361,7.417349,Concept,Y,
参考,11,0.002771,8.159162,7.416747,Concept,Y,
此基础,11,0.002495,7.982284,7.398977,Concept,Y,
重量代价,11,0.0,7.893954,7.389395,Concept,Y,
地面,11,0.002334,7.822418,7.382942,Concept,Y,
驱动折叠,12,0.0,1.69473,7.369473,Mechanism,Y,
三种,11,0.002495,7.55652,7.3564,Concept,Y,
分布变化,11,0.0,7.489048,7.348905,Concept,Y,
有限,11,0.002771,7.41939,7.34277,Concept,Y,
固定外形,11,0.0,7.328642,7.332864,Concept,Y,
作动器直接驱动,11,0.0,7.315019,7.331502,Mechanism,Y,
成果,11,0.00248,7.048373,7.305581,Concept,Y,
飞行控制系统,11,0.0,7.047622,7.304762,ControlMethod,Y,
腹板,10,0.002268,12.977984,7.298479,Concept,Y,
外形参数,11,0.0,6.892543,7.289254,Parameter,Y,
清单,11,0.002495,6.774112,7.27816,Concept,Y,
机动,12,0.003526,0.605044,7.261562,Mission,Y,
宽度,11,0.002495,6.305232,7.231272,Concept,Y,
处于单翼,11,0.0,6.104296,7.21043,Concept,Y,
平直机翼,11,0.0,6.104296,7.21043,Structure,Y,
激波,10,0.002744,12.019804,7.202804,Concept,Y,
不同位置机翼,12,0.0,0.0,7.2,Structure,Y,
单翼变体,12,0.0,0.0,7.2,Aircraft,Y,
单翼变体过程,12,0.0,0.0,7.2,Aircraft,Y,
单翼构型双翼,12,0.0,0.0,7.2,Concept,Y,
单翼构型双翼构型,12,0.0,0.0,7.2,Concept,Y,
双翼单翼变体,12,0.0,0.0,7.2,Aircraft,Y,
双翼单翼变体过程,12,0.0,0.0,7.2,Aircraft,Y,
变体动力学,12,0.0,0.0,7.2,Aircraft,Y,
变体应用,12,0.0,0.0,7.2,Aircraft,Y,
变体气动,12,0.0,-0.467983,7.2,Performance,Y,
变体飞行器动力学,12,0.0,0.0,7.2,Mission,Y,
变体飞行器规律,12,0.0,0.0,7.2,Mission,Y,
变展变体飞行器规律,12,0.0,0.0,7.2,Mission,Y,
处于不同位置机翼,12,0.0,0.0,7.2,Structure,Y,
对单折叠,12,0.0,0.0,7.2,Mechanism,Y,
对单折叠变体,12,0.0,0.0,7.2,Mechanism,Y,
小于机翼,12,0.0,0.0,7.2,Structure,Y,
折叠变体飞行器动力学,12,0.0,0.0,7.2,Mechanism,Y,
机翼折叠变体飞行器,12,0.0,0.0,7.2,Mechanism,Y,
机翼活动机翼之间,12,0.0,0.0,7.2,Structure,Y,
构型双翼构型,12,0.0,0.0,7.2,Concept,Y,
气动力驱动折叠,12,0.0,0.0,7.2,Mechanism,Y,
气动力驱动折叠变体,12,0.0,0.0,7.2,Mechanism,Y,
活动机翼阻力,12,0.0,0.0,7.2,Structure,Y,
现有展弦比,12,0.0,0.0,7.2,Concept,Y,
自转公转,12,0.0,0.0,7.2,Concept,Y,
连续弯度机翼,12,0.0,0.0,7.2,Structure,Y,
飞行器规律,12,0.0,0.0,7.2,Mission,Y,
滑动蒙皮,10,0.0,11.821865,7.182186,Concept,Y,
飞行阶段,11,0.0,5.652314,7.165231,Mission,Y,
连杆铰链,11,0.0,5.595514,7.159551,Concept,Y,
以内,11,0.002495,5.536525,7.154401,Concept,Y,
变体飞行试验,11,0.0,5.460408,7.146041,Mission,Y,
展开变体,11,0.0,5.430396,7.14304,Mechanism,Y,
有所,11,0.002917,5.174503,7.118325,Concept,Y,
关键,10,0.00289,10.780177,7.078885,Concept,Y,
针对变体,11,0.0,4.715665,7.071567,Aircraft,Y,
机翼自转,11,0.0,4.5712,7.05712,Structure,Y,
流动分离,10,0.0,10.51232,7.051232,Concept,Y,
设置,11,0.00248,4.495662,7.05031,Concept,Y,
机翼两侧,11,0.0,4.456557,7.045656,Structure,Y,
控制算法,10,0.002268,9.537833,6.954464,ControlMethod,Y,
增大机翼,11,0.0,3.533725,6.953373,Structure,Y,
物理,10,0.003035,9.420767,6.942987,Concept,Y,
模块,10,0.002268,9.379347,6.938615,Concept,Y,
抗扭,10,0.002268,9.356496,6.93633,Concept,Y,
偏航力矩,10,0.0,9.33484,6.933484,Concept,Y,
学位论文,10,0.0,9.241018,6.924102,Concept,Y,
航母,10,0.002268,9.232798,6.92396,Concept,Y,
弹头偏转,10,0.0,9.08182,6.908182,Concept,Y,
机翼压力,11,0.0,2.986237,6.898624,Structure,Y,
接近,10,0.002268,8.91909,6.892589,Concept,Y,
总体参数拟定,10,0.0,8.860746,6.886075,Parameter,Y,
三个构型,10,0.0,8.840076,6.884008,Concept,Y,
诱导阻力系数,10,0.0,8.575886,6.857589,Concept,Y,
抗弯,10,0.002268,8.467022,6.847383,Concept,Y,
中心变化情况,10,0.0,8.457412,6.845741,Concept,Y,
弯度大于,10,0.0,8.408369,6.840837,Concept,Y,
弯度小于,10,0.0,8.408369,6.840837,Concept,Y,
可变前掠,10,0.0,8.371326,6.837133,Concept,Y,
完全,10,0.002162,8.226372,6.823286,Concept,Y,
机翼参数,11,0.0,2.225176,6.822518,Structure,Y,
无尾,10,0.004182,8.185877,6.819842,Concept,Y,
活动机翼内侧,10,0.0,8.174841,6.817484,Structure,Y,
多任务,10,0.004182,8.08675,6.80993,Mission,Y,
机翼变形,11,0.0,2.070934,6.807093,Mechanism,Y,
民用,10,0.002162,7.923536,6.793002,Concept,Y,
飞机升力,11,0.0,1.859496,6.78595,Aircraft,Y,
气动负载,10,0.0,7.817419,6.781742,Performance,Y,
支撑,9,0.002041,13.785339,6.779146,Concept,Y,
气动外形优化,10,0.0,7.776777,6.777678,Performance,Y,
白鹏,9,0.003764,13.758867,6.777016,Concept,Y,
军用,10,0.002744,7.704966,6.77132,Concept,Y,
不利于,10,0.002307,7.626028,6.763295,Concept,Y,
自转角度,10,0.0,7.614579,6.761458,Parameter,Y,
简化,10,0.001871,7.499937,6.750555,Concept,Y,
缩减,10,0.002268,7.185096,6.71919,Concept,Y,
简单,10,0.002598,7.161135,6.716893,Concept,Y,
详细,9,0.001844,13.102821,6.710835,Concept,Y,
直接驱动变体,10,0.0,7.084899,6.70849,Mechanism,Y,
连杆扭转,10,0.0,6.928938,6.692894,Concept,Y,
飞机展弦比,11,0.0,0.900024,6.690002,Aircraft,Y,
活动机翼两侧,10,0.0,6.837806,6.683781,Structure,Y,
陈钱,9,0.003764,12.785339,6.679663,Concept,Y,
往往,9,0.002426,12.785339,6.679262,Concept,Y,
难以,10,0.002016,6.727347,6.67334,Concept,Y,
变化趋势,10,0.002268,6.658921,6.666573,Concept,Y,
集群,9,0.003764,12.593807,6.66051,Concept,Y,
气动最优,10,0.0,6.600188,6.660019,Performance,Y,
困难,9,0.002041,12.463411,6.646953,Concept,Y,
头部变体,10,0.0,6.421934,6.642193,Aircraft,Y,
机翼弯度大于,10,0.0,6.387308,6.638731,Structure,Y,
机翼弯度小于,10,0.0,6.387308,6.638731,Structure,Y,
针对变体飞行器,10,0.0,6.366862,6.636686,Mission,Y,
变体飞行器气动布局,10,0.0,6.309831,6.630983,Performance,Y,
阻力产生,10,0.0,6.292484,6.629248,Concept,Y,
通常,10,0.001871,6.153354,6.615897,Concept,Y,
乘波,9,0.003764,12.130836,6.614213,Concept,Y,
这一,10,0.002307,6.128616,6.613554,Concept,Y,
三个构型双翼,10,0.0,6.05402,6.605402,Concept,Y,
减阻,10,0.002744,5.996276,6.600451,Concept,Y,
动力学折叠,11,0.0,0.0,6.6,Mechanism,Y,
升力系数机翼,11,0.0,0.0,6.6,Structure,Y,
变体过程非定常效应,11,0.0,0.0,6.6,Aircraft,Y,
变化情况看出,11,0.0,0.0,6.6,Concept,Y,
基础通过,11,0.0,0.0,6.6,Concept,Y,
基础通过折叠,11,0.0,0.0,6.6,Mechanism,Y,
处于机翼,11,0.0,0.0,6.6,Structure,Y,
引起变形,11,0.0,0.0,6.6,Mechanism,Y,
情况折叠,11,0.0,0.0,6.6,Mechanism,Y,
情况看出,11,0.0,0.0,6.6,Concept,Y,
机翼处于机翼,11,0.0,0.0,6.6,Structure,Y,
机翼折叠机翼,11,0.0,0.0,6.6,Mechanism,Y,
机翼相对位置,11,0.0,0.0,6.6,Structure,Y,
系数机翼,11,0.0,0.0,6.6,Structure,Y,
过程升力,11,0.0,0.0,6.6,Concept,Y,
过程气动力,11,0.0,0.0,6.6,Performance,Y,
通过折叠变体,11,0.0,0.0,6.6,Mechanism,Y,
展弦比单翼,10,0.0,5.923907,6.592391,Concept,Y,
飞机总体设计,10,0.0,5.725994,6.572599,Aircraft,Y,
输入,9,0.001989,11.562947,6.556891,Concept,Y,
更大,10,0.002016,5.417985,6.542403,Concept,Y,
变体飞行器使用,10,0.0,5.382949,6.538295,Mission,Y,
展弦比变化,10,0.0,5.306457,6.530646,Concept,Y,
轴对称,9,0.003764,11.279699,6.529099,Concept,Y,
航向,10,0.00289,5.17653,6.51852,Concept,Y,
差动,10,0.002268,5.145094,6.51519,Concept,Y,
变体基本,10,0.0,5.125541,6.512554,Aircraft,Y,
核心,9,0.002041,11.092317,6.509844,Concept,Y,
导数,10,0.003035,5.052945,6.506205,Concept,Y,
外形飞行器,10,0.0,4.980551,6.498055,Mission,Y,
提高飞行,10,0.0,4.929847,6.492985,Mission,Y,
验证机在,10,0.0,4.789289,6.478929,Concept,Y,
小型,10,0.002162,4.775769,6.478225,Concept,Y,
周期,9,0.002717,10.758867,6.476702,Concept,Y,
提高飞行器,10,0.0,4.764822,6.476482,Mission,Y,
完成变体,10,0.0,4.762971,6.476297,Aircraft,Y,
常用,10,0.002307,4.707455,6.471438,Concept,Y,
缩短,9,0.003764,10.657583,6.466888,Concept,Y,
角下,10,0.002453,4.558574,6.456593,Concept,Y,
满足变体,10,0.0,4.451769,6.445177,Aircraft,Y,
总的来看,9,0.001698,10.439564,6.444466,Concept,Y,
气动参数,10,0.0,4.393393,6.439339,Performance,Y,
变体带来,10,0.0,4.347934,6.434793,Aircraft,Y,
融合,9,0.003764,10.227343,6.423864,Concept,Y,
起飞距离,9,0.0,10.024527,6.402453,Mission,Y,
智能材料,9,0.0,10.021901,6.40219,Concept,Y,
下降,10,0.002268,3.908413,6.391522,Concept,Y,
机翼连续,10,0.0,3.883668,6.388367,Structure,Y,
无人,9,0.00228,9.796186,6.380303,Concept,Y,
机动性,10,0.003035,3.621773,6.363088,Performance,Y,
逐步,9,0.001698,9.574442,6.357954,Concept,Y,
应用场景,9,0.0,9.550122,6.355012,Concept,Y,
场地,9,0.002041,9.538818,6.354494,Concept,Y,
传递弯矩,9,0.0,9.499937,6.349994,Concept,Y,
来源,9,0.001844,9.426077,6.343161,Concept,Y,
几何进气道,9,0.0,9.415244,6.341524,Concept,Y,
特征,9,0.002717,9.325179,6.333333,Concept,Y,
应用价值,9,0.0,9.32773,6.332773,Concept,Y,
热点,9,0.002572,9.301026,6.330874,Concept,Y,
学科耦合,9,0.0,9.241018,6.324102,Concept,Y,
尤其,9,0.002572,9.213797,6.322151,Concept,Y,
宽域,9,0.003764,9.207444,6.321874,Concept,Y,
飞机最大,10,0.0,3.185426,6.318543,Aircraft,Y,
采取,9,0.002135,9.067536,6.307394,Concept,Y,
严重,9,0.003764,9.018332,6.302962,Concept,Y,
最佳,9,0.002717,8.967096,6.297525,Concept,Y,
推重比,9,0.001698,8.955264,6.296036,Concept,Y,
一体化,9,0.002717,8.834594,6.284275,Concept,Y,
迎角,9,0.002717,8.741755,6.274991,Concept,Y,
大型,10,0.002307,2.737007,6.274393,Concept,Y,
铰链力矩,9,0.0,8.688477,6.268848,Concept,Y,
正上方,9,0.002041,8.644651,6.265077,Concept,Y,
答辩,8,0.001814,14.633336,6.263878,Concept,Y,
剧烈,8,0.001671,14.633336,6.263835,Concept,Y,
预测精度,9,0.0,8.573721,6.257372,Concept,Y,
机翼产生,10,0.0,2.52267,6.252267,Structure,Y,
很多,9,0.001844,8.275784,6.228131,Concept,Y,
学科总体设计,9,0.0,8.164101,6.21641,Concept,Y,
小幅度,9,0.002041,8.043206,6.204933,Concept,Y,
升力补偿,9,0.0,7.973982,6.197398,Concept,Y,
固定外形飞行器,9,0.0,7.890353,6.189035,Mission,Y,
阻力对比,9,0.0,7.866476,6.186648,Concept,Y,
验证机从,9,0.0,7.800446,6.180045,Concept,Y,
伺服,8,0.003346,13.785339,6.179538,Concept,Y,
俯仰力矩变化,9,0.0,7.758969,6.175897,Concept,Y,
组合式,9,0.003764,7.738518,6.174981,Concept,Y,
机翼位置,10,0.0,1.609674,6.160967,Structure,Y,
受到,9,0.00228,7.410943,6.141778,Concept,Y,
整流,9,0.002041,7.378465,6.138459,Concept,Y,
逐渐,8,0.001817,13.311408,6.131686,Concept,Y,
较差,9,0.001698,7.228194,6.123329,Concept,Y,
飞行器应用,10,0.0,1.210233,6.121023,Mission,Y,
适合,9,0.002717,7.093488,6.110164,Concept,Y,
作动器直接驱动变体,9,0.0,7.084899,6.10849,Mechanism,Y,
连杆拉力,9,0.0,7.065,6.1065,Concept,Y,
时变,10,0.004182,0.994232,6.100678,Concept,Y,
仿真,8,0.002108,12.977984,6.098431,Concept,Y,
展望,9,0.001989,6.8187,6.082467,Concept,Y,
利用,9,0.002426,6.656056,6.066333,Concept,Y,
非定常气动力,9,0.0,6.623227,6.062323,Performance,Y,
非定常气动,9,0.0,6.554385,6.055438,Performance,Y,
上翼,10,0.002268,0.538786,6.054559,Concept,Y,
续航,9,0.001844,6.410943,6.041647,Concept,Y,
带有,9,0.002041,6.403449,6.040957,Concept,Y,
克服,8,0.001671,12.393022,6.039803,Concept,Y,
机械,9,0.00228,6.387308,6.039415,Concept,Y,
中国,9,0.002135,6.382124,6.038853,Concept,Y,
机翼前方,9,0.0,6.387308,6.038731,Structure,Y,
变体对于飞机,9,0.0,6.235305,6.02353,Aircraft,Y,
布局方案,9,0.0,6.23075,6.023075,Concept,Y,
机翼位于,9,0.0,6.217383,6.021738,Structure,Y,
过程气动,10,0.0,0.140757,6.014076,Performance,Y,
机翼处于单翼,9,0.0,6.104296,6.01043,Structure,Y,
容积侵占,8,0.0,12.060446,6.006045,Concept,Y,
不变情况,10,0.0,0.0,6.0,Concept,Y,
之间连杆,10,0.0,0.0,6.0,Concept,Y,
产生俯仰,10,0.0,0.0,6.0,Concept,Y,
产生气动力,10,0.0,0.0,6.0,Performance,Y,
付出代价,10,0.0,0.0,6.0,Concept,Y,
力矩变体,10,0.0,0.0,6.0,Aircraft,Y,
动力学折叠变体,10,0.0,0.0,6.0,Mechanism,Y,
升力斜率最大,10,0.0,0.0,6.0,Concept,Y,
升力斜率最大升力,10,0.0,0.0,6.0,Concept,Y,
升力重力,10,0.0,0.0,6.0,Concept,Y,
双翼失速,10,0.0,0.0,6.0,Concept,Y,
双翼最大,10,0.0,0.0,6.0,Concept,Y,
双翼最大升力,10,0.0,0.0,6.0,Concept,Y,
双翼最大升力系数,10,0.0,0.0,6.0,Concept,Y,
变体副翼,10,0.0,0.0,6.0,Aircraft,Y,
变体过程气动力,10,0.0,0.0,6.0,Performance,Y,
变体需要,10,0.0,0.0,6.0,Aircraft,Y,
情况变体,10,0.0,0.0,6.0,Aircraft,Y,
情况折叠变体,10,0.0,0.0,6.0,Mechanism,Y,
折叠变体动力学,10,0.0,0.0,6.0,Mechanism,Y,
攻角攻角,10,0.0,0.0,6.0,Parameter,Y,
斜率最大,10,0.0,0.0,6.0,Concept,Y,
斜率最大升力,10,0.0,0.0,6.0,Concept,Y,
最大升力系数机翼,10,0.0,0.0,6.0,Structure,Y,
机翼之间连杆,10,0.0,0.0,6.0,Structure,Y,
机身固定,10,0.0,0.0,6.0,Structure,Y,
构型上下,10,0.0,0.0,6.0,Concept,Y,
活动机翼气动,10,0.0,0.0,6.0,Structure,Y,
连接布局,10,0.0,0.0,6.0,Concept,Y,
连杆固定,10,0.0,0.0,6.0,Concept,Y,
连杆固定机翼,10,0.0,0.0,6.0,Structure,Y,
连杆最大,10,0.0,0.0,6.0,Concept,Y,
零升攻角机翼,10,0.0,0.0,6.0,Structure,Y,
飞机不同,10,0.0,0.0,6.0,Aircraft,Y,
飞机机翼,10,0.0,-1.950711,6.0,Structure,Y,
飞行器机翼,10,0.0,-1.371315,6.0,Structure,Y,
验证折叠,10,0.0,0.0,6.0,Mechanism,Y,
验证折叠变体,10,0.0,0.0,6.0,Mechanism,Y,
侦察机,9,0.002041,5.856793,5.986292,Concept,Y,
折叠翼尖,9,0.0,5.852377,5.985238,Mechanism,Y,
襟翼,9,0.002717,5.814789,5.982294,Concept,Y,
进气,9,0.002717,5.761554,5.976971,Concept,Y,
力矩变化,9,0.0,5.74011,5.974011,Concept,Y,
客机,9,0.002135,5.650342,5.965675,Concept,Y,
跑道,8,0.001814,11.567247,5.957269,Concept,Y,
不同布局,9,0.0,5.535041,5.953504,Concept,Y,
发现,9,0.002426,5.339481,5.934676,Concept,Y,
流量,9,0.003764,5.307206,5.93185,Concept,Y,
构建,9,0.001698,5.233215,5.923831,Concept,Y,
此后,9,0.002041,4.966343,5.897247,Concept,Y,
阻力变化,9,0.0,4.962503,5.89625,Concept,Y,
仍然,8,0.002108,10.938456,5.894478,Concept,Y,
这里,8,0.001814,10.60543,5.861087,Concept,Y,
飞机几何,9,0.0,4.289262,5.828926,Aircraft,Y,
向下,9,0.001844,4.251937,5.825747,Concept,Y,
试验平台,8,0.0,10.227343,5.822734,Concept,Y,
前方,9,0.002041,4.152798,5.815892,Concept,Y,
调节,8,0.003346,10.143087,5.815312,Concept,Y,
干扰损失,8,0.0,10.153071,5.815307,Concept,Y,
进展,9,0.003764,4.100033,5.811133,Concept,Y,
机翼无人机,9,0.0,4.082162,5.808216,Structure,Y,
高升,9,0.002717,3.993748,5.80019,Concept,Y,
主要来自,8,0.0,9.988038,5.798804,Concept,Y,
最高点,8,0.001814,9.899982,5.790542,Concept,Y,
缺点,8,0.001526,9.810039,5.781462,Concept,Y,
变形飞行器,9,0.0,3.771517,5.777152,Mechanism,Y,
飞行力学,9,0.0,3.728601,5.77286,Mission,Y,
调整,8,0.001962,9.697287,5.770317,Concept,Y,
车载变体试验,8,0.0,9.697876,5.769788,Aircraft,Y,
或者,8,0.003346,9.647494,5.765753,Concept,Y,
柔性蒙皮,8,0.0,9.645788,5.764579,Concept,Y,
而言,8,0.001814,9.528999,5.753444,Concept,Y,
机翼蒙皮,9,0.0,3.479277,5.747928,Structure,Y,
中应,9,0.002041,3.374199,5.738032,Concept,Y,
控制器,9,0.001698,3.296736,5.730183,ControlMethod,Y,
机翼压力分布,9,0.0,3.279968,5.727997,Structure,Y,
位于机翼,9,0.0,3.234165,5.723416,Structure,Y,
体现,9,0.001844,3.210745,5.721628,Concept,Y,
应用变体,9,0.0,3.208382,5.720838,Aircraft,Y,
没有,8,0.001671,9.192882,5.71979,Concept,Y,
转动惯量,8,0.001814,9.173904,5.717935,Concept,Y,
程度,9,0.001844,3.144409,5.714994,Concept,Y,
机从,9,0.002041,3.13938,5.71455,Concept,Y,
综述,8,0.003346,9.084899,5.709494,Concept,Y,
等于,9,0.002041,3.066542,5.707267,Concept,Y,
生成式,8,0.003346,8.997436,5.700747,Concept,Y,
开口,8,0.001814,8.998743,5.700419,Concept,Y,
科学技术,8,0.002399,8.938456,5.694565,Concept,Y,
任务需求,8,0.0,8.866034,5.686603,Mission,Y,
尺度变形,8,0.0,8.857817,5.685782,Mechanism,Y,
大于机翼,9,0.0,2.774733,5.677473,Structure,Y,
速度包线,8,0.0,8.629115,5.662912,Parameter,Y,
飞行器变形,9,0.0,2.601592,5.660159,Mechanism,Y,
太阳能,8,0.001526,8.575886,5.658046,Concept,Y,
平面参数,8,0.0,8.536884,5.653688,Parameter,Y,
包含连杆,8,0.0,8.485331,5.648533,Concept,Y,
巡航升阻,8,0.0,8.470189,5.647019,Mission,Y,
取决于,8,0.001526,8.408369,5.641295,Concept,Y,
插图清单,8,0.0,8.359074,5.635907,Concept,Y,
正常,8,0.001526,8.330385,5.633496,Concept,Y,
伺服弹性,8,0.0,8.316828,5.631683,Concept,Y,
升力阻力特性,8,0.0,8.316828,5.631683,Concept,Y,
大幅提高,8,0.002253,8.293486,5.630025,Concept,Y,
气动伺服弹性,8,0.0,8.139347,5.613935,Performance,Y,
团队,7,0.00179,14.133262,5.613863,Concept,Y,
巡航升力系数,8,0.0,8.07243,5.607243,Mission,Y,
颤振,7,0.002928,14.048373,5.605716,Concept,Y,
视角,8,0.001814,8.024342,5.602979,Concept,Y,
双翼升力阻力对比,8,0.0,8.002523,5.600252,Concept,Y,
安全性,8,0.001814,7.9949,5.600034,Concept,Y,
副翼偏转角度,8,0.0,7.988758,5.598876,Parameter,Y,
气动伺服,8,0.0,7.969422,5.596942,Performance,Y,
插图,8,0.001814,7.93151,5.593695,Concept,Y,
各自,8,0.001526,7.923907,5.592848,Concept,Y,
原理验证机从,8,0.0,7.925977,5.592598,Concept,Y,
波阻,8,0.003346,7.911816,5.592185,Concept,Y,
产生滚转,8,0.0,7.834378,5.583438,Concept,Y,
三组,8,0.001814,7.800446,5.580589,Concept,Y,
展向升力,8,0.0,7.623227,5.562323,Concept,Y,
现有变展,8,0.0,7.523244,5.552324,Concept,Y,
升力阻力对比,8,0.0,7.459409,5.545941,Concept,Y,
螺旋桨,7,0.001935,13.344766,5.535057,Concept,Y,
挑战,7,0.00179,13.311408,5.531678,Concept,Y,
上下机翼弯度,8,0.0,7.254824,5.525482,Structure,Y,
气动中心变化,8,0.0,7.232456,5.523246,Performance,Y,
陈海昕,7,0.001353,13.200376,5.520444,Concept,Y,
虽然,7,0.001935,13.147909,5.515372,Concept,Y,
按照,7,0.001935,13.118763,5.512457,Concept,Y,
飞机操稳,8,0.0,7.047622,5.504762,Aircraft,Y,
飞行剖面,8,0.0,6.970489,5.497049,Mission,Y,
失速攻角变化,8,0.0,6.948003,5.4948,Parameter,Y,
广泛,7,0.002928,12.829733,5.483852,Concept,Y,
扩大,8,0.001671,6.617294,5.462231,Concept,Y,
折叠翼变,8,0.0,6.554651,5.455465,Mechanism,Y,
重量增加,8,0.0,6.551098,5.45511,Concept,Y,
少量,8,0.001526,6.4717,5.447628,Concept,Y,
直升机,8,0.003346,6.387308,5.439735,Concept,Y,
变体开始,8,0.0,6.248398,5.42484,Aircraft,Y,
气动舵面,8,0.0,6.196832,5.419683,Structure,Y,
产生弯矩,8,0.0,6.166953,5.416695,Concept,Y,
机翼正上方,8,0.0,6.164915,5.416492,Structure,Y,
两侧副翼,8,0.0,6.104296,5.41043,Concept,Y,
斜置飞翼,8,0.0,6.104296,5.41043,Concept,Y,
活动机翼处于单翼,8,0.0,6.104296,5.41043,Structure,Y,
连杆构型双翼,8,0.0,6.104296,5.41043,Concept,Y,
飞行环境,8,0.0,6.061637,5.406164,Mission,Y,
偏转产生气动力,9,0.0,0.0,5.4,Performance,Y,
偏转机翼,9,0.0,0.0,5.4,Structure,Y,
升力斜率机翼,9,0.0,0.0,5.4,Structure,Y,
双翼压力,9,0.0,0.0,5.4,Concept,Y,
双翼压力分布,9,0.0,0.0,5.4,Concept,Y,
双翼折叠,9,0.0,0.0,5.4,Mechanism,Y,
变体双翼,9,0.0,0.0,5.4,Aircraft,Y,
变体变体,9,0.0,0.0,5.4,Aircraft,Y,
变体过程升力,9,0.0,0.0,5.4,Aircraft,Y,
变体过程气动,9,0.0,0.0,5.4,Performance,Y,
变体过程连杆,9,0.0,0.0,5.4,Aircraft,Y,
变后过程,9,0.0,0.0,5.4,Concept,Y,
基础通过折叠变体,9,0.0,0.0,5.4,Mechanism,Y,
失速攻角机翼,9,0.0,0.0,5.4,Structure,Y,
形成折叠,9,0.0,0.0,5.4,Mechanism,Y,
情况机翼,9,0.0,0.0,5.4,Structure,Y,
折叠变体飞行器使用,9,0.0,0.0,5.4,Mechanism,Y,
斜率最大升力系数,9,0.0,0.0,5.4,Concept,Y,
斜率机翼,9,0.0,0.0,5.4,Structure,Y,
机翼根比,9,0.0,0.0,5.4,Structure,Y,
构型上下机翼,9,0.0,0.0,5.4,Structure,Y,
稳定性影响,9,0.0,0.0,5.4,Performance,Y,
过程连杆,9,0.0,0.0,5.4,Concept,Y,
连杆变体,9,0.0,0.0,5.4,Aircraft,Y,
重量变体,9,0.0,0.0,5.4,Aircraft,Y,
飞机变体包线,9,0.0,0.0,5.4,Aircraft,Y,
飞行变体,9,0.0,-2.829486,5.4,Mission,Y,
巡航升力,8,0.0,5.951614,5.395161,Mission,Y,
处理,8,0.001526,5.946835,5.395141,Concept,Y,
可变前掠机翼,8,0.0,5.934371,5.393437,Structure,Y,
复合材料,7,0.001353,11.91087,5.391493,Concept,Y,
公式,8,0.001814,5.877697,5.388314,Concept,Y,
重点,8,0.001817,5.782133,5.378758,Concept,Y,
之后,8,0.002399,5.76735,5.377455,Concept,Y,
网络,7,0.001499,11.758867,5.376336,Concept,Y,
飞机几何外形,8,0.0,5.600464,5.360046,Aircraft,Y,
活动机翼公转,8,0.0,5.527951,5.352795,Structure,Y,
碳纤维,7,0.001588,11.495832,5.35006,Concept,Y,
双翼布局气动,8,0.0,5.495491,5.349549,Performance,Y,
类似,7,0.001644,11.422769,5.34277,Concept,Y,
基本飞行,8,0.0,5.192882,5.319288,Mission,Y,
对接,8,0.002253,5.179722,5.318648,Concept,Y,
其他变体,8,0.0,4.869886,5.286989,Aircraft,Y,
迭代,7,0.001499,10.843756,5.284825,Concept,Y,
相较单翼,8,0.0,4.816992,5.281699,Concept,Y,
机翼相互干扰,8,0.0,4.774733,5.277473,Structure,Y,
提高飞机,8,0.0,4.735231,5.273523,Aircraft,Y,
机翼平面,8,0.0,4.731664,5.273166,Structure,Y,
布局气动特性,8,0.0,4.730057,5.273006,Performance,Y,
原理验证机在,8,0.0,4.570172,5.257017,Concept,Y,
向上,8,0.001814,4.526131,5.253157,Concept,Y,
变体形式,8,0.0,4.511432,5.251143,Aircraft,Y,
探讨,7,0.00179,10.412785,5.241815,Concept,Y,
变体飞行器几何外形,8,0.0,4.396245,5.239625,Mission,Y,
极端,7,0.001353,10.29196,5.229602,Concept,Y,
数量,8,0.001962,4.216289,5.222218,Concept,Y,
人们,7,0.001935,10.127808,5.213361,Concept,Y,
诸多,7,0.001499,10.012749,5.201725,Concept,Y,
多个学科,7,0.0,10.012749,5.201275,Concept,Y,
翼变,8,0.001814,3.970344,5.197579,Concept,Y,
亟需,7,0.002928,9.927358,5.193614,Concept,Y,
飞行动力学,8,0.0,3.895201,5.18952,Mission,Y,
机翼相互,8,0.0,3.774733,5.177473,Structure,Y,
压力分布变化情况,7,0.0,9.658675,5.165868,Concept,Y,
这个扭矩,7,0.0,9.628193,5.162819,Concept,Y,
飞行器几何外形,8,0.0,3.594897,5.15949,Mission,Y,
大小,8,0.001671,3.564826,5.156984,Concept,Y,
无尾布局,7,0.0,9.5483,5.15483,Concept,Y,
发展现状,7,0.0,9.524811,5.152481,Concept,Y,
车载试验,7,0.0,9.505231,5.150523,Concept,Y,
内侧端面,7,0.0,9.479531,5.147953,Concept,Y,
变体飞行器变形,8,0.0,3.40294,5.140294,Mechanism,Y,
硬壳,6,0.001361,15.370301,5.137438,Concept,Y,
高空长航,7,0.0,9.370301,5.13703,Concept,Y,
飞行需求,8,0.0,3.35158,5.135158,Mission,Y,
变前,8,0.003346,3.237457,5.12475,Concept,Y,
不同飞行状态,7,0.0,9.174451,5.117445,Mission,Y,
重叠网格,7,0.0,9.174451,5.117445,Concept,Y,
机场,8,0.001814,3.158489,5.116393,Concept,Y,
函数,7,0.001644,9.131897,5.113683,Concept,Y,
弯度相等,7,0.0,9.121583,5.112158,Concept,Y,
变体飞行器几何,8,0.0,3.085044,5.108504,Mission,Y,
多维度柔性变形,7,0.0,9.00982,5.100982,Mechanism,Y,
介绍,6,0.001326,14.925517,5.09295,Concept,Y,
最终,7,0.001499,8.899982,5.090448,Concept,Y,
数值模拟,7,0.0,8.769327,5.076933,Concept,Y,
进一步讨论,7,0.0,8.642381,5.064238,Concept,Y,
分布变化情况,7,0.0,8.635592,5.063559,Concept,Y,
强度刚度,7,0.0,8.573721,5.057372,Concept,Y,
过渡,7,0.002928,8.553165,5.056195,Concept,Y,
转动,8,0.001671,2.533659,5.053867,Concept,Y,
归纳,6,0.001472,14.495832,5.050025,Concept,Y,
上下机翼相互干扰,7,0.0,8.495832,5.049583,Structure,Y,
避免,6,0.001472,14.481333,5.048575,Concept,Y,
控制策略,7,0.001588,8.475772,5.048054,ControlMethod,Y,
维持,7,0.001353,8.420544,5.04246,Concept,Y,
单一,8,0.002108,2.390407,5.039673,Concept,Y,
专门,6,0.001361,14.370301,5.037438,Concept,Y,
活动机翼攻角,8,0.0,2.358026,5.035803,Structure,Y,
气动力建模,7,0.0,8.322269,5.032227,Performance,Y,
多维度柔性,7,0.0,8.316828,5.031683,Concept,Y,
失效安全性,7,0.0,8.316828,5.031683,Concept,Y,
飞行器几何,8,0.0,2.283695,5.02837,Mission,Y,
伸缩机翼方案,7,0.0,8.253834,5.025383,Structure,Y,
最早,7,0.00179,8.145094,5.015046,Concept,Y,
俯仰力矩系数,7,0.0,8.082846,5.008285,Concept,Y,
主要包括,7,0.0,8.061052,5.006105,Concept,Y,
双翼升力阻力特性,7,0.0,8.002523,5.000252,Concept,Y,
变体主要,8,0.0,2.002159,5.000216,Aircraft,Y,
前景,7,0.00179,7.971558,4.997693,Concept,Y,
展弦比机翼,8,0.0,1.948763,4.994876,Structure,Y,
制造,7,0.001644,7.936368,4.99413,Concept,Y,
展弦比平直,7,0.0,7.915562,4.991556,Concept,Y,
一半,7,0.001588,7.899134,4.99039,Concept,Y,
机翼发展,8,0.0,1.903248,4.990325,Structure,Y,
最大弯矩,7,0.0,7.837806,4.983781,Concept,Y,
受力特性,7,0.0,7.814252,4.981425,Concept,Y,
双翼两种,7,0.0,7.783372,4.978337,Concept,Y,
推导,7,0.001353,7.74703,4.975109,Concept,Y,
示意图,7,0.001353,7.623387,4.962745,Concept,Y,
全机最大,7,0.0,7.615414,4.961541,Concept,Y,
通过机翼,8,0.0,1.580723,4.958072,Structure,Y,
对象,7,0.00179,7.531398,4.953677,Concept,Y,
适当,7,0.001588,7.491612,4.949637,Concept,Y,
上下机翼相互,7,0.0,7.495832,4.949583,Structure,Y,
各个,7,0.001499,7.484169,4.948867,Concept,Y,
需要考虑,7,0.0,7.484944,4.948494,Concept,Y,
卸载升力,7,0.0,7.459409,4.945941,Concept,Y,
相反,7,0.001588,7.369228,4.937399,Concept,Y,
扭转变形,7,0.0,7.37057,4.937057,Mechanism,Y,
之外,7,0.001588,7.356281,4.936104,Concept,Y,
幅度,7,0.001353,7.340231,4.934429,Concept,Y,
改变展长,7,0.0,7.323481,4.932348,Concept,Y,
机翼失速,8,0.0,1.303427,4.930343,Structure,Y,
信息,6,0.001326,13.282839,4.928682,Concept,Y,
影响变体,8,0.0,1.271118,4.927112,Aircraft,Y,
一部分升力,7,0.0,7.237016,4.923702,Concept,Y,
双翼理论,7,0.0,7.223945,4.922394,Concept,Y,
来源于,7,0.001588,7.215724,4.922049,Concept,Y,
定义,7,0.001353,7.065217,4.906928,Concept,Y,
类型,7,0.001499,7.050629,4.905513,Concept,Y,
基准,7,0.001353,6.993401,4.899746,Concept,Y,
释放,6,0.001361,12.825981,4.883006,Concept,Y,
合适,7,0.00179,6.730918,4.873629,Concept,Y,
来流,7,0.001353,6.676621,4.868068,Concept,Y,
保持不变,7,0.0,6.658921,4.865892,Concept,Y,
广泛关注,6,0.0,12.647835,4.864784,Concept,Y,
工况,7,0.001588,6.635914,4.864068,Concept,Y,
变形阶段,7,0.0,6.622109,4.862211,Mechanism,Y,
连续变形,7,0.0,6.550388,4.855039,Mechanism,Y,
平稳,7,0.001588,6.5338,4.853856,Concept,Y,
飞机原有,7,0.0,6.401155,4.840115,Aircraft,Y,
简单机械,6,0.002091,12.382374,4.838865,Concept,Y,
机翼弯度相等,7,0.0,6.387308,4.838731,Structure,Y,
机翼连续弯度,7,0.0,6.387308,4.838731,Structure,Y,
效果,7,0.001935,6.368893,4.83747,Concept,Y,
碳管,6,0.001361,12.370301,4.837438,Concept,Y,
活动机翼自转,7,0.0,6.367486,4.836749,Structure,Y,
阻比,7,0.001935,6.310066,4.831587,Concept,Y,
很大,7,0.001499,6.272645,4.827714,Concept,Y,
端面变形,7,0.0,6.207071,4.820707,Mechanism,Y,
低速飞行,7,0.0,6.192882,4.819288,Mission,Y,
高速飞行,7,0.0,6.192882,4.819288,Mission,Y,
后续,7,0.001499,6.125541,4.813004,Concept,Y,
占用,7,0.001644,6.112914,4.811785,Concept,Y,
展弦比平直机翼,7,0.0,6.104296,4.81043,Structure,Y,
翼型厚度,7,0.0,6.104296,4.81043,Structure,Y,
验证机在单翼,7,0.0,6.104296,4.81043,Concept,Y,
线性,7,0.001644,6.05967,4.80646,Concept,Y,
上下机翼相对,8,0.0,0.0,4.8,Structure,Y,
上下机翼相对位置,8,0.0,0.0,4.8,Structure,Y,
不同位置双翼升力,8,0.0,0.0,4.8,Concept,Y,
不同位置双翼失速,8,0.0,0.0,4.8,Concept,Y,
不同位置双翼最大,8,0.0,0.0,4.8,Concept,Y,
不同位置双翼零升,8,0.0,0.0,4.8,Concept,Y,
产生俯仰力矩,8,0.0,0.0,4.8,Concept,Y,
产生最大,8,0.0,0.0,4.8,Concept,Y,
位置双翼升力,8,0.0,0.0,4.8,Concept,Y,
位置双翼升力斜率,8,0.0,0.0,4.8,Concept,Y,
位置双翼失速,8,0.0,0.0,4.8,Concept,Y,
位置双翼失速攻角,8,0.0,0.0,4.8,Parameter,Y,
位置双翼最大,8,0.0,0.0,4.8,Concept,Y,
位置双翼最大升力,8,0.0,0.0,4.8,Concept,Y,
位置双翼零升,8,0.0,0.0,4.8,Concept,Y,
位置双翼零升攻角,8,0.0,0.0,4.8,Parameter,Y,
使用折叠,8,0.0,0.0,4.8,Mechanism,Y,
偏转产生额外,8,0.0,0.0,4.8,Concept,Y,
参数折叠,8,0.0,0.0,4.8,Mechanism,Y,
双翼升力斜率机翼,8,0.0,0.0,4.8,Structure,Y,
双翼失速攻角,8,0.0,0.0,4.8,Parameter,Y,
双翼失速攻角机翼,8,0.0,0.0,4.8,Structure,Y,
双翼折叠变体,8,0.0,0.0,4.8,Mechanism,Y,
双翼斯瓦尔德,8,0.0,0.0,4.8,Concept,Y,
双翼零升攻角机翼,8,0.0,0.0,4.8,Structure,Y,
变体实现,8,0.0,0.0,4.8,Aircraft,Y,
变体过程飞行,8,0.0,0.0,4.8,Mission,Y,
变化变体,8,0.0,0.0,4.8,Aircraft,Y,
变形活动,8,0.0,0.0,4.8,Mechanism,Y,
形成折叠变体,8,0.0,0.0,4.8,Mechanism,Y,
情况上下,8,0.0,0.0,4.8,Concept,Y,
情况折叠变体飞行器,8,0.0,0.0,4.8,Mechanism,Y,
折叠变体收益,8,0.0,0.0,4.8,Mechanism,Y,
折叠变体飞行器几何,8,0.0,0.0,4.8,Mechanism,Y,
损失升力,8,0.0,0.0,4.8,Concept,Y,
攻角机翼弯度,8,0.0,0.0,4.8,Structure,Y,
攻角机翼长大,8,0.0,0.0,4.8,Structure,Y,
机翼位于机翼,8,0.0,0.0,4.8,Structure,Y,
机翼升力斜率,8,0.0,0.0,4.8,Structure,Y,
机翼双翼,8,0.0,0.0,4.8,Structure,Y,
机翼零升,8,0.0,0.0,4.8,Structure,Y,
机翼零升攻角,8,0.0,0.0,4.8,Structure,Y,
机身固定机翼,8,0.0,0.0,4.8,Structure,Y,
材料智能,8,0.0,0.0,4.8,Concept,Y,
根据节中,8,0.0,0.0,4.8,Concept,Y,
概念折叠,8,0.0,0.0,4.8,Mechanism,Y,
概念折叠变体,8,0.0,0.0,4.8,Mechanism,Y,
气动力驱动变体副翼,8,0.0,0.0,4.8,Mechanism,Y,
气动重量,8,0.0,0.0,4.8,Performance,Y,
活动机翼连杆,8,0.0,0.0,4.8,Structure,Y,
特性上下,8,0.0,0.0,4.8,Concept,Y,
特性上下机翼,8,0.0,0.0,4.8,Structure,Y,
现有变展变体,8,0.0,0.0,4.8,Aircraft,Y,
相较常规,8,0.0,0.0,4.8,Concept,Y,
翼展飞机,8,0.0,0.0,4.8,Aircraft,Y,
计算结果看出,8,0.0,0.0,4.8,Concept,Y,
起飞重量机翼,8,0.0,0.0,4.8,Structure,Y,
过程产生,8,0.0,0.0,4.8,Concept,Y,
过程固定,8,0.0,0.0,4.8,Concept,Y,
过程固定机翼,8,0.0,0.0,4.8,Structure,Y,
过程机翼,8,0.0,0.0,4.8,Structure,Y,
过程飞行,8,0.0,0.0,4.8,Mission,Y,
重量机翼,8,0.0,0.0,4.8,Structure,Y,
驱动变体副翼,8,0.0,0.0,4.8,Mechanism,Y,
结束,7,0.001588,5.991749,4.799651,Concept,Y,
投入,6,0.002509,11.977984,4.798551,Concept,Y,
航时,7,0.001588,5.974101,4.797886,Concept,Y,
波音,6,0.001361,11.960911,4.796499,Concept,Y,
变体策略,7,0.0,5.907361,4.790736,Aircraft,Y,
气动载荷,7,0.0,5.891419,4.789142,Performance,Y,
中心位置,7,0.0,5.863168,4.786317,Concept,Y,
飞行器气动外形,7,0.0,5.847284,4.784728,Performance,Y,
飞机稳定性,7,0.0,5.699999,4.77,Performance,Y,
阐述,6,0.001181,11.669862,4.76734,Concept,Y,
机构增重,7,0.0,5.650342,4.765034,Concept,Y,
变体前后,7,0.0,5.570326,4.757033,Aircraft,Y,
飞行测试,7,0.0,5.555452,4.755545,Mission,Y,
意义,6,0.001763,11.416105,4.742139,Concept,Y,
无需,7,0.001588,5.412785,4.741755,Concept,Y,
课题组,6,0.001361,11.385408,4.738949,Concept,Y,
增大飞机,7,0.0,5.332983,4.733298,Aircraft,Y,
三角翼,7,0.002081,5.326688,4.733293,Concept,Y,
基本不变,7,0.0,5.296351,4.729635,Concept,Y,
变化对于,7,0.0,5.288078,4.728808,Concept,Y,
容易,6,0.001326,11.218298,4.722228,Concept,Y,
产生扭矩,7,0.0,5.19392,4.719392,Concept,Y,
有关,7,0.002081,5.170162,4.71764,Concept,Y,
这种变体,7,0.0,5.125541,4.712554,Aircraft,Y,
鸭翼,7,0.002081,5.104296,4.711054,Concept,Y,
机在单翼,7,0.0,5.097801,4.70978,Concept,Y,
提前,7,0.001588,5.084652,4.708941,Concept,Y,
无量,7,0.001353,5.065651,4.706971,Concept,Y,
编委会,6,0.001361,11.048373,4.705246,Concept,Y,
手册编委会,6,0.0,11.048373,4.704837,Concept,Y,
答辩委员会,6,0.0,11.048373,4.704837,Concept,Y,
最小,7,0.001499,4.899982,4.690448,Concept,Y,
保持一致,6,0.001361,10.898175,4.690226,Concept,Y,
大部分,7,0.001588,4.839686,4.684445,Concept,Y,
委员会,6,0.001361,10.825981,4.683006,Concept,Y,
偏角,7,0.001644,4.820143,4.682508,Concept,Y,
推力,7,0.001644,4.815872,4.682081,Concept,Y,
阵风,6,0.001472,10.805517,4.680993,Concept,Y,
升力降低,7,0.0,4.704521,4.670452,Concept,Y,
机翼变体方案,7,0.0,4.689844,4.668984,Structure,Y,
无法满足,6,0.0,10.633336,4.663334,Concept,Y,
等效,7,0.001353,4.571386,4.657545,Concept,Y,
减轻,6,0.001617,10.523418,4.652827,Concept,Y,
自转角度变化情况,6,0.0,10.447469,4.644747,Parameter,Y,
突风,6,0.001361,10.427005,4.643109,Concept,Y,
中将,7,0.001588,4.287487,4.629225,Concept,Y,
顶部,6,0.001361,10.275784,4.627987,Concept,Y,
梳理,6,0.001472,10.268763,4.627318,Concept,Y,
区别,6,0.001181,10.232213,4.623575,Concept,Y,
两个机翼,7,0.0,4.204417,4.620442,Structure,Y,
期望,6,0.001361,10.173904,4.617799,Concept,Y,
双翼气动特性,7,0.0,4.168662,4.616866,Performance,Y,
双翼流场,7,0.0,4.094662,4.609466,Concept,Y,
以来,7,0.00179,4.061573,4.606694,Concept,Y,
扭转引起,6,0.0,10.024527,4.602453,Concept,Y,
降低飞机,7,0.0,4.015501,4.60155,Aircraft,Y,
柔性变形阶段,6,0.0,9.91087,4.591087,Mechanism,Y,
低于,7,0.001588,3.830941,4.58357,Concept,Y,
基本飞行试验,6,0.0,9.697876,4.569788,Mission,Y,
影响飞机,7,0.0,3.693573,4.569357,Aircraft,Y,
矩形,7,0.001588,3.682749,4.568751,Concept,Y,
舰载起降,6,0.0,9.658348,4.565835,Concept,Y,
飞机诱导阻力,7,0.0,3.600464,4.560046,Aircraft,Y,
较为复杂,6,0.0,9.550122,4.555012,Concept,Y,
进一步显示,6,0.0,9.419989,4.541999,Concept,Y,
飞机诱导,7,0.0,3.412837,4.541284,Aircraft,Y,
展示,7,0.001588,3.407767,4.541253,Concept,Y,
机翼后掠角,7,0.0,3.392862,4.539286,Structure,Y,
过大,7,0.001588,3.332653,4.533742,Concept,Y,
连杆扭转引起,6,0.0,9.322269,4.532227,Concept,Y,
三种不同,6,0.0,9.289928,4.528993,Concept,Y,
产生滚转力矩,6,0.0,9.221401,4.52214,Concept,Y,
示意,6,0.001617,9.193713,4.519856,Concept,Y,
向下偏转,6,0.0,9.173904,4.51739,Concept,Y,
多桨倾转,6,0.0,9.173904,4.51739,Concept,Y,
机翼距离,7,0.0,3.146702,4.51467,Structure,Y,
分布接近,6,0.0,9.13828,4.513828,Concept,Y,
初始总体参数,6,0.0,9.131897,4.51319,Parameter,Y,
多桨,6,0.002509,9.08675,4.509428,Concept,Y,
可能导致,6,0.0,9.08182,4.508182,Concept,Y,
固定活动机翼,7,0.0,3.068519,4.506852,Structure,Y,
重量成本,6,0.0,9.039385,4.503938,Concept,Y,
飞机重量,7,0.0,3.024434,4.502443,Aircraft,Y,
菱形,6,0.001361,9.00982,4.50139,Concept,Y,
解除固定,6,0.0,9.012749,4.501275,Concept,Y,
自转角度变化,6,0.0,9.006897,4.50069,Parameter,Y,
固定活动,7,0.0,2.982105,4.49821,Concept,Y,
各项,6,0.001361,8.950575,4.495466,Concept,Y,
降噪,6,0.002509,8.944037,4.495157,Concept,Y,
后方,7,0.001588,2.944211,4.494897,Concept,Y,
人工智能,6,0.002509,8.938456,4.494598,Concept,Y,
活动机翼内侧端面,6,0.0,8.937342,4.493734,Structure,Y,
升降舵,6,0.001361,8.891869,4.489595,Concept,Y,
升力中心变化情况,6,0.0,8.891869,4.489187,Concept,Y,
学习,6,0.002509,8.878448,4.488598,Concept,Y,
解除,6,0.001361,8.874891,4.487897,Concept,Y,
可变进气道,6,0.0,8.859427,4.485943,Concept,Y,
双翼飞机,7,0.001588,2.846424,4.485119,Aircraft,Y,
共同,6,0.001326,8.814982,4.481896,Concept,Y,
飞机升阻,7,0.0,2.793109,4.479311,Aircraft,Y,
重叠,7,0.001588,2.784238,4.4789,Concept,Y,
开展变体,7,0.0,2.775044,4.477504,Aircraft,Y,
充分验证,6,0.0,8.77287,4.477287,Concept,Y,
飞机起飞,7,0.0,2.770389,4.477039,Mission,Y,
连杆弯曲,6,0.0,8.765439,4.476544,Concept,Y,
整个变体过程,6,0.0,8.761492,4.476149,Aircraft,Y,
耦合作用,6,0.0,8.755592,4.475559,Concept,Y,
仿生,6,0.002509,8.669862,4.467739,Concept,Y,
爬升,6,0.001181,8.669476,4.467302,Concept,Y,
方面付出,6,0.0,8.644651,4.464465,Concept,Y,
连接点,6,0.001361,8.640114,4.46442,Concept,Y,
上下机翼弯度相等,6,0.0,8.582399,4.45824,Structure,Y,
一定程度,6,0.0,8.573721,4.457372,Concept,Y,
锁定机构,6,0.0,8.522722,4.452272,Concept,Y,
方向舵,6,0.001361,8.422259,4.442634,Concept,Y,
不同部位,6,0.0,8.415459,4.441546,Concept,Y,
主要取决于,6,0.0,8.408369,4.440837,Concept,Y,
巨大,6,0.001617,8.372181,4.437703,Concept,Y,
性能指标,6,0.001472,8.316828,4.432124,Performance,Y,
纵向稳定性,6,0.0,8.316828,4.431683,Performance,Y,
变体产生,7,0.0,2.314511,4.431451,Aircraft,Y,
机翼主要,7,0.0,2.303427,4.430343,Structure,Y,
尽量,6,0.001181,8.290718,4.429426,Concept,Y,
假设,6,0.001181,8.261196,4.426474,Concept,Y,
升力中心变化,6,0.0,8.241362,4.424136,Concept,Y,
计算精度,6,0.002509,8.164101,4.417163,Concept,Y,
风洞试验方案设计,6,0.0,8.164101,4.41641,Concept,Y,
已经发展,6,0.0,8.108207,4.410821,Concept,Y,
流场情况,6,0.0,8.089015,4.408902,Concept,Y,
机翼布局,7,0.0,2.06424,4.406424,Structure,Y,
起飞速度,6,0.0,7.973411,4.397341,Mission,Y,
必须,5,0.001134,13.955264,4.395867,Concept,Y,
大幅降低,6,0.0,7.878448,4.387845,Concept,Y,
完整,6,0.001181,7.777014,4.378056,Concept,Y,
自转角,6,0.001361,7.74703,4.375111,Concept,Y,
副翼铰链,6,0.0,7.74825,4.374825,Concept,Y,
常见,6,0.001617,7.738316,4.374317,Concept,Y,
两端,6,0.001361,7.65453,4.365861,Concept,Y,
最大扭矩,6,0.0,7.642381,4.364238,Concept,Y,
影响规律,6,0.0,7.630521,4.363052,Concept,Y,
扭转力矩,6,0.0,7.629584,4.362958,Concept,Y,
摩擦阻力,6,0.001326,7.623227,4.362721,Concept,Y,
激波阻力,6,0.0,7.623227,4.362323,Concept,Y,
合理性,6,0.001361,7.579862,4.358394,Concept,Y,
拉格朗,5,0.001134,13.495832,4.349923,Concept,Y,
收缩,6,0.002509,7.467759,4.347529,Concept,Y,
过大时,6,0.001361,7.468573,4.347266,Concept,Y,
空气动力,6,0.0,7.457684,4.345768,Performance,Y,
飞机单翼,7,0.0,1.439472,4.343947,Aircraft,Y,
匹配,5,0.001154,13.431702,4.343516,Concept,Y,
掠角,6,0.002509,7.415227,4.342276,Concept,Y,
帮助,5,0.001134,13.370301,4.33737,Concept,Y,
固定机翼之间,6,0.0,7.359261,4.335926,Structure,Y,
求解,6,0.001617,7.349167,4.335402,Concept,Y,
使用气动力驱动,6,0.0,7.315019,4.331502,Mechanism,Y,
缺乏,5,0.001445,13.254824,4.325916,Concept,Y,
锥形,6,0.001361,7.202465,4.320655,Concept,Y,
教授,5,0.001134,13.173904,4.317731,Concept,Y,
变体代价,7,0.0,1.158109,4.315811,Aircraft,Y,
初始总体,6,0.0,7.117636,4.311764,Concept,Y,
气动最优展弦比,6,0.0,7.094953,4.309495,Performance,Y,
飞机常用,6,0.0,7.047622,4.304762,Aircraft,Y,
飞机手册编委会,6,0.0,7.047622,4.304762,Aircraft,Y,
感谢,5,0.001134,12.925517,4.292892,Concept,Y,
对称情况,6,0.0,6.89637,4.289637,Concept,Y,
给予,5,0.001134,12.884875,4.288828,Concept,Y,
航程航时,6,0.0,6.869791,4.286979,Performance,Y,
探究,6,0.001617,6.846195,4.285105,Concept,Y,
升力损失,6,0.0,6.827141,4.282714,Concept,Y,
机制,7,0.002081,0.819623,4.282587,Mechanism,Y,
上下机翼之间,6,0.0,6.805517,4.280552,Structure,Y,
期间,6,0.001181,6.787846,4.279139,Concept,Y,
飞行器变形方式,6,0.0,6.764822,4.276482,Mechanism,Y,
智能变形,6,0.0,6.747639,4.274764,Mechanism,Y,
依靠,5,0.001299,12.730298,4.27342,Concept,Y,
变体飞行器变形方式,6,0.0,6.658921,4.265892,Mechanism,Y,
带来收益,6,0.0,6.615414,4.261541,Concept,Y,
全新,6,0.001361,6.60543,4.260951,Concept,Y,
需要开展,6,0.0,6.575019,4.257502,Concept,Y,
两个活动,6,0.0,6.499252,4.249925,Concept,Y,
推进,6,0.001763,6.457911,4.24632,Concept,Y,
甚至,5,0.001299,12.406827,4.241073,Concept,Y,
轰炸机,6,0.001361,6.387308,4.239139,Concept,Y,
太阳能无人机,6,0.0,6.387308,4.238731,Aircraft,Y,
机身高度,6,0.0,6.387308,4.238731,Structure,Y,
使用气动力,6,0.0,6.35419,4.235419,Performance,Y,
整个变体,6,0.0,6.347934,4.234793,Aircraft,Y,
单体,7,0.002928,0.328801,4.233758,Concept,Y,
越大,6,0.001361,6.256704,4.226079,Concept,Y,
空域,6,0.002509,6.226281,4.223381,Concept,Y,
构型折叠变体,6,0.0,6.193713,4.219371,Mechanism,Y,
降低阻力,6,0.0,6.155982,4.215598,Concept,Y,
飞行器相比,6,0.0,6.148151,4.214815,Mission,Y,
机翼内侧端面,6,0.0,6.124273,4.212427,Structure,Y,
原理验证机在单翼,6,0.0,6.104296,4.21043,Concept,Y,
多桨倾转机翼,6,0.0,6.104296,4.21043,Structure,Y,
常规单翼,6,0.0,6.104296,4.21043,Concept,Y,
提升飞机,6,0.0,6.06538,4.206538,Aircraft,Y,
伸缩式,6,0.001361,6.034911,4.203899,Concept,Y,
根部,6,0.001361,6.01705,4.202113,Concept,Y,
世纪年代,7,0.0,0.0,4.2,Concept,Y,
代价折叠,7,0.0,0.0,4.2,Mechanism,Y,
代价折叠变体,7,0.0,0.0,4.2,Mechanism,Y,
公转自转,7,0.0,0.0,4.2,Concept,Y,
力矩折叠,7,0.0,0.0,4.2,Mechanism,Y,
动力扰动,7,0.0,0.0,4.2,Concept,Y,
动力扰动力矩,7,0.0,0.0,4.2,Concept,Y,
升力活动,7,0.0,0.0,4.2,Concept,Y,
升力系数失速,7,0.0,0.0,4.2,Concept,Y,
单翼双翼折叠,7,0.0,0.0,4.2,Mechanism,Y,
原理验证原理,7,0.0,0.0,4.2,Concept,Y,
原理验证原理验证,7,0.0,0.0,4.2,Concept,Y,
原理验证变体,7,0.0,0.0,4.2,Aircraft,Y,
参数建模,7,0.0,0.0,4.2,Parameter,Y,
参数折叠变体,7,0.0,0.0,4.2,Mechanism,Y,
参数折叠变体飞行器,7,0.0,0.0,4.2,Mechanism,Y,
参数气动,7,0.0,0.0,4.2,Performance,Y,
双翼斯瓦尔德因子,7,0.0,0.0,4.2,Concept,Y,
双翼构型上下,7,0.0,0.0,4.2,Concept,Y,
双翼气动影响,7,0.0,0.0,4.2,Performance,Y,
反角双翼,7,0.0,0.0,4.2,Concept,Y,
变体自由度动力学,7,0.0,0.0,4.2,Aircraft,Y,
变体行器,7,0.0,0.0,4.2,Aircraft,Y,
变体过程产生,7,0.0,0.0,4.2,Aircraft,Y,
变体过程机翼,7,0.0,0.0,4.2,Structure,Y,
变体飞行器飞行,7,0.0,-1.026287,4.2,Mission,Y,
变化情况折叠,7,0.0,0.0,4.2,Mechanism,Y,
变化情况折叠变体,7,0.0,0.0,4.2,Mechanism,Y,
变展能力,7,0.0,0.0,4.2,Concept,Y,
变形活动机翼,7,0.0,0.0,4.2,Mechanism,Y,
基本改变,7,0.0,0.0,4.2,Concept,Y,
基础进一步,7,0.0,0.0,4.2,Concept,Y,
失速攻角变化情况,7,0.0,0.0,4.2,Parameter,Y,
宽域超声速,7,0.0,0.0,4.2,Concept,Y,
展弦比变化情况,7,0.0,0.0,4.2,Concept,Y,
应用展弦比,7,0.0,0.0,4.2,Concept,Y,
开展折叠变体飞行器,7,0.0,0.0,4.2,Mechanism,Y,
弯度大于机翼,7,0.0,0.0,4.2,Structure,Y,
弯度小于机翼,7,0.0,0.0,4.2,Structure,Y,
折叠展开,7,0.0,0.0,4.2,Mechanism,Y,
攻角变化情况,7,0.0,0.0,4.2,Parameter,Y,
最大升力系数失速,7,0.0,0.0,4.2,Concept,Y,
最大起飞重量机翼,7,0.0,0.0,4.2,Structure,Y,
机翼升力系数,7,0.0,0.0,4.2,Structure,Y,
机翼弯度大于机翼,7,0.0,0.0,4.2,Structure,Y,
机翼弯度小于机翼,7,0.0,0.0,4.2,Structure,Y,
机翼气动负载,7,0.0,0.0,4.2,Structure,Y,
机翼长大机翼上下,7,0.0,0.0,4.2,Structure,Y,
来看机翼,7,0.0,0.0,4.2,Structure,Y,
概念折叠变体飞行器,7,0.0,0.0,4.2,Mechanism,Y,
气动特性上下,7,0.0,0.0,4.2,Performance,Y,
气动特性上下机翼,7,0.0,0.0,4.2,Structure,Y,
活动机翼之间连杆,7,0.0,0.0,4.2,Structure,Y,
活动机翼气动负载,7,0.0,0.0,4.2,Structure,Y,
特性上下机翼处于,7,0.0,0.0,4.2,Structure,Y,
特性变体,7,0.0,0.0,4.2,Aircraft,Y,
特性折叠,7,0.0,0.0,4.2,Mechanism,Y,
相等变化趋势,7,0.0,0.0,4.2,Concept,Y,
系数失速,7,0.0,0.0,4.2,Concept,Y,
系数对应,7,0.0,0.0,4.2,Concept,Y,
系数诱导,7,0.0,0.0,4.2,Concept,Y,
约束目标,7,0.0,0.0,4.2,Concept,Y,
翼展展弦比,7,0.0,0.0,4.2,Concept,Y,
起降巡航,7,0.0,0.0,4.2,Mission,Y,
起飞重量机翼面积,7,0.0,0.0,4.2,Structure,Y,
连杆尺寸,7,0.0,0.0,4.2,Concept,Y,
连杆机翼,7,0.0,0.0,4.2,Structure,Y,
重量机翼面积,7,0.0,0.0,4.2,Structure,Y,
重量连杆,7,0.0,0.0,4.2,Concept,Y,
长大机翼上下,7,0.0,0.0,4.2,Structure,Y,
长大机翼上下机翼,7,0.0,0.0,4.2,Structure,Y,
面积机翼,7,0.0,0.0,4.2,Structure,Y,
飞机双翼,7,0.0,0.0,4.2,Aircraft,Y,
飞行器原理验证原理,7,0.0,0.0,4.2,Mission,Y,
飞行器气动特性上下,7,0.0,0.0,4.2,Performance,Y,
验证原理,7,0.0,0.0,4.2,Concept,Y,
验证原理验证,7,0.0,0.0,4.2,Concept,Y,
验证变体,7,0.0,0.0,4.2,Aircraft,Y,
外侧机翼,6,0.0,5.97113,4.197113,Structure,Y,
升限,6,0.001361,5.832975,4.183706,Concept,Y,
完成固定,6,0.0,5.823407,4.182341,Concept,Y,
始终,5,0.001154,11.785339,4.17888,Concept,Y,
角速度,6,0.001361,5.775844,4.177993,Parameter,Y,
阻力变化情况,6,0.0,5.761123,4.176112,Concept,Y,
机翼容积,6,0.0,5.748738,4.174874,Structure,Y,
回环,5,0.002091,11.730298,4.173657,Concept,Y,
信号,5,0.001445,11.666167,4.16705,Concept,Y,
难度,6,0.001181,5.66683,4.167037,Concept,Y,
机翼两侧副翼,6,0.0,5.649202,4.16492,Structure,Y,
大展,6,0.001181,5.633648,4.163719,Concept,Y,
副翼偏角,6,0.0,5.544349,4.154435,Concept,Y,
速率,6,0.002509,5.445242,4.145277,Concept,Y,
飞行高度,6,0.001134,5.399333,4.140273,Performance,Y,
改善飞机,6,0.0,5.387308,4.138731,Aircraft,Y,
拓宽,5,0.001445,11.379347,4.138368,Concept,Y,
开发,6,0.001472,5.36024,4.136465,Concept,Y,
焦点,5,0.002091,11.340554,4.134683,Concept,Y,
考量,6,0.001361,5.319697,4.132378,Concept,Y,
翼尖折叠,6,0.0,5.267414,4.126741,Mechanism,Y,
尽管,5,0.001008,11.232798,4.123582,Concept,Y,
机翼前缘,6,0.0,5.146702,4.11467,Structure,Y,
机翼分为,6,0.0,5.118688,4.111869,Structure,Y,
机翼展向,6,0.0,5.118688,4.111869,Structure,Y,
展弦比增加,6,0.0,5.01165,4.101165,Concept,Y,
变体测试,6,0.0,4.862507,4.086251,Aircraft,Y,
处于双翼,6,0.0,4.817953,4.081795,Concept,Y,
概念设计,6,0.001181,4.814168,4.081771,Concept,Y,
系数变化,6,0.0,4.797443,4.079744,Concept,Y,
创新,5,0.001008,10.775355,4.077838,Concept,Y,
面向,6,0.001617,4.771186,4.077604,Concept,Y,
连杆受力,6,0.0,4.765439,4.076544,Concept,Y,
用于变体,6,0.0,4.710504,4.07105,Aircraft,Y,
围绕,5,0.001134,10.636947,4.064035,Concept,Y,
飞机处于,6,0.0,4.627431,4.062743,Aircraft,Y,
隐身,5,0.002091,10.618981,4.062525,Concept,Y,
车载变体测试,5,0.0,10.615414,4.061541,Aircraft,Y,
噪声,5,0.002091,10.604767,4.061104,Concept,Y,
明确变体,6,0.0,4.593046,4.059305,Aircraft,Y,
处于最高点,5,0.0,10.549272,4.054927,Concept,Y,
常规飞行器,6,0.0,4.542429,4.054243,Mission,Y,
民机,6,0.002509,4.439775,4.04473,Concept,Y,
机翼平均,6,0.0,4.42681,4.042681,Structure,Y,
章中,6,0.001361,4.394402,4.039848,Concept,Y,
所有,6,0.001361,4.281419,4.02855,Concept,Y,
实时,6,0.001763,4.276554,4.028184,Concept,Y,
水平,5,0.001134,10.270766,4.027417,Concept,Y,
使用副翼偏转产生,5,0.0,10.254824,4.025482,Concept,Y,
充分体现,5,0.001134,10.241018,4.024442,Concept,Y,
情形,6,0.001361,4.185392,4.018947,Concept,Y,
错位,5,0.001134,10.180477,4.018388,Concept,Y,
上机,6,0.001361,4.16419,4.016827,Concept,Y,
增量,6,0.001617,4.148379,4.015323,Concept,Y,
机翼空间,6,0.0,4.129828,4.012983,Structure,Y,
飞行速度,6,0.001472,4.059026,4.006344,Mission,Y,
效应评估,5,0.0,10.062873,4.006287,Concept,Y,
处于不同相对位置,5,0.0,10.060446,4.006045,Concept,Y,
挂钩,4,0.000907,15.955264,3.995799,Concept,Y,
来源于网络,5,0.0,9.949639,3.994964,Concept,Y,
长时,6,0.001361,3.936325,3.994041,Concept,Y,
前后间距,5,0.0,9.91087,3.991087,Concept,Y,
驱动器,6,0.002509,3.880328,3.988786,Mechanism,Y,
需要卸载,5,0.0,9.884875,3.988487,Concept,Y,
相互干扰损失,5,0.0,9.883802,3.98838,Concept,Y,
随着机翼,6,0.0,3.883668,3.988367,Structure,Y,
整体来看,5,0.0,9.878448,3.987845,Concept,Y,
空重,6,0.001361,3.857684,3.986177,Concept,Y,
普朗特,5,0.001134,9.810606,3.981401,Concept,Y,
多维度柔性变形阶段,5,0.0,9.785339,3.978534,Mechanism,Y,
弯曲引起,5,0.0,9.761492,3.976149,Concept,Y,
减缓,5,0.002091,9.745811,3.975208,Concept,Y,
起降场地,5,0.0,9.702599,3.97026,Concept,Y,
发挥,5,0.001299,9.661409,3.966531,Concept,Y,
其他变体方式,5,0.0,9.628834,3.962883,Aircraft,Y,
力矩影响,6,0.0,3.611662,3.961166,Concept,Y,
气动力矩,6,0.0,3.609526,3.960953,Performance,Y,
垂尾,5,0.001134,9.588942,3.959234,Concept,Y,
机翼扭转,6,0.0,3.590309,3.959031,Structure,Y,
两个无量,5,0.0,9.580225,3.958022,Concept,Y,
两个无量纲量,5,0.0,9.580225,3.958022,Concept,Y,
安放,5,0.001134,9.562947,3.956635,Concept,Y,
应用前景,5,0.0,9.550122,3.955012,Concept,Y,
变体相较,6,0.0,3.540579,3.954058,Aircraft,Y,
飞机载荷,6,0.0,3.522461,3.952246,Performance,Y,
首次,5,0.001154,9.505703,3.950916,Concept,Y,
机翼分别,6,0.0,3.46863,3.946863,Structure,Y,
比为,6,0.001361,3.43589,3.943997,Concept,Y,
飞机航程,6,0.0,3.412837,3.941284,Performance,Y,
重新分配,5,0.001134,9.396843,3.940025,Concept,Y,
分量,6,0.001361,3.348203,3.935229,Concept,Y,
连杆弯曲引起,5,0.0,9.322269,3.932227,Concept,Y,
遭遇,4,0.000907,15.311408,3.931413,Concept,Y,
声速,5,0.001445,9.278132,3.928247,Concept,Y,
国内外,5,0.001008,9.255518,3.925854,Concept,Y,
不同飞行环境,5,0.0,9.258296,3.92583,Mission,Y,
章为,6,0.001361,3.243597,3.924768,Concept,Y,
准备,5,0.001134,9.236902,3.92403,Concept,Y,
阶段机翼,6,0.0,3.234165,3.923416,Structure,Y,
综合考虑,5,0.0,9.171284,3.917128,Concept,Y,
蜜蜂,4,0.001673,15.147909,3.915293,Concept,Y,
措施,4,0.000836,15.147909,3.915042,Concept,Y,
雷诺数,5,0.001134,9.131897,3.91353,Parameter,Y,
增加飞机,6,0.0,3.112177,3.911218,Aircraft,Y,
纲量,5,0.001134,9.094798,3.90982,Concept,Y,
无量纲量,5,0.0,9.094798,3.90948,Concept,Y,
截面,5,0.001134,9.064493,3.90679,Concept,Y,
投入工程,5,0.0,9.066521,3.906652,Concept,Y,
不能,6,0.001326,3.048843,3.905282,Concept,Y,
初始总体参数拟定,5,0.0,9.012749,3.901275,Parameter,Y,
简单机械变形,5,0.0,9.00982,3.900982,Mechanism,Y,
相互作用,5,0.001134,8.977984,3.898139,Concept,Y,
三种应用,5,0.0,8.977984,3.897798,Concept,Y,
投入工程应用,5,0.0,8.977984,3.897798,Concept,Y,
固定锁定,5,0.0,8.948938,3.894894,Concept,Y,
层流,5,0.001154,8.927358,3.893082,Concept,Y,
固定翼模式,5,0.0,8.922943,3.892294,Concept,Y,
俯仰力矩变化情况,5,0.0,8.879517,3.887952,Concept,Y,
机翼翼型,6,0.0,2.864931,3.886493,Structure,Y,
试验结果表明,5,0.0,8.835026,3.883503,Concept,Y,
飞行器外形,6,0.0,2.810626,3.881063,Mission,Y,
燃油重量,5,0.0,8.77635,3.877635,Concept,Y,
梯形,5,0.001134,8.746786,3.875019,Concept,Y,
过载包线,5,0.0,8.745811,3.874581,Concept,Y,
间断,5,0.001134,8.731262,3.873466,Concept,Y,
处于不同相对,5,0.0,8.724043,3.872404,Concept,Y,
参数设置,5,0.000907,8.717456,3.872018,Parameter,Y,
质量,5,0.001299,8.705755,3.870965,Concept,Y,
充气式,5,0.001134,8.697876,3.870128,Concept,Y,
考虑变体,6,0.0,2.684969,3.868497,Aircraft,Y,
空间代价,5,0.0,8.661103,3.86611,Concept,Y,
人员,5,0.002091,8.642381,3.864865,Concept,Y,
对于变体,6,0.0,2.629115,3.862912,Aircraft,Y,
弯曲变形,5,0.0,8.622109,3.862211,Mechanism,Y,
综合以上,5,0.0,8.582399,3.85824,Concept,Y,
不同相对位置,5,0.0,8.524393,3.852439,Concept,Y,
有效提高,5,0.0,8.522305,3.85223,Concept,Y,
实物图,5,0.001134,8.516472,3.851987,Concept,Y,
鸭式,5,0.001445,8.475484,3.847982,Concept,Y,
度时,6,0.001361,2.4496,3.845368,Concept,Y,
连杆重量,6,0.0,2.434523,3.843452,Concept,Y,
通过变体,6,0.0,2.431457,3.843146,Aircraft,Y,
机翼需要,6,0.0,2.42681,3.842681,Structure,Y,
高速巡航,5,0.0,8.37532,3.837532,Mission,Y,
以下,6,0.001326,2.347075,3.835105,Concept,Y,
不同攻角下,5,0.0,8.334678,3.833468,Parameter,Y,
气象条件,5,0.001134,8.322269,3.832567,Concept,Y,
时变空气,5,0.0,8.322269,3.832227,Concept,Y,
说明,5,0.001134,8.309606,3.831301,Concept,Y,
处于其他,5,0.0,8.263869,3.826387,Concept,Y,
空客,5,0.001445,8.24618,3.825051,Concept,Y,
降低变体,6,0.0,2.178009,3.817801,Aircraft,Y,
装置,5,0.001299,8.162326,3.816622,Concept,Y,
十分,5,0.001134,8.13828,3.814168,Concept,Y,
升力重新分配,5,0.0,8.137481,3.813748,Concept,Y,
转变,6,0.001361,2.125489,3.812957,Concept,Y,
一倍翼展,5,0.0,8.108207,3.810821,Concept,Y,
展弦比飞机常用,5,0.0,8.108207,3.810821,Aircraft,Y,
首先开展,5,0.0,8.108207,3.810821,Concept,Y,
机翼流场,6,0.0,2.104882,3.810488,Structure,Y,
攻角下变体过程,5,0.0,8.098527,3.809853,Parameter,Y,
智能变形飞行器,5,0.0,8.027856,3.802786,Mechanism,Y,
使用副翼偏转,5,0.0,8.017155,3.801715,Concept,Y,
机翼通过,6,0.0,1.99576,3.799576,Structure,Y,
多体,6,0.001472,1.982476,3.798689,Concept,Y,
速域,5,0.002091,7.962776,3.796905,Concept,Y,
使用柔性,5,0.0,7.954419,3.795442,Concept,Y,
更好,5,0.001154,7.905143,3.79086,Concept,Y,
处于单翼构型,5,0.0,7.905415,3.790542,Concept,Y,
热流,5,0.002091,7.88783,3.78941,Concept,Y,
非对称,5,0.001445,7.857232,3.786157,Concept,Y,
多级,5,0.001154,7.811116,3.781458,Concept,Y,
方面代价,5,0.0,7.801965,3.780197,Concept,Y,
部分之间,5,0.0,7.787595,3.778759,Concept,Y,
其他位置,5,0.0,7.782336,3.778234,Concept,Y,
滞后,5,0.001134,7.769397,3.77728,Concept,Y,
侦察,4,0.000981,13.760886,3.776383,Concept,Y,
纵向稳定,5,0.0,7.759277,3.775928,Concept,Y,
下翼,6,0.001361,1.746744,3.775083,Concept,Y,
大多数,5,0.002091,7.694109,3.770038,Concept,Y,
为了进一步,5,0.0,7.681002,3.7681,Concept,Y,
剪切,4,0.001673,13.662482,3.76675,Concept,Y,
鲁棒性,5,0.001154,7.638756,3.764222,ControlMethod,Y,
攻角基本,5,0.0,7.627487,3.762749,Parameter,Y,
需要卸载升力,5,0.0,7.623227,3.762323,Concept,Y,
额外气动力,5,0.0,7.623227,3.762323,Performance,Y,
程中,5,0.001134,7.618517,3.762192,Concept,Y,
模块化,5,0.001134,7.615414,3.761882,Concept,Y,
处于双翼构型,5,0.0,7.618534,3.761853,Concept,Y,
王礼佳,4,0.000907,13.562947,3.756567,Concept,Y,
芒克,4,0.000907,13.562947,3.756567,Concept,Y,
舵面偏转,5,0.0,7.531623,3.753162,Structure,Y,
各种,5,0.001299,7.524811,3.752871,Concept,Y,
不利,5,0.001154,7.521331,3.752479,Concept,Y,
记忆合金,4,0.000981,13.495832,3.749878,Concept,Y,
金属,4,0.000907,13.495832,3.749855,Concept,Y,
不再,5,0.001008,7.492762,3.749579,Concept,Y,
降低机翼,6,0.0,1.479277,3.747928,Structure,Y,
三项,5,0.001134,7.456215,3.745962,Concept,Y,
吨级,4,0.000907,13.431702,3.743442,Concept,Y,
仿真操纵信号,4,0.0,13.431702,3.74317,Concept,Y,
重要参数,5,0.0,7.414894,3.741489,Parameter,Y,
计划,5,0.001445,7.386493,3.739083,Concept,Y,
进一,5,0.001008,7.339171,3.734219,Concept,Y,
副翼差动,5,0.0,7.315019,3.731502,Concept,Y,
南京,4,0.001673,13.292299,3.729732,Concept,Y,
便于,5,0.001299,7.270866,3.727476,Concept,Y,
防护,4,0.001673,13.254824,3.725984,Concept,Y,
产生较大,5,0.0,7.249416,3.724942,Concept,Y,
不同相对,5,0.0,7.219539,3.721954,Concept,Y,
内侧端面变形,5,0.0,7.207071,3.720707,Mechanism,Y,
张祖豪,4,0.000907,13.200376,3.72031,Concept,Y,
顶部翼台,4,0.0,13.200376,3.720038,Concept,Y,
影响机翼,6,0.0,1.157349,3.715735,Structure,Y,
敏感,4,0.000907,13.147909,3.715063,Concept,Y,
降阶,5,0.002091,7.136682,3.714296,Concept,Y,
整体弯度,5,0.0,7.125541,3.712554,Concept,Y,
一致,5,0.001154,7.119864,3.712332,Concept,Y,
多次,5,0.001445,7.08675,3.709108,Concept,Y,
全机最大起飞,5,0.0,7.047622,3.704762,Mission,Y,
飞机各个,5,0.0,7.047622,3.704762,Aircraft,Y,
飞行器使用副翼偏转,5,0.0,7.047622,3.704762,Mission,Y,
构型飞机,6,0.0,1.008837,3.700884,Aircraft,Y,
升力曲线,5,0.0,6.999977,3.699998,Concept,Y,
转轴,5,0.001008,6.97227,3.697529,Concept,Y,
广阔,4,0.001673,12.955264,3.696028,Concept,Y,
长时间,5,0.001445,6.939431,3.694377,Concept,Y,
清晰,4,0.000907,12.91087,3.691359,Concept,Y,
正常飞行,5,0.0,6.903375,3.690338,Mission,Y,
降低翼尖,5,0.0,6.902696,3.69027,Concept,Y,
捕获,4,0.001673,12.878448,3.688347,Concept,Y,
非线性气动,5,0.0,6.876313,3.687631,Performance,Y,
单翼模式,5,0.0,6.873647,3.687365,Concept,Y,
几何外形参数,5,0.0,6.86946,3.686946,Parameter,Y,
力矩变化情况,5,0.0,6.860658,3.686066,Concept,Y,
动力学建模,5,0.0,6.829592,3.682959,Concept,Y,
切换,4,0.000836,12.825981,3.682849,Mechanism,Y,
动态气动,5,0.0,6.817419,3.681742,Performance,Y,
构型折叠,6,0.0,0.803544,3.680354,Mechanism,Y,
型号,5,0.001008,6.796528,3.679955,Concept,Y,
总压,5,0.002091,6.784212,3.679049,Concept,Y,
指导教师,4,0.0,12.785339,3.678534,Concept,Y,
飞行控制算法,5,0.0,6.777844,3.677784,ControlMethod,Y,
飞行器初始总体,5,0.0,6.764822,3.676482,Mission,Y,
飞行器初始总体参数,5,0.0,6.764822,3.676482,Mission,Y,
展弦比单翼构型,5,0.0,6.762971,3.676297,Concept,Y,
使用需求,5,0.0,6.760815,3.676081,Concept,Y,
需要进一步,5,0.0,6.741917,3.674192,Concept,Y,
希望,4,0.001127,12.688477,3.669186,Concept,Y,
变体飞行器初始,5,0.0,6.658921,3.665892,Mission,Y,
变体飞行器初始总体,5,0.0,6.658921,3.665892,Mission,Y,
变体飞行器气动外形,5,0.0,6.648633,3.664863,Performance,Y,
非线性气动力,5,0.0,6.623227,3.662323,Performance,Y,
容量,5,0.001134,6.580225,3.658363,Concept,Y,
飞行器发展现状,5,0.0,6.542429,3.654243,Mission,Y,
飞行器气动外形优化,5,0.0,6.542429,3.654243,Performance,Y,
展开变体过程,5,0.0,6.522026,3.652203,Mechanism,Y,
光滑,4,0.001673,12.51232,3.651734,Concept,Y,
负责,4,0.000907,12.504053,3.650677,Concept,Y,
停滞,4,0.001673,12.495832,3.650085,Concept,Y,
证明,5,0.001445,6.479531,3.648386,Concept,Y,
最大速度,5,0.0,6.481558,3.648156,Parameter,Y,
两点,5,0.001134,6.466085,3.646949,Concept,Y,
将会,5,0.001134,6.463411,3.646681,Concept,Y,
多任务飞行,5,0.0,6.455916,3.645592,Mission,Y,
如何,5,0.001299,6.436807,3.644071,Concept,Y,
进入,5,0.001008,6.417269,3.642029,Concept,Y,
一些,5,0.001445,6.401635,3.640597,Concept,Y,
王旭,4,0.001673,12.393022,3.639804,Concept,Y,
机器学习,5,0.0,6.387308,3.638731,Concept,Y,
机翼处于不同相对,5,0.0,6.387308,3.638731,Structure,Y,
机翼处于最高点,5,0.0,6.387308,3.638731,Structure,Y,
机身顶部,5,0.0,6.387308,3.638731,Structure,Y,
高空侦察机,5,0.0,6.387308,3.638731,Concept,Y,
驱动机构,5,0.0,6.351545,3.635154,Mechanism,Y,
较强,5,0.001134,6.323054,3.632646,Concept,Y,
飞机最优展弦比,5,0.0,6.310957,3.631096,Aircraft,Y,
充气,5,0.001134,6.286645,3.629005,Concept,Y,
学者,5,0.002091,6.277544,3.628382,Concept,Y,
生成,5,0.001299,6.254824,3.625872,Concept,Y,
开展数值,5,0.0,6.253091,3.625309,Concept,Y,
机翼连接点,5,0.0,6.234165,3.623416,Structure,Y,
研究者,5,0.002091,6.223605,3.622988,Concept,Y,
本身,5,0.001134,6.176037,3.617944,Concept,Y,
忽略,4,0.000981,12.137641,3.614058,Concept,Y,
倾转机翼无人机,5,0.0,6.124273,3.612427,Structure,Y,
确定飞机,5,0.0,6.124273,3.612427,Aircraft,Y,
直到,5,0.001008,6.107267,3.611029,Concept,Y,
变体飞行器使用副翼,5,0.0,6.104296,3.61043,Mission,Y,
变化对于双翼,5,0.0,6.104296,3.61043,Concept,Y,
早期双翼,5,0.0,6.104296,3.61043,Concept,Y,
活动机翼两侧副翼,5,0.0,6.104296,3.61043,Structure,Y,
翼尖失速,5,0.0,6.104296,3.61043,Concept,Y,
翼展比为,5,0.0,6.104296,3.61043,Concept,Y,
飞行器使用副翼,5,0.0,6.104296,3.61043,Mission,Y,
验证机从单翼,5,0.0,6.104296,3.61043,Concept,Y,
展长变体,5,0.0,6.096972,3.609697,Aircraft,Y,
双翼模式,5,0.0,6.094662,3.609466,Concept,Y,
一架,5,0.001134,6.079707,3.608311,Concept,Y,
仿真操纵,4,0.0,12.048373,3.604837,Concept,Y,
巨大应用价值,4,0.0,12.048373,3.604837,Concept,Y,
操纵信号,4,0.0,12.048373,3.604837,Concept,Y,
总体方案,5,0.001008,6.036103,3.603913,Concept,Y,
机器,6,0.002509,-0.817263,3.600753,Concept,Y,
不同根比,6,0.0,0.0,3.6,Concept,Y,
产生气动力驱动,6,0.0,0.0,3.6,Mechanism,Y,
代价应用,6,0.0,0.0,3.6,Concept,Y,
代价应用变体,6,0.0,0.0,3.6,Aircraft,Y,
代价应用变体减少,6,0.0,0.0,3.6,Aircraft,Y,
位置上下,6,0.0,0.0,3.6,Concept,Y,
偏转产生气动力驱动,6,0.0,0.0,3.6,Mechanism,Y,
公转角度变化情况,6,0.0,0.0,3.6,Parameter,Y,
减少起降,6,0.0,0.0,3.6,Concept,Y,
减少起降翼展,6,0.0,0.0,3.6,Concept,Y,
减少起降翼展航程,6,0.0,0.0,3.6,Performance,Y,
几何外形约束,6,0.0,0.0,3.6,Concept,Y,
分为部分,6,0.0,0.0,3.6,Concept,Y,
副翼偏转产生气动力,6,0.0,0.0,3.6,Performance,Y,
副翼偏转产生额外,6,0.0,0.0,3.6,Concept,Y,
副翼偏转机翼,6,0.0,0.0,3.6,Structure,Y,
副翼面积攻角,6,0.0,0.0,3.6,Structure,Y,
动力学折叠变体飞行器,6,0.0,0.0,3.6,Mechanism,Y,
升力活动机翼,6,0.0,0.0,3.6,Structure,Y,
升力系数失速攻角,6,0.0,0.0,3.6,Parameter,Y,
升力阻力特性影响,6,0.0,0.0,3.6,Concept,Y,
单翼双翼两种,6,0.0,0.0,3.6,Concept,Y,
单翼双翼折叠变体,6,0.0,0.0,3.6,Mechanism,Y,
双翼构型上下机翼,6,0.0,0.0,3.6,Structure,Y,
变体减少,6,0.0,0.0,3.6,Aircraft,Y,
变体减少起降,6,0.0,0.0,3.6,Aircraft,Y,
变体减少起降翼展,6,0.0,0.0,3.6,Aircraft,Y,
变体基本改变,6,0.0,0.0,3.6,Aircraft,Y,
变体过程全机,6,0.0,0.0,3.6,Aircraft,Y,
变体过程固定,6,0.0,0.0,3.6,Aircraft,Y,
变体过程固定机翼,6,0.0,0.0,3.6,Structure,Y,
变体过程气动力变化,6,0.0,0.0,3.6,Performance,Y,
变体飞行器应用,6,0.0,0.0,3.6,Mission,Y,
变体飞行器机翼,6,0.0,0.0,3.6,Structure,Y,
变化情况上下,6,0.0,0.0,3.6,Concept,Y,
变展变体方案,6,0.0,0.0,3.6,Aircraft,Y,
变形变体,6,0.0,0.0,3.6,Mechanism,Y,
可变机翼飞行器,6,0.0,0.0,3.6,Structure,Y,
后缘弯度,6,0.0,0.0,3.6,Concept,Y,
外形约束,6,0.0,0.0,3.6,Concept,Y,
小结折叠,6,0.0,0.0,3.6,Mechanism,Y,
小结折叠变体,6,0.0,0.0,3.6,Mechanism,Y,
小结折叠变体飞行器,6,0.0,0.0,3.6,Mechanism,Y,
小结本章,6,0.0,0.0,3.6,Concept,Y,
应用变体减少,6,0.0,0.0,3.6,Aircraft,Y,
应用变体减少起降,6,0.0,0.0,3.6,Aircraft,Y,
影响对于,6,0.0,0.0,3.6,Concept,Y,
情况上下机翼,6,0.0,0.0,3.6,Structure,Y,
情况变体过程,6,0.0,0.0,3.6,Aircraft,Y,
手册编委会飞机,6,0.0,0.0,3.6,Aircraft,Y,
手册编委会飞机手册,6,0.0,0.0,3.6,Aircraft,Y,
扭矩形式,6,0.0,0.0,3.6,Concept,Y,
扭矩连杆,6,0.0,0.0,3.6,Concept,Y,
扭转引起变形,6,0.0,0.0,3.6,Mechanism,Y,
折叠变体基本,6,0.0,0.0,3.6,Mechanism,Y,
折叠变体基本改变,6,0.0,0.0,3.6,Mechanism,Y,
折叠变体收益代价,6,0.0,0.0,3.6,Mechanism,Y,
折叠变体机翼,6,0.0,0.0,3.6,Mechanism,Y,
折叠变体飞行器机翼,6,0.0,0.0,3.6,Mechanism,Y,
攻角变体,6,0.0,0.0,3.6,Parameter,Y,
攻角变体过程,6,0.0,0.0,3.6,Parameter,Y,
攻角攻角变体,6,0.0,0.0,3.6,Parameter,Y,
攻角攻角变体过程,6,0.0,0.0,3.6,Parameter,Y,
方式气动,6,0.0,0.0,3.6,Performance,Y,
无人机展弦比,6,0.0,0.0,3.6,Aircraft,Y,
明确折叠,6,0.0,0.0,3.6,Mechanism,Y,
本章小结折叠,6,0.0,0.0,3.6,Mechanism,Y,
本章小结折叠变体,6,0.0,0.0,3.6,Mechanism,Y,
本章小结本章,6,0.0,0.0,3.6,Concept,Y,
机构活动,6,0.0,0.0,3.6,Concept,Y,
机构活动机翼,6,0.0,0.0,3.6,Structure,Y,
机翼可变,6,0.0,0.0,3.6,Structure,Y,
机翼失速攻角,6,0.0,0.0,3.6,Structure,Y,
机翼展弦比,6,0.0,-0.6362,3.6,Structure,Y,
机翼设计方案,6,0.0,0.0,3.6,Structure,Y,
来自活动,6,0.0,0.0,3.6,Concept,Y,
构型机翼,6,0.0,0.0,3.6,Structure,Y,
构型气动,6,0.0,0.0,3.6,Performance,Y,
气动力气动,6,0.0,0.0,3.6,Performance,Y,
气动特性变体,6,0.0,0.0,3.6,Performance,Y,
气动特性操稳,6,0.0,0.0,3.6,Performance,Y,
气动特性操稳特性,6,0.0,0.0,3.6,Performance,Y,
活动机翼机身,6,0.0,0.0,3.6,Structure,Y,
特性变体过程,6,0.0,0.0,3.6,Aircraft,Y,
特性折叠变体,6,0.0,0.0,3.6,Mechanism,Y,
特性操稳,6,0.0,0.0,3.6,Concept,Y,
特性操稳特性,6,0.0,0.0,3.6,Concept,Y,
相对位置双翼,6,0.0,0.0,3.6,Concept,Y,
系数失速攻角,6,0.0,0.0,3.6,Parameter,Y,
系数诱导阻力,6,0.0,0.0,3.6,Concept,Y,
系数阻力,6,0.0,0.0,3.6,Concept,Y,
系数阻力系数,6,0.0,0.0,3.6,Concept,Y,
编委会飞机,6,0.0,0.0,3.6,Aircraft,Y,
编委会飞机手册,6,0.0,0.0,3.6,Aircraft,Y,
翼展变化情况,6,0.0,0.0,3.6,Concept,Y,
翼展航程,6,0.0,0.0,3.6,Performance,Y,
航程起降,6,0.0,0.0,3.6,Performance,Y,
角度变化曲线,6,0.0,0.0,3.6,Parameter,Y,
起降翼展航程,6,0.0,0.0,3.6,Performance,Y,
过程全机,6,0.0,0.0,3.6,Concept,Y,
过程气动力变化,6,0.0,0.0,3.6,Performance,Y,
连杆变体机构,6,0.0,0.0,3.6,Aircraft,Y,
连杆弯矩,6,0.0,0.0,3.6,Concept,Y,
连杆扭转引起变形,6,0.0,0.0,3.6,Mechanism,Y,
连杆活动,6,0.0,0.0,3.6,Concept,Y,
连杆活动机翼,6,0.0,0.0,3.6,Structure,Y,
长航飞机,6,0.0,0.0,3.6,Aircraft,Y,
阻力提高,6,0.0,0.0,3.6,Concept,Y,
阻力特性影响,6,0.0,0.0,3.6,Concept,Y,
面积攻角,6,0.0,0.0,3.6,Parameter,Y,
飞机压力,6,0.0,0.0,3.6,Aircraft,Y,
飞机压力分布,6,0.0,0.0,3.6,Aircraft,Y,
飞机手册编委会飞机,6,0.0,0.0,3.6,Aircraft,Y,
飞行器折叠,6,0.0,-1.040385,3.6,Mechanism,Y,
驱动折叠变体概念,6,0.0,0.0,3.6,Mechanism,Y,
空中变体,5,0.0,5.969422,3.596942,Aircraft,Y,
测量,5,0.001299,5.936368,3.594027,Concept,Y,
变体过程公转,5,0.0,5.937064,3.593706,Aircraft,Y,
得出,5,0.001008,5.931972,3.5935,Concept,Y,
侧向,5,0.001154,5.916002,3.591946,Concept,Y,
著名,4,0.001673,11.91087,3.591589,Concept,Y,
拟定飞机,5,0.0,5.895919,3.589592,Aircraft,Y,
飞行器初始,5,0.0,5.890353,3.589035,Mission,Y,
使用副翼,5,0.0,5.886956,3.588696,Concept,Y,
还有,5,0.001299,5.851845,3.585574,Concept,Y,
原理验证飞行试验,5,0.0,5.850993,3.585099,Mission,Y,
飞行器纵向,5,0.0,5.847284,3.584728,Mission,Y,
两个活动机翼,5,0.0,5.841261,3.584126,Structure,Y,
实现目的,5,0.0,5.829528,3.582953,Concept,Y,
携带,4,0.000907,11.825981,3.58287,Concept,Y,
燃油携带,4,0.0,11.825981,3.582598,Concept,Y,
飞翼布局飞行器,5,0.0,5.82523,3.582523,Mission,Y,
平面设计,5,0.001134,5.821223,3.582462,Concept,Y,
教师,4,0.000907,11.800446,3.580317,Concept,Y,
使得飞机,5,0.0,5.802345,3.580235,Aircraft,Y,
主导,5,0.001134,5.773025,3.577643,Concept,Y,
机翼连接处,5,0.0,5.774733,3.577473,Structure,Y,
收益代价边界,4,0.0,11.765439,3.576544,Concept,Y,
民用领域,4,0.0,11.765439,3.576544,Concept,Y,
如表,5,0.001008,5.753998,3.575702,Concept,Y,
两根,5,0.001134,5.751671,3.575507,Concept,Y,
摄像头,4,0.000907,11.726445,3.572917,Concept,Y,
周围流场,4,0.0,11.726445,3.572645,Concept,Y,
战斗机,5,0.001445,5.709236,3.571357,Concept,Y,
主要参数,5,0.000907,5.69361,3.569633,Parameter,Y,
因素,4,0.000981,11.688477,3.569142,Concept,Y,
不足,5,0.001299,5.673334,3.567723,Concept,Y,
分解,5,0.001008,5.652853,3.565588,Concept,Y,
机翼带有,5,0.0,5.649202,3.56492,Structure,Y,
扑翼,5,0.001154,5.618869,3.562233,Concept,Y,
固定翼飞机,5,0.0,5.539311,3.553931,Aircraft,Y,
乘波体,5,0.002091,5.532674,3.553895,Concept,Y,
特点,5,0.001299,5.517824,3.552172,Concept,Y,
描述二维,4,0.0,11.495832,3.549583,Concept,Y,
根比过,5,0.001134,5.453029,3.545643,Concept,Y,
过程公转,5,0.0,5.454173,3.545417,Concept,Y,
一节,5,0.001134,5.450544,3.545395,Concept,Y,
超过,5,0.001134,5.423882,3.542728,Concept,Y,
攻角下变体,5,0.0,5.421934,3.542193,Parameter,Y,
组织,4,0.001127,11.385408,3.538879,Concept,Y,
攻角改变,5,0.0,5.375948,3.537595,Parameter,Y,
验证飞行试验,5,0.0,5.370771,3.537077,Mission,Y,
流动特性,5,0.0,5.362573,3.536257,Concept,Y,
工学,5,0.001008,5.347934,3.535096,Concept,Y,
翼型不同,5,0.0,5.335732,3.533573,Structure,Y,
相当,5,0.001134,5.308893,3.531229,Concept,Y,
同步,5,0.001134,5.270661,3.527406,Concept,Y,
飞机最大起飞重量,5,0.0,5.246827,3.524683,Mission,Y,
形状参数,5,0.0,5.23203,3.523203,Parameter,Y,
风扇,4,0.001673,11.220554,3.522557,Concept,Y,
升力系数变化,5,0.0,5.21682,3.521682,Concept,Y,
飞机最大起飞,5,0.0,5.185426,3.518543,Mission,Y,
向外,5,0.001134,5.172778,3.517618,Concept,Y,
气动收益,5,0.0,5.121425,3.512143,Performance,Y,
某些,4,0.000981,11.103515,3.510646,Concept,Y,
定性,5,0.001299,5.102234,3.510613,Concept,Y,
通过副翼,5,0.0,5.094807,3.509481,Concept,Y,
不同翼展,5,0.0,4.995307,3.499531,Concept,Y,
内侧机翼,5,0.0,4.986237,3.498624,Structure,Y,
升力变化情况,5,0.0,4.894624,3.489462,Concept,Y,
部位变体,5,0.0,4.888502,3.48885,Aircraft,Y,
飞机起降翼展,5,0.0,4.863498,3.48635,Aircraft,Y,
降低活动机翼,5,0.0,4.860526,3.486053,Structure,Y,
飞行任务,5,0.0,4.851845,3.485184,Mission,Y,
飞机最优,5,0.0,4.816192,3.481619,Aircraft,Y,
机从单翼,5,0.0,4.802345,3.480235,Concept,Y,
降低活动,5,0.0,4.774112,3.477411,Concept,Y,
起到,5,0.001008,4.761492,3.476452,Concept,Y,
连杆产生,5,0.0,4.732016,3.473202,Concept,Y,
添加,4,0.001673,10.697876,3.470289,Concept,Y,
背景网格,4,0.0,10.669862,3.466986,Concept,Y,
再次,4,0.000836,10.619874,3.462238,Concept,Y,
活动机翼产生,5,0.0,4.581991,3.458199,Structure,Y,
于单,5,0.001134,4.567067,3.457047,Concept,Y,
关键技术难点,4,0.0,10.540226,3.454023,Concept,Y,
不同构型,5,0.0,4.528377,3.452838,Concept,Y,
湾流,4,0.001673,10.51232,3.451734,Concept,Y,
湍流,4,0.000836,10.51232,3.451483,Concept,Y,
维护,4,0.000836,10.495832,3.449834,Concept,Y,
活动机翼运动,5,0.0,4.486131,3.448613,Structure,Y,
提高双翼,5,0.0,4.469057,3.446906,Concept,Y,
连杆对于,5,0.0,4.461659,3.446166,Concept,Y,
单翼布局,5,0.0,4.452184,3.445218,Concept,Y,
改变飞机,5,0.0,4.448461,3.444846,Aircraft,Y,
和翼尖,5,0.001008,4.431653,3.443468,Concept,Y,
变体失效,5,0.0,4.347934,3.434793,Aircraft,Y,
综合来看,4,0.0,10.342395,3.43424,Concept,Y,
分别固定,5,0.0,4.320907,3.432091,Concept,Y,
指标,4,0.000907,10.290574,3.42933,Concept,Y,
快速预测,4,0.0,10.282839,3.428284,Concept,Y,
部署,4,0.000907,10.275784,3.427851,Concept,Y,
从图,5,0.001134,4.268545,3.427195,Concept,Y,
陈树生,4,0.001673,10.254824,3.425984,Concept,Y,
期间完成,4,0.0,10.254824,3.425482,Concept,Y,
高效,5,0.001445,4.24016,3.424449,Concept,Y,
交叉耦合,4,0.000836,10.227343,3.422985,Concept,Y,
垂直方向,4,0.0,10.222249,3.422225,Concept,Y,
个人简历,4,0.000907,10.200376,3.42031,Concept,Y,
博士学位,4,0.000907,10.180477,3.41832,Concept,Y,
零升攻角提前,4,0.0,10.141483,3.414148,Parameter,Y,
鼓包,4,0.001673,10.114486,3.41195,Concept,Y,
周围,4,0.000907,10.103515,3.410624,Concept,Y,
状态上下,5,0.0,4.094662,3.409466,Concept,Y,
提供足够,4,0.0,10.091078,3.409108,Concept,Y,
提供指导,4,0.0,10.089015,3.408902,Concept,Y,
代价边界,4,0.0,10.065,3.4065,Concept,Y,
处于其他位置,4,0.0,10.060446,3.406045,Concept,Y,
间断位置,4,0.0,10.060446,3.406045,Concept,Y,
推动,5,0.002091,4.022237,3.402851,Concept,Y,
飞行器飞行包线,5,0.0,4.027856,3.402786,Mission,Y,
当下,5,0.001134,4.022803,3.402621,Concept,Y,
众多,4,0.000981,10.012749,3.401569,Concept,Y,
柔性机翼,5,0.0,4.001504,3.40015,Structure,Y,
飞行稳定,5,0.0,3.991248,3.399125,Mission,Y,
两侧机翼,5,0.0,3.97113,3.397113,Structure,Y,
欧盟,3,0.001255,15.955264,3.395903,Concept,Y,
喉部,4,0.001673,9.953856,3.395887,Concept,Y,
嵌套,3,0.00068,15.955264,3.395731,Concept,Y,
支持,4,0.000836,9.902696,3.39052,Concept,Y,
燃油效率,4,0.0,9.902696,3.39027,Performance,Y,
阻碍,4,0.000981,9.883802,3.388675,Concept,Y,
相关学术成果,4,0.0,9.883802,3.38838,Concept,Y,
日期,4,0.001127,9.878448,3.388183,Concept,Y,
三种应用方向,4,0.0,9.878448,3.387845,Concept,Y,
降低激波,4,0.0,9.878448,3.387845,Concept,Y,
扩充,4,0.000907,9.842824,3.384555,Concept,Y,
装备,4,0.000836,9.842824,3.384533,Concept,Y,
相关学术,4,0.0,9.841522,3.384152,Concept,Y,
空间侵占,4,0.0,9.831143,3.383114,Concept,Y,
滚转扰动力矩,4,0.0,9.820838,3.382084,Concept,Y,
研究生,5,0.001134,3.808568,3.381197,Concept,Y,
提高气动,5,0.0,3.799497,3.37995,Performance,Y,
位置变化,5,0.0,3.797443,3.379744,Concept,Y,
机翼一般,5,0.0,3.774733,3.377473,Structure,Y,
上下双翼,5,0.0,3.772734,3.377273,Concept,Y,
气动规律,5,0.0,3.721494,3.372149,Performance,Y,
学术,5,0.001134,3.712239,3.371564,Concept,Y,
两种模式,4,0.0,9.697876,3.369788,Concept,Y,
直升机模式,4,0.0,9.697876,3.369788,Concept,Y,
综合检验,4,0.0,9.697876,3.369788,Concept,Y,
气流,5,0.002091,3.68668,3.369295,Concept,Y,
位置关系变化情况,4,0.0,9.69004,3.369004,Concept,Y,
气动驱动,5,0.0,3.68402,3.368402,Mechanism,Y,
机翼前后,5,0.0,3.649202,3.36492,Structure,Y,
莫哈韦,3,0.00068,15.633336,3.363538,Concept,Y,
董二宝,3,0.000663,15.633336,3.363533,Concept,Y,
三种不同布局,4,0.0,9.615414,3.361541,Concept,Y,
抑制,4,0.001127,9.580225,3.35836,Concept,Y,
全机最大起飞重量,4,0.0,9.580225,3.358022,Mission,Y,
飞行器基础,5,0.0,3.568425,3.356842,Mission,Y,
过高,5,0.001134,3.558184,3.356159,Concept,Y,
无人机为例,4,0.0,9.545873,3.354587,Aircraft,Y,
飞行器存在,5,0.0,3.542429,3.354243,Mission,Y,
折叠机翼变体,5,0.0,3.540579,3.354058,Mechanism,Y,
机翼位置关系,5,0.0,3.533725,3.353373,Structure,Y,
附加,4,0.001673,9.527951,3.353297,Concept,Y,
依据,4,0.001673,9.492762,3.349778,Concept,Y,
任务剖面,4,0.0,9.479531,3.347953,Mission,Y,
鸭翼舵面,4,0.0,9.479531,3.347953,Structure,Y,
伴随,4,0.000981,9.475484,3.347843,Concept,Y,
攻角提前,4,0.0,9.475484,3.347548,Parameter,Y,
阶段性能需求,4,0.0,9.463411,3.346341,Performance,Y,
攻角滞后,4,0.0,9.447469,3.344747,Parameter,Y,
零升攻角滞后,4,0.0,9.447469,3.344747,Parameter,Y,
传统变体,5,0.0,3.441043,3.344104,Aircraft,Y,
抗风,4,0.000907,9.413199,3.341592,Concept,Y,
对此,5,0.001134,3.394919,3.339832,Concept,Y,
重新组成,4,0.0,9.396843,3.339684,Concept,Y,
作为一个,4,0.0,9.393022,3.339302,Concept,Y,
满足宽速域,4,0.0,9.386674,3.338667,Concept,Y,
优于,5,0.001134,3.381569,3.338497,Concept,Y,
尹维龙,3,0.001255,15.370301,3.337407,Concept,Y,
舰载长航,4,0.0,9.370301,3.33703,Concept,Y,
有所下降,4,0.0,9.362807,3.336281,Concept,Y,
有效升力面积,4,0.0,9.362807,3.336281,Concept,Y,
有效解决,4,0.0,9.362807,3.336281,Concept,Y,
结构化,5,0.001154,3.357398,3.336086,Structure,Y,
翼面,5,0.001299,3.356483,3.336038,Structure,Y,
小时,5,0.001134,3.345716,3.334912,Concept,Y,
同步失速,4,0.0,9.329555,3.332956,Concept,Y,
李智,4,0.000907,9.311408,3.331413,Concept,Y,
活动机翼处于其他,4,0.0,9.293486,3.329349,Structure,Y,
活动机翼处于最高点,4,0.0,9.293486,3.329349,Structure,Y,
伴飞无人机视角,4,0.0,9.272269,3.327227,Aircraft,Y,
无人机视角,4,0.0,9.272269,3.327227,Aircraft,Y,
关键问题,4,0.001673,9.24618,3.32512,Concept,Y,
学术成果,4,0.0,9.241018,3.324102,Concept,Y,
制定,5,0.001134,3.222673,3.322607,Concept,Y,
根比机翼,5,0.0,3.204417,3.320442,Structure,Y,
恶化,4,0.001127,9.200376,3.320376,Concept,Y,
增升,5,0.001299,3.196989,3.320089,Concept,Y,
斜置飞翼布局,4,0.0,9.200376,3.320038,Concept,Y,
耦合一体化,4,0.0,9.200376,3.320038,Concept,Y,
非线性效应,4,0.0,9.200376,3.320038,Concept,Y,
新思路,4,0.000981,9.190392,3.319334,Concept,Y,
尽可能,4,0.000907,9.160848,3.316357,Concept,Y,
蜂窝,3,0.00068,15.147909,3.314995,Concept,Y,
组成部分,4,0.000663,9.13828,3.314027,Concept,Y,
分别展示,4,0.0,9.13828,3.313828,Concept,Y,
分别来看,4,0.0,9.112914,3.311291,Concept,Y,
显著提高,4,0.0,9.112914,3.311291,Concept,Y,
几何尺寸,4,0.0,9.08182,3.308182,Concept,Y,
程序,4,0.000907,9.066521,3.306924,Concept,Y,
滚转力矩系数,4,0.0,9.045371,3.304537,Concept,Y,
更佳,4,0.001127,9.023788,3.302717,Concept,Y,
多体动力学,4,0.0,9.012749,3.301275,Concept,Y,
降低连杆,5,0.0,3.010552,3.301055,Concept,Y,
形状记忆合金,4,0.0,9.00982,3.300982,Concept,Y,
乘波体构型,4,0.0,8.998162,3.299816,Concept,Y,
二维翼型,4,0.0,8.998162,3.299816,Structure,Y,
验证机在单翼构型,4,0.0,8.998162,3.299816,Concept,Y,
侦察机起降,4,0.0,8.990923,3.299092,Concept,Y,
物理约束,4,0.0,8.98948,3.298948,Concept,Y,
一个整体来看,4,0.0,8.986597,3.29866,Concept,Y,
机翼实际,5,0.0,2.986237,3.298624,Structure,Y,
柔性后缘,4,0.0,8.985638,3.298564,Concept,Y,
三角翼布局,4,0.0,8.977984,3.297798,Concept,Y,
巨大应用,4,0.0,8.977984,3.297798,Concept,Y,
极大降低,4,0.0,8.977984,3.297798,Concept,Y,
需要关注,4,0.0,8.977984,3.297798,Concept,Y,
非定常数值,4,0.0,8.977984,3.297798,Concept,Y,
变化产生,5,0.0,2.973474,3.297347,Concept,Y,
凹腔,3,0.001255,14.955264,3.295903,Concept,Y,
黄锐,3,0.001255,14.955264,3.295903,Concept,Y,
比较复杂,4,0.000907,8.955264,3.295799,Concept,Y,
固定外形飞行器相比,4,0.0,8.955264,3.295526,Mission,Y,
外形飞行器相比,4,0.0,8.955264,3.295526,Mission,Y,
构型飞行器,5,0.0,2.910161,3.291016,Mission,Y,
以上两点,4,0.0,8.897272,3.289727,Concept,Y,
作用中心,4,0.0,8.863168,3.286317,Concept,Y,
航程收益,4,0.0,8.842824,3.284282,Performance,Y,
二者,4,0.000907,8.836972,3.283969,Concept,Y,
根比过小时,4,0.0,8.831143,3.283114,Concept,Y,
不同飞行阶段,4,0.0,8.830496,3.28305,Mission,Y,
需求协调,4,0.0,8.828559,3.282856,Concept,Y,
最为,5,0.002091,2.795645,3.280192,Concept,Y,
几何关系,4,0.0,8.801712,3.280171,Concept,Y,
首先建立,4,0.0,8.800446,3.280045,Concept,Y,
变体过程通过,5,0.0,2.786122,3.278612,Aircraft,Y,
引入,4,0.000981,8.781587,3.278453,Concept,Y,
连杆两端,4,0.0,8.765439,3.276544,Concept,Y,
能力差,4,0.000836,8.708523,3.271103,Concept,Y,
提高气动效率,4,0.0,8.697876,3.269788,Performance,Y,
飞行器通过,5,0.0,2.696342,3.269634,Mission,Y,
飞行器不同,5,0.0,2.684449,3.268445,Mission,Y,
机翼保持,5,0.0,2.679576,3.267958,Structure,Y,
机翼变后,5,0.0,2.664309,3.266431,Structure,Y,
广泛应用,4,0.001673,8.656056,3.266107,Concept,Y,
方向之一,4,0.0,8.644651,3.264465,Concept,Y,
孙健,3,0.000809,14.633336,3.263576,Concept,Y,
事故,3,0.00068,14.633336,3.263538,Concept,Y,
削弱,3,0.000663,14.633336,3.263533,Concept,Y,
答辩委员会决议书,3,0.0,14.633336,3.263334,Concept,Y,
多维度变形,4,0.0,8.622109,3.262211,Mechanism,Y,
扭矩作用,4,0.0,8.602853,3.260285,Concept,Y,
满足如下,4,0.0,8.597712,3.259771,Concept,Y,
提高变体,5,0.0,2.593046,3.259305,Aircraft,Y,
时为,5,0.001134,2.574803,3.25782,Concept,Y,
挠度,4,0.000907,8.573721,3.257644,Concept,Y,
不同宽度,4,0.0,8.573721,3.257372,Concept,Y,
初步,4,0.000836,8.55652,3.255903,Concept,Y,
差值,4,0.000836,8.55652,3.255903,Concept,Y,
飞行器起降,5,0.0,2.555369,3.255537,Mission,Y,
损失一部分,4,0.0,8.553318,3.255332,Concept,Y,
一步,4,0.000836,8.539138,3.254164,Concept,Y,
发动机参数,4,0.0,8.536884,3.253688,Parameter,Y,
优化目标,4,0.0,8.527951,3.252795,Concept,Y,
等值线图,4,0.000907,8.516472,3.251919,Concept,Y,
包线示意图,4,0.0,8.516472,3.251647,Concept,Y,
满足上述,4,0.0,8.496857,3.249686,Concept,Y,
独特,4,0.001127,8.488678,3.249206,Concept,Y,
过程气动特性,5,0.0,2.486354,3.248635,Performance,Y,
长航飞行,5,0.0,2.455916,3.245592,Mission,Y,
国内,4,0.001127,8.422367,3.242575,Concept,Y,
角下上下机翼处于,4,0.0,8.408369,3.240837,Structure,Y,
重要部件,4,0.0,8.396843,3.239684,Concept,Y,
腹部,4,0.001673,8.368893,3.237391,Concept,Y,
钱战森,3,0.000809,14.370301,3.237273,Concept,Y,
发生较大,4,0.0,8.372181,3.237218,Concept,Y,
巡航高度,4,0.0,8.331992,3.233199,Performance,Y,
平面外形,4,0.0,8.328642,3.232864,Concept,Y,
失速同步性,4,0.0,8.316828,3.231683,Concept,Y,
对于飞机稳定性,4,0.0,8.316828,3.231683,Performance,Y,
滚转稳定性,4,0.0,8.316828,3.231683,Performance,Y,
升力分布接近,4,0.0,8.306906,3.230691,Concept,Y,
过程通过,5,0.0,2.303231,3.230323,Concept,Y,
关系变化情况,4,0.0,8.303016,3.230302,Concept,Y,
交叉,3,0.001255,14.254824,3.225859,Concept,Y,
委员会决议书,3,0.0,14.254824,3.225482,Concept,Y,
弹头偏转角度,4,0.0,8.251793,3.225179,Parameter,Y,
用以,5,0.001008,2.24192,3.224494,Concept,Y,
现象,4,0.001127,8.241018,3.22444,Concept,Y,
矩阵,4,0.000836,8.235875,3.223838,Concept,Y,
有效降低,4,0.0,8.200376,3.220038,Concept,Y,
特性变化规律,4,0.0,8.132428,3.213243,Concept,Y,
提供参考,4,0.0,8.125541,3.212554,Concept,Y,
本章首先开展,4,0.0,8.108207,3.210821,Concept,Y,
起降距离,4,0.0,8.073385,3.207339,Concept,Y,
连杆一侧,4,0.0,8.065,3.2065,Concept,Y,
包线对比,4,0.0,8.058427,3.205843,Concept,Y,
进一步明确,4,0.0,8.057418,3.205742,Concept,Y,
明显,4,0.000981,8.053266,3.205621,Concept,Y,
骑士,3,0.00068,14.048373,3.205041,Concept,Y,
教师评语,3,0.0,14.048373,3.204837,Concept,Y,
乘波构型,4,0.0,8.023788,3.202379,Concept,Y,
确保,4,0.000836,8.013849,3.201636,Concept,Y,
随着材料,4,0.0,7.960911,3.196091,Concept,Y,
解决方案,4,0.001673,7.941243,3.194626,Concept,Y,
机构重量,5,0.0,1.927876,3.192788,Concept,Y,
位置关系变化,4,0.0,7.891419,3.189142,Concept,Y,
铰接,4,0.000981,7.883466,3.188641,Structure,Y,
贡献,3,0.00068,13.867801,3.186984,Concept,Y,
研究院,4,0.000907,7.865152,3.186787,Concept,Y,
角下上下,4,0.0,7.860197,3.18602,Concept,Y,
转换,4,0.000836,7.851976,3.185448,Concept,Y,
降低诱导,4,0.0,7.842824,3.184282,Concept,Y,
相对机翼,5,0.0,1.841847,3.184185,Structure,Y,
博士,3,0.00068,13.785339,3.178738,Concept,Y,
品质,3,0.001255,13.758867,3.176263,Concept,Y,
涡流,4,0.000907,7.757433,3.176015,Concept,Y,
失速速度,4,0.0,7.720746,3.172075,Parameter,Y,
抗侧,4,0.000907,7.717456,3.172018,Concept,Y,
变构,5,0.002091,1.685811,3.169208,Concept,Y,
微型,4,0.000836,7.676234,3.167874,Concept,Y,
布局相比,4,0.0,7.676814,3.167681,Concept,Y,
并未,4,0.001673,7.630521,3.163554,Concept,Y,
太阳神,3,0.00068,13.633336,3.163538,Concept,Y,
失效情况,4,0.0,7.633336,3.163334,Concept,Y,
升力系数损失,4,0.0,7.626028,3.162603,Concept,Y,
对于双翼升力阻力,4,0.0,7.623227,3.162323,Concept,Y,
自身重力,4,0.0,7.623227,3.162323,Concept,Y,
降低激波阻力,4,0.0,7.623227,3.162323,Concept,Y,
降低诱导阻力,4,0.0,7.615414,3.161541,Concept,Y,
变体布局,5,0.0,1.593046,3.159305,Aircraft,Y,
结合以上,4,0.0,7.582943,3.158294,Concept,Y,
侵占方面,4,0.0,7.582399,3.15824,Concept,Y,
层面,4,0.001673,7.57264,3.157766,Concept,Y,
部分分别,4,0.0,7.527951,3.152795,Concept,Y,
过于,5,0.001134,1.520844,3.152425,Concept,Y,
通用性,4,0.001127,7.509473,3.151285,Concept,Y,
安定性,4,0.000907,7.509473,3.151219,Concept,Y,
增大机翼面积,4,0.0,7.473465,3.147346,Structure,Y,
必要,4,0.001673,7.467424,3.147244,Concept,Y,
取代,4,0.000836,7.421691,3.14242,Concept,Y,
小幅,4,0.000907,7.405405,3.140813,Concept,Y,
效率随着,4,0.0,7.400196,3.14002,Performance,Y,
大幅增加,4,0.0,7.390162,3.139016,Concept,Y,
借助,3,0.000663,13.370301,3.137229,Concept,Y,
估算,4,0.000907,7.362573,3.13653,Concept,Y,
动态非线性,4,0.0,7.315019,3.131502,Concept,Y,
动态非线性气动力,4,0.0,7.315019,3.131502,Performance,Y,
推杆驱动,4,0.0,7.315019,3.131502,Mechanism,Y,
滚转扰动,4,0.0,7.315019,3.131502,Concept,Y,
战斗,3,0.00068,13.311408,3.131345,Concept,Y,
仿鸟,3,0.00068,13.299912,3.130195,Concept,Y,
展向升力中心,4,0.0,7.300852,3.130085,Concept,Y,
视野,3,0.000809,13.292299,3.129472,Concept,Y,
升力等于,4,0.0,7.289484,3.128948,Concept,Y,
不仅,4,0.000981,7.258296,3.126124,Concept,Y,
对于双翼升力,4,0.0,7.257775,3.125778,Concept,Y,
重量最优,4,0.0,7.255113,3.125511,Concept,Y,
展弦比飞机起降,4,0.0,7.253957,3.125396,Aircraft,Y,
很小,4,0.000907,7.241018,3.124374,Concept,Y,
科学,4,0.000836,7.241018,3.124353,Concept,Y,
两者,4,0.000907,7.21043,3.121315,Concept,Y,
陈老师,3,0.001682,13.200376,3.120542,Concept,Y,
电磁,3,0.001255,13.200376,3.120414,Concept,Y,
洛克希德,3,0.00068,13.200376,3.120242,Concept,Y,
锥形滑块,3,0.0,13.200376,3.120038,Concept,Y,
主梁,4,0.000907,7.196624,3.119935,Concept,Y,
细长,4,0.000981,7.153556,3.11565,Concept,Y,
同步性,4,0.000907,7.146903,3.114962,Concept,Y,
承担,3,0.00068,13.130836,3.113288,Concept,Y,
全机重量,4,0.0,7.132494,3.113249,Concept,Y,
一个整体,4,0.0,7.117636,3.111764,Concept,Y,
伸缩变体,5,0.0,1.100006,3.110001,Aircraft,Y,
空天,4,0.001673,7.076255,3.108127,Aircraft,Y,
固定机翼运动,4,0.0,7.057797,3.10578,Structure,Y,
凹槽,3,0.001255,13.048373,3.105214,Concept,Y,
平尾,4,0.000907,7.048373,3.10511,Concept,Y,
集成,4,0.001127,7.045371,3.104875,Concept,Y,
飞机处于双翼构型,4,0.0,7.047622,3.104762,Aircraft,Y,
飞行器使用气动力,4,0.0,7.047622,3.104762,Performance,Y,
飞行器使用气动力驱动,4,0.0,7.047622,3.104762,Mechanism,Y,
不同任务,4,0.0,7.042001,3.1042,Mission,Y,
发展方向,4,0.0,6.999856,3.099986,Concept,Y,
舵效,4,0.000907,6.995676,3.09984,Concept,Y,
提高飞行器气动,4,0.0,6.993091,3.099309,Performance,Y,
每个活动,4,0.0,6.993091,3.099309,Concept,Y,
机翼伸缩,5,0.0,0.986237,3.098624,Structure,Y,
飞机自身,4,0.0,6.963034,3.096303,Aircraft,Y,
高精度,4,0.001673,6.897272,3.090229,Concept,Y,
原理验证飞行,5,0.0,0.883027,3.088303,Mission,Y,
协同,4,0.001673,6.870123,3.087514,Concept,Y,
笛卡尔,3,0.001255,12.867801,3.087157,Concept,Y,
研究员,4,0.000907,6.865152,3.086787,Concept,Y,
对于常规,4,0.0,6.844128,3.084413,Concept,Y,
系数损失,4,0.0,6.791614,3.079161,Concept,Y,
指导教师评语,3,0.0,12.785339,3.078534,Concept,Y,
不同部位变体,4,0.0,6.762971,3.076297,Aircraft,Y,
气动中心变化情况,4,0.0,6.74703,3.074703,Performance,Y,
动力装置,4,0.001673,6.730057,3.073508,Concept,Y,
启动,4,0.001673,6.730057,3.073508,Concept,Y,
发展趋势,4,0.000491,6.717456,3.071893,Concept,Y,
前文,4,0.000907,6.708523,3.071125,Concept,Y,
分类,4,0.001673,6.705321,3.071034,Concept,Y,
提高巡航,4,0.0,6.692582,3.069258,Mission,Y,
乃至,3,0.00068,12.669862,3.06719,Concept,Y,
马丁,3,0.00068,12.669862,3.06719,Concept,Y,
马丁公司,3,0.0,12.669862,3.066986,Concept,Y,
飞行器总体,4,0.0,6.663284,3.066328,Mission,Y,
起飞翼展,4,0.0,6.660643,3.066064,Mission,Y,
发生改变,4,0.0,6.658921,3.065892,Concept,Y,
变体包线对比,4,0.0,6.658921,3.065892,Aircraft,Y,
变体扩充,4,0.0,6.658921,3.065892,Aircraft,Y,
变体机构增重,4,0.0,6.658921,3.065892,Aircraft,Y,
变体飞行器总体,4,0.0,6.658921,3.065892,Mission,Y,
变化平稳,4,0.0,6.658921,3.065892,Concept,Y,
变形体现,4,0.0,6.658921,3.065892,Mechanism,Y,
攻角基本不变,4,0.0,6.658921,3.065892,Parameter,Y,
重量分布,4,0.0,6.647067,3.064707,Concept,Y,
尾流,4,0.000981,6.60543,3.060837,Concept,Y,
决议书,3,0.00068,12.597712,3.059975,Concept,Y,
仿生变体,4,0.0,6.540579,3.054058,Aircraft,Y,
变体试验平台,4,0.0,6.540579,3.054058,Aircraft,Y,
体致波阻,4,0.0,6.532674,3.053267,Concept,Y,
间距增加,4,0.0,6.515693,3.051569,Concept,Y,
关系变化,4,0.0,6.504396,3.05044,Concept,Y,
相较单翼构型,4,0.0,6.504053,3.050405,Concept,Y,
碳纤维复合材料,3,0.0,12.495832,3.049583,Concept,Y,
需要较大,4,0.0,6.475484,3.047548,Concept,Y,
机翼构型,5,0.0,0.472614,3.047261,Structure,Y,
进一步降低,4,0.0,6.472456,3.047246,Concept,Y,
框架,3,0.000663,12.463411,3.04654,Concept,Y,
有效升力,4,0.0,6.459409,3.045941,Concept,Y,
旋翼飞行器,4,0.0,6.442894,3.044289,Mission,Y,
验证飞行,5,0.0,0.402805,3.04028,Mission,Y,
参数相较,4,0.0,6.401955,3.040195,Parameter,Y,
通过改变,4,0.0,6.394931,3.039493,Concept,Y,
相差,4,0.000836,6.391948,3.039446,Concept,Y,
伴飞无人机,4,0.0,6.387308,3.038731,Aircraft,Y,
机械变形,4,0.0,6.387308,3.038731,Mechanism,Y,
机翼准备,4,0.0,6.387308,3.038731,Structure,Y,
机翼分别来看,4,0.0,6.387308,3.038731,Structure,Y,
机翼处于其他,4,0.0,6.387308,3.038731,Structure,Y,
机翼处于其他位置,4,0.0,6.387308,3.038731,Structure,Y,
机翼解除,4,0.0,6.387308,3.038731,Structure,Y,
机翼解除固定,4,0.0,6.387308,3.038731,Structure,Y,
机身姿态,4,0.0,6.387308,3.038731,Structure,Y,
机身顶部翼台,4,0.0,6.387308,3.038731,Structure,Y,
其次,4,0.001127,6.380907,3.038429,Concept,Y,
减小阻力,4,0.0,6.371711,3.037171,Concept,Y,
适用于单,4,0.0,6.359074,3.035907,Concept,Y,
飞机操稳特性,4,0.0,6.355351,3.035535,Aircraft,Y,
双翼作为,4,0.0,6.349476,3.034948,Concept,Y,
几种,4,0.000836,6.30018,3.030269,Concept,Y,
固定翼飞行器,4,0.0,6.262322,3.026232,Mission,Y,
前期,4,0.000981,6.234592,3.023754,Concept,Y,
机翼攻角改变,4,0.0,6.234165,3.023416,Structure,Y,
先进,4,0.001673,6.224624,3.022964,Concept,Y,
满足不同,4,0.0,6.223839,3.022384,Concept,Y,
用于变体过程,4,0.0,6.217172,3.021717,Aircraft,Y,
符号,3,0.00068,12.20931,3.021135,Concept,Y,
两侧连杆,4,0.0,6.180477,3.018048,Concept,Y,
后者,4,0.000907,6.162067,3.016479,Concept,Y,
变体飞行器总体参数,4,0.0,6.151133,3.015113,Mission,Y,
扩展一倍,3,0.0,12.139347,3.013935,Concept,Y,
主要开展,4,0.0,6.129709,3.012971,Concept,Y,
几何构型,4,0.0,6.127624,3.012762,Concept,Y,
速域飞行,4,0.0,6.125768,3.012577,Mission,Y,
大攻角下,4,0.0,6.124254,3.012425,Parameter,Y,
维度,4,0.001673,6.114289,3.011931,Concept,Y,
原理验证机从单翼,4,0.0,6.104296,3.01043,Concept,Y,
原理验证机从双翼,4,0.0,6.104296,3.01043,Concept,Y,
描述二维双翼,4,0.0,6.104296,3.01043,Concept,Y,
每个活动机翼,4,0.0,6.104296,3.01043,Structure,Y,
翼根弯矩,4,0.0,6.104296,3.01043,Concept,Y,
角下上下机翼,4,0.0,6.104296,3.01043,Structure,Y,
飞机处于双翼,4,0.0,6.104296,3.01043,Aircraft,Y,
验证机从双翼,4,0.0,6.104296,3.01043,Concept,Y,
大幅变化,4,0.0,6.100006,3.010001,Concept,Y,
进气道通过,4,0.0,6.073003,3.0073,Concept,Y,
运输机,4,0.001127,6.06538,3.006876,Concept,Y,
组合式无人机,4,0.0,6.06538,3.006538,Aircraft,Y,
修正,3,0.000663,12.048373,3.005036,Concept,Y,
鸭式无尾,3,0.0,12.048373,3.004837,Concept,Y,
推杆,4,0.000907,6.041346,3.004407,Concept,Y,
宽速域飞行,4,0.0,6.01231,3.001231,Mission,Y,
坐标,3,0.00068,12.001068,3.000311,Concept,Y,
三个构型双翼斯瓦尔德,5,0.0,0.0,3.0,Concept,Y,
上下间距以内,5,0.0,0.0,3.0,Concept,Y,
不同双翼,5,0.0,0.0,3.0,Concept,Y,
不同相对位置双翼,5,0.0,0.0,3.0,Concept,Y,
两个多个,5,0.0,0.0,3.0,Concept,Y,
于单折叠,5,0.0,0.0,3.0,Mechanism,Y,
于单折叠变体,5,0.0,0.0,3.0,Mechanism,Y,
产生气动力驱动变体,5,0.0,0.0,3.0,Mechanism,Y,
代价变体,5,0.0,0.0,3.0,Aircraft,Y,
传递连杆,5,0.0,0.0,3.0,Concept,Y,
位置活动,5,0.0,0.0,3.0,Concept,Y,
位置活动机翼,5,0.0,0.0,3.0,Structure,Y,
使用折叠变体,5,0.0,0.0,3.0,Mechanism,Y,
使用网格,5,0.0,0.0,3.0,Concept,Y,
偏转活动,5,0.0,0.0,3.0,Concept,Y,
偏转活动机翼,5,0.0,0.0,3.0,Structure,Y,
全机升力,5,0.0,0.0,3.0,Concept,Y,
全机自由度,5,0.0,0.0,3.0,Concept,Y,
全机自由度动力学,5,0.0,0.0,3.0,Concept,Y,
公转活动,5,0.0,0.0,3.0,Concept,Y,
公转自转角度,5,0.0,0.0,3.0,Parameter,Y,
公转角度变化曲线,5,0.0,0.0,3.0,Parameter,Y,
关系折叠,5,0.0,0.0,3.0,Mechanism,Y,
关系连杆,5,0.0,0.0,3.0,Concept,Y,
几何外形折叠,5,0.0,0.0,3.0,Mechanism,Y,
几何外形折叠变体,5,0.0,0.0,3.0,Mechanism,Y,
几何外形约束目标,5,0.0,0.0,3.0,Concept,Y,
分别两侧,5,0.0,0.0,3.0,Concept,Y,
副翼面积攻角副翼,5,0.0,0.0,3.0,Structure,Y,
力矩连杆,5,0.0,0.0,3.0,Concept,Y,
升力系数诱导,5,0.0,0.0,3.0,Concept,Y,
原准机折叠,5,0.0,0.0,3.0,Mechanism,Y,
原准机折叠变体,5,0.0,0.0,3.0,Mechanism,Y,
原有机翼,5,0.0,0.0,3.0,Structure,Y,
原有约束,5,0.0,0.0,3.0,Concept,Y,
双翼主要,5,0.0,0.0,3.0,Concept,Y,
双翼整体弯度,5,0.0,0.0,3.0,Concept,Y,
双翼机翼,5,0.0,0.0,3.0,Structure,Y,
发展重要,5,0.0,0.0,3.0,Concept,Y,
变体作动器,5,0.0,0.0,3.0,Aircraft,Y,
变体作动器直接,5,0.0,0.0,3.0,Aircraft,Y,
变体增重,5,0.0,0.0,3.0,Aircraft,Y,
变体实现目的,5,0.0,0.0,3.0,Aircraft,Y,
变体影响,5,0.0,0.0,3.0,Aircraft,Y,
变体活动,5,0.0,0.0,3.0,Aircraft,Y,
变体活动机翼,5,0.0,0.0,3.0,Structure,Y,
变体程中,5,0.0,0.0,3.0,Aircraft,Y,
变体过程两侧,5,0.0,0.0,3.0,Aircraft,Y,
变体过程公转自转,5,0.0,0.0,3.0,Aircraft,Y,
变体过程受力,5,0.0,0.0,3.0,Aircraft,Y,
变体过程空气,5,0.0,0.0,3.0,Aircraft,Y,
变体过程空气动力学,5,0.0,0.0,3.0,Performance,Y,
变体过程飞机压力,5,0.0,0.0,3.0,Aircraft,Y,
变体重量,5,0.0,0.0,3.0,Aircraft,Y,
变体飞行器总体设计折叠,5,0.0,0.0,3.0,Mechanism,Y,
变化副翼,5,0.0,0.0,3.0,Concept,Y,
变化变化,5,0.0,0.0,3.0,Concept,Y,
变化情况从图,5,0.0,0.0,3.0,Concept,Y,
变化情况变体,5,0.0,0.0,3.0,Aircraft,Y,
变化情况变体过程,5,0.0,0.0,3.0,Aircraft,Y,
变后折叠,5,0.0,0.0,3.0,Mechanism,Y,
固定机翼机身,5,0.0,0.0,3.0,Structure,Y,
增大减小,5,0.0,0.0,3.0,Concept,Y,
增重全机,5,0.0,0.0,3.0,Concept,Y,
外形折叠,5,0.0,0.0,3.0,Mechanism,Y,
外形折叠变体,5,0.0,0.0,3.0,Mechanism,Y,
外形约束目标,5,0.0,0.0,3.0,Concept,Y,
姿态变化,5,0.0,0.0,3.0,Concept,Y,
姿态变化情况,5,0.0,0.0,3.0,Concept,Y,
完善折叠,5,0.0,0.0,3.0,Mechanism,Y,
完善折叠变体,5,0.0,0.0,3.0,Mechanism,Y,
对单折叠变体飞行器,5,0.0,0.0,3.0,Mechanism,Y,
对比折叠,5,0.0,0.0,3.0,Mechanism,Y,
对比折叠变体,5,0.0,0.0,3.0,Mechanism,Y,
布局关键技术,5,0.0,0.0,3.0,Concept,Y,
布局过程,5,0.0,0.0,3.0,Concept,Y,
带来气动,5,0.0,0.0,3.0,Performance,Y,
常规展弦比,5,0.0,0.0,3.0,Concept,Y,
建立折叠,5,0.0,0.0,3.0,Mechanism,Y,
建立折叠变体,5,0.0,0.0,3.0,Mechanism,Y,
开展一系列,5,0.0,0.0,3.0,Concept,Y,
引起变形活动,5,0.0,0.0,3.0,Mechanism,Y,
引起变形活动机翼,5,0.0,0.0,3.0,Mechanism,Y,
弯度翼型,5,0.0,0.0,3.0,Structure,Y,
弯曲引起变形,5,0.0,0.0,3.0,Mechanism,Y,
形成折叠变体飞行器,5,0.0,0.0,3.0,Mechanism,Y,
总体设计折叠,5,0.0,0.0,3.0,Mechanism,Y,
总体设计折叠变体,5,0.0,0.0,3.0,Mechanism,Y,
总体设计折叠变体飞行器,5,0.0,0.0,3.0,Mechanism,Y,
总结展望,5,0.0,0.0,3.0,Concept,Y,
情况从图,5,0.0,0.0,3.0,Concept,Y,
情况副翼,5,0.0,0.0,3.0,Concept,Y,
情况进一步,5,0.0,0.0,3.0,Concept,Y,
折叠变体布局,5,0.0,0.0,3.0,Mechanism,Y,
折叠变体方案,5,0.0,0.0,3.0,Mechanism,Y,
折叠变体气动,5,0.0,0.0,3.0,Mechanism,Y,
折叠变体过程升力,5,0.0,0.0,3.0,Mechanism,Y,
折叠变体飞行器初始,5,0.0,0.0,3.0,Mechanism,Y,
折叠飞行器,5,0.0,0.0,3.0,Mechanism,Y,
提供思路,5,0.0,0.0,3.0,Concept,Y,
攻角下变体过程飞机,5,0.0,0.0,3.0,Parameter,Y,
攻角副翼,5,0.0,0.0,3.0,Parameter,Y,
攻角副翼面积,5,0.0,0.0,3.0,Structure,Y,
攻角副翼面积攻角,5,0.0,0.0,3.0,Structure,Y,
攻角升力,5,0.0,0.0,3.0,Parameter,Y,
攻角升力斜率,5,0.0,0.0,3.0,Parameter,Y,
攻角升力斜率最大,5,0.0,0.0,3.0,Parameter,Y,
方式折叠,5,0.0,0.0,3.0,Mechanism,Y,
方案折叠,5,0.0,0.0,3.0,Mechanism,Y,
方面付出代价,5,0.0,0.0,3.0,Concept,Y,
明确折叠变体,5,0.0,0.0,3.0,Mechanism,Y,
智能材料智能,5,0.0,0.0,3.0,Concept,Y,
最高点连杆,5,0.0,0.0,3.0,Concept,Y,
机构变体,5,0.0,0.0,3.0,Aircraft,Y,
机构机翼,5,0.0,0.0,3.0,Structure,Y,
机翼不同,5,0.0,0.0,3.0,Structure,Y,
机翼升力重力,5,0.0,0.0,3.0,Structure,Y,
机翼升力阻力,5,0.0,0.0,3.0,Structure,Y,
机翼固定机翼之间,5,0.0,0.0,3.0,Structure,Y,
机翼展向升力,5,0.0,0.0,3.0,Structure,Y,
机翼攻角变化,5,0.0,0.0,3.0,Structure,Y,
机翼最大,5,0.0,0.0,3.0,Structure,Y,
机翼气动中心,5,0.0,0.0,3.0,Structure,Y,
机翼气动力,5,0.0,0.0,3.0,Structure,Y,
机翼活动机翼升力,5,0.0,0.0,3.0,Structure,Y,
机翼相互干扰损失,5,0.0,0.0,3.0,Structure,Y,
来自活动机翼,5,0.0,0.0,3.0,Structure,Y,
来说机翼,5,0.0,0.0,3.0,Structure,Y,
构型双翼压力,5,0.0,0.0,3.0,Concept,Y,
构型双翼压力分布,5,0.0,0.0,3.0,Concept,Y,
构型双翼斯瓦尔德,5,0.0,0.0,3.0,Concept,Y,
构型双翼斯瓦尔德因子,5,0.0,0.0,3.0,Concept,Y,
构型变体,5,0.0,-0.413618,3.0,Aircraft,Y,
构型应用,5,0.0,0.0,3.0,Concept,Y,
气动力气动力矩,5,0.0,0.0,3.0,Performance,Y,
气动布局关键技术,5,0.0,0.0,3.0,Performance,Y,
气动布局过程,5,0.0,0.0,3.0,Performance,Y,
气动特性变体过程,5,0.0,0.0,3.0,Performance,Y,
测试试飞,5,0.0,0.0,3.0,Concept,Y,
特性影响规律,5,0.0,0.0,3.0,Concept,Y,
特性特性,5,0.0,0.0,3.0,Concept,Y,
特性连杆,5,0.0,0.0,3.0,Concept,Y,
状态活动,5,0.0,0.0,3.0,Concept,Y,
状态活动机翼,5,0.0,0.0,3.0,Structure,Y,
看出飞机,5,0.0,0.0,3.0,Aircraft,Y,
章为折叠,5,0.0,0.0,3.0,Mechanism,Y,
章为折叠变体,5,0.0,0.0,3.0,Mechanism,Y,
系数失速攻角变化,5,0.0,0.0,3.0,Parameter,Y,
系数诱导阻力系数,5,0.0,0.0,3.0,Concept,Y,
系数零升,5,0.0,0.0,3.0,Concept,Y,
系数零升阻力,5,0.0,0.0,3.0,Concept,Y,
系数零升阻力系数,5,0.0,0.0,3.0,Concept,Y,
翼尖扭转,5,0.0,0.0,3.0,Concept,Y,
翼展双翼,5,0.0,0.0,3.0,Concept,Y,
翼展最大,5,0.0,0.0,3.0,Concept,Y,
翼展机翼,5,0.0,0.0,3.0,Structure,Y,
翼展航程起降,5,0.0,0.0,3.0,Performance,Y,
翼展航程起降翼展,5,0.0,0.0,3.0,Performance,Y,
航程展弦比,5,0.0,0.0,3.0,Performance,Y,
航程起降翼展,5,0.0,0.0,3.0,Performance,Y,
航程起降翼展变化,5,0.0,0.0,3.0,Performance,Y,
解决展弦比,5,0.0,0.0,3.0,Concept,Y,
讨论折叠,5,0.0,0.0,3.0,Mechanism,Y,
讨论折叠变体,5,0.0,0.0,3.0,Mechanism,Y,
起降翼展变化,5,0.0,0.0,3.0,Concept,Y,
起降翼展变化情况,5,0.0,0.0,3.0,Concept,Y,
起降翼展航程起降,5,0.0,0.0,3.0,Performance,Y,
过程两侧,5,0.0,0.0,3.0,Concept,Y,
过程公转自转,5,0.0,0.0,3.0,Concept,Y,
过程受力,5,0.0,0.0,3.0,Concept,Y,
过程机身,5,0.0,0.0,3.0,Structure,Y,
过程活动机翼升力,5,0.0,0.0,3.0,Structure,Y,
过程空气,5,0.0,0.0,3.0,Concept,Y,
过程空气动力学,5,0.0,0.0,3.0,Performance,Y,
过程空气动力学特性,5,0.0,0.0,3.0,Performance,Y,
过程飞机压力,5,0.0,0.0,3.0,Aircraft,Y,
过程飞机压力分布,5,0.0,0.0,3.0,Aircraft,Y,
连杆两个,5,0.0,0.0,3.0,Concept,Y,
连杆弯曲引起变形,5,0.0,0.0,3.0,Mechanism,Y,
连杆抗弯,5,0.0,0.0,3.0,Concept,Y,
连杆连杆,5,0.0,0.0,3.0,Concept,Y,
间距以内,5,0.0,0.0,3.0,Concept,Y,
阻力产生弯矩,5,0.0,0.0,3.0,Concept,Y,
阻力影响,5,0.0,0.0,3.0,Concept,Y,
阻力系数对应,5,0.0,0.0,3.0,Concept,Y,
阻力飞机,5,0.0,0.0,3.0,Aircraft,Y,
陈钱白鹏,5,0.0,0.0,3.0,Concept,Y,
零升攻角升力,5,0.0,0.0,3.0,Parameter,Y,
零升攻角升力斜率,5,0.0,0.0,3.0,Parameter,Y,
零升阻力系数对应,5,0.0,0.0,3.0,Concept,Y,
非定常定常,5,0.0,0.0,3.0,Concept,Y,
面积攻角副翼,5,0.0,0.0,3.0,Parameter,Y,
面积攻角副翼面积,5,0.0,0.0,3.0,Structure,Y,
额外力矩,5,0.0,0.0,3.0,Concept,Y,
飞机压力分布变化,5,0.0,0.0,3.0,Aircraft,Y,
飞机机翼面积,5,0.0,0.0,3.0,Structure,Y,
飞行器优势,5,0.0,0.0,3.0,Mission,Y,
飞行器几何外形折叠,5,0.0,0.0,3.0,Mechanism,Y,
飞行器参数,5,0.0,0.0,3.0,Mission,Y,
飞行器基础通过,5,0.0,0.0,3.0,Mission,Y,
飞行器基础通过折叠,5,0.0,0.0,3.0,Mechanism,Y,
飞行器总体设计折叠,5,0.0,0.0,3.0,Mechanism,Y,
飞行器总体设计折叠变体,5,0.0,0.0,3.0,Mechanism,Y,
飞行器折叠变体,5,0.0,0.0,3.0,Mechanism,Y,
飞行气动,5,0.0,0.0,3.0,Performance,Y,
驱动变体作动器,5,0.0,0.0,3.0,Mechanism,Y,
驱动变体作动器直接,5,0.0,0.0,3.0,Mechanism,Y,
验证完成,5,0.0,0.0,3.0,Concept,Y,
验证折叠变体概念,5,0.0,0.0,3.0,Mechanism,Y,
随着展弦比,4,0.0,5.997436,2.999744,Concept,Y,
优点,4,0.001127,5.991826,2.999521,Concept,Y,
兴华,3,0.001255,11.977984,2.998175,Concept,Y,
双翼状态上下,4,0.0,5.980491,2.998049,Concept,Y,
压力分布和翼尖,3,0.0,11.977984,2.997798,Concept,Y,
机翼后方,4,0.0,5.97227,2.997227,Structure,Y,
必然趋势,3,0.001255,11.955264,2.995903,Concept,Y,
可变弯度,4,0.0,5.952537,2.995254,Concept,Y,
飞行器面临,4,0.0,5.934747,2.993475,Mission,Y,
笛卡尔网格,3,0.0,11.932896,2.99329,Concept,Y,
稳态,4,0.001673,5.91909,2.992411,Concept,Y,
机翼开口,4,0.0,5.912237,2.991224,Structure,Y,
原因,4,0.000981,5.900575,2.990352,Concept,Y,
主要应用,4,0.0,5.884975,2.988498,Concept,Y,
受到人们,3,0.0,11.825981,2.982598,Concept,Y,
尺寸重量,4,0.0,5.816992,2.981699,Concept,Y,
概念基础,4,0.0,5.816352,2.981635,Concept,Y,
伸缩机翼飞机,4,0.0,5.816192,2.981619,Structure,Y,
折叠机翼变形,4,0.0,5.814754,2.981475,Mechanism,Y,
增益,4,0.001673,5.809173,2.981419,Concept,Y,
略有,4,0.000907,5.808218,2.981094,Concept,Y,
机构复杂,4,0.0,5.802345,2.980235,Concept,Y,
主要通过,4,0.0,5.786122,2.978612,Concept,Y,
讨论上下机翼,4,0.0,5.785339,2.978534,Structure,Y,
机翼向上,4,0.0,5.774733,2.977473,Structure,Y,
风洞,3,0.001255,11.758211,2.976198,Concept,Y,
机翼结构设计,4,0.0,5.760234,2.976023,Structure,Y,
两个连杆,4,0.0,5.735692,2.973569,Concept,Y,
场地条件,3,0.0,11.726445,2.972645,Concept,Y,
分布式,4,0.001673,5.720596,2.972562,Concept,Y,
机身布局,4,0.0,5.697876,2.969788,Structure,Y,
翼型形状,4,0.0,5.689258,2.968926,Structure,Y,
评语,3,0.00068,11.682245,2.968429,Concept,Y,
着重,4,0.001127,5.678025,2.968141,Concept,Y,
刚性,4,0.001673,5.672972,2.967799,Concept,Y,
减小活动机翼,4,0.0,5.661218,2.966122,Structure,Y,
即可,4,0.000836,5.64886,2.965137,Concept,Y,
变形带来,4,0.0,5.622109,2.962211,Mechanism,Y,
涡轮,3,0.001255,11.615414,2.961918,Concept,Y,
对于双翼气动,4,0.0,5.615785,2.961579,Performance,Y,
组合变体飞行器,4,0.0,5.606812,2.960681,Mission,Y,
综上,4,0.000907,5.582399,2.958512,Concept,Y,
减小活动,4,0.0,5.574803,2.95748,Concept,Y,
阶跃仿真,3,0.0,11.562947,2.956295,Concept,Y,
阶跃仿真操纵,3,0.0,11.562947,2.956295,Concept,Y,
阶跃仿真操纵信号,3,0.0,11.562947,2.956295,Concept,Y,
几乎,3,0.00068,11.528999,2.953104,Concept,Y,
两侧活动,4,0.0,5.528999,2.9529,Concept,Y,
活动机翼重心,4,0.0,5.527951,2.952795,Structure,Y,
力矩最大,4,0.0,5.518552,2.951855,Concept,Y,
放大,4,0.000907,5.465291,2.946801,Concept,Y,
伴飞,4,0.000907,5.46266,2.946538,Concept,Y,
并非,4,0.000981,5.439379,2.944232,Concept,Y,
智能化,4,0.001673,5.419017,2.942404,Concept,Y,
及其变化规律,3,0.0,11.416105,2.941611,Concept,Y,
自主,4,0.000907,5.403075,2.94058,Concept,Y,
俯仰角,4,0.000981,5.389626,2.939257,Concept,Y,
斜置机翼飞机,4,0.0,5.387308,2.938731,Structure,Y,
广大,4,0.001673,5.372181,2.93772,Concept,Y,
飞行器应用场景,4,0.0,5.349784,2.934978,Mission,Y,
飞行器总体参数,4,0.0,5.349784,2.934978,Mission,Y,
讨论上下,4,0.0,5.334128,2.933413,Concept,Y,
开展进一步,4,0.0,5.332526,2.933253,Concept,Y,
传统双翼,4,0.0,5.317054,2.931705,Concept,Y,
斜置机翼飞行器,4,0.0,5.290891,2.929089,Structure,Y,
阶跃,3,0.001255,11.241018,2.924478,Concept,Y,
改善飞行,4,0.0,5.241792,2.924179,Mission,Y,
亟需建立,3,0.0,11.241018,2.924102,Concept,Y,
由此,4,0.000836,5.238123,2.924063,Concept,Y,
军队,3,0.00068,11.222814,2.922486,Concept,Y,
机在单翼构型,4,0.0,5.217383,2.921738,Concept,Y,
广义,3,0.001255,11.200376,2.920414,Concept,Y,
本人,4,0.000907,5.199437,2.920216,Concept,Y,
热流沉积,3,0.0,11.18708,2.918708,Concept,Y,
飞行器风洞试验,4,0.0,5.179859,2.917986,Mission,Y,
停放,3,0.000809,11.173904,2.917633,Concept,Y,
偏转变形,4,0.0,5.140982,2.914098,Mechanism,Y,
首先阐述,3,0.0,11.122374,2.912237,Concept,Y,
与其,4,0.000836,5.114955,2.911746,Concept,Y,
下机,4,0.000907,5.101218,2.910394,Concept,Y,
经过,4,0.000836,5.073385,2.907589,Concept,Y,
缩略语,3,0.00068,11.072621,2.907466,Concept,Y,
缩略语说明,3,0.0,11.072621,2.907262,Concept,Y,
升力面积,4,0.0,5.067091,2.906709,Concept,Y,
完成单翼,4,0.0,5.039385,2.903938,Concept,Y,
增稳,4,0.001673,5.031565,2.903658,Concept,Y,
飞行器领域,4,0.0,5.027856,2.902786,Mission,Y,
保证变体,4,0.0,5.026006,2.902601,Aircraft,Y,
公司滑动蒙皮,3,0.0,10.98948,2.898948,Concept,Y,
全球鹰为,4,0.0,4.97441,2.897441,Concept,Y,
变形方案,4,0.0,4.97441,2.897441,Mechanism,Y,
充气式伸缩,3,0.0,10.970371,2.897037,Concept,Y,
了解,4,0.000836,4.964026,2.896653,Concept,Y,
使得变体,4,0.0,4.955616,2.895562,Aircraft,Y,
翼台,4,0.000907,4.934371,2.893709,Concept,Y,
纵向静稳,3,0.0,10.922842,2.892284,Concept,Y,
活动机翼展向,4,0.0,4.914974,2.891497,Structure,Y,
复杂度,4,0.000981,4.901296,2.890424,Concept,Y,
变体部位,4,0.0,4.888502,2.88885,Aircraft,Y,
鹰为,4,0.000907,4.885143,2.888786,Concept,Y,
变形主要,4,0.0,4.861296,2.88613,Mechanism,Y,
最大变化,4,0.0,4.836972,2.883697,Concept,Y,
变体飞行器飞行包线,4,0.0,4.829205,2.88292,Mission,Y,
作为一个整体来看,3,0.0,10.805517,2.880552,Concept,Y,
升力增加,4,0.0,4.801197,2.88012,Concept,Y,
内容包括,3,0.0,10.795393,2.879539,Concept,Y,
飞行姿态,4,0.0,4.777844,2.877784,Mission,Y,
沉积,3,0.001255,10.772042,2.877581,Concept,Y,
性能参数,4,0.000907,4.753982,2.87567,Performance,Y,
活动机翼重力,4,0.0,4.708523,2.870852,Structure,Y,
随着智能材料,3,0.0,10.697876,2.869788,Concept,Y,
特性开展,4,0.0,4.697041,2.869704,Concept,Y,
副翼不同,4,0.0,4.667876,2.866788,Concept,Y,
翼弦长,4,0.000836,4.662073,2.866458,Concept,Y,
机翼外侧,4,0.0,4.649202,2.86492,Structure,Y,
一侧变体,4,0.0,4.647494,2.864749,Aircraft,Y,
无人机遭遇,3,0.0,10.633336,2.863334,Aircraft,Y,
地面测试,3,0.0,10.615414,2.861541,Concept,Y,
随后,4,0.000836,4.552652,2.855516,Concept,Y,
关键难点,3,0.0,10.541636,2.854164,Concept,Y,
二元,3,0.001255,10.537411,2.854118,Concept,Y,
场地要求,3,0.0,10.537411,2.853741,Concept,Y,
气动特性变化,4,0.0,4.536577,2.853658,Performance,Y,
静稳,3,0.001255,10.517859,2.852162,Concept,Y,
独立,3,0.00068,10.517859,2.85199,Concept,Y,
考虑连杆,4,0.0,4.517512,2.851751,Concept,Y,
本章首先阐述,3,0.0,10.51232,2.851232,Concept,Y,
维护成本,3,0.0,10.51232,2.851232,Concept,Y,
升力减小,4,0.0,4.505213,2.850521,Concept,Y,
极易,3,0.00068,10.495832,2.849787,Concept,Y,
机从双翼,4,0.0,4.480417,2.848042,Concept,Y,
变形情况,4,0.0,4.470105,2.847011,Mechanism,Y,
布局发展,4,0.0,4.454422,2.845442,Concept,Y,
西安,3,0.001255,10.447469,2.845123,Concept,Y,
布局构型,4,0.0,4.438825,2.843883,Concept,Y,
当下机翼,4,0.0,4.397362,2.839736,Structure,Y,
气动驱动变体,4,0.0,4.38446,2.838446,Mechanism,Y,
响应,4,0.001127,4.380197,2.838358,Concept,Y,
特性变化,4,0.0,4.380458,2.838046,Concept,Y,
追溯到,3,0.001255,10.370301,2.837407,Concept,Y,
不会,4,0.000836,4.351406,2.835391,Concept,Y,
陷入,3,0.001255,10.340554,2.834432,Concept,Y,
组上,4,0.000907,4.334471,2.833719,Concept,Y,
详细设计方案,3,0.0,10.318639,2.831864,Concept,Y,
使用柔性桁架,3,0.0,10.289928,2.828993,Concept,Y,
机翼原有,4,0.0,4.279968,2.827997,Structure,Y,
蜜蜂腹部,3,0.0,10.275784,2.827578,Concept,Y,
副翼不同面积,3,0.0,10.268763,2.826876,Concept,Y,
掠机,4,0.001127,4.261777,2.826516,Concept,Y,
简易,3,0.00068,10.254824,2.825687,Concept,Y,
开展变体飞行器,4,0.0,4.256315,2.825632,Mission,Y,
低于舵面产生,3,0.0,10.254824,2.825482,Structure,Y,
容易发生,3,0.0,10.254824,2.825482,Concept,Y,
极易发生,3,0.0,10.254824,2.825482,Concept,Y,
联合,3,0.001255,10.227343,2.823111,Concept,Y,
非线性气动力建模,3,0.0,10.227343,2.822734,Performance,Y,
新型材料,3,0.000663,10.218298,2.822029,Concept,Y,
近似等价,3,0.0,10.20931,2.820931,Concept,Y,
宽速域飞行需求,3,0.0,10.207071,2.820707,Mission,Y,
总的来说,3,0.000809,10.200376,2.82028,Concept,Y,
工学博士学位,3,0.0,10.180477,2.818048,Concept,Y,
关注变体,4,0.0,4.178009,2.817801,Aircraft,Y,
单域,4,0.001673,4.16925,2.817427,Concept,Y,
原子公司,3,0.0,10.167361,2.816736,Concept,Y,
寻求,3,0.001255,10.156522,2.816029,Concept,Y,
双翼几何,4,0.0,4.157856,2.815786,Concept,Y,
更加突出,3,0.0,10.154364,2.815436,Concept,Y,
小型机场,3,0.0,10.147909,2.814791,Concept,Y,
本章首先建立,3,0.0,10.141483,2.814148,Concept,Y,
一新,4,0.000907,4.128616,2.813134,Concept,Y,
各个部分之间,3,0.0,10.109774,2.810977,Concept,Y,
零升攻,3,0.00068,10.10588,2.810792,Concept,Y,
展现,4,0.001673,4.094401,2.809942,Concept,Y,
法向过载,3,0.0,10.091078,2.809108,Concept,Y,
所在位置,3,0.00068,10.060446,2.806249,Concept,Y,
下及,4,0.000836,4.058553,2.806106,Concept,Y,
平行布置,3,0.0,10.060446,2.806045,Concept,Y,
更加复杂,3,0.0,10.060446,2.806045,Concept,Y,
选取,3,0.000663,10.018626,2.802062,Concept,Y,
焦点位置,3,0.0,10.008845,2.800884,Concept,Y,
通过连杆传递,3,0.0,9.979894,2.797989,Concept,Y,
局部气动干扰,3,0.0,9.966579,2.796658,Performance,Y,
局部热流,3,0.0,9.966579,2.796658,Concept,Y,
鸭式无尾布局,3,0.0,9.966579,2.796658,Concept,Y,
现有飞行器,4,0.0,3.957467,2.795747,Mission,Y,
马赫数范围,3,0.0,9.955264,2.795526,Parameter,Y,
世纪以来,3,0.0,9.949639,2.794964,Concept,Y,
滑块,3,0.00068,9.927358,2.79294,Concept,Y,
快速评估,3,0.0,9.91087,2.791087,Concept,Y,
最小速度包线,3,0.0,9.899982,2.789998,Parameter,Y,
跨域,3,0.001255,9.89097,2.789473,Mission,Y,
实现飞行器,4,0.0,3.890353,2.789035,Mission,Y,
发展陷入,3,0.0,9.883802,2.78838,Concept,Y,
相互作用关系,3,0.0,9.883802,2.78838,Concept,Y,
支架,3,0.00068,9.878448,2.788049,Concept,Y,
开始阶段,3,0.0,9.846739,2.784674,Concept,Y,
以此,4,0.001127,3.831183,2.783456,Concept,Y,
空客公司,3,0.0,9.831143,2.783114,Concept,Y,
攻角下俯仰力矩,3,0.0,9.820838,2.782084,Parameter,Y,
